-- CMPLR_ROOT: /opt/intel/oneapi/compiler/2026.1
-- CMPLR_ROOT: /opt/intel/oneapi/compiler/2026.1
-- The CXX compiler identification is IntelLLVM 2026.1.1
-- Detecting CXX compiler ABI info
-- Detecting CXX compiler ABI info - done
-- Check for working CXX compiler: /opt/intel/oneapi/compiler/2026.1/bin/icpx - skipped
-- Detecting CXX compile features
-- Detecting CXX compile features - done
-- Build type: Release
-- Target device: xpu
-- Kernel build configuration:
--   ONEDNN_GIT_REPO              = https://github.com/uxlfoundation/oneDNN.git
--   ONEDNN_GIT_TAG               = 0e2a5bfeef1bfbffc3137464606540233086ce9b
--   BUILD_SYCL_TLA_KERNELS       = ON
--   VLLM_XPU_ENABLE_XE2          = ON
--   VLLM_XPU_ENABLE_XE_DEFAULT   = OFF
--   BASIC_KERNELS_ENABLED        = OFF
--   FA2_KERNELS_ENABLED          = OFF
--   MOE_KERNELS_ENABLED          = OFF
--   GDN_KERNELS_ENABLED          = ON
--   MQA_LOGITS_KERNELS_ENABLED   = OFF
--   MHC_KERNELS_ENABLED          = ON
--   XPU_SPECIFIC_KERNELS_ENABLED = ON
--   XPUMEM_ALLOCATOR_ENABLED     = OFF
--   VLLM_PAGED_DECODE_CONFIG     = /src/csrc/xpu/attn/kernel_configs/paged_decode_full.conf
--   VLLM_CHUNK_PREFILL_CONFIG    = /src/csrc/xpu/attn/kernel_configs/chunk_prefill_full.conf
-- 
-- Found Python: /opt/venv/bin/python3 (found version "3.12.3") found components: Interpreter Development Development.Module Development.SABIModule Development.Embed
-- Found python matching: /opt/venv/bin/python3.
-- Python include dirs: /usr/include/python3.12
-- Python libraries: /usr/lib/x86_64-linux-gnu/libpython3.12.so
-- Python version: 3.12.3
CMake Warning (author) at /opt/venv/lib/python3.12/site-packages/cmake/data/share/cmake-4.4/Modules/FindPackageHandleStandardArgs.cmake:493 (message):
  The package name passed to find_package_handle_standard_args() (SYCL) does
  not match the name of the calling package (SYCLToolkit).  This can lead to
  problems in calling code that expects find_package() result variables
  (e.g., `_FOUND`) to follow a certain pattern.
Call Stack (most recent call first):
  /opt/venv/lib/python3.12/site-packages/torch/share/cmake/Caffe2/FindSYCLToolkit.cmake:171 (find_package_handle_standard_args)
  /opt/venv/lib/python3.12/site-packages/torch/share/cmake/Caffe2/public/xpu.cmake:26 (find_package)
  /opt/venv/lib/python3.12/site-packages/torch/share/cmake/Caffe2/Caffe2Config.cmake:101 (include)
  /opt/venv/lib/python3.12/site-packages/torch/share/cmake/Torch/TorchConfig.cmake:62 (find_package)
  CMakeLists.txt:175 (find_package)
This warning is for project developers.  Use -Wno-author to suppress it.

-- Found SYCL: /opt/intel/oneapi/compiler/2026.1/include;/opt/intel/oneapi/compiler/2026.1/include/sycl (found version "20260101")
CMake Warning at /opt/venv/lib/python3.12/site-packages/torch/share/cmake/Torch/TorchConfig.cmake:22 (message):
  library kineto not found.
Call Stack (most recent call first):
  /opt/venv/lib/python3.12/site-packages/torch/share/cmake/Torch/TorchConfig.cmake:119 (append_torchlib_if_found)
  CMakeLists.txt:175 (find_package)


-- Found Torch: /opt/venv/lib/python3.12/site-packages/torch/lib/libtorch.so
-- oneDNN: fetching from https://github.com/uxlfoundation/oneDNN.git (commit: 0e2a5bfeef1bfbffc3137464606540233086ce9b)
CMake Warning (deprecated) at /deps/onednn/CMakeLists.txt:36 (cmake_policy):
  The OLD behavior for policy CMP0146 will be removed from a future version
  of CMake.

  The cmake-policies(7) manual explains that the OLD behaviors of all
  policies are deprecated and that a policy should be set to OLD only under
  specific short-term circumstances.  Projects should be ported to the NEW
  behavior and not rely on setting a policy to OLD.
This warning is for project developers.  Use -Wno-author or -Wno-deprecated
to suppress it.

-- The C compiler identification is IntelLLVM 2026.1.1
-- Detecting C compiler ABI info
-- Detecting C compiler ABI info - done
-- Check for working C compiler: /opt/intel/oneapi/compiler/2026.1/bin/icx - skipped
-- Detecting C compile features
-- Detecting C compile features - done
-- DNNL_TARGET_ARCH: X64
-- Setting ONEDNN_LIBRARY_TYPE from legacy DNNL_LIBRARY_TYPE
-- ONEDNN_LIBRARY_TYPE: STATIC (default: SHARED)
-- Setting ONEDNN_ENABLE_CONCURRENT_EXEC from legacy DNNL_ENABLE_CONCURRENT_EXEC
-- ONEDNN_ENABLE_CONCURRENT_EXEC: TRUE (default: OFF)
-- Setting ONEDNN_ENABLE_PRIMITIVE_CACHE from legacy DNNL_ENABLE_PRIMITIVE_CACHE
-- Setting ONEDNN_EXPERIMENTAL from legacy DNNL_EXPERIMENTAL
-- ONEDNN_EXPERIMENTAL: TRUE (default: OFF)
-- Setting ONEDNN_BUILD_EXAMPLES from legacy DNNL_BUILD_EXAMPLES
-- Setting ONEDNN_BUILD_TESTS from legacy DNNL_BUILD_TESTS
-- Setting ONEDNN_CPU_RUNTIME from legacy DNNL_CPU_RUNTIME
-- ONEDNN_CPU_RUNTIME: NONE (default: OMP)
-- Setting ONEDNN_GPU_RUNTIME from legacy DNNL_GPU_RUNTIME
-- ONEDNN_GPU_RUNTIME: SYCL (default: NONE)
-- Performing Test SYCL_FLAG_SUPPORTED
-- Performing Test SYCL_FLAG_SUPPORTED - Success
-- DPC++ support is enabled (OpenCL and Level Zero)
-- Performing Test CMAKE_HAVE_LIBC_PTHREAD
-- Performing Test CMAKE_HAVE_LIBC_PTHREAD - Success
-- Found Threads: TRUE
-- Found OpenMP_C: -fiopenmp (found version "5.1")
-- Found OpenMP_CXX: -fiopenmp (found version "5.1")
-- Found OpenMP: TRUE (found version "5.1")
-- Found OpenCL headers: /deps/onednn/third_party/opencl
-- Found Level Zero headers: /deps/onednn/third_party/level_zero
-- Found Git: /usr/bin/git (found version "2.43.0")
-- Enabled testing coverage: CI
-- Enabled workload: TRAINING
-- Enabled primitives: ALL
-- Enabled primitive CPU ISA: ALL
-- Enabled primitive GPU ISA: ALL
-- Enabled GeMM kernels ISA: ALL
-- Primitive cache is enabled
-- Experimental features are enabled
-- The ASM compiler identification is IntelLLVM
-- Found assembler: /opt/intel/oneapi/compiler/2026.1/bin/icx
-- Performing Test COMPILER_ALLOWS_ALIAS_ATTRIBUTES
-- Performing Test COMPILER_ALLOWS_ALIAS_ATTRIBUTES - Success
-- GPU Compute reference kernels are enabled
-- Graph component is enabled
-- Found oneDNN: TRUE
-- Building XPU
-- SYCL supported arches: intel_gpu_pvc;intel_gpu_bmg_g21;intel_gpu_bmg_g31
-- Querying torch for GPU compiler flags for SYCL...
-- Torch GPU compiler flags: -fsycl
-- FetchContent base directory: /run/fetchcontent
-- Final SYCL compile options: -fsycl;-lze_loader;-Wno-unused-command-line-argument;-O3;-DNDEBUG;-fsycl-targets=spir64_gen
-- Final SYCL link options: -fsycl;-lze_loader;-Wno-unused-command-line-argument;-fsycl-max-parallel-link-jobs=16;-flink-huge-device-code;-Xspirv-translator;-spirv-ext=+SPV_INTEL_split_barrier,+SPV_INTEL_2d_block_io,+SPV_INTEL_subgroup_matrix_multiply_accumulate;-fsycl-targets=spir64_gen;-Xsycl-target-backend=spir64_gen;-device bmg-g21-a0
-- Setting up SYCL-TLA dependency...
-- The VLLM_CUTLASS_SRC_DIR is set, using /deps/cutlass for compilation
-- CMake Version: 4.4.3
-- CUTLASS 4.2.1
-- DPCPP_SYCL_TARGET as list intel_gpu_bmg_g21
-- DPCPP INCLUDE DIR: /opt/intel/oneapi/compiler/2026.1/bin/../include/sycl;/opt/intel/oneapi/compiler/2026.1/bin/../include
-- Using DPCPP compile flags: -fsycl;;-fno-sycl-instrument-device-code;
-- Using DPCPP link flags: -fsycl;;-fno-sycl-instrument-device-code;-fsycl-targets=spir64;-Xs;-device bmg_g21;-Xspirv-translator;-spirv-ext=+SPV_INTEL_split_barrier,+SPV_INTEL_2d_block_io,+SPV_INTEL_subgroup_matrix_multiply_accumulate
-- Default Install Location: install
-- Found Python3: /opt/venv/bin/python3.12 (found suitable version "3.12.3", minimum required is "3.5") found components: Interpreter
-- Enable caching of reference results in conv unit tests
-- Enable rigorous conv problem sizes in conv unit tests
CUDA_VERSION check pass 
-- Using the following NVCC flags: 
  --expt-relaxed-constexpr
  -ftemplate-backtrace-limit=0
  -DCUTLASS_TEST_LEVEL=0
  -DCUTLASS_TEST_ENABLE_CACHED_RESULTS=1
  -DCUTLASS_CONV_UNIT_TEST_RIGOROUS_SIZE_ENABLED=1
  -DCUTLASS_DEBUG_TRACE_LEVEL=0
  -Xcompiler=-Wconversion
  -Xcompiler=-fno-strict-aliasing
  -Xcudafe
  --diag_suppress=implicit_return_from_non_void_function
-- Configuring cublas ...
-- cuBLAS Disabled.
-- Configuring cuBLAS ... done.
-- cutlass dir: /deps/cutlass/include and /deps/cutlass/tools/util/include and /deps/cutlass/applications
-- Setting library output directory for target 'gdn_attn_kernels_xe_2' to '/run/build/'.
-- Setting library output directory for target 'mhc_kernels_xe_2' to '/run/build/'.
-- VLLM_XPU_INCLUDE_DIR: /opt/intel/oneapi/compiler/2026.1/include/;/opt/intel/oneapi/compiler/2026.1/include/sycl/;/opt/intel/oneapi/compiler/2026.1/include/syclcompat/
-- Enabling _xpu_C extension.
-- -------_xpu_C , , SYCL
-- GPU_MOD_NAME: _xpu_C
-- Configuring done (4.1s)
-- Generating done (0.1s)
-- Build files have been written to: /run/build
[1/723] Generating include_custom_types_header.cpp
[2/723] Generating concat_common_header.cpp
[3/723] Generating bnorm_nhwc_reusable_header.cpp
[4/723] Generating bnorm_xe_header.cpp
[5/723] Generating include_conversion_header.cpp
[6/723] Generating bnorm_xe_reduce_header.cpp
[7/723] Generating include_dispatch_header.cpp
[8/723] Generating include_dnnl_interop_header.cpp
[9/723] Generating include_eltwise_header.cpp
[10/723] Generating binary_common_header.cpp
[11/723] Generating include_generic_vector_ops_header.cpp
[12/723] Generating include_io_header.cpp
[13/723] Generating include_philox_header.cpp
[14/723] Generating include_post_ops_header.cpp
[15/723] Generating include_scales_header.cpp
[16/723] Generating include_offsets_header.cpp
[17/723] Generating include_types_interop_header.cpp
[18/723] Generating include_types_header.cpp
[19/723] Generating lnorm_common_header.cpp
[20/723] Generating include_math_utils_header.cpp
[21/723] Generating include_utils_header.cpp
[22/723] Generating reduction_common_header.cpp
[23/723] Generating reorder_common_header.cpp
[24/723] Generating rnn_cell_compute_header.cpp
[25/723] Generating rnn_cell_kind_utility_header.cpp
[26/723] Generating include_types_specific_header.cpp
[27/723] Generating sdpa_utils_header.cpp
[28/723] Generating softmax_simple_header.cpp
[29/723] Generating rnn_common_header.cpp
[30/723] Generating binary_simple_kernel.cpp
[31/723] Generating bnorm_reusable_kernel.cpp
[32/723] Generating bnorm_simple_kernel.cpp
[33/723] Generating binary_xe_kernel.cpp
[34/723] Generating bnorm_ref_kernel.cpp
[35/723] Generating include_tile_ops_header.cpp
[36/723] Generating bnorm_xe_nhwc_bwd_kernel.cpp
[37/723] Generating bnorm_xe_bwd_kernel.cpp
[38/723] Generating bnorm_xe_fwd_kernel.cpp
[39/723] Generating bnorm_xe_nhwc_fwd_kernel.cpp
[40/723] Generating concat_xe_kernel.cpp
[41/723] Generating conv_deconv_backward_bias_kernel.cpp
[42/723] Generating concat_simple_kernel.cpp
[43/723] Generating conv_ref_kernel.cpp
[44/723] Generating conv_xe_wino_fwd_data_2x3_kernel.cpp
[45/723] Generating gpu_intel_dynamic_scale_kernel.cpp
[46/723] Generating eltwise_ref_kernel.cpp
[47/723] Generating eltwise_xe_kernel.cpp
[48/723] Generating gpu_intel_fill_random_kernel.cpp
[49/723] Generating bnorm_nhwc_reusable_kernel.cpp
[50/723] Generating gated_mlp_micro_horz_kernel.cpp
[51/723] Generating gemm_with_post_ops_kernel.cpp
[52/723] Generating conv_xe_wino_fwd_data_fused_kernel.cpp
[53/723] Generating gemm_ref_kernel.cpp
[54/723] Generating gemm_zero_fill_kernel.cpp
[55/723] Generating gnorm_ref_kernel.cpp
[56/723] Generating graph_gen_index_kernel.cpp
[57/723] Generating gemm_xe_hp_systolic_copy_kernel.cpp
[58/723] Generating gemm_xe_hpc_systolic_copy_kernel.cpp
[59/723] Generating ip_ref_kernel.cpp
[60/723] Generating lnorm_ref_kernel.cpp
[61/723] Generating lnorm_reusable_kernel.cpp
[62/723] Generating lnorm_reusable_vectorized_kernel.cpp
[63/723] Generating lnorm_simple_kernel.cpp
[64/723] Generating lnorm_vectorized_fused_kernel.cpp
[65/723] Generating matmul_ref_grouped_gemm_kernel.cpp
[66/723] Generating lnorm_vectorized_kernel.cpp
[67/723] Generating lrn_ref_kernel.cpp
[68/723] Generating matmul_ref_kernel.cpp
[69/723] Generating matmul_sparse_ref_kernel.cpp
[70/723] Generating matmul_grouped_micro_gemm_kernel.cpp
[71/723] Generating pool_ref_kernel.cpp
[72/723] Generating pool_xe_global_kernel.cpp
[73/723] Generating reduction_reusable_ref_kernel.cpp
[74/723] Generating prelu_ref_kernel.cpp
[75/723] Generating reduction_atomic_kernel.cpp
[76/723] Generating reduction_ref_kernel.cpp
[77/723] Generating reorder_ref_kernel.cpp
[78/723] Generating reduction_combined_kernel.cpp
[79/723] Generating reorder_generic_kernel.cpp
[80/723] Generating pool_xe_kernel.cpp
[81/723] Generating rnn_reorder_kernel.cpp
[82/723] Generating resampling_vectorized_kernel.cpp
[83/723] Generating resampling_ref_kernel.cpp
[84/723] Generating shuffle_ref_kernel.cpp
[85/723] Generating reorder_custom_kernel.cpp
[86/723] Generating sdpa_ref_kernel.cpp
[87/723] Generating softmax_reusable_kernel.cpp
[88/723] Generating softmax_simple_kernel.cpp
[89/723] Generating gpu_intel_subbyte_pack_kernel.cpp
[90/723] Generating sum_simple_kernel.cpp
[91/723] Generating sdpa_micro_kernel.cpp
[92/723] Generating sum_xe_kernel.cpp
[93/723] Generating sum_many_inputs_kernel.cpp
[94/723] Generating softmax_xe_kernel.cpp
[95/723] Generating rnn_grid_kernel.cpp
[96/723] Generating zeropad_simple_kernel.cpp
[97/723] Generating sdpa_micro_bwd_kernel.cpp
[98/723] Building CXX object /run/fetchcontent/onednn-build/src/common/CMakeFiles/dnnl_common.dir/bfloat16.cpp.o
[99/723] Building CXX object /run/fetchcontent/onednn-build/src/common/CMakeFiles/dnnl_common.dir/dnnl_debug_autogenerated.cpp.o
[100/723] Building CXX object /run/fetchcontent/onednn-build/src/common/CMakeFiles/dnnl_common.dir/dnnl_threadpool.cpp.o
[101/723] Building CXX object /run/fetchcontent/onednn-build/src/common/CMakeFiles/dnnl_common.dir/dnnl_debug.cpp.o
[102/723] Building CXX object /run/fetchcontent/onednn-build/src/common/CMakeFiles/dnnl_common.dir/broadcast_strategy.cpp.o
[103/723] Building CXX object /run/fetchcontent/onednn-build/src/common/CMakeFiles/dnnl_common.dir/experimental.cpp.o
[104/723] Building CXX object /run/fetchcontent/onednn-build/src/common/CMakeFiles/dnnl_common.dir/convolution_pd.cpp.o
[105/723] Building CXX object /run/fetchcontent/onednn-build/src/common/CMakeFiles/dnnl_common.dir/float4.cpp.o
[106/723] Building CXX object /run/fetchcontent/onednn-build/src/common/CMakeFiles/dnnl_common.dir/float8.cpp.o
[107/723] Building CXX object /run/fetchcontent/onednn-build/src/common/CMakeFiles/dnnl_common.dir/concat.cpp.o
[108/723] Building CXX object /run/fetchcontent/onednn-build/src/common/CMakeFiles/dnnl_common.dir/fpmath_mode.cpp.o
[109/723] Building CXX object /run/fetchcontent/onednn-build/src/common/CMakeFiles/dnnl_common.dir/eltwise.cpp.o
[110/723] Building CXX object /run/fetchcontent/onednn-build/src/common/CMakeFiles/dnnl_common.dir/deconvolution.cpp.o
[111/723] Building CXX object /run/fetchcontent/onednn-build/src/common/CMakeFiles/dnnl_common.dir/gemm.cpp.o
[112/723] Building CXX object /run/fetchcontent/onednn-build/src/common/CMakeFiles/dnnl_common.dir/convolution.cpp.o
[113/723] Building CXX object /run/fetchcontent/onednn-build/src/common/CMakeFiles/dnnl_common.dir/cache_blob_id.cpp.o
[114/723] Building CXX object /run/fetchcontent/onednn-build/src/common/CMakeFiles/dnnl_common.dir/binary.cpp.o
[115/723] Building CXX object /run/fetchcontent/onednn-build/src/common/CMakeFiles/dnnl_common.dir/batch_normalization.cpp.o
[116/723] Building CXX object /run/fetchcontent/onednn-build/src/common/CMakeFiles/dnnl_common.dir/ittnotify.cpp.o
[117/723] Building CXX object /run/fetchcontent/onednn-build/src/common/CMakeFiles/dnnl_common.dir/engine.cpp.o
[118/723] Building CXX object /run/fetchcontent/onednn-build/src/common/CMakeFiles/dnnl_common.dir/kernel_cache.cpp.o
[119/723] Building CXX object /run/fetchcontent/onednn-build/src/common/CMakeFiles/dnnl_common.dir/impl_list_item.cpp.o
[120/723] Building CXX object /run/fetchcontent/onednn-build/src/common/CMakeFiles/dnnl_common.dir/memory_debug.cpp.o
[121/723] Building CXX object /run/fetchcontent/onednn-build/src/common/CMakeFiles/dnnl_common.dir/gated_mlp_iface.cpp.o
[122/723] Building CXX object /run/fetchcontent/onednn-build/src/common/CMakeFiles/dnnl_common.dir/memory_desc.cpp.o
[123/723] Building CXX object /run/fetchcontent/onednn-build/src/common/CMakeFiles/dnnl_common.dir/memory_desc_wrapper.cpp.o
[124/723] Building CXX object /run/fetchcontent/onednn-build/src/common/CMakeFiles/dnnl_common.dir/group_normalization.cpp.o
[125/723] Building CXX object /run/fetchcontent/onednn-build/src/common/CMakeFiles/dnnl_common.dir/matmul.cpp.o
[126/723] Building CXX object /run/fetchcontent/onednn-build/src/common/CMakeFiles/dnnl_common.dir/layer_normalization.cpp.o
[127/723] Building CXX object /run/fetchcontent/onednn-build/src/common/CMakeFiles/dnnl_common.dir/lrn.cpp.o
[128/723] Building CXX object /run/fetchcontent/onednn-build/src/common/CMakeFiles/dnnl_common.dir/inner_product.cpp.o
[129/723] Building CXX object /run/fetchcontent/onednn-build/src/common/CMakeFiles/dnnl_common.dir/memory.cpp.o
[130/723] Building CXX object /run/fetchcontent/onednn-build/src/common/CMakeFiles/dnnl_common.dir/memory_tracking.cpp.o
[131/723] Building CXX object /run/fetchcontent/onednn-build/src/common/CMakeFiles/dnnl_common.dir/memory_storage.cpp.o
[132/723] Building CXX object /run/fetchcontent/onednn-build/src/common/CMakeFiles/dnnl_common.dir/primitive_attr_quant.cpp.o
[133/723] Building CXX object /run/fetchcontent/onednn-build/src/common/CMakeFiles/dnnl_common.dir/primitive_attr.cpp.o
[134/723] Building CXX object /run/fetchcontent/onednn-build/src/common/CMakeFiles/dnnl_common.dir/prelu.cpp.o
[135/723] Building CXX object /run/fetchcontent/onednn-build/src/common/CMakeFiles/dnnl_common.dir/primitive_serialization.cpp.o
[136/723] Building CXX object /run/fetchcontent/onednn-build/src/common/CMakeFiles/dnnl_common.dir/pooling.cpp.o
[137/723] Building CXX object /run/fetchcontent/onednn-build/src/common/CMakeFiles/dnnl_common.dir/primitive_exec_types.cpp.o
[138/723] Building CXX object /run/fetchcontent/onednn-build/src/common/CMakeFiles/dnnl_common.dir/primitive_cache.cpp.o
[139/723] Building CXX object /run/fetchcontent/onednn-build/src/common/CMakeFiles/dnnl_common.dir/primitive_desc_iface.cpp.o
[140/723] Building CXX object /run/fetchcontent/onednn-build/src/common/CMakeFiles/dnnl_common.dir/rw_mutex.cpp.o
[141/723] Building CXX object /run/fetchcontent/onednn-build/src/common/CMakeFiles/dnnl_common.dir/primitive_hashing.cpp.o
[142/723] Building CXX object /run/fetchcontent/onednn-build/src/common/CMakeFiles/dnnl_common.dir/primitive_iface.cpp.o
[143/723] Building CXX object /run/fetchcontent/onednn-build/src/common/CMakeFiles/dnnl_common.dir/query.cpp.o
[144/723] Building CXX object /run/fetchcontent/onednn-build/src/common/CMakeFiles/dnnl_common.dir/reduction.cpp.o
[145/723] Building CXX object /run/fetchcontent/onednn-build/src/common/CMakeFiles/dnnl_common.dir/scratchpad.cpp.o
[146/723] Building CXX object /run/fetchcontent/onednn-build/src/common/CMakeFiles/dnnl_common.dir/resampling.cpp.o
[147/723] Building CXX object /run/fetchcontent/onednn-build/src/common/CMakeFiles/dnnl_common.dir/scratchpad_debug.cpp.o
[148/723] Building CXX object /run/fetchcontent/onednn-build/src/common/CMakeFiles/dnnl_common.dir/rnn.cpp.o
[149/723] Building CXX object /run/fetchcontent/onednn-build/src/common/CMakeFiles/dnnl_common.dir/reorder.cpp.o
[150/723] Building CXX object /run/fetchcontent/onednn-build/src/common/CMakeFiles/dnnl_common.dir/utils.cpp.o
[151/723] Building C object /run/fetchcontent/onednn-build/src/common/CMakeFiles/dnnl_common.dir/deps/onednn/third_party/ittnotify/ittnotify/jitprofiling.c.o
[152/723] Building ASM object /run/fetchcontent/onednn-build/src/common/CMakeFiles/dnnl_common.dir/deps/onednn/third_party/ittnotify/ittnotify/ittptmark64.S.o
[153/723] Building C object /run/fetchcontent/onednn-build/src/common/CMakeFiles/dnnl_common.dir/deps/onednn/third_party/ittnotify/ittnotify/ittnotify_static.c.o
[154/723] Building CXX object /run/fetchcontent/onednn-build/src/common/CMakeFiles/dnnl_common.dir/sdpa_test_iface.cpp.o
[155/723] Building CXX object /run/fetchcontent/onednn-build/src/common/CMakeFiles/dnnl_common.dir/stream.cpp.o
[156/723] Building CXX object /run/fetchcontent/onednn-build/src/common/CMakeFiles/dnnl_common.dir/softmax.cpp.o
[157/723] Building CXX object /run/fetchcontent/onednn-build/src/common/CMakeFiles/dnnl_common.dir/stream_profiler.cpp.o
[158/723] Building CXX object /run/fetchcontent/onednn-build/src/common/CMakeFiles/dnnl_common.dir/shuffle.cpp.o
[159/723] Building CXX object /run/fetchcontent/onednn-build/src/common/CMakeFiles/dnnl_common.dir/sum.cpp.o
[160/723] Building CXX object /run/fetchcontent/onednn-build/src/common/CMakeFiles/dnnl_common.dir/verbose.cpp.o
[161/723] Building CXX object /run/fetchcontent/onednn-build/src/gpu/CMakeFiles/dnnl_gpu.dir/gpu_binary_list.cpp.o
[162/723] Building CXX object /run/fetchcontent/onednn-build/src/gpu/CMakeFiles/dnnl_gpu.dir/gpu_concat_list.cpp.o
[163/723] Building CXX object /run/fetchcontent/onednn-build/src/gpu/CMakeFiles/dnnl_gpu.dir/gpu_gated_mlp_list.cpp.o
[164/723] Building CXX object /run/fetchcontent/onednn-build/src/gpu/CMakeFiles/dnnl_gpu.dir/gpu_eltwise_list.cpp.o
[165/723] Building CXX object /run/fetchcontent/onednn-build/src/gpu/CMakeFiles/dnnl_gpu.dir/gpu_deconvolution_list.cpp.o
[166/723] Building CXX object /run/fetchcontent/onednn-build/src/common/CMakeFiles/dnnl_common.dir/memory_zero_pad.cpp.o
[167/723] Building CXX object /run/fetchcontent/onednn-build/src/gpu/CMakeFiles/dnnl_gpu.dir/gpu_gemm_list.cpp.o
[168/723] Building CXX object /run/fetchcontent/onednn-build/src/gpu/CMakeFiles/dnnl_gpu.dir/gpu_impl_list.cpp.o
[169/723] Building CXX object /run/fetchcontent/onednn-build/src/gpu/CMakeFiles/dnnl_gpu.dir/gpu_batch_normalization_list.cpp.o
[170/723] Building CXX object /run/fetchcontent/onednn-build/src/gpu/CMakeFiles/dnnl_gpu.dir/gpu_convolution_list.cpp.o
[171/723] Building CXX object /run/fetchcontent/onednn-build/src/gpu/CMakeFiles/dnnl_gpu.dir/gpu_group_normalization_list.cpp.o
[172/723] Building CXX object /run/fetchcontent/onednn-build/src/gpu/CMakeFiles/dnnl_gpu.dir/gpu_lrn_list.cpp.o
[173/723] Building CXX object /run/fetchcontent/onednn-build/src/gpu/CMakeFiles/dnnl_gpu.dir/gpu_inner_product_list.cpp.o
[174/723] Building CXX object /run/fetchcontent/onednn-build/src/gpu/CMakeFiles/dnnl_gpu.dir/gpu_prelu_list.cpp.o
[175/723] Building CXX object /run/fetchcontent/onednn-build/src/gpu/CMakeFiles/dnnl_gpu.dir/gpu_reorder_pd.cpp.o
[176/723] Building CXX object /run/fetchcontent/onednn-build/src/gpu/CMakeFiles/dnnl_gpu.dir/gpu_matmul_list.cpp.o
[177/723] Building CXX object /run/fetchcontent/onednn-build/src/gpu/CMakeFiles/dnnl_gpu.dir/gpu_resampling_list.cpp.o
[178/723] Building CXX object /run/fetchcontent/onednn-build/src/gpu/CMakeFiles/dnnl_gpu.dir/gpu_reduction_list.cpp.o
[179/723] Building CXX object /run/fetchcontent/onednn-build/src/gpu/CMakeFiles/dnnl_gpu.dir/gpu_shuffle_list.cpp.o
[180/723] Building CXX object /run/fetchcontent/onednn-build/src/gpu/CMakeFiles/dnnl_gpu.dir/gpu_layer_normalization_list.cpp.o
[181/723] Building CXX object /run/fetchcontent/onednn-build/src/gpu/CMakeFiles/dnnl_gpu.dir/gpu_pooling_list.cpp.o
[182/723] Building CXX object /run/fetchcontent/onednn-build/src/gpu/CMakeFiles/dnnl_gpu.dir/gpu_sum_list.cpp.o
[183/723] Building CXX object /run/fetchcontent/onednn-build/src/gpu/CMakeFiles/dnnl_gpu.dir/gpu_reorder_list.cpp.o
[184/723] Building CXX object /run/fetchcontent/onednn-build/src/gpu/CMakeFiles/dnnl_gpu.dir/gpu_sdpa_list.cpp.o
[185/723] Building CXX object /run/fetchcontent/onednn-build/src/gpu/CMakeFiles/dnnl_gpu.dir/gpu_zero_points_conv.cpp.o
[186/723] Building CXX object /run/fetchcontent/onednn-build/src/gpu/CMakeFiles/dnnl_gpu.dir/gpu_rnn_list.cpp.o
[187/723] Building CXX object /run/fetchcontent/onednn-build/src/gpu/CMakeFiles/dnnl_gpu.dir/gpu_zero_pad_list.cpp.o
[188/723] Building CXX object /run/fetchcontent/onednn-build/src/gpu/generic/CMakeFiles/dnnl_gpu_generic.dir/cross_engine_reorder.cpp.o
[189/723] Building CXX object /run/fetchcontent/onednn-build/src/gpu/CMakeFiles/dnnl_gpu.dir/gpu_softmax_list.cpp.o
[190/723] Building CXX object /run/fetchcontent/onednn-build/src/gpu/intel/CMakeFiles/dnnl_gpu_intel.dir/engine.cpp.o
[191/723] Building CXX object /run/fetchcontent/onednn-build/src/gpu/intel/CMakeFiles/dnnl_gpu_intel.dir/utils.cpp.o
[192/723] Building CXX object /run/fetchcontent/onednn-build/src/gpu/intel/CMakeFiles/dnnl_gpu_intel.dir/fill_random.cpp.o
[193/723] Building CXX object /run/fetchcontent/onednn-build/src/gpu/intel/CMakeFiles/dnnl_gpu_intel.dir/kernel_cache.cpp.o
[194/723] Building CXX object /run/fetchcontent/onednn-build/src/gpu/intel/CMakeFiles/dnnl_gpu_intel.dir/gemm/config.cpp.o
[195/723] Building CXX object /run/fetchcontent/onednn-build/src/gpu/intel/CMakeFiles/dnnl_gpu_intel.dir/primitive.cpp.o
[196/723] Building CXX object /run/fetchcontent/onednn-build/src/gpu/intel/CMakeFiles/dnnl_gpu_intel.dir/block_structure.cpp.o
[197/723] Building CXX object /run/fetchcontent/onednn-build/src/gpu/intel/CMakeFiles/dnnl_gpu_intel.dir/post_ops.cpp.o
[198/723] Building CXX object /run/fetchcontent/onednn-build/src/gpu/intel/CMakeFiles/dnnl_gpu_intel.dir/stream.cpp.o
[199/723] Building CXX object /run/fetchcontent/onednn-build/src/gpu/intel/CMakeFiles/dnnl_gpu_intel.dir/primitive_conf.cpp.o
[200/723] Building CXX object /run/fetchcontent/onednn-build/src/gpu/intel/CMakeFiles/dnnl_gpu_intel.dir/binary/simple.cpp.o
[201/723] Building CXX object /run/fetchcontent/onednn-build/src/gpu/intel/CMakeFiles/dnnl_gpu_intel.dir/bnorm/lookup_table.cpp.o
[202/723] Building CXX object /run/fetchcontent/onednn-build/src/gpu/intel/CMakeFiles/dnnl_gpu_intel.dir/gemm/jit.cpp.o
[203/723] Building CXX object /run/fetchcontent/onednn-build/src/gpu/intel/CMakeFiles/dnnl_gpu_intel.dir/gemm/ref.cpp.o
[204/723] Building CXX object /run/fetchcontent/onednn-build/src/gpu/intel/CMakeFiles/dnnl_gpu_intel.dir/binary/xe.cpp.o
[205/723] Building CXX object /run/fetchcontent/onednn-build/src/gpu/intel/CMakeFiles/dnnl_gpu_intel.dir/gemm/with_post_ops.cpp.o
[206/723] Building CXX object /run/fetchcontent/onednn-build/src/gpu/intel/CMakeFiles/dnnl_gpu_intel.dir/bnorm/utils.cpp.o
[207/723] Building CXX object /run/fetchcontent/onednn-build/src/gpu/intel/CMakeFiles/dnnl_gpu_intel.dir/bnorm/model.cpp.o
[208/723] Building CXX object /run/fetchcontent/onednn-build/src/gpu/intel/CMakeFiles/dnnl_gpu_intel.dir/conv/config.cpp.o
[209/723] Building CXX object /run/fetchcontent/onednn-build/src/gpu/intel/CMakeFiles/dnnl_gpu_intel.dir/bnorm/nhwc_reusable.cpp.o
[210/723] Building CXX object /run/fetchcontent/onednn-build/src/gpu/intel/CMakeFiles/dnnl_gpu_intel.dir/gemm/jit_xe_hp_systolic.cpp.o
[211/723] Building CXX object /run/fetchcontent/onednn-build/src/gpu/intel/CMakeFiles/dnnl_gpu_intel.dir/bnorm/ref.cpp.o
[212/723] Building CXX object /run/fetchcontent/onednn-build/src/gpu/intel/CMakeFiles/dnnl_gpu_intel.dir/bnorm/nhwc.cpp.o
[213/723] Building CXX object /run/fetchcontent/onednn-build/src/gpu/intel/CMakeFiles/dnnl_gpu_intel.dir/conv/jit/lookup_table_data.cpp.o
[214/723] Building CXX object /run/fetchcontent/onednn-build/src/gpu/intel/CMakeFiles/dnnl_gpu_intel.dir/bnorm/simple.cpp.o
[215/723] Building CXX object /run/fetchcontent/onednn-build/src/gpu/intel/CMakeFiles/dnnl_gpu_intel.dir/conv/jit/model_xehpc_common_data.cpp.o
[216/723] Building CXX object /run/fetchcontent/onednn-build/src/gpu/intel/CMakeFiles/dnnl_gpu_intel.dir/conv/jit/model_xehpc_dw_data.cpp.o
[217/723] Building CXX object /run/fetchcontent/onednn-build/src/gpu/intel/CMakeFiles/dnnl_gpu_intel.dir/conv/jit/model_xehpg_common_data.cpp.o
[218/723] Building CXX object /run/fetchcontent/onednn-build/src/gpu/intel/CMakeFiles/dnnl_gpu_intel.dir/conv/jit/model_xehpg_dw_data.cpp.o
[219/723] Building CXX object /run/fetchcontent/onednn-build/src/gpu/intel/CMakeFiles/dnnl_gpu_intel.dir/bnorm/reusable.cpp.o
[220/723] Building CXX object /run/fetchcontent/onednn-build/src/gpu/intel/CMakeFiles/dnnl_gpu_intel.dir/bnorm/xe.cpp.o
[221/723] Building CXX object /run/fetchcontent/onednn-build/src/gpu/intel/CMakeFiles/dnnl_gpu_intel.dir/conv/jit/lookup_table.cpp.o
[222/723] Building CXX object /run/fetchcontent/onednn-build/src/gpu/intel/CMakeFiles/dnnl_gpu_intel.dir/conv/jit/grf_usage.cpp.o
[223/723] Building CXX object /run/fetchcontent/onednn-build/src/gpu/intel/CMakeFiles/dnnl_gpu_intel.dir/conv/jit/key.cpp.o
[224/723] Building CXX object /run/fetchcontent/onednn-build/src/gpu/intel/CMakeFiles/dnnl_gpu_intel.dir/conv/jit/model_bridge.cpp.o
[225/723] Building CXX object /run/fetchcontent/onednn-build/src/gpu/intel/CMakeFiles/dnnl_gpu_intel.dir/conv/jit/ir_builder.cpp.o
[226/723] Building CXX object /run/fetchcontent/onednn-build/src/gpu/intel/CMakeFiles/dnnl_gpu_intel.dir/conv/jit/normalization.cpp.o
[227/723] Building CXX object /run/fetchcontent/onednn-build/src/gpu/intel/CMakeFiles/dnnl_gpu_intel.dir/conv/jit/pipeline.cpp.o
[228/723] Building CXX object /run/fetchcontent/onednn-build/src/gpu/intel/CMakeFiles/dnnl_gpu_intel.dir/conv/jit/config.cpp.o
[229/723] Building CXX object /run/fetchcontent/onednn-build/src/gpu/intel/CMakeFiles/dnnl_gpu_intel.dir/conv/jit/problem.cpp.o
[230/723] Building CXX object /run/fetchcontent/onednn-build/src/gpu/intel/CMakeFiles/dnnl_gpu_intel.dir/conv/jit/plan.cpp.o
[231/723] Building CXX object /run/fetchcontent/onednn-build/src/gpu/intel/CMakeFiles/dnnl_gpu_intel.dir/conv/jit/v2/debug.cpp.o
[232/723] Building CXX object /run/fetchcontent/onednn-build/src/gpu/intel/CMakeFiles/dnnl_gpu_intel.dir/conv/jit/v2/plan_registry_data.cpp.o
[233/723] Building CXX object /run/fetchcontent/onednn-build/src/gpu/intel/CMakeFiles/dnnl_gpu_intel.dir/conv/jit/v2/bench_data.cpp.o
[234/723] Building CXX object /run/fetchcontent/onednn-build/src/gpu/intel/CMakeFiles/dnnl_gpu_intel.dir/conv/jit/v2/kernel_desc_2d_reqs.cpp.o
[235/723] Building CXX object /run/fetchcontent/onednn-build/src/gpu/intel/CMakeFiles/dnnl_gpu_intel.dir/conv/jit/v2/model.cpp.o
[236/723] Building CXX object /run/fetchcontent/onednn-build/src/gpu/intel/CMakeFiles/dnnl_gpu_intel.dir/conv/jit/v2/builder.cpp.o
[237/723] Building CXX object /run/fetchcontent/onednn-build/src/gpu/intel/CMakeFiles/dnnl_gpu_intel.dir/conv/jit/tiler.cpp.o
[238/723] Building CXX object /run/fetchcontent/onednn-build/src/gpu/intel/CMakeFiles/dnnl_gpu_intel.dir/conv/jit/v2/kernel_desc.cpp.o
[239/723] Building CXX object /run/fetchcontent/onednn-build/src/gpu/intel/CMakeFiles/dnnl_gpu_intel.dir/conv/jit/v2/primitive_plan.cpp.o
[240/723] Building CXX object /run/fetchcontent/onednn-build/src/gpu/intel/CMakeFiles/dnnl_gpu_intel.dir/conv/jit/v2/plan_registry.cpp.o
[241/723] Building CXX object /run/fetchcontent/onednn-build/src/gpu/intel/CMakeFiles/dnnl_gpu_intel.dir/conv/jit/v2/problem.cpp.o
[242/723] Building CXX object /run/fetchcontent/onednn-build/src/gpu/intel/CMakeFiles/dnnl_gpu_intel.dir/conv/ref.cpp.o
[243/723] Building CXX object /run/fetchcontent/onednn-build/src/gpu/intel/CMakeFiles/dnnl_gpu_intel.dir/conv/jit/v2/plan.cpp.o
[244/723] Building CXX object /run/fetchcontent/onednn-build/src/gpu/intel/CMakeFiles/dnnl_gpu_intel.dir/conv/jit/v2/tensor_utils.cpp.o
[245/723] Building CXX object /run/fetchcontent/onednn-build/src/gpu/intel/CMakeFiles/dnnl_gpu_intel.dir/conv/jit.cpp.o
[246/723] Building CXX object /run/fetchcontent/onednn-build/src/gpu/intel/CMakeFiles/dnnl_gpu_intel.dir/eltwise/ref.cpp.o
[247/723] Building CXX object /run/fetchcontent/onednn-build/src/gpu/intel/CMakeFiles/dnnl_gpu_intel.dir/conv/xe_wino.cpp.o
[248/723] Building CXX object /run/fetchcontent/onednn-build/src/gpu/intel/CMakeFiles/dnnl_gpu_intel.dir/concat/xe.cpp.o
[249/723] Building CXX object /run/fetchcontent/onednn-build/src/gpu/intel/CMakeFiles/dnnl_gpu_intel.dir/concat/simple.cpp.o
[250/723] Building CXX object /run/fetchcontent/onednn-build/src/gpu/intel/CMakeFiles/dnnl_gpu_intel.dir/conv/jit_v2.cpp.o
[251/723] Building CXX object /run/fetchcontent/onednn-build/src/gpu/intel/CMakeFiles/dnnl_gpu_intel.dir/conv/jit/zp_plan.cpp.o
[252/723] Building CXX object /run/fetchcontent/onednn-build/src/gpu/intel/CMakeFiles/dnnl_gpu_intel.dir/eltwise/xe.cpp.o
[253/723] Building CXX object /run/fetchcontent/onednn-build/src/gpu/intel/CMakeFiles/dnnl_gpu_intel.dir/gnorm/ref.cpp.o
[254/723] Building CXX object /run/fetchcontent/onednn-build/src/gpu/intel/CMakeFiles/dnnl_gpu_intel.dir/ip/conv.cpp.o
[255/723] Building CXX object /run/fetchcontent/onednn-build/src/gpu/intel/CMakeFiles/dnnl_gpu_intel.dir/ip/ref.cpp.o
[256/723] Building CXX object /run/fetchcontent/onednn-build/src/gpu/intel/CMakeFiles/dnnl_gpu_intel.dir/ip/gemm.cpp.o
[257/723] Building CXX object /run/fetchcontent/onednn-build/src/gpu/intel/CMakeFiles/dnnl_gpu_intel.dir/matmul/grouped_micro_gemm.cpp.o
[258/723] Building CXX object /run/fetchcontent/onednn-build/src/gpu/intel/CMakeFiles/dnnl_gpu_intel.dir/matmul/grouped_post_ops_gen.cpp.o
[259/723] Building CXX object /run/fetchcontent/onednn-build/src/gpu/intel/CMakeFiles/dnnl_gpu_intel.dir/lnorm/ref.cpp.o
[260/723] Building CXX object /run/fetchcontent/onednn-build/src/gpu/intel/CMakeFiles/dnnl_gpu_intel.dir/matmul/ref_grouped_gemm.cpp.o
[261/723] Building CXX object /run/fetchcontent/onednn-build/src/gpu/intel/CMakeFiles/dnnl_gpu_intel.dir/gated_mlp/micro_horz.cpp.o
[262/723] Building CXX object /run/fetchcontent/onednn-build/src/gpu/intel/CMakeFiles/dnnl_gpu_intel.dir/lnorm/simple.cpp.o
[263/723] Building CXX object /run/fetchcontent/onednn-build/src/gpu/intel/CMakeFiles/dnnl_gpu_intel.dir/lnorm/reusable.cpp.o
[264/723] Building CXX object /run/fetchcontent/onednn-build/src/gpu/intel/CMakeFiles/dnnl_gpu_intel.dir/lrn/ref.cpp.o
[265/723] Building CXX object /run/fetchcontent/onednn-build/src/gpu/intel/CMakeFiles/dnnl_gpu_intel.dir/pool/config.cpp.o
[266/723] Building CXX object /run/fetchcontent/onednn-build/src/gpu/intel/CMakeFiles/dnnl_gpu_intel.dir/lnorm/vectorized.cpp.o
[267/723] Building CXX object /run/fetchcontent/onednn-build/src/gpu/intel/CMakeFiles/dnnl_gpu_intel.dir/lnorm/reusable_vectorized.cpp.o
[268/723] Building CXX object /run/fetchcontent/onednn-build/src/gpu/intel/CMakeFiles/dnnl_gpu_intel.dir/matmul/gemm.cpp.o
[269/723] Building CXX object /run/fetchcontent/onednn-build/src/gpu/intel/CMakeFiles/dnnl_gpu_intel.dir/matmul/ref.cpp.o
[270/723] Building CXX object /run/fetchcontent/onednn-build/src/gpu/intel/CMakeFiles/dnnl_gpu_intel.dir/matmul/sparse_ref.cpp.o
[271/723] Building CXX object /run/fetchcontent/onednn-build/src/gpu/intel/CMakeFiles/dnnl_gpu_intel.dir/pool/ref.cpp.o
[272/723] Building CXX object /run/fetchcontent/onednn-build/src/gpu/intel/CMakeFiles/dnnl_gpu_intel.dir/reduction/jit.cpp.o
[273/723] Building CXX object /run/fetchcontent/onednn-build/src/gpu/intel/CMakeFiles/dnnl_gpu_intel.dir/pool/xe.cpp.o
[274/723] Building CXX object /run/fetchcontent/onednn-build/src/gpu/intel/CMakeFiles/dnnl_gpu_intel.dir/pool/xe_global.cpp.o
[275/723] Building CXX object /run/fetchcontent/onednn-build/src/gpu/intel/CMakeFiles/dnnl_gpu_intel.dir/prelu/ref.cpp.o
[276/723] Building CXX object /run/fetchcontent/onednn-build/src/gpu/intel/CMakeFiles/dnnl_gpu_intel.dir/reduction/ref.cpp.o
[277/723] Building CXX object /run/fetchcontent/onednn-build/src/gpu/intel/CMakeFiles/dnnl_gpu_intel.dir/reduction/combined.cpp.o
[278/723] Building CXX object /run/fetchcontent/onednn-build/src/gpu/intel/CMakeFiles/dnnl_gpu_intel.dir/reduction/atomic.cpp.o
[279/723] Building CXX object /run/fetchcontent/onednn-build/src/gpu/intel/CMakeFiles/dnnl_gpu_intel.dir/reorder/custom.cpp.o
[280/723] Building CXX object /run/fetchcontent/onednn-build/src/gpu/intel/CMakeFiles/dnnl_gpu_intel.dir/reduction/utils.cpp.o
[281/723] Building CXX object /run/fetchcontent/onednn-build/src/gpu/intel/CMakeFiles/dnnl_gpu_intel.dir/pool/jit.cpp.o
[282/723] Building CXX object /run/fetchcontent/onednn-build/src/gpu/intel/CMakeFiles/dnnl_gpu_intel.dir/pool/jit/ir_builder.cpp.o
[283/723] Building CXX object /run/fetchcontent/onednn-build/src/gpu/intel/CMakeFiles/dnnl_gpu_intel.dir/conv/jit/zero_out.cpp.o
[284/723] Building CXX object /run/fetchcontent/onednn-build/src/gpu/intel/CMakeFiles/dnnl_gpu_intel.dir/reduction/reusable_ref.cpp.o
[285/723] Building CXX object /run/fetchcontent/onednn-build/src/gpu/intel/CMakeFiles/dnnl_gpu_intel.dir/reorder/generic.cpp.o
[286/723] Building CXX object /run/fetchcontent/onednn-build/src/gpu/intel/CMakeFiles/dnnl_gpu_intel.dir/resampling/ref.cpp.o
[287/723] Building CXX object /run/fetchcontent/onednn-build/src/gpu/intel/CMakeFiles/dnnl_gpu_intel.dir/resampling/vectorized.cpp.o
[288/723] Building CXX object /run/fetchcontent/onednn-build/src/gpu/intel/CMakeFiles/dnnl_gpu_intel.dir/reorder/ref.cpp.o
[289/723] Building CXX object /run/fetchcontent/onednn-build/src/gpu/intel/CMakeFiles/dnnl_gpu_intel.dir/reorder/jit.cpp.o
[290/723] Building CXX object /run/fetchcontent/onednn-build/src/gpu/intel/CMakeFiles/dnnl_gpu_intel.dir/rnn/cell_gru_lbr.cpp.o
[291/723] Building CXX object /run/fetchcontent/onednn-build/src/gpu/intel/CMakeFiles/dnnl_gpu_intel.dir/rnn/cell_common.cpp.o
[292/723] Building CXX object /run/fetchcontent/onednn-build/src/gpu/intel/CMakeFiles/dnnl_gpu_intel.dir/rnn/cell_gru.cpp.o
[293/723] Building CXX object /run/fetchcontent/onednn-build/src/gpu/intel/CMakeFiles/dnnl_gpu_intel.dir/reorder/jit/config.cpp.o
[294/723] Building CXX object /run/fetchcontent/onednn-build/src/gpu/intel/CMakeFiles/dnnl_gpu_intel.dir/reorder/jit/tiler.cpp.o
[295/723] Building CXX object /run/fetchcontent/onednn-build/src/gpu/intel/CMakeFiles/dnnl_gpu_intel.dir/reorder/jit/ir_builder.cpp.o
[296/723] Building CXX object /run/fetchcontent/onednn-build/src/gpu/intel/CMakeFiles/dnnl_gpu_intel.dir/rnn/reorders.cpp.o
[297/723] Building CXX object /run/fetchcontent/onednn-build/src/gpu/intel/CMakeFiles/dnnl_gpu_intel.dir/rnn/simple_cell_fusion.cpp.o
[298/723] Building CXX object /run/fetchcontent/onednn-build/src/gpu/intel/CMakeFiles/dnnl_gpu_intel.dir/shuffle/ref.cpp.o
[299/723] Building CXX object /run/fetchcontent/onednn-build/src/gpu/intel/CMakeFiles/dnnl_gpu_intel.dir/sdpa/ref.cpp.o
[300/723] Building CXX object /run/fetchcontent/onednn-build/src/gpu/intel/CMakeFiles/dnnl_gpu_intel.dir/rnn/utils.cpp.o
[301/723] Building CXX object /run/fetchcontent/onednn-build/src/gpu/intel/CMakeFiles/dnnl_gpu_intel.dir/rnn/simple_postgemm.cpp.o
[302/723] Building CXX object /run/fetchcontent/onednn-build/src/gpu/intel/CMakeFiles/dnnl_gpu_intel.dir/softmax/reusable.cpp.o
[303/723] Building CXX object /run/fetchcontent/onednn-build/src/gpu/intel/CMakeFiles/dnnl_gpu_intel.dir/binary_common_header.cpp.o
[304/723] Building CXX object /run/fetchcontent/onednn-build/src/gpu/intel/CMakeFiles/dnnl_gpu_intel.dir/bnorm_nhwc_reusable_header.cpp.o
[305/723] Building CXX object /run/fetchcontent/onednn-build/src/gpu/intel/CMakeFiles/dnnl_gpu_intel.dir/bnorm_xe_header.cpp.o
[306/723] Building CXX object /run/fetchcontent/onednn-build/src/gpu/intel/CMakeFiles/dnnl_gpu_intel.dir/bnorm_xe_reduce_header.cpp.o
[307/723] Building CXX object /run/fetchcontent/onednn-build/src/gpu/intel/CMakeFiles/dnnl_gpu_intel.dir/concat_common_header.cpp.o
[308/723] Building CXX object /run/fetchcontent/onednn-build/src/gpu/intel/CMakeFiles/dnnl_gpu_intel.dir/include_conversion_header.cpp.o
[309/723] Building CXX object /run/fetchcontent/onednn-build/src/gpu/intel/CMakeFiles/dnnl_gpu_intel.dir/include_custom_types_header.cpp.o
[310/723] Building CXX object /run/fetchcontent/onednn-build/src/gpu/intel/CMakeFiles/dnnl_gpu_intel.dir/include_dispatch_header.cpp.o
[311/723] Building CXX object /run/fetchcontent/onednn-build/src/gpu/intel/CMakeFiles/dnnl_gpu_intel.dir/include_dnnl_interop_header.cpp.o
[312/723] Building CXX object /run/fetchcontent/onednn-build/src/gpu/intel/CMakeFiles/dnnl_gpu_intel.dir/include_eltwise_header.cpp.o
[313/723] Building CXX object /run/fetchcontent/onednn-build/src/gpu/intel/CMakeFiles/dnnl_gpu_intel.dir/include_generic_vector_ops_header.cpp.o
[314/723] Building CXX object /run/fetchcontent/onednn-build/src/gpu/intel/CMakeFiles/dnnl_gpu_intel.dir/include_io_header.cpp.o
[315/723] Building CXX object /run/fetchcontent/onednn-build/src/gpu/intel/CMakeFiles/dnnl_gpu_intel.dir/include_math_utils_header.cpp.o
[316/723] Building CXX object /run/fetchcontent/onednn-build/src/gpu/intel/CMakeFiles/dnnl_gpu_intel.dir/include_offsets_header.cpp.o
[317/723] Building CXX object /run/fetchcontent/onednn-build/src/gpu/intel/CMakeFiles/dnnl_gpu_intel.dir/softmax/xe.cpp.o
[318/723] Building CXX object /run/fetchcontent/onednn-build/src/gpu/intel/CMakeFiles/dnnl_gpu_intel.dir/include_philox_header.cpp.o
[319/723] Building CXX object /run/fetchcontent/onednn-build/src/gpu/intel/CMakeFiles/dnnl_gpu_intel.dir/include_post_ops_header.cpp.o
[320/723] Building CXX object /run/fetchcontent/onednn-build/src/gpu/intel/CMakeFiles/dnnl_gpu_intel.dir/include_scales_header.cpp.o
[321/723] Building CXX object /run/fetchcontent/onednn-build/src/gpu/intel/CMakeFiles/dnnl_gpu_intel.dir/include_tile_ops_header.cpp.o
[322/723] Building CXX object /run/fetchcontent/onednn-build/src/gpu/intel/CMakeFiles/dnnl_gpu_intel.dir/rnn/grid.cpp.o
[323/723] Building CXX object /run/fetchcontent/onednn-build/src/gpu/intel/CMakeFiles/dnnl_gpu_intel.dir/include_types_header.cpp.o
[324/723] Building CXX object /run/fetchcontent/onednn-build/src/gpu/intel/CMakeFiles/dnnl_gpu_intel.dir/include_types_specific_header.cpp.o
[325/723] Building CXX object /run/fetchcontent/onednn-build/src/gpu/intel/CMakeFiles/dnnl_gpu_intel.dir/include_types_interop_header.cpp.o
[326/723] Building CXX object /run/fetchcontent/onednn-build/src/gpu/intel/CMakeFiles/dnnl_gpu_intel.dir/include_utils_header.cpp.o
[327/723] Building CXX object /run/fetchcontent/onednn-build/src/gpu/intel/CMakeFiles/dnnl_gpu_intel.dir/lnorm_common_header.cpp.o
[328/723] Building CXX object /run/fetchcontent/onednn-build/src/gpu/intel/CMakeFiles/dnnl_gpu_intel.dir/reduction_common_header.cpp.o
[329/723] Building CXX object /run/fetchcontent/onednn-build/src/gpu/intel/CMakeFiles/dnnl_gpu_intel.dir/reorder_common_header.cpp.o
[330/723] Building CXX object /run/fetchcontent/onednn-build/src/gpu/intel/CMakeFiles/dnnl_gpu_intel.dir/rnn_cell_compute_header.cpp.o
[331/723] Building CXX object /run/fetchcontent/onednn-build/src/gpu/intel/CMakeFiles/dnnl_gpu_intel.dir/rnn_cell_kind_utility_header.cpp.o
[332/723] Building CXX object /run/fetchcontent/onednn-build/src/gpu/intel/CMakeFiles/dnnl_gpu_intel.dir/rnn_common_header.cpp.o
[333/723] Building CXX object /run/fetchcontent/onednn-build/src/gpu/intel/CMakeFiles/dnnl_gpu_intel.dir/binary_simple_kernel.cpp.o
[334/723] Building CXX object /run/fetchcontent/onednn-build/src/gpu/intel/CMakeFiles/dnnl_gpu_intel.dir/sdpa_utils_header.cpp.o
[335/723] Building CXX object /run/fetchcontent/onednn-build/src/gpu/intel/CMakeFiles/dnnl_gpu_intel.dir/softmax_simple_header.cpp.o
[336/723] Building CXX object /run/fetchcontent/onednn-build/src/gpu/intel/CMakeFiles/dnnl_gpu_intel.dir/bnorm_ref_kernel.cpp.o
[337/723] Building CXX object /run/fetchcontent/onednn-build/src/gpu/intel/CMakeFiles/dnnl_gpu_intel.dir/binary_xe_kernel.cpp.o
[338/723] Building CXX object /run/fetchcontent/onednn-build/src/gpu/intel/CMakeFiles/dnnl_gpu_intel.dir/bnorm_nhwc_reusable_kernel.cpp.o
[339/723] Building CXX object /run/fetchcontent/onednn-build/src/gpu/intel/CMakeFiles/dnnl_gpu_intel.dir/bnorm_simple_kernel.cpp.o
[340/723] Building CXX object /run/fetchcontent/onednn-build/src/gpu/intel/CMakeFiles/dnnl_gpu_intel.dir/bnorm_reusable_kernel.cpp.o
[341/723] Building CXX object /run/fetchcontent/onednn-build/src/gpu/intel/CMakeFiles/dnnl_gpu_intel.dir/bnorm_xe_bwd_kernel.cpp.o
[342/723] Building CXX object /run/fetchcontent/onednn-build/src/gpu/intel/CMakeFiles/dnnl_gpu_intel.dir/bnorm_xe_fwd_kernel.cpp.o
[343/723] Building CXX object /run/fetchcontent/onednn-build/src/gpu/intel/CMakeFiles/dnnl_gpu_intel.dir/bnorm_xe_nhwc_fwd_kernel.cpp.o
[344/723] Building CXX object /run/fetchcontent/onednn-build/src/gpu/intel/CMakeFiles/dnnl_gpu_intel.dir/bnorm_xe_nhwc_bwd_kernel.cpp.o
[345/723] Building CXX object /run/fetchcontent/onednn-build/src/gpu/intel/CMakeFiles/dnnl_gpu_intel.dir/concat_simple_kernel.cpp.o
[346/723] Building CXX object /run/fetchcontent/onednn-build/src/gpu/intel/CMakeFiles/dnnl_gpu_intel.dir/conv_deconv_backward_bias_kernel.cpp.o
[347/723] Building CXX object /run/fetchcontent/onednn-build/src/gpu/intel/CMakeFiles/dnnl_gpu_intel.dir/concat_xe_kernel.cpp.o
[348/723] Building CXX object /run/fetchcontent/onednn-build/src/gpu/intel/CMakeFiles/dnnl_gpu_intel.dir/conv_xe_wino_fwd_data_fused_kernel.cpp.o
[349/723] Building CXX object /run/fetchcontent/onednn-build/src/gpu/intel/CMakeFiles/dnnl_gpu_intel.dir/conv_ref_kernel.cpp.o
[350/723] Building CXX object /run/fetchcontent/onednn-build/src/gpu/intel/CMakeFiles/dnnl_gpu_intel.dir/conv_xe_wino_fwd_data_2x3_kernel.cpp.o
[351/723] Building CXX object /run/fetchcontent/onednn-build/src/gpu/intel/CMakeFiles/dnnl_gpu_intel.dir/sdpa/micro.cpp.o
[352/723] Building CXX object /run/fetchcontent/onednn-build/src/gpu/intel/CMakeFiles/dnnl_gpu_intel.dir/eltwise_ref_kernel.cpp.o
[353/723] Building CXX object /run/fetchcontent/onednn-build/src/gpu/intel/CMakeFiles/dnnl_gpu_intel.dir/gpu_intel_dynamic_scale_kernel.cpp.o
[354/723] Building CXX object /run/fetchcontent/onednn-build/src/gpu/intel/CMakeFiles/dnnl_gpu_intel.dir/eltwise_xe_kernel.cpp.o
[355/723] Building CXX object /run/fetchcontent/onednn-build/src/gpu/intel/CMakeFiles/dnnl_gpu_intel.dir/gpu_intel_fill_random_kernel.cpp.o
[356/723] Building CXX object /run/fetchcontent/onednn-build/src/gpu/intel/CMakeFiles/dnnl_gpu_intel.dir/gemm_ref_kernel.cpp.o
[357/723] Building CXX object /run/fetchcontent/onednn-build/src/gpu/intel/CMakeFiles/dnnl_gpu_intel.dir/gated_mlp_micro_horz_kernel.cpp.o
[358/723] Building CXX object /run/fetchcontent/onednn-build/src/gpu/intel/CMakeFiles/dnnl_gpu_intel.dir/gemm_with_post_ops_kernel.cpp.o
[359/723] Building CXX object /run/fetchcontent/onednn-build/src/gpu/intel/CMakeFiles/dnnl_gpu_intel.dir/gemm_xe_hpc_systolic_copy_kernel.cpp.o
[360/723] Building CXX object /run/fetchcontent/onednn-build/src/gpu/intel/CMakeFiles/dnnl_gpu_intel.dir/gemm_xe_hp_systolic_copy_kernel.cpp.o
[361/723] Building CXX object /run/fetchcontent/onednn-build/src/gpu/intel/CMakeFiles/dnnl_gpu_intel.dir/gemm_zero_fill_kernel.cpp.o
[362/723] Building CXX object /run/fetchcontent/onednn-build/src/gpu/intel/CMakeFiles/dnnl_gpu_intel.dir/gnorm_ref_kernel.cpp.o
[363/723] Building CXX object /run/fetchcontent/onednn-build/src/gpu/intel/CMakeFiles/dnnl_gpu_intel.dir/lnorm_ref_kernel.cpp.o
[364/723] Building CXX object /run/fetchcontent/onednn-build/src/gpu/intel/CMakeFiles/dnnl_gpu_intel.dir/ip_ref_kernel.cpp.o
[365/723] Building CXX object /run/fetchcontent/onednn-build/src/gpu/intel/CMakeFiles/dnnl_gpu_intel.dir/graph_gen_index_kernel.cpp.o
[366/723] Building CXX object /run/fetchcontent/onednn-build/src/gpu/intel/CMakeFiles/dnnl_gpu_intel.dir/lnorm_reusable_kernel.cpp.o
[367/723] Building CXX object /run/fetchcontent/onednn-build/src/gpu/intel/CMakeFiles/dnnl_gpu_intel.dir/lnorm_reusable_vectorized_kernel.cpp.o
[368/723] Building CXX object /run/fetchcontent/onednn-build/src/gpu/intel/CMakeFiles/dnnl_gpu_intel.dir/lnorm_simple_kernel.cpp.o
[369/723] Building CXX object /run/fetchcontent/onednn-build/src/gpu/intel/CMakeFiles/dnnl_gpu_intel.dir/lnorm_vectorized_kernel.cpp.o
[370/723] Building CXX object /run/fetchcontent/onednn-build/src/gpu/intel/CMakeFiles/dnnl_gpu_intel.dir/lnorm_vectorized_fused_kernel.cpp.o
[371/723] Building CXX object /run/fetchcontent/onednn-build/src/gpu/intel/CMakeFiles/dnnl_gpu_intel.dir/matmul_grouped_micro_gemm_kernel.cpp.o
[372/723] Building CXX object /run/fetchcontent/onednn-build/src/gpu/intel/CMakeFiles/dnnl_gpu_intel.dir/lrn_ref_kernel.cpp.o
[373/723] Building CXX object /run/fetchcontent/onednn-build/src/gpu/intel/CMakeFiles/dnnl_gpu_intel.dir/matmul_ref_kernel.cpp.o
[374/723] Building CXX object /run/fetchcontent/onednn-build/src/gpu/intel/CMakeFiles/dnnl_gpu_intel.dir/matmul_ref_grouped_gemm_kernel.cpp.o
[375/723] Building CXX object /run/fetchcontent/onednn-build/src/gpu/intel/CMakeFiles/dnnl_gpu_intel.dir/matmul_sparse_ref_kernel.cpp.o
[376/723] Building CXX object /run/fetchcontent/onednn-build/src/gpu/intel/CMakeFiles/dnnl_gpu_intel.dir/pool_ref_kernel.cpp.o
[377/723] Building CXX object /run/fetchcontent/onednn-build/src/gpu/intel/CMakeFiles/dnnl_gpu_intel.dir/pool_xe_kernel.cpp.o
[378/723] Building CXX object /run/fetchcontent/onednn-build/src/gpu/intel/CMakeFiles/dnnl_gpu_intel.dir/pool_xe_global_kernel.cpp.o
[379/723] Building CXX object /run/fetchcontent/onednn-build/src/gpu/intel/CMakeFiles/dnnl_gpu_intel.dir/reduction_atomic_kernel.cpp.o
[380/723] Building CXX object /run/fetchcontent/onednn-build/src/gpu/intel/CMakeFiles/dnnl_gpu_intel.dir/prelu_ref_kernel.cpp.o
[381/723] Building CXX object /run/fetchcontent/onednn-build/src/gpu/intel/CMakeFiles/dnnl_gpu_intel.dir/reduction_combined_kernel.cpp.o
[382/723] Building CXX object /run/fetchcontent/onednn-build/src/gpu/intel/CMakeFiles/dnnl_gpu_intel.dir/reduction_ref_kernel.cpp.o
[383/723] Building CXX object /run/fetchcontent/onednn-build/src/gpu/intel/CMakeFiles/dnnl_gpu_intel.dir/reduction_reusable_ref_kernel.cpp.o
[384/723] Building CXX object /run/fetchcontent/onednn-build/src/gpu/intel/CMakeFiles/dnnl_gpu_intel.dir/reorder_custom_kernel.cpp.o
[385/723] Building CXX object /run/fetchcontent/onednn-build/src/gpu/intel/CMakeFiles/dnnl_gpu_intel.dir/reorder_generic_kernel.cpp.o
[386/723] Building CXX object /run/fetchcontent/onednn-build/src/gpu/intel/CMakeFiles/dnnl_gpu_intel.dir/reorder_ref_kernel.cpp.o
[387/723] Building CXX object /run/fetchcontent/onednn-build/src/gpu/intel/CMakeFiles/dnnl_gpu_intel.dir/resampling_vectorized_kernel.cpp.o
[388/723] Building CXX object /run/fetchcontent/onednn-build/src/gpu/intel/CMakeFiles/dnnl_gpu_intel.dir/resampling_ref_kernel.cpp.o
[389/723] Building CXX object /run/fetchcontent/onednn-build/src/gpu/intel/CMakeFiles/dnnl_gpu_intel.dir/rnn_reorder_kernel.cpp.o
[390/723] Building CXX object /run/fetchcontent/onednn-build/src/gpu/intel/CMakeFiles/dnnl_gpu_intel.dir/rnn_grid_kernel.cpp.o
[391/723] Building CXX object /run/fetchcontent/onednn-build/src/gpu/intel/CMakeFiles/dnnl_gpu_intel.dir/sdpa_micro_kernel.cpp.o
[392/723] Building CXX object /run/fetchcontent/onednn-build/src/gpu/intel/CMakeFiles/dnnl_gpu_intel.dir/sdpa_micro_bwd_kernel.cpp.o
[393/723] Building CXX object /run/fetchcontent/onednn-build/src/gpu/intel/CMakeFiles/dnnl_gpu_intel.dir/shuffle_ref_kernel.cpp.o
[394/723] Building CXX object /run/fetchcontent/onednn-build/src/gpu/intel/CMakeFiles/dnnl_gpu_intel.dir/sdpa_ref_kernel.cpp.o
[395/723] Building CXX object /run/fetchcontent/onednn-build/src/gpu/intel/CMakeFiles/dnnl_gpu_intel.dir/softmax_reusable_kernel.cpp.o
[396/723] Building CXX object /run/fetchcontent/onednn-build/src/gpu/intel/CMakeFiles/dnnl_gpu_intel.dir/softmax_simple_kernel.cpp.o
[397/723] Building CXX object /run/fetchcontent/onednn-build/src/gpu/intel/CMakeFiles/dnnl_gpu_intel.dir/softmax_xe_kernel.cpp.o
[398/723] Building CXX object /run/fetchcontent/onednn-build/src/gpu/intel/CMakeFiles/dnnl_gpu_intel.dir/sum_many_inputs_kernel.cpp.o
[399/723] Building CXX object /run/fetchcontent/onednn-build/src/gpu/intel/CMakeFiles/dnnl_gpu_intel.dir/gpu_intel_subbyte_pack_kernel.cpp.o
[400/723] Building CXX object /run/fetchcontent/onednn-build/src/gpu/intel/CMakeFiles/dnnl_gpu_intel.dir/sum_simple_kernel.cpp.o
[401/723] Building CXX object /run/fetchcontent/onednn-build/src/gpu/intel/CMakeFiles/dnnl_gpu_intel.dir/zeropad_simple_kernel.cpp.o
[402/723] Building CXX object /run/fetchcontent/onednn-build/src/gpu/intel/CMakeFiles/dnnl_gpu_intel.dir/softmax/simple.cpp.o
[403/723] Building CXX object /run/fetchcontent/onednn-build/src/gpu/intel/CMakeFiles/dnnl_gpu_intel.dir/sum_xe_kernel.cpp.o
[404/723] Building CXX object /run/fetchcontent/onednn-build/src/gpu/intel/CMakeFiles/dnnl_gpu_intel.dir/sdpa/configs.cpp.o
[405/723] Building CXX object /run/fetchcontent/onednn-build/src/gpu/intel/CMakeFiles/dnnl_gpu_intel.dir/sum/xe.cpp.o
[406/723] Building CXX object /run/fetchcontent/onednn-build/src/gpu/intel/CMakeFiles/dnnl_gpu_intel.dir/ocl_kernel_list.cpp.o
[407/723] Building CXX object /run/fetchcontent/onednn-build/src/gpu/intel/CMakeFiles/dnnl_gpu_intel.dir/sum/many_inputs.cpp.o
[408/723] Building CXX object /run/fetchcontent/onednn-build/src/gpu/intel/CMakeFiles/dnnl_gpu_intel.dir/sum/simple.cpp.o
[409/723] Building CXX object /run/fetchcontent/onednn-build/src/gpu/intel/CMakeFiles/dnnl_gpu_intel.dir/zeropad/simple.cpp.o
[410/723] Building CXX object /run/fetchcontent/onednn-build/src/gpu/intel/gemm/jit/CMakeFiles/dnnl_gpu_intel_gemm_jit.dir/gen_kernel_db.cpp.o
[411/723] Building CXX object /run/fetchcontent/onednn-build/src/gpu/intel/gemm/jit/CMakeFiles/dnnl_gpu_intel_gemm_jit.dir/pd.cpp.o
[412/723] Building CXX object /run/fetchcontent/onednn-build/src/gpu/intel/gemm/jit/CMakeFiles/dnnl_gpu_intel_gemm_jit.dir/dsl/hw.cpp.o
[413/723] Building CXX object /run/fetchcontent/onednn-build/src/gpu/intel/gemm/jit/CMakeFiles/dnnl_gpu_intel_gemm_jit.dir/dsl/dsl.cpp.o
[414/723] Building CXX object /run/fetchcontent/onednn-build/src/gpu/intel/gemm/jit/CMakeFiles/dnnl_gpu_intel_gemm_jit.dir/gen_kernel.cpp.o
/deps/onednn/src/gpu/intel/gemm/jit/gen_kernel.cpp:333:25: warning: format specifies type 'int' but the argument has type 'int64_t' (aka 'long') [-Wformat]
  327 |                         "wg=%dx%dx%d k0=%d wgK=%d aScale2D=%d aqGroupM=%d "
      |                                         ~~
      |                                         %ld
  328 |                         "aqGroupK=%d aOffset=%d A=%d B=%d C=%d "
  329 |                         "override=%d entry=%s\n",
  330 |                         m_, n_, k_, strategy_.unroll[LoopM],
  331 |                         strategy_.unroll[LoopN], strategy_.wg[LoopM],
  332 |                         strategy_.wg[LoopN], strategy_.wg[LoopK],
  333 |                         aux_params_.k0, aux_params_.wgK,
      |                         ^~~~~~~~~~~~~~
1 warning generated.
/deps/onednn/src/gpu/intel/gemm/jit/gen_kernel.cpp:333:25: warning: format specifies type 'int' but the argument has type 'int64_t' (aka 'long') [-Wformat]
  327 |                         "wg=%dx%dx%d k0=%d wgK=%d aScale2D=%d aqGroupM=%d "
      |                                         ~~
      |                                         %ld
  328 |                         "aqGroupK=%d aOffset=%d A=%d B=%d C=%d "
  329 |                         "override=%d entry=%s\n",
  330 |                         m_, n_, k_, strategy_.unroll[LoopM],
  331 |                         strategy_.unroll[LoopN], strategy_.wg[LoopM],
  332 |                         strategy_.wg[LoopN], strategy_.wg[LoopK],
  333 |                         aux_params_.k0, aux_params_.wgK,
      |                         ^~~~~~~~~~~~~~
1 warning generated.
[415/723] Building CXX object /run/fetchcontent/onednn-build/src/gpu/intel/gemm/jit/CMakeFiles/dnnl_gpu_intel_gemm_jit.dir/dsl/ir/codegen/bank_conflict_allocation.cpp.o
[416/723] Building CXX object /run/fetchcontent/onednn-build/src/gpu/intel/gemm/jit/CMakeFiles/dnnl_gpu_intel_gemm_jit.dir/dsl/ir/codegen/operand.cpp.o
[417/723] Building CXX object /run/fetchcontent/onednn-build/src/gpu/intel/gemm/jit/CMakeFiles/dnnl_gpu_intel_gemm_jit.dir/dsl/ir/codegen/reorder.cpp.o
[418/723] Building CXX object /run/fetchcontent/onednn-build/src/gpu/intel/gemm/jit/CMakeFiles/dnnl_gpu_intel_gemm_jit.dir/dsl/ir/core.cpp.o
[419/723] Building CXX object /run/fetchcontent/onednn-build/src/gpu/intel/gemm/jit/CMakeFiles/generatorXEHP.dir/generator/generator.cpp.o
[420/723] Building CXX object /run/fetchcontent/onednn-build/src/gpu/intel/gemm/jit/CMakeFiles/generatorXELP.dir/generator/generator.cpp.o
[421/723] Building CXX object /run/fetchcontent/onednn-build/src/gpu/intel/gemm/jit/CMakeFiles/generatorXE2.dir/generator/generator.cpp.o
[422/723] Building CXX object /run/fetchcontent/onednn-build/src/gpu/intel/gemm/jit/CMakeFiles/dnnl_gpu_intel_gemm_jit.dir/dsl/ir/fma.cpp.o
[423/723] Building CXX object /run/fetchcontent/onednn-build/src/gpu/intel/gemm/jit/CMakeFiles/generatorXEHPG.dir/generator/generator.cpp.o
[424/723] Building CXX object /run/fetchcontent/onednn-build/src/gpu/intel/gemm/jit/CMakeFiles/generatorXE3P.dir/generator/generator.cpp.o
[425/723] Building CXX object /run/fetchcontent/onednn-build/src/gpu/intel/gemm/jit/CMakeFiles/generatorXE3.dir/generator/generator.cpp.o
[426/723] Building CXX object /run/fetchcontent/onednn-build/src/gpu/intel/gemm/jit/CMakeFiles/generatorXEHPC.dir/generator/generator.cpp.o
[427/723] Building CXX object /run/fetchcontent/onednn-build/src/gpu/intel/gemm/jit/CMakeFiles/dnnl_gpu_intel_gemm_jit.dir/dsl/ir/object.cpp.o
[428/723] Building CXX object /run/fetchcontent/onednn-build/src/gpu/intel/gemm/jit/CMakeFiles/dnnl_gpu_intel_gemm_jit.dir/dsl/ir/pass/dp4a.cpp.o
[429/723] Building CXX object /run/fetchcontent/onednn-build/src/gpu/intel/gemm/jit/CMakeFiles/dnnl_gpu_intel_gemm_jit.dir/dsl/ir/ir.cpp.o
[430/723] Building CXX object /run/fetchcontent/onednn-build/src/gpu/intel/gemm/jit/CMakeFiles/dnnl_gpu_intel_gemm_jit.dir/dsl/ir/pass/dpas.cpp.o
[431/723] Building CXX object /run/fetchcontent/onednn-build/src/gpu/intel/gemm/jit/CMakeFiles/dnnl_gpu_intel_gemm_jit.dir/dsl/ir/pass/dpasw.cpp.o
[432/723] Building CXX object /run/fetchcontent/onednn-build/src/gpu/intel/gemm/jit/CMakeFiles/dnnl_gpu_intel_gemm_jit.dir/dsl/ir/pass/cse.cpp.o
[433/723] Building CXX object /run/fetchcontent/onednn-build/src/gpu/intel/gemm/jit/CMakeFiles/dnnl_gpu_intel_gemm_jit.dir/dsl/ir/pass/pass.cpp.o
[434/723] Building CXX object /run/fetchcontent/onednn-build/src/gpu/intel/gemm/jit/CMakeFiles/dnnl_gpu_intel_gemm_jit.dir/dsl/ir/pass/trace.cpp.o
[435/723] Building CXX object /run/fetchcontent/onednn-build/src/gpu/intel/gemm/jit/CMakeFiles/dnnl_gpu_intel_gemm_jit.dir/dsl/ir/reorder.cpp.o
[436/723] Building CXX object /run/fetchcontent/onednn-build/src/gpu/intel/gemm/jit/CMakeFiles/dnnl_gpu_intel_gemm_jit.dir/dsl/ir/pass/send.cpp.o
[437/723] Building CXX object /run/fetchcontent/onednn-build/src/gpu/intel/gemm/jit/CMakeFiles/dnnl_gpu_intel_gemm_jit.dir/dsl/ir/pass/simplify.cpp.o
[438/723] Building CXX object /run/fetchcontent/onednn-build/src/gpu/intel/gemm/jit/CMakeFiles/dnnl_gpu_intel_gemm_jit.dir/dsl/kernel.cpp.o
[439/723] Building CXX object /run/fetchcontent/onednn-build/src/gpu/intel/gemm/jit/CMakeFiles/dnnl_gpu_intel_gemm_jit.dir/dsl/ir/send.cpp.o
[440/723] Building CXX object /run/fetchcontent/onednn-build/src/gpu/intel/gemm/jit/CMakeFiles/dnnl_gpu_intel_gemm_jit.dir/dsl/runtime.cpp.o
[441/723] Building CXX object /run/fetchcontent/onednn-build/src/gpu/intel/gemm/jit/CMakeFiles/dnnl_gpu_intel_gemm_jit.dir/dsl/type.cpp.o
[442/723] Building CXX object /run/fetchcontent/onednn-build/src/gpu/intel/gemm/jit/CMakeFiles/dnnl_gpu_intel_gemm_jit.dir/generator/microkernel/fuser.cpp.o
[443/723] Building CXX object /run/fetchcontent/onednn-build/src/gpu/intel/gemm/jit/CMakeFiles/dnnl_gpu_intel_gemm_jit.dir/dsl/tensor.cpp.o
[444/723] Building CXX object /run/fetchcontent/onednn-build/src/gpu/intel/gemm/jit/CMakeFiles/dnnl_gpu_intel_gemm_jit.dir/generator/microkernel/package.cpp.o
[445/723] Building CXX object /run/fetchcontent/onednn-build/src/gpu/intel/gemm/jit/CMakeFiles/dnnl_gpu_intel_gemm_jit.dir/generator/microkernel/shim.cpp.o
[446/723] Building CXX object /run/fetchcontent/onednn-build/src/gpu/intel/gemm/jit/CMakeFiles/dnnl_gpu_intel_gemm_jit.dir/generator/pieces/allocators.cpp.o
[447/723] Building CXX object /run/fetchcontent/onednn-build/src/gpu/intel/gemm/jit/CMakeFiles/dnnl_gpu_intel_gemm_jit.dir/generator/pieces/alloc_utils.cpp.o
[448/723] Building CXX object /run/fetchcontent/onednn-build/src/gpu/intel/gemm/jit/CMakeFiles/dnnl_gpu_intel_gemm_jit.dir/generator/pieces/cooperative_split.cpp.o
[449/723] Building CXX object /run/fetchcontent/onednn-build/src/gpu/intel/gemm/jit/CMakeFiles/dnnl_gpu_intel_gemm_jit.dir/generator/pieces/bfn.cpp.o
[450/723] Building CXX object /run/fetchcontent/onednn-build/src/gpu/intel/gemm/jit/CMakeFiles/dnnl_gpu_intel_gemm_jit.dir/generator/pieces/kernel_queries.cpp.o
[451/723] Building CXX object /run/fetchcontent/onednn-build/src/gpu/intel/gemm/jit/CMakeFiles/dnnl_gpu_intel_gemm_jit.dir/generator/pieces/copy_plan.cpp.o
[452/723] Building CXX object /run/fetchcontent/onednn-build/src/gpu/intel/gemm/jit/CMakeFiles/dnnl_gpu_intel_gemm_jit.dir/generator/pieces/loop_sequencer.cpp.o
[453/723] Building CXX object /run/fetchcontent/onednn-build/src/gpu/intel/gemm/jit/CMakeFiles/dnnl_gpu_intel_gemm_jit.dir/generator/pieces/layout_utils.cpp.o
[454/723] Building CXX object /run/fetchcontent/onednn-build/src/gpu/intel/gemm/jit/CMakeFiles/dnnl_gpu_intel_gemm_jit.dir/generator/pieces/problem_utils.cpp.o
[455/723] Building CXX object /run/fetchcontent/onednn-build/src/gpu/intel/gemm/jit/CMakeFiles/dnnl_gpu_intel_gemm_jit.dir/generator/pieces/ngen_object_helpers.cpp.o
[456/723] Building CXX object /run/fetchcontent/onednn-build/src/gpu/intel/gemm/jit/CMakeFiles/dnnl_gpu_intel_gemm_jit.dir/generator/pieces/quantization.cpp.o
[457/723] Building CXX object /run/fetchcontent/onednn-build/src/gpu/intel/gemm/jit/CMakeFiles/dnnl_gpu_intel_gemm_jit.dir/generator/pieces/state.cpp.o
[458/723] Building CXX object /run/fetchcontent/onednn-build/src/gpu/intel/gemm/jit/CMakeFiles/dnnl_gpu_intel_gemm_jit.dir/generator/pieces/remask.cpp.o
[459/723] Building CXX object /run/fetchcontent/onednn-build/src/gpu/intel/gemm/jit/CMakeFiles/dnnl_gpu_intel_gemm_jit.dir/generator/pieces/state_debug.cpp.o
[460/723] Building CXX object /run/fetchcontent/onednn-build/src/gpu/intel/gemm/jit/CMakeFiles/dnnl_gpu_intel_gemm_jit.dir/generator/pieces/register_layout.cpp.o
[461/723] Building CXX object /run/fetchcontent/onednn-build/src/gpu/intel/gemm/jit/CMakeFiles/dnnl_gpu_intel_gemm_jit.dir/generator/pieces/state_utils.cpp.o
[462/723] Building CXX object /run/fetchcontent/onednn-build/src/gpu/intel/gemm/jit/CMakeFiles/dnnl_gpu_intel_gemm_jit.dir/generator/microkernel_selector.cpp.o
[463/723] Building CXX object /run/fetchcontent/onednn-build/src/gpu/intel/gemm/jit/CMakeFiles/dnnl_gpu_intel_gemm_jit.dir/generator/strategy.cpp.o
[464/723] Building CXX object /run/fetchcontent/onednn-build/src/gpu/intel/gemm/jit/CMakeFiles/dnnl_gpu_intel_gemm_jit.dir/generator/pieces/token_alloc_utils.cpp.o
[465/723] Building CXX object /run/fetchcontent/onednn-build/src/gpu/intel/gemm/jit/CMakeFiles/dnnl_gpu_intel_gemm_jit.dir/generator/strategy_parser.cpp.o
[466/723] Building CXX object /run/fetchcontent/onednn-build/src/gpu/intel/gemm/jit/CMakeFiles/dnnl_gpu_intel_gemm_jit.dir/dsl/ir/codegen/codegen.cpp.o
[467/723] Building CXX object /run/fetchcontent/onednn-build/src/gpu/intel/compute/CMakeFiles/dnnl_gpu_intel_compute.dir/kernel_ctx.cpp.o
[468/723] Building CXX object /run/fetchcontent/onednn-build/src/gpu/intel/gemm/jit/CMakeFiles/dnnl_gpu_intel_gemm_jit.dir/selector/kernel_selector.cpp.o
[469/723] Building CXX object /run/fetchcontent/onednn-build/src/gpu/intel/gemm/jit/CMakeFiles/dnnl_gpu_intel_gemm_jit.dir/selector/kernel_evaluator.cpp.o
[470/723] Building CXX object /run/fetchcontent/onednn-build/src/gpu/intel/compute/CMakeFiles/dnnl_gpu_intel_compute.dir/block_manipulation.cpp.o
[471/723] Building CXX object /run/fetchcontent/onednn-build/src/gpu/intel/compute/CMakeFiles/dnnl_gpu_intel_compute.dir/utils.cpp.o
[472/723] Building CXX object /run/fetchcontent/onednn-build/src/gpu/intel/compute/CMakeFiles/dnnl_gpu_intel_compute.dir/dispatch.cpp.o
[473/723] Building CXX object /run/fetchcontent/onednn-build/src/gpu/intel/compute/CMakeFiles/dnnl_gpu_intel_compute.dir/device_info.cpp.o
[474/723] Building CXX object /run/fetchcontent/onednn-build/src/gpu/intel/gemm/jit/CMakeFiles/dnnl_gpu_intel_gemm_jit.dir/generator_dsl/builder.cpp.o
[475/723] Building CXX object /run/fetchcontent/onednn-build/src/gpu/intel/compute/CMakeFiles/dnnl_gpu_intel_compute.dir/ukernels.cpp.o
[476/723] Building CXX object /run/fetchcontent/onednn-build/src/gpu/intel/compute/CMakeFiles/dnnl_gpu_intel_compute.dir/zero_pool.cpp.o
[477/723] Building CXX object /run/fetchcontent/onednn-build/src/gpu/intel/compute/CMakeFiles/dnnl_gpu_intel_compute.dir/dispatch_reusable.cpp.o
[478/723] Building CXX object /run/fetchcontent/onednn-build/src/gpu/intel/jit/CMakeFiles/dnnl_gpu_intel_jit.dir/post_op_injector.cpp.o
[479/723] Building CXX object /run/fetchcontent/onednn-build/src/gpu/intel/jit/CMakeFiles/dnnl_gpu_intel_jit.dir/config/gemmstone_config.cpp.o
[480/723] Building CXX object /run/fetchcontent/onednn-build/src/gpu/intel/jit/CMakeFiles/dnnl_gpu_intel_jit.dir/eltwise_injector.cpp.o
[481/723] Building CXX object /run/fetchcontent/onednn-build/src/gpu/intel/jit/CMakeFiles/dnnl_gpu_intel_jit.dir/grf_usage.cpp.o
[482/723] Building CXX object /run/fetchcontent/onednn-build/src/gpu/intel/jit/CMakeFiles/dnnl_gpu_intel_jit.dir/reduction_injector.cpp.o
[483/723] Building CXX object /run/fetchcontent/onednn-build/src/gpu/intel/jit/CMakeFiles/dnnl_gpu_intel_jit.dir/codegen/extensions.cpp.o
[484/723] Building CXX object /run/fetchcontent/onednn-build/src/gpu/intel/jit/CMakeFiles/dnnl_gpu_intel_jit.dir/ir/config.cpp.o
[485/723] Building CXX object /run/fetchcontent/onednn-build/src/gpu/intel/jit/CMakeFiles/dnnl_gpu_intel_jit.dir/ir/builder.cpp.o
[486/723] Building CXX object /run/fetchcontent/onednn-build/src/gpu/intel/jit/CMakeFiles/dnnl_gpu_intel_jit.dir/ir/blocking.cpp.o
[487/723] Building CXX object /run/fetchcontent/onednn-build/src/gpu/intel/jit/CMakeFiles/dnnl_gpu_intel_jit.dir/binary_format.cpp.o
[488/723] Building CXX object /run/fetchcontent/onednn-build/src/gpu/intel/jit/CMakeFiles/dnnl_gpu_intel_jit.dir/ir/gemm_schedule.cpp.o
[489/723] Building CXX object /run/fetchcontent/onednn-build/src/gpu/intel/jit/CMakeFiles/dnnl_gpu_intel_jit.dir/ir/epilogue.cpp.o
[490/723] Building CXX object /run/fetchcontent/onednn-build/src/gpu/intel/jit/CMakeFiles/dnnl_gpu_intel_jit.dir/ir/linear_expr.cpp.o
[491/723] Building CXX object /run/fetchcontent/onednn-build/src/gpu/intel/jit/CMakeFiles/dnnl_gpu_intel_jit.dir/codegen/kernel_ext.cpp.o
[492/723] Building CXX object /run/fetchcontent/onednn-build/src/gpu/intel/jit/CMakeFiles/dnnl_gpu_intel_jit.dir/emulated_generator.cpp.o
[493/723] Building CXX object /run/fetchcontent/onednn-build/src/gpu/intel/jit/CMakeFiles/dnnl_gpu_intel_jit.dir/ir/post_ops.cpp.o
[494/723] Building CXX object /run/fetchcontent/onednn-build/src/gpu/intel/jit/CMakeFiles/dnnl_gpu_intel_jit.dir/ir/reduce.cpp.o
[495/723] Building CXX object /run/fetchcontent/onednn-build/src/gpu/intel/jit/CMakeFiles/dnnl_gpu_intel_jit.dir/generator.cpp.o
[496/723] Building CXX object /run/fetchcontent/onednn-build/src/gpu/intel/jit/CMakeFiles/dnnl_gpu_intel_jit.dir/ir/problem.cpp.o
[497/723] Building CXX object /run/fetchcontent/onednn-build/src/gpu/intel/jit/CMakeFiles/dnnl_gpu_intel_jit.dir/ir/send_builder.cpp.o
[498/723] Building CXX object /run/fetchcontent/onednn-build/src/gpu/intel/jit/CMakeFiles/dnnl_gpu_intel_jit.dir/ir/send_plan.cpp.o
[499/723] Building CXX object /run/fetchcontent/onednn-build/src/gpu/intel/jit/CMakeFiles/dnnl_gpu_intel_jit.dir/ir/slm_reduce_builder.cpp.o
[500/723] Building CXX object /run/fetchcontent/onednn-build/src/gpu/intel/jit/CMakeFiles/dnnl_gpu_intel_jit.dir/ir/tensor.cpp.o
[501/723] Building CXX object /run/fetchcontent/onednn-build/src/gpu/intel/jit/CMakeFiles/dnnl_gpu_intel_jit.dir/ir/tensor_config.cpp.o
[502/723] Building CXX object /run/fetchcontent/onednn-build/src/gpu/intel/jit/CMakeFiles/dnnl_gpu_intel_jit.dir/ir/v2/builder.cpp.o
[503/723] Building CXX object /run/fetchcontent/onednn-build/src/gpu/intel/jit/CMakeFiles/dnnl_gpu_intel_jit.dir/ir/v2/reqs.cpp.o
[504/723] Building CXX object /run/fetchcontent/onednn-build/src/gpu/intel/jit/CMakeFiles/dnnl_gpu_intel_jit.dir/ir/v2/send.cpp.o
[505/723] Building CXX object /run/fetchcontent/onednn-build/src/gpu/intel/jit/CMakeFiles/dnnl_gpu_intel_jit.dir/pass/bank_conflict.cpp.o
[506/723] Building CXX object /run/fetchcontent/onednn-build/src/gpu/intel/jit/CMakeFiles/dnnl_gpu_intel_jit.dir/pass/alloc.cpp.o
[507/723] Building CXX object /run/fetchcontent/onednn-build/src/gpu/intel/jit/CMakeFiles/dnnl_gpu_intel_jit.dir/pass/barrier.cpp.o
[508/723] Building CXX object /run/fetchcontent/onednn-build/src/gpu/intel/jit/CMakeFiles/dnnl_gpu_intel_jit.dir/pass/hoist.cpp.o
[509/723] Building CXX object /run/fetchcontent/onednn-build/src/gpu/intel/jit/CMakeFiles/dnnl_gpu_intel_jit.dir/pass/pass.cpp.o
[510/723] Building CXX object /run/fetchcontent/onednn-build/src/gpu/intel/jit/CMakeFiles/dnnl_gpu_intel_jit.dir/ir/v2/tensor.cpp.o
[511/723] Building CXX object /run/fetchcontent/onednn-build/src/gpu/intel/jit/CMakeFiles/dnnl_gpu_intel_jit.dir/utils/utils.cpp.o
[512/723] Building CXX object /run/fetchcontent/onednn-build/src/gpu/intel/jit/CMakeFiles/dnnl_gpu_intel_jit.dir/pass/overflow.cpp.o
[513/723] Building CXX object /run/fetchcontent/onednn-build/src/gpu/intel/jit/CMakeFiles/dnnl_gpu_intel_jit.dir/pass/peephole.cpp.o
[514/723] Building CXX object /run/fetchcontent/onednn-build/src/gpu/intel/sycl/CMakeFiles/dnnl_gpu_intel_sycl.dir/device_info.cpp.o
[515/723] Building CXX object /run/fetchcontent/onednn-build/src/gpu/intel/jit/CMakeFiles/dnnl_gpu_intel_jit.dir/pass/strength_reduce.cpp.o
[516/723] Building CXX object /run/fetchcontent/onednn-build/src/gpu/intel/jit/CMakeFiles/dnnl_gpu_intel_jit.dir/pass/shuffle_splitter.cpp.o
[517/723] Building CXX object /run/fetchcontent/onednn-build/src/gpu/intel/sycl/CMakeFiles/dnnl_gpu_intel_sycl.dir/compat.cpp.o
[518/723] Building CXX object /run/fetchcontent/onednn-build/src/gpu/intel/jit/CMakeFiles/dnnl_gpu_intel_jit.dir/pass/slm.cpp.o
[519/723] Building CXX object /run/fetchcontent/onednn-build/src/gpu/intel/ocl/CMakeFiles/dnnl_gpu_intel_ocl.dir/mdapi_utils.cpp.o
[520/723] Building CXX object /run/fetchcontent/onednn-build/src/gpu/intel/sycl/CMakeFiles/dnnl_gpu_intel_sycl.dir/engine.cpp.o
[521/723] Building CXX object /run/fetchcontent/onednn-build/src/gpu/intel/sycl/CMakeFiles/dnnl_gpu_intel_sycl.dir/utils.cpp.o
[522/723] Building CXX object /run/fetchcontent/onednn-build/src/gpu/intel/jit/CMakeFiles/dnnl_gpu_intel_jit.dir/pass/unroll.cpp.o
[523/723] Building CXX object /run/fetchcontent/onednn-build/src/gpu/intel/sycl/CMakeFiles/dnnl_gpu_intel_sycl.dir/stream.cpp.o
[524/723] Building CXX object /run/fetchcontent/onednn-build/src/gpu/intel/sycl/CMakeFiles/dnnl_gpu_intel_sycl.dir/interop_kernel.cpp.o
[525/723] Building CXX object /run/fetchcontent/onednn-build/src/gpu/intel/ocl/CMakeFiles/dnnl_gpu_intel_ocl.dir/device_info.cpp.o
[526/723] Building CXX object /run/fetchcontent/onednn-build/src/gpu/intel/ocl/CMakeFiles/dnnl_gpu_intel_ocl.dir/hw_info.cpp.o
[527/723] Building CXX object /run/fetchcontent/onednn-build/src/gpu/intel/ocl/CMakeFiles/dnnl_gpu_intel_ocl.dir/engine.cpp.o
[528/723] Building CXX object /run/fetchcontent/onednn-build/src/gpu/intel/ocl/CMakeFiles/dnnl_gpu_intel_ocl.dir/kernel.cpp.o
[529/723] Building CXX object /run/fetchcontent/onednn-build/src/gpu/intel/ocl/CMakeFiles/dnnl_gpu_intel_ocl.dir/stream.cpp.o
[530/723] Building CXX object /run/fetchcontent/onednn-build/src/xpu/CMakeFiles/dnnl_xpu.dir/stream_profiler.cpp.o
[531/723] Building CXX object /run/fetchcontent/onednn-build/src/xpu/CMakeFiles/dnnl_xpu.dir/utils.cpp.o
[532/723] Building CXX object /run/fetchcontent/onednn-build/src/gpu/intel/ze/CMakeFiles/dnnl_gpu_intel_ze.dir/kernel.cpp.o
[533/723] Building CXX object /run/fetchcontent/onednn-build/src/gpu/intel/ocl/CMakeFiles/dnnl_gpu_intel_ocl.dir/utils.cpp.o
[534/723] Building CXX object /run/fetchcontent/onednn-build/src/gpu/intel/ocl/CMakeFiles/dnnl_gpu_intel_ocl.dir/usm_utils.cpp.o
[535/723] Building CXX object /run/fetchcontent/onednn-build/src/gpu/intel/ze/CMakeFiles/dnnl_gpu_intel_ze.dir/device_info.cpp.o
[536/723] Building CXX object /run/fetchcontent/onednn-build/src/gpu/intel/ze/CMakeFiles/dnnl_gpu_intel_ze.dir/stream.cpp.o
[537/723] Building CXX object /run/fetchcontent/onednn-build/src/xpu/sycl/CMakeFiles/dnnl_xpu_sycl.dir/compat.cpp.o
[538/723] Building CXX object /run/fetchcontent/onednn-build/src/gpu/intel/ze/CMakeFiles/dnnl_gpu_intel_ze.dir/engine.cpp.o
[539/723] Building CXX object /run/fetchcontent/onednn-build/src/xpu/sycl/CMakeFiles/dnnl_xpu_sycl.dir/capi/capi_stream.cpp.o
[540/723] Building CXX object /run/fetchcontent/onednn-build/src/xpu/sycl/CMakeFiles/dnnl_xpu_sycl.dir/buffer_memory_storage.cpp.o
[541/723] Building CXX object /run/fetchcontent/onednn-build/src/xpu/sycl/CMakeFiles/dnnl_xpu_sycl.dir/capi/capi_primitive.cpp.o
[542/723] Building CXX object /run/fetchcontent/onednn-build/src/xpu/sycl/CMakeFiles/dnnl_xpu_sycl.dir/capi/capi_engine.cpp.o
[543/723] Building CXX object /run/fetchcontent/onednn-build/src/xpu/sycl/CMakeFiles/dnnl_xpu_sycl.dir/capi/capi_memory.cpp.o
[544/723] Building CXX object /run/fetchcontent/onednn-build/src/gpu/intel/ze/CMakeFiles/dnnl_gpu_intel_ze.dir/utils.cpp.o
[545/723] Building CXX object /run/fetchcontent/onednn-build/src/xpu/sycl/CMakeFiles/dnnl_xpu_sycl.dir/engine_factory.cpp.o
[546/723] Building CXX object /run/fetchcontent/onednn-build/src/xpu/sycl/CMakeFiles/dnnl_xpu_sycl.dir/stream_profiler.cpp.o
[547/723] Building CXX object /run/fetchcontent/onednn-build/src/xpu/sycl/CMakeFiles/dnnl_xpu_sycl.dir/memory_storage_base.cpp.o
[548/723] Building CXX object /run/fetchcontent/onednn-build/src/xpu/sycl/CMakeFiles/dnnl_xpu_sycl.dir/engine_impl.cpp.o
[549/723] Building CXX object /run/fetchcontent/onednn-build/src/xpu/sycl/CMakeFiles/dnnl_xpu_sycl.dir/utils.cpp.o
[550/723] Building CXX object /run/fetchcontent/onednn-build/src/xpu/sycl/CMakeFiles/dnnl_xpu_sycl.dir/stream_impl.cpp.o
[551/723] Building CXX object /run/fetchcontent/onednn-build/src/xpu/sycl/CMakeFiles/dnnl_xpu_sycl.dir/usm_memory_storage.cpp.o
[552/723] Building CXX object /run/fetchcontent/onednn-build/src/xpu/ocl/CMakeFiles/dnnl_xpu_ocl.dir/buffer_memory_storage.cpp.o
[553/723] Building CXX object /run/fetchcontent/onednn-build/src/xpu/ocl/CMakeFiles/dnnl_xpu_ocl.dir/capi/memory.cpp.o
[554/723] Building CXX object /run/fetchcontent/onednn-build/src/xpu/ocl/CMakeFiles/dnnl_xpu_ocl.dir/capi/engine.cpp.o
[555/723] Building CXX object /run/fetchcontent/onednn-build/src/xpu/ocl/CMakeFiles/dnnl_xpu_ocl.dir/capi/stream.cpp.o
[556/723] Building CXX object /run/fetchcontent/onednn-build/src/xpu/ocl/CMakeFiles/dnnl_xpu_ocl.dir/capi/primitive.cpp.o
[557/723] Building CXX object /run/fetchcontent/onednn-build/src/xpu/ocl/CMakeFiles/dnnl_xpu_ocl.dir/engine_impl.cpp.o
[558/723] Building CXX object /run/fetchcontent/onednn-build/src/xpu/ocl/CMakeFiles/dnnl_xpu_ocl.dir/stream_impl.cpp.o
[559/723] Building CXX object /run/fetchcontent/onednn-build/src/xpu/ocl/CMakeFiles/dnnl_xpu_ocl.dir/utils_shared.cpp.o
[560/723] Building CXX object /run/fetchcontent/onednn-build/src/xpu/ocl/CMakeFiles/dnnl_xpu_ocl.dir/usm_memory_storage.cpp.o
[561/723] Building CXX object /run/fetchcontent/onednn-build/src/xpu/ocl/CMakeFiles/dnnl_xpu_ocl.dir/stream_profiler.cpp.o
[562/723] Building CXX object /run/fetchcontent/onednn-build/src/xpu/ocl/CMakeFiles/dnnl_xpu_ocl.dir/usm_utils.cpp.o
[563/723] Building CXX object /run/fetchcontent/onednn-build/src/xpu/ze/CMakeFiles/dnnl_xpu_ze.dir/capi/memory.cpp.o
[564/723] Building CXX object /run/fetchcontent/onednn-build/src/xpu/ocl/CMakeFiles/dnnl_xpu_ocl.dir/utils.cpp.o
[565/723] Building CXX object /run/fetchcontent/onednn-build/src/xpu/ze/CMakeFiles/dnnl_xpu_ze.dir/capi/stream.cpp.o
[566/723] Building CXX object /run/fetchcontent/onednn-build/src/xpu/ze/CMakeFiles/dnnl_xpu_ze.dir/capi/primitive.cpp.o
[567/723] Building CXX object /run/fetchcontent/onednn-build/src/xpu/ze/CMakeFiles/dnnl_xpu_ze.dir/engine_factory.cpp.o
[568/723] Building CXX object /run/fetchcontent/onednn-build/src/xpu/ze/CMakeFiles/dnnl_xpu_ze.dir/utils.cpp.o
[569/723] Building CXX object /run/fetchcontent/onednn-build/src/xpu/ze/CMakeFiles/dnnl_xpu_ze.dir/capi/engine.cpp.o
[570/723] Building CXX object /run/fetchcontent/onednn-build/src/xpu/ze/CMakeFiles/dnnl_xpu_ze.dir/usm_utils.cpp.o
[571/723] Building CXX object /run/fetchcontent/onednn-build/src/xpu/ze/CMakeFiles/dnnl_xpu_ze.dir/memory_storage.cpp.o
[572/723] Building CXX object /run/fetchcontent/onednn-build/src/xpu/ze/CMakeFiles/dnnl_xpu_ze.dir/engine_impl.cpp.o
[573/723] Building CXX object /run/fetchcontent/onednn-build/src/xpu/ze/CMakeFiles/dnnl_xpu_ze.dir/stream_impl.cpp.o
[574/723] Building CXX object /run/fetchcontent/onednn-build/src/graph/interface/CMakeFiles/dnnl_graph_interface.dir/op.cpp.o
[575/723] Building CXX object /run/fetchcontent/onednn-build/src/graph/interface/CMakeFiles/dnnl_graph_interface.dir/allocator.cpp.o
[576/723] Building CXX object /run/fetchcontent/onednn-build/src/graph/interface/CMakeFiles/dnnl_graph_interface.dir/backend.cpp.o
[577/723] Building CXX object /run/fetchcontent/onednn-build/src/graph/interface/CMakeFiles/dnnl_graph_interface.dir/op_def_constraint.cpp.o
[578/723] Building CXX object /run/fetchcontent/onednn-build/src/graph/interface/CMakeFiles/dnnl_graph_interface.dir/logical_tensor.cpp.o
[579/723] Building CXX object /run/fetchcontent/onednn-build/src/graph/interface/CMakeFiles/dnnl_graph_interface.dir/constant_tensor_cache.cpp.o
[580/723] Building CXX object /run/fetchcontent/onednn-build/src/graph/interface/CMakeFiles/dnnl_graph_interface.dir/partition_hashing.cpp.o
[581/723] Building CXX object /run/fetchcontent/onednn-build/src/graph/interface/CMakeFiles/dnnl_graph_interface.dir/partition_cache.cpp.o
[582/723] Building CXX object /run/fetchcontent/onednn-build/src/graph/interface/CMakeFiles/dnnl_graph_interface.dir/partition.cpp.o
[583/723] Building CXX object /run/fetchcontent/onednn-build/src/graph/interface/CMakeFiles/dnnl_graph_interface.dir/value.cpp.o
[584/723] Building CXX object /run/fetchcontent/onednn-build/src/graph/interface/CMakeFiles/dnnl_graph_interface.dir/tensor.cpp.o
[585/723] Building CXX object /run/fetchcontent/onednn-build/src/graph/interface/CMakeFiles/dnnl_graph_interface.dir/graph.cpp.o
[586/723] Building CXX object /run/fetchcontent/onednn-build/src/graph/interface/CMakeFiles/dnnl_graph_interface.dir/partition_impl.cpp.o
[587/723] Building CXX object /run/fetchcontent/onednn-build/src/graph/interface/CMakeFiles/dnnl_graph_interface.dir/shape_infer.cpp.o
[588/723] Building CXX object /run/fetchcontent/onednn-build/src/graph/backend/dnnl/CMakeFiles/dnnl_graph_backend_dnnl.dir/platform.cpp.o
[589/723] Building CXX object /run/fetchcontent/onednn-build/src/graph/backend/dnnl/CMakeFiles/dnnl_graph_backend_dnnl.dir/layout_id_mgr.cpp.o
[590/723] Building CXX object /run/fetchcontent/onednn-build/src/graph/backend/dnnl/CMakeFiles/dnnl_graph_backend_dnnl.dir/common.cpp.o
[591/723] Building CXX object /run/fetchcontent/onednn-build/src/graph/backend/fake/CMakeFiles/dnnl_graph_backend_fake.dir/fake_backend.cpp.o
[592/723] Building CXX object /run/fetchcontent/onednn-build/src/graph/backend/dnnl/CMakeFiles/dnnl_graph_backend_dnnl.dir/fusion_info.cpp.o
[593/723] Building CXX object /run/fetchcontent/onednn-build/src/graph/backend/dnnl/CMakeFiles/dnnl_graph_backend_dnnl.dir/scratchpad.cpp.o
[594/723] Building CXX object /run/fetchcontent/onednn-build/src/graph/backend/dnnl/CMakeFiles/dnnl_graph_backend_dnnl.dir/dnnl_backend.cpp.o
[595/723] Building CXX object /run/fetchcontent/onednn-build/src/graph/backend/dnnl/CMakeFiles/dnnl_graph_backend_dnnl.dir/dnnl_partition_impl.cpp.o
[596/723] Building CXX object /run/fetchcontent/onednn-build/src/graph/backend/dnnl/CMakeFiles/dnnl_graph_backend_dnnl.dir/op_executable.cpp.o
[597/723] Building CXX object /run/fetchcontent/onednn-build/src/graph/backend/dnnl/CMakeFiles/dnnl_graph_backend_dnnl.dir/layout_propagator.cpp.o
[598/723] Building CXX object /run/fetchcontent/onednn-build/src/graph/backend/dnnl/CMakeFiles/dnnl_graph_backend_dnnl.dir/subgraph.cpp.o
[599/723] Building CXX object /run/fetchcontent/onednn-build/src/graph/backend/dnnl/CMakeFiles/dnnl_graph_backend_dnnl.dir/executables/base.cpp.o
[600/723] Building CXX object /run/fetchcontent/onednn-build/src/graph/backend/dnnl/CMakeFiles/dnnl_graph_backend_dnnl.dir/executables/const_memory_filler.cpp.o
[601/723] Building CXX object /run/fetchcontent/onednn-build/src/graph/backend/dnnl/CMakeFiles/dnnl_graph_backend_dnnl.dir/executables/concat.cpp.o
[602/723] Building CXX object /run/fetchcontent/onednn-build/src/graph/backend/dnnl/CMakeFiles/dnnl_graph_backend_dnnl.dir/executables/batch_norm.cpp.o
[603/723] Building CXX object /run/fetchcontent/onednn-build/src/graph/backend/dnnl/CMakeFiles/dnnl_graph_backend_dnnl.dir/executables/conv.cpp.o
[604/723] Building CXX object /run/fetchcontent/onednn-build/src/graph/backend/dnnl/CMakeFiles/dnnl_graph_backend_dnnl.dir/executables/deconv.cpp.o
[605/723] Building CXX object /run/fetchcontent/onednn-build/src/graph/backend/dnnl/CMakeFiles/dnnl_graph_backend_dnnl.dir/executables/gated_mlp.cpp.o
[606/723] Building CXX object /run/fetchcontent/onednn-build/src/graph/backend/dnnl/CMakeFiles/dnnl_graph_backend_dnnl.dir/executables/eltwise.cpp.o
[607/723] Building CXX object /run/fetchcontent/onednn-build/src/graph/backend/dnnl/CMakeFiles/dnnl_graph_backend_dnnl.dir/executables/host_scalar.cpp.o
[608/723] Building CXX object /run/fetchcontent/onednn-build/src/graph/backend/dnnl/CMakeFiles/dnnl_graph_backend_dnnl.dir/executables/gen_index.cpp.o
[609/723] Building CXX object /run/fetchcontent/onednn-build/src/graph/backend/dnnl/CMakeFiles/dnnl_graph_backend_dnnl.dir/executables/group_norm.cpp.o
[610/723] Building CXX object /run/fetchcontent/onednn-build/src/graph/backend/dnnl/CMakeFiles/dnnl_graph_backend_dnnl.dir/executables/layer_norm.cpp.o
[611/723] Building CXX object /run/fetchcontent/onednn-build/src/graph/backend/dnnl/CMakeFiles/dnnl_graph_backend_dnnl.dir/executables/matmul.cpp.o
[612/723] Building CXX object /run/fetchcontent/onednn-build/src/graph/backend/dnnl/CMakeFiles/dnnl_graph_backend_dnnl.dir/executables/memory_reparser.cpp.o
[613/723] Building CXX object /run/fetchcontent/onednn-build/src/graph/backend/dnnl/CMakeFiles/dnnl_graph_backend_dnnl.dir/executables/reduction.cpp.o
[614/723] Building CXX object /run/fetchcontent/onednn-build/src/graph/backend/dnnl/CMakeFiles/dnnl_graph_backend_dnnl.dir/executables/pool.cpp.o
[615/723] Building CXX object /run/fetchcontent/onednn-build/src/graph/backend/dnnl/CMakeFiles/dnnl_graph_backend_dnnl.dir/executables/sdpa.cpp.o
[616/723] Building CXX object /run/fetchcontent/onednn-build/src/graph/backend/dnnl/CMakeFiles/dnnl_graph_backend_dnnl.dir/executables/reorder.cpp.o
[617/723] Building CXX object /run/fetchcontent/onednn-build/src/graph/backend/dnnl/CMakeFiles/dnnl_graph_backend_dnnl.dir/executables/shuffle.cpp.o
[618/723] Building CXX object /run/fetchcontent/onednn-build/src/graph/backend/dnnl/CMakeFiles/dnnl_graph_backend_dnnl.dir/executables/resampling.cpp.o
[619/723] Building CXX object /run/fetchcontent/onednn-build/src/graph/backend/dnnl/CMakeFiles/dnnl_graph_backend_dnnl.dir/executables/softmax.cpp.o
[620/723] Building CXX object /run/fetchcontent/onednn-build/src/graph/backend/dnnl/CMakeFiles/dnnl_graph_backend_dnnl.dir/executables/sum.cpp.o
[621/723] Building CXX object /run/fetchcontent/onednn-build/src/graph/backend/dnnl/CMakeFiles/dnnl_graph_backend_dnnl.dir/kernels/batch_norm.cpp.o
[622/723] Building CXX object /run/fetchcontent/onednn-build/src/graph/backend/dnnl/CMakeFiles/dnnl_graph_backend_dnnl.dir/kernels/binary.cpp.o
[623/723] Building CXX object /run/fetchcontent/onednn-build/src/graph/interface/CMakeFiles/dnnl_graph_interface.dir/op_schema.cpp.o
[624/723] Building CXX object /run/fetchcontent/onednn-build/src/graph/backend/dnnl/CMakeFiles/dnnl_graph_backend_dnnl.dir/kernels/concat.cpp.o
[625/723] Building CXX object /run/fetchcontent/onednn-build/src/graph/backend/dnnl/CMakeFiles/dnnl_graph_backend_dnnl.dir/kernels/conv.cpp.o
[626/723] Building CXX object /run/fetchcontent/onednn-build/src/graph/backend/dnnl/CMakeFiles/dnnl_graph_backend_dnnl.dir/kernels/dummy.cpp.o
[627/723] Building CXX object /run/fetchcontent/onednn-build/src/graph/backend/dnnl/CMakeFiles/dnnl_graph_backend_dnnl.dir/kernels/conv_transpose.cpp.o
[628/723] Building CXX object /run/fetchcontent/onednn-build/src/graph/backend/dnnl/CMakeFiles/dnnl_graph_backend_dnnl.dir/kernels/conv_base.cpp.o
[629/723] Building CXX object /run/fetchcontent/onednn-build/src/graph/backend/dnnl/CMakeFiles/dnnl_graph_backend_dnnl.dir/kernels/gated_mlp_primitive.cpp.o
[630/723] Building CXX object /run/fetchcontent/onednn-build/src/graph/backend/dnnl/CMakeFiles/dnnl_graph_backend_dnnl.dir/kernels/eltwise.cpp.o
[631/723] Building CXX object /run/fetchcontent/onednn-build/src/graph/backend/dnnl/CMakeFiles/dnnl_graph_backend_dnnl.dir/kernels/kernel_base.cpp.o
[632/723] Building CXX object /run/fetchcontent/onednn-build/src/graph/backend/dnnl/CMakeFiles/dnnl_graph_backend_dnnl.dir/kernels/gen_index.cpp.o
[633/723] Building CXX object /run/fetchcontent/onednn-build/src/graph/backend/dnnl/CMakeFiles/dnnl_graph_backend_dnnl.dir/kernels/group_norm.cpp.o
[634/723] Building CXX object /run/fetchcontent/onednn-build/src/graph/backend/dnnl/CMakeFiles/dnnl_graph_backend_dnnl.dir/kernels/large_partition.cpp.o
[635/723] Building CXX object /run/fetchcontent/onednn-build/src/graph/backend/dnnl/CMakeFiles/dnnl_graph_backend_dnnl.dir/kernels/layer_norm.cpp.o
[636/723] Building CXX object /run/fetchcontent/onednn-build/src/graph/backend/dnnl/CMakeFiles/dnnl_graph_backend_dnnl.dir/kernels/log_softmax.cpp.o
[637/723] Building CXX object /run/fetchcontent/onednn-build/src/graph/backend/dnnl/CMakeFiles/dnnl_graph_backend_dnnl.dir/kernels/mqa_decomp.cpp.o
[638/723] Building CXX object /run/fetchcontent/onednn-build/src/graph/backend/dnnl/CMakeFiles/dnnl_graph_backend_dnnl.dir/kernels/matmul.cpp.o
[639/723] Building CXX object /run/fetchcontent/onednn-build/src/graph/backend/dnnl/CMakeFiles/dnnl_graph_backend_dnnl.dir/kernels/mqa_decomp_config.cpp.o
[640/723] Building CXX object /run/fetchcontent/onednn-build/src/graph/backend/dnnl/CMakeFiles/dnnl_graph_backend_dnnl.dir/kernels/prelu.cpp.o
[641/723] Building CXX object /run/fetchcontent/onednn-build/src/graph/backend/dnnl/CMakeFiles/dnnl_graph_backend_dnnl.dir/kernels/pool.cpp.o
[642/723] Building CXX object /run/fetchcontent/onednn-build/src/graph/backend/dnnl/CMakeFiles/dnnl_graph_backend_dnnl.dir/kernels/reduction.cpp.o
[643/723] Building CXX object /run/fetchcontent/onednn-build/src/graph/backend/dnnl/CMakeFiles/dnnl_graph_backend_dnnl.dir/kernels/quantize.cpp.o
[644/723] Building CXX object /run/fetchcontent/onednn-build/src/graph/backend/dnnl/CMakeFiles/dnnl_graph_backend_dnnl.dir/kernels/reorder.cpp.o
[645/723] Building CXX object /run/fetchcontent/onednn-build/src/graph/backend/dnnl/CMakeFiles/dnnl_graph_backend_dnnl.dir/kernels/sdp_bwd_primitive.cpp.o
[646/723] Building CXX object /run/fetchcontent/onednn-build/src/graph/backend/dnnl/CMakeFiles/dnnl_graph_backend_dnnl.dir/kernels/resampling.cpp.o
[647/723] Building CXX object /run/fetchcontent/onednn-build/src/graph/backend/dnnl/CMakeFiles/dnnl_graph_backend_dnnl.dir/kernels/sdp_primitive_config.cpp.o
[648/723] Building CXX object /run/fetchcontent/onednn-build/src/graph/backend/dnnl/CMakeFiles/dnnl_graph_backend_dnnl.dir/kernels/sdp_primitive.cpp.o
[649/723] Building CXX object /run/fetchcontent/onednn-build/src/graph/backend/dnnl/CMakeFiles/dnnl_graph_backend_dnnl.dir/kernels/sdp_decomp.cpp.o
[650/723] Building CXX object /run/fetchcontent/onednn-build/src/graph/backend/dnnl/CMakeFiles/dnnl_graph_backend_dnnl.dir/kernels/sdp_decomp_config.cpp.o
[651/723] Building CXX object /run/fetchcontent/onednn-build/src/graph/backend/dnnl/CMakeFiles/dnnl_graph_backend_dnnl.dir/kernels/shuffle.cpp.o
[652/723] Building CXX object /run/fetchcontent/onednn-build/src/graph/backend/dnnl/CMakeFiles/dnnl_graph_backend_dnnl.dir/kernels/sum.cpp.o
[653/723] Building CXX object /run/fetchcontent/onednn-build/src/graph/backend/dnnl/CMakeFiles/dnnl_graph_backend_dnnl.dir/passes/constant_propagation.cpp.o
[654/723] Building CXX object /run/fetchcontent/onednn-build/src/graph/backend/dnnl/CMakeFiles/dnnl_graph_backend_dnnl.dir/passes/compile_ops.cpp.o
[655/723] Building CXX object /run/fetchcontent/onednn-build/src/graph/backend/dnnl/CMakeFiles/dnnl_graph_backend_dnnl.dir/passes/insert_ops.cpp.o
[656/723] Building CXX object /run/fetchcontent/onednn-build/src/graph/backend/dnnl/CMakeFiles/dnnl_graph_backend_dnnl.dir/kernels/softmax.cpp.o
[657/723] Building CXX object /run/fetchcontent/onednn-build/src/graph/backend/dnnl/CMakeFiles/dnnl_graph_backend_dnnl.dir/passes/layout_propagation.cpp.o
[658/723] Building CXX object /run/fetchcontent/onednn-build/src/graph/backend/dnnl/CMakeFiles/dnnl_graph_backend_dnnl.dir/passes/lower.cpp.o
[659/723] Building CXX object /run/fetchcontent/onednn-build/src/graph/backend/dnnl/CMakeFiles/dnnl_graph_backend_dnnl.dir/passes/memory_planning.cpp.o
[660/723] Building CXX object /run/fetchcontent/onednn-build/src/graph/backend/dnnl/CMakeFiles/dnnl_graph_backend_dnnl.dir/passes/utils.cpp.o
[661/723] Building CXX object /run/fetchcontent/onednn-build/src/graph/backend/dnnl/CMakeFiles/dnnl_graph_backend_dnnl.dir/patterns/binary_matmul_binary.cpp.o
[662/723] Building CXX object /run/fetchcontent/onednn-build/src/graph/backend/dnnl/CMakeFiles/dnnl_graph_backend_dnnl.dir/patterns/bn_fusion.cpp.o
[663/723] Building CXX object /run/fetchcontent/onednn-build/src/graph/backend/dnnl/CMakeFiles/dnnl_graph_backend_dnnl.dir/patterns/binary_fusion.cpp.o
[664/723] Building CXX object /run/fetchcontent/onednn-build/src/graph/backend/dnnl/CMakeFiles/dnnl_graph_backend_dnnl.dir/patterns/concat_fusion.cpp.o
[665/723] Building CXX object /run/fetchcontent/onednn-build/src/graph/backend/dnnl/CMakeFiles/dnnl_graph_backend_dnnl.dir/patterns/conv_post_ops.cpp.o
[666/723] Building CXX object /run/fetchcontent/onednn-build/src/graph/backend/dnnl/CMakeFiles/dnnl_graph_backend_dnnl.dir/patterns/conv_block_fusion.cpp.o
[667/723] Building CXX object /run/fetchcontent/onednn-build/src/graph/backend/dnnl/CMakeFiles/dnnl_graph_backend_dnnl.dir/passes/transform.cpp.o
[668/723] Building CXX object /run/fetchcontent/onednn-build/src/graph/backend/dnnl/CMakeFiles/dnnl_graph_backend_dnnl.dir/patterns/convtranspose_fusion.cpp.o
[669/723] Building CXX object /run/fetchcontent/onednn-build/src/graph/backend/dnnl/CMakeFiles/dnnl_graph_backend_dnnl.dir/patterns/eltwise_fusion.cpp.o
[670/723] Building CXX object /run/fetchcontent/onednn-build/src/graph/backend/dnnl/CMakeFiles/dnnl_graph_backend_dnnl.dir/patterns/layernorm_fusion.cpp.o
[671/723] Building CXX object /run/fetchcontent/onednn-build/src/graph/backend/dnnl/CMakeFiles/dnnl_graph_backend_dnnl.dir/patterns/interpolate_fusion.cpp.o
[672/723] Building CXX object /run/fetchcontent/onednn-build/src/graph/backend/dnnl/CMakeFiles/dnnl_graph_backend_dnnl.dir/patterns/groupnorm_fusion.cpp.o
[673/723] Building CXX object /run/fetchcontent/onednn-build/src/graph/backend/dnnl/CMakeFiles/dnnl_graph_backend_dnnl.dir/patterns/mlp.cpp.o
[674/723] Building CXX object /run/fetchcontent/onednn-build/src/graph/backend/dnnl/CMakeFiles/dnnl_graph_backend_dnnl.dir/patterns/matmul_post_ops.cpp.o
[675/723] Building CXX object /run/fetchcontent/onednn-build/src/graph/backend/dnnl/CMakeFiles/dnnl_graph_backend_dnnl.dir/patterns/quantize_fusion.cpp.o
[676/723] Building CXX object /run/fetchcontent/onednn-build/src/graph/utils/CMakeFiles/dnnl_graph_utils.dir/debug.cpp.o
[677/723] Building CXX object /run/fetchcontent/onednn-build/src/graph/utils/CMakeFiles/dnnl_graph_utils.dir/id.cpp.o
[678/723] Building CXX object /run/fetchcontent/onednn-build/src/graph/utils/CMakeFiles/dnnl_graph_utils.dir/ocl_usm_utils.cpp.o
[679/723] Building CXX object /run/fetchcontent/onednn-build/src/graph/backend/dnnl/CMakeFiles/dnnl_graph_backend_dnnl.dir/patterns/reorder_fusion.cpp.o
[680/723] Building CXX object /run/fetchcontent/onednn-build/src/graph/backend/dnnl/CMakeFiles/dnnl_graph_backend_dnnl.dir/patterns/pool_post_ops.cpp.o
[681/723] Building CXX object /run/fetchcontent/onednn-build/src/graph/backend/dnnl/CMakeFiles/dnnl_graph_backend_dnnl.dir/patterns/reduction_fusion.cpp.o
[682/723] Building CXX object /run/fetchcontent/onednn-build/src/graph/utils/CMakeFiles/dnnl_graph_utils.dir/alloc.cpp.o
[683/723] Building CXX object /run/fetchcontent/onednn-build/src/graph/backend/dnnl/CMakeFiles/dnnl_graph_backend_dnnl.dir/patterns/shuffle_fusion.cpp.o
[684/723] Building CXX object /run/fetchcontent/onednn-build/src/graph/backend/dnnl/CMakeFiles/dnnl_graph_backend_dnnl.dir/patterns/softmax_post_ops.cpp.o
[685/723] Building CXX object /run/fetchcontent/onednn-build/src/graph/utils/CMakeFiles/dnnl_graph_utils.dir/utils.cpp.o
[686/723] Building CXX object /run/fetchcontent/onednn-build/src/graph/utils/CMakeFiles/dnnl_graph_utils.dir/pm/pbuilder.cpp.o
[687/723] Building CXX object /run/fetchcontent/onednn-build/src/graph/backend/dnnl/CMakeFiles/dnnl_graph_backend_dnnl.dir/patterns/single_op_pattern.cpp.o
[688/723] Building CXX object /run/fetchcontent/onednn-build/src/graph/backend/dnnl/CMakeFiles/dnnl_graph_backend_dnnl.dir/patterns/sum_fusion.cpp.o
[689/723] Building CXX object /run/fetchcontent/onednn-build/src/graph/utils/CMakeFiles/dnnl_graph_utils.dir/pm/pass_base.cpp.o
[690/723] Building CXX object /run/fetchcontent/onednn-build/src/graph/utils/CMakeFiles/dnnl_graph_utils.dir/pm/pass_manager.cpp.o
[691/723] Building CXX object /run/fetchcontent/onednn-build/src/graph/utils/CMakeFiles/dnnl_graph_utils.dir/pm/nested_matcher.cpp.o
[692/723] Building CXX object /run/fetchcontent/onednn-build/src/graph/backend/dnnl/CMakeFiles/dnnl_graph_backend_dnnl.dir/patterns/sdp.cpp.o
[693/723] Building CXX object /run/fetchcontent/onednn-build/src/graph/utils/CMakeFiles/dnnl_graph_utils.dir/verbose.cpp.o
[694/723] Building CXX object csrc/xpu/gdn_attn/xe_2/CMakeFiles/gdn_attn_kernels_xe_2.dir/l2norm.cpp.o
[695/723] Building CXX object csrc/xpu/mhc/xe_2/CMakeFiles/mhc_kernels_xe_2.dir/hc_head_fused.cpp.o
[696/723] Building CXX object csrc/xpu/mhc/xe_2/CMakeFiles/mhc_kernels_xe_2.dir/mhc_fused_post_pre.cpp.o
[697/723] Building CXX object csrc/xpu/mhc/xe_2/CMakeFiles/mhc_kernels_xe_2.dir/mhc_post.cpp.o
[698/723] Building CXX object CMakeFiles/_xpu_C.dir/csrc/xpu/lora/lora_shrink.cpp.o
[699/723] Building CXX object CMakeFiles/_xpu_C.dir/csrc/xpu/lora/lora_expand.cpp.o
[700/723] Building CXX object CMakeFiles/_xpu_C.dir/csrc/xpu/torch_bindings.cpp.o
[701/723] Building CXX object CMakeFiles/_xpu_C.dir/csrc/xpu/sycl/deepseek_qnorm_rope_kv_insert.cpp.o
[702/723] Building CXX object CMakeFiles/_xpu_C.dir/csrc/xpu/sampler/topk_topp_sampler.cpp.o
[703/723] Building CXX object CMakeFiles/_xpu_C.dir/csrc/xpu/lora/lora_ops.cpp.o
[704/723] Building CXX object CMakeFiles/_xpu_C.dir/csrc/xpu/sycl/deepseek_inv_rope_bf16.cpp.o
[705/723] Building CXX object csrc/xpu/mhc/xe_2/CMakeFiles/mhc_kernels_xe_2.dir/mhc_pre.cpp.o
[706/723] Building CXX object CMakeFiles/_xpu_C.dir/csrc/xpu/sycl/deepseek_scaling_rope.cpp.o
[707/723] Building CXX object CMakeFiles/_xpu_C.dir/csrc/xpu/sycl/deepseek_fused_indexer_q_rope_mxfp4.cpp.o
[708/723] Building CXX object CMakeFiles/_xpu_C.dir/csrc/xpu/sycl/deepseek_inv_rope_fp8_quant.cpp.o
[709/723] Building CXX object CMakeFiles/_xpu_C.dir/csrc/xpu/sycl/deepseek_fused_indexer_q_rope_fp8.cpp.o
[710/723] Building CXX object CMakeFiles/_xpu_C.dir/csrc/xpu/onednn/onednn_runtime.cpp.o
[711/723] Linking CXX static library /run/fetchcontent/onednn-build/src/libdnnl.a
[712/723] Building CXX object CMakeFiles/_xpu_C.dir/csrc/xpu/utils.cpp.o
[713/723] Linking CXX shared library libmhc_kernels_xe_2.so
Compilation from IR - skipping loading of FCL
Build succeeded.
Compilation from IR - skipping loading of FCL
Build succeeded.
Compilation from IR - skipping loading of FCL
Build succeeded.
Compilation from IR - skipping loading of FCL
Build succeeded.
Compilation from IR - skipping loading of FCL
Build succeeded.
[714/723] Building CXX object CMakeFiles/_xpu_C.dir/csrc/xpu/sycl/fused_input_norm.cpp.o
[715/723] Building CXX object CMakeFiles/_xpu_C.dir/csrc/xpu/sycl/apply_rotary_emb.cpp.o
[716/723] Building CXX object CMakeFiles/_xpu_C.dir/csrc/xpu/sycl/fused_kv_compress_norm_rope_insert_sparse_attn.cpp.o
[717/723] Building CXX object CMakeFiles/_xpu_C.dir/csrc/xpu/sycl/multimodal_rope.cpp.o
[718/723] Building CXX object CMakeFiles/_xpu_C.dir/csrc/xpu/rand/exponential.cpp.o
[719/723] Building CXX object CMakeFiles/_xpu_C.dir/csrc/xpu/onednn/onednn_matmul.cpp.o
[720/723] Building CXX object CMakeFiles/_xpu_C.dir/csrc/xpu/gdn_attn/gdn_attn_interface.cpp.o
[721/723] Building CXX object csrc/xpu/gdn_attn/xe_2/CMakeFiles/gdn_attn_kernels_xe_2.dir/chunk_gated_delta_rule_xe2.cpp.o
[722/723] Linking CXX shared library libgdn_attn_kernels_xe_2.so
Compilation from IR - skipping loading of FCL
Build succeeded.
Compilation from IR - skipping loading of FCL
Build succeeded.
Compilation from IR - skipping loading of FCL
Build succeeded.
Compilation from IR - skipping loading of FCL
Build succeeded.
Compilation from IR - skipping loading of FCL
Build succeeded.
[723/723] Linking CXX shared module _xpu_C.abi3.so
Compilation from IR - skipping loading of FCL
Build succeeded.
Compilation from IR - skipping loading of FCL
Build succeeded.
Compilation from IR - skipping loading of FCL
Build succeeded.
Compilation from IR - skipping loading of FCL
Build succeeded.
Compilation from IR - skipping loading of FCL
Build succeeded.
Compilation from IR - skipping loading of FCL
Build succeeded.
Compilation from IR - skipping loading of FCL
Build succeeded.
Compilation from IR - skipping loading of FCL
Build succeeded.
Compilation from IR - skipping loading of FCL
Build succeeded.
Compilation from IR - skipping loading of FCL
Build succeeded.
Compilation from IR - skipping loading of FCL
Build succeeded.
Compilation from IR - skipping loading of FCL
Build succeeded.
Compilation from IR - skipping loading of FCL
Build succeeded.
Compilation from IR - skipping loading of FCL
Build succeeded.
Compilation from IR - skipping loading of FCL
Build succeeded.
Compilation from IR - skipping loading of FCL
Build succeeded.
Compilation from IR - skipping loading of FCL
Build succeeded.
Compilation from IR - skipping loading of FCL
Build succeeded.
Compilation from IR - skipping loading of FCL
Build succeeded.
Compilation from IR - skipping loading of FCL
Build succeeded.
Compilation from IR - skipping loading of FCL
Build succeeded.
Compilation from IR - skipping loading of FCL
Build succeeded.
Compilation from IR - skipping loading of FCL
Build succeeded.
Compilation from IR - skipping loading of FCL
Build succeeded.
Compilation from IR - skipping loading of FCL

warning: in kernel 'typeinfo name for gdn::gated_delta_rule_spec_kernel<sycl::_V1::detail::half_impl::half, float, 8>': compiled SIMD32 allocated 128 regs and spilled around 1

warning: in kernel 'typeinfo name for gdn::gated_delta_rule_spec_kernel<float, sycl::_V1::detail::half_impl::half, 8>': compiled SIMD32 allocated 128 regs and spilled around 7

warning: in kernel 'typeinfo name for gdn::gated_delta_rule_spec_kernel<sycl::_V1::detail::half_impl::half, sycl::_V1::ext::oneapi::bfloat16, 8>': [RetryManager] Start recompilation of the kernel

Build succeeded.
Compilation from IR - skipping loading of FCL
Build succeeded.
Compilation from IR - skipping loading of FCL
Build succeeded.
Compilation from IR - skipping loading of FCL

warning: in kernel 'typeinfo name for gdn::gated_delta_rule_spec_kernel<sycl::_V1::ext::oneapi::bfloat16, sycl::_V1::ext::oneapi::bfloat16, 8>': [RetryManager] Start recompilation of the kernel

Build succeeded.
-- Install configuration: "Release"
-- Installing: /run/install/vllm_xpu_kernels/_xpu_C.abi3.so
-- Set non-toolchain portion of runtime path of "/run/install/vllm_xpu_kernels/_xpu_C.abi3.so" to "$ORIGIN"
62078992 /run/install/vllm_xpu_kernels/_xpu_C.abi3.so
2569976 /run/install/vllm_xpu_kernels/libgdn_attn_kernels_xe_2.so
build rc=0 in 799 s
total 63148
drwxr-xr-x 2 root root     4096 Sep 12 22:00 .
drwxr-xr-x 3 root root     4096 Sep 12 22:00 ..
-rwxr-xr-x 1 root root  2569976 Sep 12 22:00 libgdn_attn_kernels_xe_2.so
-rw-r--r-- 1 root root 62078992 Sep 12 22:00 _xpu_C.abi3.so
BUILD-DONE-0
