session,seq,modulo4,fresh_text,origin_ns,period_s,submit_to_A_s,handoff_s,next_text_A_prep_s,maintenance_recorded,handoff_previous_display_s,handoff_previous_tail_s,handoff_previous_preview_s,handoff_own_A_precompute_s,handoff_own_display_s,handoff_own_tail_s,handoff_own_preview_s,handoff_next_request_snapshot_s,handoff_maintenance_s,handoff_gc_s,handoff_cache_s,next_text_A_prep_previous_display_s,next_text_A_prep_previous_tail_s,next_text_A_prep_previous_preview_s,next_text_A_prep_own_A_precompute_s,next_text_A_prep_own_display_s,next_text_A_prep_own_tail_s,next_text_A_prep_own_preview_s,next_text_A_prep_next_request_snapshot_s,next_text_A_prep_maintenance_s,next_text_A_prep_gc_s,next_text_A_prep_cache_s,preview_end_before_commit_s,maintenance_end_to_served_s
s121-live01,10,2,False,1791605904386939985,5.780318105,0.537840301,0.304996795,0.480608576,False,0.0,0.0,0.0,0.299401299,0.0,0.0,0.0,0.0,0,0,0,0.0,0.0,0.0,0.217796718,0.0,0.0,0.0,0.081040443,0,0,0,0.408064878,
s121-live01,11,3,False,1791605910167258090,5.505522677,0.480608576,0.050157946,0.849191774,False,0.0,0.0,0.0,0.043998562,0.0,0.0,0.0,0.0,0,0,0,0.0,0.0,0.0,0.179190539,0.0,0.0,0.0,0.073792883,0,0,0,0.352078755,
s121-live01,12,0,True,1791605915672780767,6.13331539,0.849191774,0.304424966,0.502247374,False,0.0,0.0,0.0,0.298806838,0.0,0.0,0.0,0.0,0,0,0,0.0,0.0,0.0,0.237705844,0.0,0.0,0.0,0.081873836,0,0,0,0.407613992,
s121-live01,13,1,False,1791605921806096157,5.524633342,0.502247374,0.057395425,0.451857038,False,0.0,0.0,0.0,0.052152781,0.0,0.0,0.0,0.0,0,0,0,0.0,0.0,0.0,0.181885435,0.0,0.0,0.0,0.076751658,0,0,0,0.456389007,
s121-live01,14,2,False,1791605927330729499,5.668569849,0.451857038,0.303377142,0.535201458,False,0.0,0.0,0.0,0.298130772,0.0,0.0,0.0,0.0,0,0,0,0.0,0.0,0.0,0.254752556,0.0,0.0,0.0,0.116210413,0,0,0,0.428054203,
s121-live01,15,3,False,1791605932999299348,5.455551908,0.535201458,0.007289316,1.01451884,False,0.0,0.0,0.0,0.001265926,0.0,0.0,0.0,0.0,0,0,0,0.0,0.0,0.0,0.330053095,0.0,0.0,0.0,0.123140725,0,0,0,0.397003187,
s121-live01,16,0,True,1791605938454851256,6.284040836,1.01451884,0.293831533,0.476486748,False,0.0,0.0,0.0,0.288267347,0.0,0.0,0.0,0.0,0,0,0,0.0,0.0,0.0,0.224454825,0.0,0.0,0.0,0.082950173,0,0,0,0.428068551,
s121-live01,17,1,False,1791605944738892092,5.48067158,0.476486748,0.036045207,0.571361374,False,0.0,0.0,0.0,0.030569105,0.0,0.0,0.0,0.0,0,0,0,0.0,0.0,0.0,0.273896812,0.0,0.0,0.0,0.156521926,0,0,0,0.349185981,
s121-live01,18,2,False,1791605950219563672,5.833426166,0.571361374,0.30546995,0.493314543,False,0.0,0.0,0.0,0.299827395,0.0,0.0,0.0,0.0,0,0,0,0.0,0.0,0.0,0.22159407,0.0,0.0,0.0,0.075568452,0,0,0,0.422756107,
s121-live01,19,3,False,1791605956052989838,5.525005563,0.493314543,0.051364688,1.07943423,False,0.0,0.0,0.0,0.046189592,0.0,0.0,0.0,0.0,0,0,0,0.0,0.0,0.0,0.267546755,0.0,0.0,0.0,0.162185807,0,0,0,0.396739808,
s121-live01,20,0,True,1791605961577995401,6.561421154,1.07943423,0.31002749,0.490129693,False,0.0,0.0,0.0,0.304500543,0.0,0.0,0.0,0.0,0,0,0,0.0,0.0,0.0,0.232649431,0.0,0.0,0.0,0.087535789,0,0,0,0.510330832,
s121-live01,21,1,False,1791605968139416555,5.504390316,0.490129693,0.056785986,0.440881356,False,0.0,0.0,0.0,0.051249862,0.0,0.0,0.0,0.0,0,0,0,0.0,0.0,0.0,0.181428091,0.0,0.0,0.0,0.075401076,0,0,0,0.4233229,
s121-live01,22,2,False,1791605973643806871,5.663258371,0.440881356,0.30391619,0.511381144,False,0.0,0.0,0.0,0.297313233,0.0,0.0,0.0,0.0,0,0,0,0.0,0.0,0.0,0.243579739,0.0,0.0,0.0,0.086229255,0,0,0,0.416537808,
s121-live01,23,3,False,1791605979307065242,5.452883954,0.511381144,0.010516054,0.96351341,False,0.0,0.0,0.0,0.004554261,0.0,0.0,0.0,0.0,0,0,0,0.0,0.0,0.0,0.30581337,0.0,0.0,0.0,0.087147858,0,0,0,0.371220551,
s121-live01,24,0,True,1791605984759949196,6.23246481,0.96351341,0.305881094,0.537427005,False,0.0,0.0,0.0,0.300564603,0.0,0.0,0.0,0.0,0,0,0,0.0,0.0,0.0,0.25369702,0.0,0.0,0.0,0.089255195,0,0,0,0.4602513,
s121-live01,25,1,False,1791605990992414006,5.5596109,0.537427005,0.035264608,0.5026781,False,0.0,0.0,0.0,0.029149136,0.0,0.0,0.0,0.0,0,0,0,0.0,0.0,0.0,0.248439937,0.0,0.0,0.0,0.084265766,0,0,0,0.324982103,
s121-live01,26,2,False,1791605996552024906,5.710156864,0.5026781,0.302322327,0.517627262,False,0.0,0.0,0.0,0.295621277,0.0,0.0,0.0,0.0,0,0,0,0.0,0.0,0.0,0.245675365,0.0,0.0,0.0,0.085093279,0,0,0,0.377026832,
s121-live01,27,3,False,1791606002262181770,5.497926162,0.517627262,0.033044931,0.920319441,False,0.0,0.0,0.0,0.027474683,0.0,0.0,0.0,0.0,0,0,0,0.0,0.0,0.0,0.273044888,0.0,0.0,0.0,0.141717858,0,0,0,0.338509874,
s121-live01,28,0,True,1791606007760107932,6.19516504,0.920319441,0.300532391,0.50000588,False,0.0,0.0,0.0,0.294827611,0.0,0.0,0.0,0.0,0,0,0,0.0,0.0,0.0,0.238242997,0.0,0.0,0.0,0.091020836,0,0,0,0.343099308,
s121-live01,29,1,False,1791606013955272972,5.416119719,0.50000588,0.007107564,0.607156363,False,0.0,0.0,0.0,0.001659606,0.0,0.0,0.0,0.0,0,0,0,0.0,0.0,0.0,0.312087963,0.0,0.0,0.0,0.084032756,0,0,0,0.327677,
s121-live01,30,2,False,1791606019371392691,5.876379868,0.607156363,0.326011731,0.501985978,False,0.0,0.0,0.0,0.320478653,0.0,0.0,0.0,0.0,0,0,0,0.0,0.0,0.0,0.247453944,0.0,0.0,0.0,0.089245201,0,0,0,0.384613282,
s121-live01,31,3,False,1791606025247772559,5.449780332,0.501985978,0.02969537,0.886833924,False,0.0,0.0,0.0,0.02431556,0.0,0.0,0.0,0.0,0,0,0,0.0,0.0,0.0,0.245153255,0.0,0.0,0.0,0.077040728,0,0,0,0.408791161,
s121-live01,32,0,True,1791606030697552891,6.114545945,0.886833924,0.304948843,0.511579571,False,0.0,0.0,0.0,0.299773827,0.0,0.0,0.0,0.0,0,0,0,0.0,0.0,0.0,0.24459341,0.0,0.0,0.0,0.089175879,0,0,0,0.370188223,
s121-live01,33,1,False,1791606036812098836,5.474579449,0.511579571,0.032467835,0.513151549,False,0.0,0.0,0.0,0.026881968,0.0,0.0,0.0,0.0,0,0,0,0.0,0.0,0.0,0.25066646,0.0,0.0,0.0,0.139431238,0,0,0,0.426517512,
s121-live01,34,2,False,1791606042286678285,5.749840739,0.513151549,0.304510936,0.511911637,False,0.0,0.0,0.0,0.299317416,0.0,0.0,0.0,0.0,0,0,0,0.0,0.0,0.0,0.233905572,0.0,0.0,0.0,0.084168227,0,0,0,0.394725443,
s121-live01,35,3,False,1791606048036519024,5.55708681,0.511911637,0.054794601,0.849038678,False,0.0,0.0,0.0,0.049399582,0.0,0.0,0.0,0.0,0,0,0,0.0,0.0,0.0,0.193089352,0.0,0.0,0.0,0.075911074,0,0,0,0.372171707,
s121-live01,36,0,True,1791606053593605834,6.12626705,0.849038678,0.301754686,0.510991842,False,0.0,0.0,0.0,0.296426503,0.0,0.0,0.0,0.0,0,0,0,0.0,0.0,0.0,0.241690543,0.0,0.0,0.0,0.119633386,0,0,0,0.400347351,
s121-live01,37,1,False,1791606059719872884,5.55676744,0.510991842,0.051882832,0.45021625,False,0.0,0.0,0.0,0.046410178,0.0,0.0,0.0,0.0,0,0,0,0.0,0.0,0.0,0.186288702,0.0,0.0,0.0,0.077158845,0,0,0,0.405201261,
s121-live01,38,2,False,1791606065276640324,5.714595889,0.45021625,0.305334602,0.505105523,False,0.0,0.0,0.0,0.300053768,0.0,0.0,0.0,0.0,0,0,0,0.0,0.0,0.0,0.225037265,0.0,0.0,0.0,0.082252027,0,0,0,0.449559804,
s121-live01,39,3,False,1791606070991236213,5.404381633,0.505105523,0.006648291,1.220624138,False,0.0,0.0,0.0,0.001152073,0.0,0.0,0.0,0.0,0,0,0,0.0,0.0,0.0,0.3903058,0.0,0.0,0.0,0.187072521,0,0,0,0.387153543,
s121-live01,40,0,True,1791606076395617846,6.743467166,1.220624138,0.302414074,0.50259372,False,0.0,0.0,0.0,0.296568731,0.0,0.0,0.0,0.0,0,0,0,0.0,0.0,0.0,0.223409215,0.0,0.0,0.0,0.076662231,0,0,0,0.555318062,
s121-live01,41,1,False,1791606083139085012,5.532683071,0.50259372,0.063460186,0.457746363,False,0.0,0.0,0.0,0.058117736,0.0,0.0,0.0,0.0,0,0,0,0.0,0.0,0.0,0.187726766,0.0,0.0,0.0,0.081726247,0,0,0,0.38820481,
s121-live01,42,2,False,1791606088671768083,5.690809376,0.457746363,0.300284301,0.499478143,False,0.0,0.0,0.0,0.294988379,0.0,0.0,0.0,0.0,0,0,0,0.0,0.0,0.0,0.228059813,0.0,0.0,0.0,0.077902288,0,0,0,0.387266195,
s121-live01,43,3,False,1791606094362577459,5.432611575,0.499478143,0.007090602,0.96260208,False,0.0,0.0,0.0,0.001031968,0.0,0.0,0.0,0.0,0,0,0,0.0,0.0,0.0,0.286422316,0.0,0.0,0.0,0.082044714,0,0,0,0.329593532,
s121-live01,44,0,True,1791606099795189034,6.234461599,0.96260208,0.304959724,0.485351245,False,0.0,0.0,0.0,0.299763379,0.0,0.0,0.0,0.0,0,0,0,0.0,0.0,0.0,0.233805376,0.0,0.0,0.0,0.079138928,0,0,0,0.411743231,
s121-live01,45,1,False,1791606106029650633,5.443823503,0.485351245,0.029067829,0.553422372,False,0.0,0.0,0.0,0.023759534,0.0,0.0,0.0,0.0,0,0,0,0.0,0.0,0.0,0.285247636,0.0,0.0,0.0,0.145943721,0,0,0,0.350342069,
s121-live01,46,2,False,1791606111473474136,5.796619358,0.553422372,0.306960286,0.487296861,False,0.0,0.0,0.0,0.299434929,0.0,0.0,0.0,0.0,0,0,0,0.0,0.0,0.0,0.227582069,0.0,0.0,0.0,0.080393754,0,0,0,0.368207946,
s121-live01,47,3,False,1791606117270093494,5.482346195,0.487296861,0.031598369,0.961911306,False,0.0,0.0,0.0,0.026266379,0.0,0.0,0.0,0.0,0,0,0,0.0,0.0,0.0,0.267730247,0.0,0.0,0.0,0.088601731,0,0,0,0.305471379,
s121-live01,48,0,True,1791606122752439689,6.248403445,0.961911306,0.312816465,0.491425164,False,0.0,0.0,0.0,0.307570647,0.0,0.0,0.0,0.0,0,0,0,0.0,0.0,0.0,0.233769912,0.0,0.0,0.0,0.109715447,0,0,0,0.446280586,
s121-live01,49,1,False,1791606129000843134,5.462891505,0.491425164,0.036561476,0.547694444,False,0.0,0.0,0.0,0.031262749,0.0,0.0,0.0,0.0,0,0,0,0.0,0.0,0.0,0.269170527,0.0,0.0,0.0,0.084482186,0,0,0,0.320680496,
s121-live01,50,2,False,1791606134463734639,5.773914884,0.547694444,0.298034331,0.498583706,False,0.0,0.0,0.0,0.292590462,0.0,0.0,0.0,0.0,0,0,0,0.0,0.0,0.0,0.242073668,0.0,0.0,0.0,0.115638375,0,0,0,0.442954526,
s121-live01,51,3,False,1791606140237649523,5.459994785,0.498583706,0.030751619,0.920297119,False,0.0,0.0,0.0,0.025235674,0.0,0.0,0.0,0.0,0,0,0,0.0,0.0,0.0,0.271659145,0.0,0.0,0.0,0.150487294,0,0,0,0.414261408,
s121-live01,52,0,True,1791606145697644308,6.259983343,0.920297119,0.315078283,0.479701382,False,0.0,0.0,0.0,0.308485266,0.0,0.0,0.0,0.0,0,0,0,0.0,0.0,0.0,0.229013657,0.0,0.0,0.0,0.08440523,0,0,0,0.439530972,
s121-live01,53,1,False,1791606151957627651,5.441059424,0.479701382,0.035590853,0.526548844,False,0.0,0.0,0.0,0.029960604,0.0,0.0,0.0,0.0,0,0,0,0.0,0.0,0.0,0.258691679,0.0,0.0,0.0,0.087951397,0,0,0,0.352777401,
s121-live01,54,2,False,1791606157398687075,5.792666733,0.526548844,0.306104392,0.498170126,False,0.0,0.0,0.0,0.29914088,0.0,0.0,0.0,0.0,0,0,0,0.0,0.0,0.0,0.227608125,0.0,0.0,0.0,0.080882517,0,0,0,0.329862663,
s121-live01,55,3,False,1791606163191353808,5.555896461,0.498170126,0.05306726,0.822495799,False,0.0,0.0,0.0,0.047619102,0.0,0.0,0.0,0.0,0,0,0,0.0,0.0,0.0,0.181339758,0.0,0.0,0.0,0.08070367,0,0,0,0.302160367,
s121-live01,56,0,True,1791606168747250269,6.131111578,0.822495799,0.305445281,0.480566584,False,0.0,0.0,0.0,0.299973258,0.0,0.0,0.0,0.0,0,0,0,0.0,0.0,0.0,0.226942553,0.0,0.0,0.0,0.080795652,0,0,0,0.44446878,
s121-live01,57,1,False,1791606174878361847,5.500519824,0.480566584,0.057598315,0.453959745,False,0.0,0.0,0.0,0.051365124,0.0,0.0,0.0,0.0,0,0,0,0.0,0.0,0.0,0.175848898,0.0,0.0,0.0,0.074934759,0,0,0,0.436858011,
s121-live01,58,2,False,1791606180378881671,5.686333184,0.453959745,0.304293465,0.486115726,False,0.0,0.0,0.0,0.299089767,0.0,0.0,0.0,0.0,0,0,0,0.0,0.0,0.0,0.226647628,0.0,0.0,0.0,0.08037418,0,0,0,0.365860651,
s121-live01,59,3,False,1791606186065214855,5.462092592,0.486115726,0.037535683,1.172086194,False,0.0,0.0,0.0,0.032126479,0.0,0.0,0.0,0.0,0,0,0,0.0,0.0,0.0,0.335475559,0.0,0.0,0.0,0.16640119,0,0,0,0.444770669,
s121-live01,60,0,True,1791606191527307447,6.704995776,1.172086194,0.307564812,0.487469039,False,0.0,0.0,0.0,0.301699803,0.0,0.0,0.0,0.0,0,0,0,0.0,0.0,0.0,0.220828089,0.0,0.0,0.0,0.079603302,0,0,0,0.492208988,
s121-live01,61,1,False,1791606198232303223,5.485310556,0.487469039,0.031313252,0.550803277,False,0.0,0.0,0.0,0.025760378,0.0,0.0,0.0,0.0,0,0,0,0.0,0.0,0.0,0.287831217,0.0,0.0,0.0,0.152595542,0,0,0,0.425231985,
s121-live01,62,2,False,1791606203717613779,5.80419364,0.550803277,0.311211675,0.523157298,False,0.0,0.0,0.0,0.305378425,0.0,0.0,0.0,0.0,0,0,0,0.0,0.0,0.0,0.238475174,0.0,0.0,0.0,0.090174626,0,0,0,0.405462341,
s121-live01,63,3,False,1791606209521807419,5.52270586,0.523157298,0.052122543,0.844025674,False,0.0,0.0,0.0,0.046348464,0.0,0.0,0.0,0.0,0,0,0,0.0,0.0,0.0,0.192036659,0.0,0.0,0.0,0.081700126,0,0,0,0.392471423,
s121-live01,64,0,True,1791606215044513279,6.143337468,0.844025674,0.309294862,0.537438429,False,0.0,0.0,0.0,0.303170647,0.0,0.0,0.0,0.0,0,0,0,0.0,0.0,0.0,0.263386935,0.0,0.0,0.0,0.124847031,0,0,0,0.432500423,
s121-live01,65,1,False,1791606221187850747,5.534219969,0.537438429,0.031149093,0.540298245,False,0.0,0.0,0.0,0.025668164,0.0,0.0,0.0,0.0,0,0,0,0.0,0.0,0.0,0.265955676,0.0,0.0,0.0,0.083076389,0,0,0,0.367893851,
s121-live01,66,2,False,1791606226722070716,5.80139392,0.540298245,0.299989311,0.515401786,False,0.0,0.0,0.0,0.293417304,0.0,0.0,0.0,0.0,0,0,0,0.0,0.0,0.0,0.230917752,0.0,0.0,0.0,0.076123627,0,0,0,0.343501951,
s121-live01,67,3,False,1791606232523464636,5.430609944,0.515401786,0.007835208,0.970942699,False,0.0,0.0,0.0,0.001280183,0.0,0.0,0.0,0.0,0,0,0,0.0,0.0,0.0,0.3143681,0.0,0.0,0.0,0.104120071,0,0,0,0.375047656,
s121-live01,68,0,True,1791606237954074580,6.241407311,0.970942699,0.294476509,0.521562014,False,0.0,0.0,0.0,0.289233267,0.0,0.0,0.0,0.0,0,0,0,0.0,0.0,0.0,0.232674807,0.0,0.0,0.0,0.079160006,0,0,0,0.3656643,
s121-live01,69,1,False,1791606244195481891,5.586050237,0.521562014,0.049661282,0.439184798,False,0.0,0.0,0.0,0.044612615,0.0,0.0,0.0,0.0,0,0,0,0.0,0.0,0.0,0.183909677,0.0,0.0,0.0,0.075448809,0,0,0,0.373636884,
s121-live01,70,2,False,1791606249781532128,5.655934091,0.439184798,0.290177837,0.483430851,False,0.0,0.0,0.0,0.284595257,0.0,0.0,0.0,0.0,0,0,0,0.0,0.0,0.0,0.215396421,0.0,0.0,0.0,0.076858445,0,0,0,0.305785575,
s121-live01,71,3,False,1791606255437466219,5.453638693,0.483430851,0.028783821,0.884084833,False,0.0,0.0,0.0,0.022471202,0.0,0.0,0.0,0.0,0,0,0,0.0,0.0,0.0,0.244174621,0.0,0.0,0.0,0.077676139,0,0,0,0.376042616,
s121-live01,72,0,True,1791606260891104912,6.130045063,0.884084833,0.302361854,0.511184093,False,0.0,0.0,0.0,0.29686172,0.0,0.0,0.0,0.0,0,0,0,0.0,0.0,0.0,0.244234171,0.0,0.0,0.0,0.082758389,0,0,0,0.33941548,
s121-live01,73,1,False,1791606267021149975,5.629266071,0.511184093,0.058161006,0.462553083,False,0.0,0.0,0.0,0.052277963,0.0,0.0,0.0,0.0,0,0,0,0.0,0.0,0.0,0.175793287,0.0,0.0,0.0,0.07664868,0,0,0,0.366495932,
s121-live01,74,2,False,1791606272650416046,5.798559066,0.462553083,0.314110075,0.491201097,False,0.0,0.0,0.0,0.307637274,0.0,0.0,0.0,0.0,0,0,0,0.0,0.0,0.0,0.223934894,0.0,0.0,0.0,0.081661339,0,0,0,0.342125933,
s121-live01,75,3,False,1791606278448975112,5.60459927,0.491201097,0.059167054,0.867228272,False,0.0,0.0,0.0,0.053876233,0.0,0.0,0.0,0.0,0,0,0,0.0,0.0,0.0,0.184006502,0.0,0.0,0.0,0.080791315,0,0,0,0.35581606,
s121-live01,76,0,True,1791606284053574382,6.1880197,0.867228272,0.295071654,0.482906401,False,0.0,0.0,0.0,0.290001247,0.0,0.0,0.0,0.0,0,0,0,0.0,0.0,0.0,0.221830181,0.0,0.0,0.0,0.074940432,0,0,0,0.378917493,
s121-live01,77,1,False,1791606290241594082,5.534868498,0.482906401,0.05740726,0.44902518,False,0.0,0.0,0.0,0.052057287,0.0,0.0,0.0,0.0,0,0,0,0.0,0.0,0.0,0.185602046,0.0,0.0,0.0,0.078148083,0,0,0,0.455770272,
s121-live01,78,2,False,1791606295776462580,5.689495003,0.44902518,0.300918866,0.525366759,False,0.0,0.0,0.0,0.295146171,0.0,0.0,0.0,0.0,0,0,0,0.0,0.0,0.0,0.250474707,0.0,0.0,0.0,0.089890825,0,0,0,0.408425609,
s121-live01,79,3,False,1791606301465957583,5.522654708,0.525366759,0.007185758,1.239685425,False,0.0,0.0,0.0,0.001752129,0.0,0.0,0.0,0.0,0,0,0,0.0,0.0,0.0,0.397747272,0.0,0.0,0.0,0.186980031,0,0,0,0.413429319,
s121-live01,80,0,True,1791606306988612291,6.846728818,1.239685425,0.316568639,0.508468133,False,0.0,0.0,0.0,0.310749085,0.0,0.0,0.0,0.0,0,0,0,0.0,0.0,0.0,0.238973566,0.0,0.0,0.0,0.083864833,0,0,0,0.551203072,
s121-live01,81,1,False,1791606313835341109,5.521367244,0.508468133,0.006582796,0.570176453,False,0.0,0.0,0.0,0.00104438,0.0,0.0,0.0,0.0,0,0,0,0.0,0.0,0.0,0.301180533,0.0,0.0,0.0,0.103428024,0,0,0,0.379530013,
s121-live01,82,2,False,1791606319356708353,5.945849779,0.570176453,0.339380487,0.522652504,False,0.0,0.0,0.0,0.332566015,0.0,0.0,0.0,0.0,0,0,0,0.0,0.0,0.0,0.259421567,0.0,0.0,0.0,0.126259761,0,0,0,0.382791943,
s121-live01,83,3,False,1791606325302558132,5.477624954,0.522652504,0.007806313,0.980834066,False,0.0,0.0,0.0,0.001797023,0.0,0.0,0.0,0.0,0,0,0,0.0,0.0,0.0,0.311146067,0.0,0.0,0.0,0.117718187,0,0,0,0.385591006,
s121-live01,84,0,True,1791606330780183086,6.373024544,0.980834066,0.321239121,0.502040499,False,0.0,0.0,0.0,0.315607089,0.0,0.0,0.0,0.0,0,0,0,0.0,0.0,0.0,0.219169288,0.0,0.0,0.0,0.081225627,0,0,0,0.364826497,
s121-live01,85,1,False,1791606337153207630,5.573064769,0.502040499,0.008602047,0.549713983,False,0.0,0.0,0.0,0.002177788,0.0,0.0,0.0,0.0,0,0,0,0.0,0.0,0.0,0.291244067,0.0,0.0,0.0,0.103229779,0,0,0,0.37403947,
s121-live01,86,2,False,1791606342726272399,5.817924524,0.549713983,0.305652962,0.480086364,False,0.0,0.0,0.0,0.300364966,0.0,0.0,0.0,0.0,0,0,0,0.0,0.0,0.0,0.213352587,0.0,0.0,0.0,0.076707425,0,0,0,0.362525806,
s121-live01,87,3,False,1791606348544196923,5.513384325,0.480086364,0.031072585,0.902833756,False,0.0,0.0,0.0,0.025618257,0.0,0.0,0.0,0.0,0,0,0,0.0,0.0,0.0,0.252559029,0.0,0.0,0.0,0.141232913,0,0,0,0.355548107,
s121-live01,88,0,True,1791606354057581248,6.202740904,0.902833756,0.303850525,0.526080825,False,0.0,0.0,0.0,0.298082147,0.0,0.0,0.0,0.0,0,0,0,0.0,0.0,0.0,0.259285033,0.0,0.0,0.0,0.122608744,0,0,0,0.39120755,
s121-live01,89,1,False,1791606360260322152,5.568881887,0.526080825,0.027509517,0.526453833,False,0.0,0.0,0.0,0.022702013,0.0,0.0,0.0,0.0,0,0,0,0.0,0.0,0.0,0.257628874,0.0,0.0,0.0,0.082699712,0,0,0,0.329910641,
s121-live01,90,2,False,1791606365829204039,5.866776377,0.526453833,0.315334579,0.511552359,False,0.0,0.0,0.0,0.309246522,0.0,0.0,0.0,0.0,0,0,0,0.0,0.0,0.0,0.232830014,0.0,0.0,0.0,0.112212979,0,0,0,0.34211652,
s121-live01,91,3,False,1791606371695980416,5.569796706,0.511552359,0.031158926,0.931556555,False,0.0,0.0,0.0,0.025633184,0.0,0.0,0.0,0.0,0,0,0,0.0,0.0,0.0,0.267625826,0.0,0.0,0.0,0.0900406,0,0,0,0.383635352,
s121-live01,92,0,True,1791606377265777122,6.289301614,0.931556555,0.315389188,0.53771341,False,0.0,0.0,0.0,0.310192985,0.0,0.0,0.0,0.0,0,0,0,0.0,0.0,0.0,0.248003503,0.0,0.0,0.0,0.090680611,0,0,0,0.360207916,
s121-live01,93,1,False,1791606383555078736,5.597706566,0.53771341,0.033820593,0.541410517,False,0.0,0.0,0.0,0.027569199,0.0,0.0,0.0,0.0,0,0,0,0.0,0.0,0.0,0.256712108,0.0,0.0,0.0,0.141430641,0,0,0,0.358185527,
s121-live01,94,2,False,1791606389152785302,5.853867094,0.541410517,0.311975529,0.540672911,False,0.0,0.0,0.0,0.306274468,0.0,0.0,0.0,0.0,0,0,0,0.0,0.0,0.0,0.24245169,0.0,0.0,0.0,0.09018978,0,0,0,0.410426745,
s121-live01,95,3,False,1791606395006652396,5.530773164,0.540672911,0.007368822,0.980196747,False,0.0,0.0,0.0,0.001855713,0.0,0.0,0.0,0.0,0,0,0,0.0,0.0,0.0,0.304937056,0.0,0.0,0.0,0.081282279,0,0,0,0.413318601,
s121-live01,96,0,True,1791606400537425560,6.293874351,0.980196747,0.316504737,0.503098228,False,0.0,0.0,0.0,0.311174422,0.0,0.0,0.0,0.0,0,0,0,0.0,0.0,0.0,0.236522299,0.0,0.0,0.0,0.088740468,0,0,0,0.478708718,
s121-live01,97,1,False,1791606406831299911,5.572354417,0.503098228,0.05853412,0.492342186,False,0.0,0.0,0.0,0.053238971,0.0,0.0,0.0,0.0,0,0,0,0.0,0.0,0.0,0.202630892,0.0,0.0,0.0,0.09142093,0,0,0,0.408936162,
s121-live01,98,2,False,1791606412403654328,5.876982547,0.492342186,0.336452857,0.524524721,False,0.0,0.0,0.0,0.329754374,0.0,0.0,0.0,0.0,0,0,0,0.0,0.0,0.0,0.23842651,0.0,0.0,0.0,0.084877817,0,0,0,0.431824402,
s121-live01,99,3,False,1791606418280636875,5.527128452,0.524524721,0.006775397,1.21854774,False,0.0,0.0,0.0,0.001525062,0.0,0.0,0.0,0.0,0,0,0,0.0,0.0,0.0,0.380054107,0.0,0.0,0.0,0.17903449,0,0,0,0.415760719,
s121-live01,100,0,True,1791606423807765327,6.84620441,1.21854774,0.331107442,0.477932613,False,0.0,0.0,0.0,0.325755677,0.0,0.0,0.0,0.0,0,0,0,0.0,0.0,0.0,0.225434522,0.0,0.0,0.0,0.079809543,0,0,0,0.440249211,
s121-live01,101,1,False,1791606430653969737,5.579545373,0.477932613,0.064813896,0.483298804,False,0.0,0.0,0.0,0.058990355,0.0,0.0,0.0,0.0,0,0,0,0.0,0.0,0.0,0.182133055,0.0,0.0,0.0,0.07627597,0,0,0,0.414115968,
s121-live01,102,2,False,1791606436233515110,5.882100108,0.483298804,0.326410202,0.531395109,False,0.0,0.0,0.0,0.319559493,0.0,0.0,0.0,0.0,0,0,0,0.0,0.0,0.0,0.215298175,0.0,0.0,0.0,0.075715388,0,0,0,0.427114455,
s121-live01,103,3,False,1791606442115615218,5.665276589,0.531395109,0.055119039,0.851137032,False,0.0,0.0,0.0,0.04992528,0.0,0.0,0.0,0.0,0,0,0,0.0,0.0,0.0,0.187444623,0.0,0.0,0.0,0.080376196,0,0,0,0.434977281,
s121-live01,104,0,True,1791606447780891807,6.210048391,0.851137032,0.318994671,0.477792914,False,0.0,0.0,0.0,0.312277603,0.0,0.0,0.0,0.0,0,0,0,0.0,0.0,0.0,0.223595137,0.0,0.0,0.0,0.082939206,0,0,0,0.460725038,
s121-live01,105,1,False,1791606453990940198,5.546719946,0.477792914,0.032450599,0.529022269,False,0.0,0.0,0.0,0.026534926,0.0,0.0,0.0,0.0,0,0,0,0.0,0.0,0.0,0.259221105,0.0,0.0,0.0,0.137965109,0,0,0,0.423953777,
s121-live01,106,2,False,1791606459537660144,5.79350596,0.529022269,0.303188501,0.485014105,False,0.0,0.0,0.0,0.297724354,0.0,0.0,0.0,0.0,0,0,0,0.0,0.0,0.0,0.214676635,0.0,0.0,0.0,0.075496796,0,0,0,0.362601979,
s121-live01,107,3,False,1791606465331166104,5.494223061,0.485014105,0.007994155,0.971584046,False,0.0,0.0,0.0,0.001520624,0.0,0.0,0.0,0.0,0,0,0,0.0,0.0,0.0,0.311987225,0.0,0.0,0.0,0.085130869,0,0,0,0.339002743,
s121-live01,108,0,True,1791606470825389165,6.394554515,0.971584046,0.329437597,0.489553091,False,0.0,0.0,0.0,0.324370877,0.0,0.0,0.0,0.0,0,0,0,0.0,0.0,0.0,0.236484477,0.0,0.0,0.0,0.08404474,0,0,0,0.420742445,
s121-live01,109,1,False,1791606477219943680,5.538396313,0.489553091,0.031504624,0.512738658,False,0.0,0.0,0.0,0.026321595,0.0,0.0,0.0,0.0,0,0,0,0.0,0.0,0.0,0.250085204,0.0,0.0,0.0,0.083542558,0,0,0,0.317458522,
s121-live01,110,2,False,1791606482758339993,5.857441694,0.512738658,0.300757924,0.486398686,False,0.0,0.0,0.0,0.295276315,0.0,0.0,0.0,0.0,0,0,0,0.0,0.0,0.0,0.223547241,0.0,0.0,0.0,0.086066424,0,0,0,0.291123961,
s121-live01,111,3,False,1791606488615781687,5.561726775,0.486398686,0.032891987,0.959635285,False,0.0,0.0,0.0,0.026487997,0.0,0.0,0.0,0.0,0,0,0,0.0,0.0,0.0,0.278354292,0.0,0.0,0.0,0.089002364,0,0,0,0.407856153,
s121-live01,112,0,True,1791606494177508462,6.293296758,0.959635285,0.305560426,0.469243955,False,0.0,0.0,0.0,0.299518796,0.0,0.0,0.0,0.0,0,0,0,0.0,0.0,0.0,0.22374916,0.0,0.0,0.0,0.081502818,0,0,0,0.418624053,
s121-live01,113,1,False,1791606500470805220,5.416219195,0.469243955,0.007390402,0.558955708,False,0.0,0.0,0.0,0.001504995,0.0,0.0,0.0,0.0,0,0,0,0.0,0.0,0.0,0.302886175,0.0,0.0,0.0,0.111294455,0,0,0,0.328347846,
s121-live01,114,2,False,1791606505887024415,5.910480425,0.558955708,0.313231413,0.510673603,False,0.0,0.0,0.0,0.307791081,0.0,0.0,0.0,0.0,0,0,0,0.0,0.0,0.0,0.221777147,0.0,0.0,0.0,0.077221291,0,0,0,0.316815419,
s121-live01,115,3,False,1791606511797504840,5.500486366,0.510673603,0.007449472,0.949166412,False,0.0,0.0,0.0,0.001634758,0.0,0.0,0.0,0.0,0,0,0,0.0,0.0,0.0,0.292266561,0.0,0.0,0.0,0.08084364,0,0,0,0.260775073,
s121-live01,116,0,True,1791606517297991206,6.360130148,0.949166412,0.350864085,0.546161839,False,0.0,0.0,0.0,0.344935788,0.0,0.0,0.0,0.0,0,0,0,0.0,0.0,0.0,0.273530553,0.0,0.0,0.0,0.095105509,0,0,0,0.364429376,
s121-live01,117,1,False,1791606523658121354,5.724320874,0.546161839,0.0625428,0.477901416,False,0.0,0.0,0.0,0.057663301,0.0,0.0,0.0,0.0,0,0,0,0.0,0.0,0.0,0.199364106,0.0,0.0,0.0,0.086188792,0,0,0,0.434335174,
s121-live01,118,2,False,1791606529382442228,5.780189078,0.477901416,0.291618773,0.473864147,False,0.0,0.0,0.0,0.284868944,0.0,0.0,0.0,0.0,0,0,0,0.0,0.0,0.0,0.225338177,0.0,0.0,0.0,0.082077776,0,0,0,0.356563801,
s121-live01,119,3,False,1791606535162631306,5.478174305,0.473864147,0.007482755,1.268127702,False,0.0,0.0,0.0,0.001498623,0.0,0.0,0.0,0.0,0,0,0,0.0,0.0,0.0,0.390014996,0.0,0.0,0.0,0.207879398,0,0,0,0.372383552,
s121-live01,120,0,True,1791606540640805611,6.92475855,1.268127702,0.308412692,0.479982678,False,0.0,0.0,0.0,0.302708986,0.0,0.0,0.0,0.0,0,0,0,0.0,0.0,0.0,0.220053947,0.0,0.0,0.0,0.075291668,0,0,0,0.504027579,
s121-live01,121,1,False,1791606547565564161,5.444988912,0.479982678,0.008257139,0.544716708,False,0.0,0.0,0.0,0.001735999,0.0,0.0,0.0,0.0,0,0,0,0.0,0.0,0.0,0.288263111,0.0,0.0,0.0,0.080557652,0,0,0,0.35657046,
s121-live01,122,2,False,1791606553010553073,5.80680988,0.544716708,0.311185434,0.536773698,False,0.0,0.0,0.0,0.305592797,0.0,0.0,0.0,0.0,0,0,0,0.0,0.0,0.0,0.255961232,0.0,0.0,0.0,0.111427542,0,0,0,0.35597403,
s121-live01,123,3,False,1791606558817362953,5.61026369,0.536773698,0.028228754,0.909093144,False,0.0,0.0,0.0,0.022628402,0.0,0.0,0.0,0.0,0,0,0,0.0,0.0,0.0,0.258470401,0.0,0.0,0.0,0.093144446,0,0,0,0.386336436,
s121-live01,124,0,True,1791606564427626643,6.229671587,0.909093144,0.320036084,0.46577761,False,0.0,0.0,0.0,0.314829341,0.0,0.0,0.0,0.0,0,0,0,0.0,0.0,0.0,0.217620958,0.0,0.0,0.0,0.074732868,0,0,0,0.350276623,
s121-live01,125,1,False,1791606570657298230,5.486844257,0.46577761,0.055771629,0.435859895,False,0.0,0.0,0.0,0.050288497,0.0,0.0,0.0,0.0,0,0,0,0.0,0.0,0.0,0.181598296,0.0,0.0,0.0,0.074695558,0,0,0,0.28994278,
s121-live01,126,2,False,1791606576144142487,5.780507684,0.435859895,0.322722395,0.485983282,False,0.0,0.0,0.0,0.31691235,0.0,0.0,0.0,0.0,0,0,0,0.0,0.0,0.0,0.235711412,0.0,0.0,0.0,0.085943078,0,0,0,0.255989632,
s121-live01,127,3,False,1791606581924650171,5.504686354,0.485983282,0.009016804,1.016557184,False,0.0,0.0,0.0,0.001681957,0.0,0.0,0.0,0.0,0,0,0,0.0,0.0,0.0,0.32800582,0.0,0.0,0.0,0.108084837,0,0,0,0.313638193,
s121-live01,128,0,True,1791606587429336525,6.465304307,1.016557184,0.324844516,0.487970439,False,0.0,0.0,0.0,0.319476971,0.0,0.0,0.0,0.0,0,0,0,0.0,0.0,0.0,0.237019045,0.0,0.0,0.0,0.092695522,0,0,0,0.286744565,
s121-live01,129,1,False,1791606593894640832,5.534480302,0.487970439,0.053256999,0.479796426,False,0.0,0.0,0.0,0.04733813,0.0,0.0,0.0,0.0,0,0,0,0.0,0.0,0.0,0.202343181,0.0,0.0,0.0,0.088525054,0,0,0,0.292108642,
s121-live01,130,2,False,1791606599429121134,5.824052919,0.479796426,0.326157698,0.525410027,False,0.0,0.0,0.0,0.320373973,0.0,0.0,0.0,0.0,0,0,0,0.0,0.0,0.0,0.253726853,0.0,0.0,0.0,0.09032423,0,0,0,0.327018785,
s121-live01,131,3,False,1791606605253174053,5.47694453,0.525410027,0.009304257,0.96063664,False,0.0,0.0,0.0,0.001671043,0.0,0.0,0.0,0.0,0,0,0,0.0,0.0,0.0,0.316462688,0.0,0.0,0.0,0.109825238,0,0,0,0.36852574,
s121-live01,132,0,True,1791606610730118583,6.307465929,0.96063664,0.332417511,0.524004143,False,0.0,0.0,0.0,0.326475569,0.0,0.0,0.0,0.0,0,0,0,0.0,0.0,0.0,0.244880515,0.0,0.0,0.0,0.103056914,0,0,0,0.4029616,
s121-live01,133,1,False,1791606617037584512,5.566646713,0.524004143,0.035995015,0.534543512,False,0.0,0.0,0.0,0.029856803,0.0,0.0,0.0,0.0,0,0,0,0.0,0.0,0.0,0.260349662,0.0,0.0,0.0,0.084854711,0,0,0,0.428804469,
s121-live01,134,2,False,1791606622604231225,5.824878684,0.534543512,0.3087913,0.554963047,False,0.0,0.0,0.0,0.303568035,0.0,0.0,0.0,0.0,0,0,0,0.0,0.0,0.0,0.262112743,0.0,0.0,0.0,0.112454716,0,0,0,0.389036542,
s121-live01,135,3,False,1791606628429109909,5.553480221,0.554963047,0.037957681,0.919920946,False,0.0,0.0,0.0,0.03247664,0.0,0.0,0.0,0.0,0,0,0,0.0,0.0,0.0,0.263785423,0.0,0.0,0.0,0.146512808,0,0,0,0.450356341,
s121-live01,136,0,True,1791606633982590130,6.247464225,0.919920946,0.312077572,0.542457889,False,0.0,0.0,0.0,0.306507443,0.0,0.0,0.0,0.0,0,0,0,0.0,0.0,0.0,0.257458923,0.0,0.0,0.0,0.095639533,0,0,0,0.379993848,
s121-live01,137,1,False,1791606640230054355,5.502274388,0.542457889,0.007509836,0.57328844,False,0.0,0.0,0.0,0.001982359,0.0,0.0,0.0,0.0,0,0,0,0.0,0.0,0.0,0.298266572,0.0,0.0,0.0,0.116838554,0,0,0,0.399196817,
s121-live01,138,2,False,1791606645732328743,5.828481307,0.57328844,0.303220558,0.549065556,False,0.0,0.0,0.0,0.297570881,0.0,0.0,0.0,0.0,0,0,0,0.0,0.0,0.0,0.281445704,0.0,0.0,0.0,0.121675548,0,0,0,0.385313132,
s121-live01,139,3,False,1791606651560810050,5.57409666,0.549065556,0.028145228,1.159872547,False,0.0,0.0,0.0,0.021870713,0.0,0.0,0.0,0.0,0,0,0,0.0,0.0,0.0,0.33986542,0.0,0.0,0.0,0.178711579,0,0,0,0.377875029,
s121-live01,140,0,True,1791606657134906710,6.70814117,1.159872547,0.304245635,0.503325669,False,0.0,0.0,0.0,0.298116575,0.0,0.0,0.0,0.0,0,0,0,0.0,0.0,0.0,0.230662447,0.0,0.0,0.0,0.082901783,0,0,0,0.468898983,
s121-live01,141,1,False,1791606663843047880,5.482117027,0.503325669,0.00692452,0.53052592,False,0.0,0.0,0.0,0.00126731,0.0,0.0,0.0,0.0,0,0,0,0.0,0.0,0.0,0.281990985,0.0,0.0,0.0,0.076046075,0,0,0,0.387620596,
s121-live01,142,2,False,1791606669325164907,5.840789352,0.53052592,0.30853405,0.512664566,False,0.0,0.0,0.0,0.303339493,0.0,0.0,0.0,0.0,0,0,0,0.0,0.0,0.0,0.240658248,0.0,0.0,0.0,0.082824613,0,0,0,0.452431437,
s121-live01,143,3,False,1791606675165954259,5.708118583,0.512664566,0.057643769,0.836062303,False,0.0,0.0,0.0,0.052257091,0.0,0.0,0.0,0.0,0,0,0,0.0,0.0,0.0,0.186427967,0.0,0.0,0.0,0.081699495,0,0,0,0.400730064,
s121-live01,144,0,True,1791606680874072842,6.234121122,0.836062303,0.329363626,0.575688003,False,0.0,0.0,0.0,0.323158705,0.0,0.0,0.0,0.0,0,0,0,0.0,0.0,0.0,0.275684717,0.0,0.0,0.0,0.126839609,0,0,0,0.445575277,
s121-live01,145,1,False,1791606687108193964,5.633529638,0.575688003,0.030780944,0.538420642,False,0.0,0.0,0.0,0.025464178,0.0,0.0,0.0,0.0,0,0,0,0.0,0.0,0.0,0.256733831,0.0,0.0,0.0,0.139691254,0,0,0,0.347333474,
s121-live01,146,2,False,1791606692741723602,5.890685904,0.538420642,0.303092162,0.481607891,False,0.0,0.0,0.0,0.296423097,0.0,0.0,0.0,0.0,0,0,0,0.0,0.0,0.0,0.227905069,0.0,0.0,0.0,0.073106821,0,0,0,0.341767069,
s121-live01,147,3,False,1791606698632409506,5.484055799,0.481607891,0.008334264,0.94509715,False,0.0,0.0,0.0,0.001593956,0.0,0.0,0.0,0.0,0,0,0,0.0,0.0,0.0,0.289291716,0.0,0.0,0.0,0.079011067,0,0,0,0.303944878,
s121-live01,148,0,True,1791606704116465305,6.304261453,0.94509715,0.300072117,0.492026275,False,0.0,0.0,0.0,0.292798052,0.0,0.0,0.0,0.0,0,0,0,0.0,0.0,0.0,0.219405266,0.0,0.0,0.0,0.073958995,0,0,0,0.352127749,
s121-live01,149,1,False,1791606710420726758,5.509833291,0.492026275,0.008181745,0.548334366,False,0.0,0.0,0.0,0.002340212,0.0,0.0,0.0,0.0,0,0,0,0.0,0.0,0.0,0.278276421,0.0,0.0,0.0,0.075332489,0,0,0,0.381431359,
s121-live01,150,2,False,1791606715930560049,5.838799956,0.548334366,0.299824494,0.499378026,False,0.0,0.0,0.0,0.294271675,0.0,0.0,0.0,0.0,0,0,0,0.0,0.0,0.0,0.246858999,0.0,0.0,0.0,0.113351761,0,0,0,0.351347671,
s121-live01,151,3,False,1791606721769360005,5.513427916,0.499378026,0.032775578,0.952853801,False,0.0,0.0,0.0,0.02698374,0.0,0.0,0.0,0.0,0,0,0,0.0,0.0,0.0,0.274868634,0.0,0.0,0.0,0.148969648,0,0,0,0.362159487,
s121-live01,152,0,True,1791606727282787921,6.263626787,0.952853801,0.310036106,0.481039809,False,0.0,0.0,0.0,0.304529345,0.0,0.0,0.0,0.0,0,0,0,0.0,0.0,0.0,0.223449049,0.0,0.0,0.0,0.078637271,0,0,0,0.39219021,
s121-live01,153,1,False,1791606733546414708,5.489811968,0.481039809,0.012434359,0.555159239,False,0.0,0.0,0.0,0.007086659,0.0,0.0,0.0,0.0,0,0,0,0.0,0.0,0.0,0.28506529,0.0,0.0,0.0,0.07782854,0,0,0,0.364951615,
s121-live01,154,2,False,1791606739036226676,5.87741396,0.555159239,0.313284925,0.519410311,False,0.0,0.0,0.0,0.308009812,0.0,0.0,0.0,0.0,0,0,0,0.0,0.0,0.0,0.238680215,0.0,0.0,0.0,0.085819217,0,0,0,0.351227917,
s121-live01,155,3,False,1791606744913640636,99.357141417,0.519410311,93.877758947,0.801864014,False,0.0,0.0,0.0,0.184477753,2.730011083,0.438610934,0.633516481,0.0,0,0,0,0.0,0.0,0.0,0.0,0.0,0.0,0.0,0.078788591,0,0,0,0.263785539,
s121-live01,156,0,True,1791606844270782053,5.936945862,0.801864014,0.344891323,0.4970893,False,0.0,0.0,0.0,0.33877956,0.0,0.0,0.0,0.0,0,0,0,0.0,0.0,0.0,0.228480945,0.0,0.0,0.0,0.083277973,0,0,0,92.417629808,
s121-live01,157,1,False,1791606850207727915,5.571557576,0.4970893,0.061630893,0.462823326,False,0.0,0.0,0.0,0.05475459,0.0,0.0,0.0,0.0,0,0,0,0.0,0.0,0.0,0.188000061,0.0,0.0,0.0,0.077324855,0,0,0,0.423303796,
s121-live01,158,2,False,1791606855779285491,5.716036733,0.462823326,0.322945063,0.532250272,False,0.0,0.0,0.0,0.316974307,0.0,0.0,0.0,0.0,0,0,0,0.0,0.0,0.0,0.233874528,0.0,0.0,0.0,0.086803914,0,0,0,0.417730315,
s121-live01,159,3,False,1791606861495322224,5.540062085,0.532250272,0.008147767,1.303996117,False,0.0,0.0,0.0,0.001489586,0.0,0.0,0.0,0.0,0,0,0,0.0,0.0,0.0,0.439913248,0.0,0.0,0.0,0.201095303,0,0,0,0.39271916,
s121-live01,160,0,True,1791606867035384309,6.962324047,1.303996117,0.332281328,0.492825906,False,0.0,0.0,0.0,0.326326412,0.0,0.0,0.0,0.0,0,0,0,0.0,0.0,0.0,0.233380477,0.0,0.0,0.0,0.082729379,0,0,0,0.492552567,
s121-live01,161,1,False,1791606873997708356,5.537795377,0.492825906,0.031898689,0.533000578,False,0.0,0.0,0.0,0.026060363,0.0,0.0,0.0,0.0,0,0,0,0.0,0.0,0.0,0.25784362,0.0,0.0,0.0,0.083394607,0,0,0,0.388968113,
s121-live01,162,2,False,1791606879535503733,5.816439171,0.533000578,0.312403161,0.479112416,False,0.0,0.0,0.0,0.305861831,0.0,0.0,0.0,0.0,0,0,0,0.0,0.0,0.0,0.219658268,0.0,0.0,0.0,0.075487641,0,0,0,0.410280763,
s121-live01,163,3,False,1791606885351942904,5.528828375,0.479112416,0.034610122,0.943344561,False,0.0,0.0,0.0,0.028877285,0.0,0.0,0.0,0.0,0,0,0,0.0,0.0,0.0,0.266511896,0.0,0.0,0.0,0.092609453,0,0,0,0.393662913,
s121-live01,164,0,True,1791606890880771279,6.322677586,0.943344561,0.318259443,0.526060163,False,0.0,0.0,0.0,0.312831752,0.0,0.0,0.0,0.0,0,0,0,0.0,0.0,0.0,0.249245582,0.0,0.0,0.0,0.093699069,0,0,0,0.431497783,
s121-live01,165,1,False,1791606897203448865,5.468586547,0.526060163,0.007708337,0.594953716,False,0.0,0.0,0.0,0.001605203,0.0,0.0,0.0,0.0,0,0,0,0.0,0.0,0.0,0.313443107,0.0,0.0,0.0,0.11675338,0,0,0,0.355480711,
s121-live01,166,2,False,1791606902672035412,5.927331064,0.594953716,0.328872254,0.491800331,False,0.0,0.0,0.0,0.323023931,0.0,0.0,0.0,0.0,0,0,0,0.0,0.0,0.0,0.229138371,0.0,0.0,0.0,0.084860916,0,0,0,0.406109945,
s121-live01,167,3,False,1791606908599366476,5.4460253,0.491800331,0.006869456,0.961926642,False,0.0,0.0,0.0,0.001357286,0.0,0.0,0.0,0.0,0,0,0,0.0,0.0,0.0,0.316357549,0.0,0.0,0.0,0.122082402,0,0,0,0.355710808,
s121-live01,168,0,True,1791606914045391776,6.357479822,0.961926642,0.319223528,0.530477697,False,0.0,0.0,0.0,0.312838755,0.0,0.0,0.0,0.0,0,0,0,0.0,0.0,0.0,0.247484491,0.0,0.0,0.0,0.093691414,0,0,0,0.416111425,
s121-live01,169,1,False,1791606920402871598,5.562800396,0.530477697,0.032306002,0.538554777,False,0.0,0.0,0.0,0.026105887,0.0,0.0,0.0,0.0,0,0,0,0.0,0.0,0.0,0.267919547,0.0,0.0,0.0,0.085558675,0,0,0,0.349971471,
s121-live01,170,2,False,1791606925965671994,5.900495728,0.538554777,0.312494095,0.523936773,False,0.0,0.0,0.0,0.306223388,0.0,0.0,0.0,0.0,0,0,0,0.0,0.0,0.0,0.238659047,0.0,0.0,0.0,0.075589269,0,0,0,0.429170188,
s121-live01,171,3,False,1791606931866167722,5.545529254,0.523936773,0.031590942,0.934775935,False,0.0,0.0,0.0,0.026249154,0.0,0.0,0.0,0.0,0,0,0,0.0,0.0,0.0,0.260106408,0.0,0.0,0.0,0.08535863,0,0,0,0.401262939,
s121-live01,172,0,True,1791606937411696976,6.238723302,0.934775935,0.319946704,0.513527681,False,0.0,0.0,0.0,0.314271348,0.0,0.0,0.0,0.0,0,0,0,0.0,0.0,0.0,0.249521135,0.0,0.0,0.0,0.11548031,0,0,0,0.393722771,
s121-live01,173,1,False,1791606943650420278,5.576120519,0.513527681,0.057584949,0.46082632,False,0.0,0.0,0.0,0.052463316,0.0,0.0,0.0,0.0,0,0,0,0.0,0.0,0.0,0.187831864,0.0,0.0,0.0,0.084594753,0,0,0,0.374194074,
s121-live01,174,2,False,1791606949226540797,5.792743799,0.46082632,0.317556653,0.535562023,False,0.0,0.0,0.0,0.311913728,0.0,0.0,0.0,0.0,0,0,0,0.0,0.0,0.0,0.261965848,0.0,0.0,0.0,0.098022549,0,0,0,0.388587724,
s121-live01,175,3,False,1791606955019284596,5.513930142,0.535562023,0.008674342,0.951890367,False,0.0,0.0,0.0,0.003626849,0.0,0.0,0.0,0.0,0,0,0,0.0,0.0,0.0,0.304292534,0.0,0.0,0.0,0.081966426,0,0,0,0.396314511,
s121-live01,176,0,True,1791606960533214738,6.221040025,0.951890367,0.322553126,0.508729916,False,0.0,0.0,0.0,0.317284147,0.0,0.0,0.0,0.0,0,0,0,0.0,0.0,0.0,0.244434429,0.0,0.0,0.0,0.109843484,0,0,0,0.36905376,
s121-live01,177,1,False,1791606966754254763,5.579394343,0.508729916,0.031928679,0.560639386,False,0.0,0.0,0.0,0.026093804,0.0,0.0,0.0,0.0,0,0,0,0.0,0.0,0.0,0.274153425,0.0,0.0,0.0,0.151671052,0,0,0,0.388007393,
s121-live01,178,2,False,1791606972333649106,5.939194236,0.560639386,0.323475631,0.519687936,False,0.0,0.0,0.0,0.317624977,0.0,0.0,0.0,0.0,0,0,0,0.0,0.0,0.0,0.230974506,0.0,0.0,0.0,0.086040724,0,0,0,0.367721158,
s121-live01,179,3,False,1791606978272843342,5.649008897,0.519687936,0.058959831,1.109993155,False,0.0,0.0,0.0,0.053211009,0.0,0.0,0.0,0.0,0,0,0,0.0,0.0,0.0,0.273033379,0.0,0.0,0.0,0.173415702,0,0,0,0.33266174,
s121-live01,180,0,True,1791606983921852239,6.742939823,1.109993155,0.313319441,0.482807378,False,0.0,0.0,0.0,0.307814578,0.0,0.0,0.0,0.0,0,0,0,0.0,0.0,0.0,0.224795461,0.0,0.0,0.0,0.08231387,0,0,0,0.438867146,
s121-live01,181,1,False,1791606990664792062,5.584211765,0.482807378,0.058178143,0.452710983,False,0.0,0.0,0.0,0.052854703,0.0,0.0,0.0,0.0,0,0,0,0.0,0.0,0.0,0.181584701,0.0,0.0,0.0,0.082981302,0,0,0,0.399023556,
s121-live01,182,2,False,1791606996249003827,5.802184213,0.452710983,0.333117289,0.528330572,False,0.0,0.0,0.0,0.327570008,0.0,0.0,0.0,0.0,0,0,0,0.0,0.0,0.0,0.232990134,0.0,0.0,0.0,0.084980261,0,0,0,0.375734881,
s121-live01,183,3,False,1791607002051188040,5.510145123,0.528330572,0.007292777,0.974912335,False,0.0,0.0,0.0,0.001474976,0.0,0.0,0.0,0.0,0,0,0,0.0,0.0,0.0,0.315586927,0.0,0.0,0.0,0.108899651,0,0,0,0.39185194,
s121-live01,184,0,True,1791607007561333163,6.327524707,0.974912335,0.313099991,0.538607989,False,0.0,0.0,0.0,0.307484311,0.0,0.0,0.0,0.0,0,0,0,0.0,0.0,0.0,0.265867997,0.0,0.0,0.0,0.099261694,0,0,0,0.387714123,
s121-live01,185,1,False,1791607013888857870,5.529792377,0.538607989,0.006958617,0.575836139,False,0.0,0.0,0.0,0.001123274,0.0,0.0,0.0,0.0,0,0,0,0.0,0.0,0.0,0.285604695,0.0,0.0,0.0,0.080352249,0,0,0,0.279582079,
s121-live01,186,2,False,1791607019418650247,5.942835086,0.575836139,0.344296449,0.519483928,False,0.0,0.0,0.0,0.338441629,0.0,0.0,0.0,0.0,0,0,0,0.0,0.0,0.0,0.238559816,0.0,0.0,0.0,0.092051596,0,0,0,0.358033186,
s121-live01,187,3,False,1791607025361485333,5.539045685,0.519483928,0.007434412,1.028932973,False,0.0,0.0,0.0,0.001732511,0.0,0.0,0.0,0.0,0,0,0,0.0,0.0,0.0,0.337548323,0.0,0.0,0.0,0.126053387,0,0,0,0.321870378,
s121-live01,188,0,True,1791607030900531018,6.432358619,1.028932973,0.341605032,0.543180089,False,0.0,0.0,0.0,0.336394436,0.0,0.0,0.0,0.0,0,0,0,0.0,0.0,0.0,0.253024288,0.0,0.0,0.0,0.095887978,0,0,0,0.367315064,
s121-live01,189,1,False,1791607037332889637,5.601466508,0.543180089,0.029907015,0.602555652,False,0.0,0.0,0.0,0.023404247,0.0,0.0,0.0,0.0,0,0,0,0.0,0.0,0.0,0.295494427,0.0,0.0,0.0,0.161285773,0,0,0,0.419264087,
s121-live01,190,2,False,1791607042934356145,5.940925967,0.602555652,0.320127745,0.554826561,False,0.0,0.0,0.0,0.31473231,0.0,0.0,0.0,0.0,0,0,0,0.0,0.0,0.0,0.265122905,0.0,0.0,0.0,0.099693772,0,0,0,0.378703603,
s121-live01,191,3,False,1791607048875282112,5.575655073,0.554826561,0.031171002,0.951436073,False,0.0,0.0,0.0,0.02530363,0.0,0.0,0.0,0.0,0,0,0,0.0,0.0,0.0,0.278767283,0.0,0.0,0.0,0.148502713,0,0,0,0.398493501,
s121-live01,192,0,True,1791607054450937185,6.311837183,0.951436073,0.327757997,0.521822796,False,0.0,0.0,0.0,0.319764213,0.0,0.0,0.0,0.0,0,0,0,0.0,0.0,0.0,0.240944243,0.0,0.0,0.0,0.088843905,0,0,0,0.333249612,
s121-live01,193,1,False,1791607060762774368,5.578874933,0.521822796,0.053433344,0.466190063,False,0.0,0.0,0.0,0.047160559,0.0,0.0,0.0,0.0,0,0,0,0.0,0.0,0.0,0.192335037,0.0,0.0,0.0,0.082640538,0,0,0,0.392240672,
s121-live01,194,2,False,1791607066341649301,5.785175698,0.466190063,0.313059732,0.50212192,False,0.0,0.0,0.0,0.308025288,0.0,0.0,0.0,0.0,0,0,0,0.0,0.0,0.0,0.231184276,0.0,0.0,0.0,0.109959233,0,0,0,0.386252889,
s121-live01,195,3,False,1791607072126824999,5.552420042,0.50212192,0.058406038,0.850452421,False,0.0,0.0,0.0,0.052753441,0.0,0.0,0.0,0.0,0,0,0,0.0,0.0,0.0,0.188844063,0.0,0.0,0.0,0.078175479,0,0,0,0.408170467,
s121-live01,196,0,True,1791607077679245041,6.179960591,0.850452421,0.312903022,0.513619205,False,0.0,0.0,0.0,0.306939691,0.0,0.0,0.0,0.0,0,0,0,0.0,0.0,0.0,0.224279094,0.0,0.0,0.0,0.100608189,0,0,0,0.310138039,
s121-live01,197,1,False,1791607083859205632,5.515054029,0.513619205,0.035531149,0.519016974,False,0.0,0.0,0.0,0.02995708,0.0,0.0,0.0,0.0,0,0,0,0.0,0.0,0.0,0.261171667,0.0,0.0,0.0,0.143719617,0,0,0,0.428372599,
s121-live01,198,2,False,1791607089374259661,5.752433737,0.519016974,0.31394046,0.488634784,False,0.0,0.0,0.0,0.307083318,0.0,0.0,0.0,0.0,0,0,0,0.0,0.0,0.0,0.223974864,0.0,0.0,0.0,0.086377763,0,0,0,0.373250473,
s121-live01,199,3,False,1791607095126693398,5.532226219,0.488634784,0.055688795,1.125600986,False,0.0,0.0,0.0,0.049596692,0.0,0.0,0.0,0.0,0,0,0,0.0,0.0,0.0,0.27941251,0.0,0.0,0.0,0.170044621,0,0,0,0.407849461,
s121-live01,200,0,True,1791607100658919617,6.735149225,1.125600986,0.3144904,0.499892287,False,0.0,0.0,0.0,0.308598985,0.0,0.0,0.0,0.0,0,0,0,0.0,0.0,0.0,0.230273077,0.0,0.0,0.0,0.082040567,0,0,0,0.488850585,
s121-live01,201,1,False,1791607107394068842,5.545355274,0.499892287,0.036322222,0.545218743,False,0.0,0.0,0.0,0.030604464,0.0,0.0,0.0,0.0,0,0,0,0.0,0.0,0.0,0.266140776,0.0,0.0,0.0,0.1410966,0,0,0,0.408113366,
s121-live01,202,2,False,1791607112939424116,5.880510987,0.545218743,0.317673767,0.496784995,False,0.0,0.0,0.0,0.311653149,0.0,0.0,0.0,0.0,0,0,0,0.0,0.0,0.0,0.229207056,0.0,0.0,0.0,0.087888633,0,0,0,0.307992672,
s121-live01,203,3,False,1791607118819935103,5.543414813,0.496784995,0.058764645,0.878926145,False,0.0,0.0,0.0,0.053447531,0.0,0.0,0.0,0.0,0,0,0,0.0,0.0,0.0,0.197602353,0.0,0.0,0.0,0.078198187,0,0,0,0.353542361,
s121-live01,204,0,True,1791607124363349916,6.224858355,0.878926145,0.316411809,0.529554052,False,0.0,0.0,0.0,0.311055762,0.0,0.0,0.0,0.0,0,0,0,0.0,0.0,0.0,0.244408509,0.0,0.0,0.0,0.084978552,0,0,0,0.332648478,
s121-live01,205,1,False,1791607130588208271,5.561373578,0.529554052,0.013789504,0.598678403,False,0.0,0.0,0.0,0.008060545,0.0,0.0,0.0,0.0,0,0,0,0.0,0.0,0.0,0.320730181,0.0,0.0,0.0,0.101669481,0,0,0,0.430637793,
s121-live01,206,2,False,1791607136149581849,5.910978934,0.598678403,0.322520089,0.593586273,False,0.0,0.0,0.0,0.318046493,0.0,0.0,0.0,0.0,0,0,0,0.0,0.0,0.0,0.280573752,0.0,0.0,0.0,0.120484285,0,0,0,0.225492606,
s121-live01,207,3,False,1791607142060560783,5.543914926,0.593586273,0.007616459,1.01526008,False,0.0,0.0,0.0,0.001407067,0.0,0.0,0.0,0.0,0,0,0,0.0,0.0,0.0,0.328023562,0.0,0.0,0.0,0.114189879,0,0,0,0.336831693,
s121-live01,208,0,True,1791607147604475709,6.378733548,1.01526008,0.329520347,0.499568895,False,0.0,0.0,0.0,0.323535577,0.0,0.0,0.0,0.0,0,0,0,0.0,0.0,0.0,0.235176986,0.0,0.0,0.0,0.11623397,0,0,0,0.341189189,
s121-live01,209,1,False,1791607153983209257,5.511601945,0.499568895,0.01009461,0.638621545,False,0.0,0.0,0.0,0.001503559,0.0,0.0,0.0,0.0,0,0,0,0.0,0.0,0.0,0.333495163,0.0,0.0,0.0,0.118097663,0,0,0,0.375625852,
s121-live01,210,2,False,1791607159494811202,6.003769912,0.638621545,0.321119269,0.531375379,False,0.0,0.0,0.0,0.315618952,0.0,0.0,0.0,0.0,0,0,0,0.0,0.0,0.0,0.246256846,0.0,0.0,0.0,0.117671848,0,0,0,0.376642742,
s121-live01,211,3,False,1791607165498581114,5.516966443,0.531375379,0.009434067,1.013123102,False,0.0,0.0,0.0,0.001148511,0.0,0.0,0.0,0.0,0,0,0,0.0,0.0,0.0,0.319491426,0.0,0.0,0.0,0.112200552,0,0,0,0.39364714,
s121-live01,212,0,True,1791607171015547557,6.347175799,1.013123102,0.322723806,0.534012172,False,0.0,0.0,0.0,0.316965694,0.0,0.0,0.0,0.0,0,0,0,0.0,0.0,0.0,0.255245377,0.0,0.0,0.0,0.08323544,0,0,0,0.36826073,
s121-live01,213,1,False,1791607177362723356,5.544871606,0.534012172,0.065187456,0.469209674,False,0.0,0.0,0.0,0.059614162,0.0,0.0,0.0,0.0,0,0,0,0.0,0.0,0.0,0.189549868,0.0,0.0,0.0,0.079002544,0,0,0,0.402738275,
s121-live01,214,2,False,1791607182907594962,5.775232216,0.469209674,0.322696385,0.520522214,False,0.0,0.0,0.0,0.317350338,0.0,0.0,0.0,0.0,0,0,0,0.0,0.0,0.0,0.231126673,0.0,0.0,0.0,0.082752005,0,0,0,0.384637702,
s121-live01,215,3,False,1791607188682827178,5.553816897,0.520522214,0.037703092,0.958221048,False,0.0,0.0,0.0,0.030905195,0.0,0.0,0.0,0.0,0,0,0,0.0,0.0,0.0,0.262746674,0.0,0.0,0.0,0.084069801,0,0,0,0.376022796,
s121-live01,216,0,True,1791607194236644075,6.246835644,0.958221048,0.311734343,0.501861619,False,0.0,0.0,0.0,0.305914135,0.0,0.0,0.0,0.0,0,0,0,0.0,0.0,0.0,0.223610218,0.0,0.0,0.0,0.081728144,0,0,0,0.412194524,
s121-live01,217,1,False,1791607200483479719,5.522428271,0.501861619,0.033726901,0.545643307,False,0.0,0.0,0.0,0.028306284,0.0,0.0,0.0,0.0,0,0,0,0.0,0.0,0.0,0.263401319,0.0,0.0,0.0,0.083577469,0,0,0,0.360608016,
s121-live01,218,2,False,1791607206005907990,5.838671656,0.545643307,0.312572171,0.516916716,False,0.0,0.0,0.0,0.307082456,0.0,0.0,0.0,0.0,0,0,0,0.0,0.0,0.0,0.226128772,0.0,0.0,0.0,0.07302059,0,0,0,0.379133071,
s121-live01,219,3,False,1791607211844579646,5.591153007,0.516916716,0.052592593,1.117727793,False,0.0,0.0,0.0,0.047285401,0.0,0.0,0.0,0.0,0,0,0,0.0,0.0,0.0,0.289191624,0.0,0.0,0.0,0.18424753,0,0,0,0.349819682,
s121-live01,220,0,True,1791607217435732653,6.728549642,1.117727793,0.317676542,0.495024376,False,0.0,0.0,0.0,0.311298595,0.0,0.0,0.0,0.0,0,0,0,0.0,0.0,0.0,0.225762929,0.0,0.0,0.0,0.080446282,0,0,0,0.490375264,
s121-live01,221,1,False,1791607224164282295,5.456026476,0.495024376,0.007225891,0.570173048,False,0.0,0.0,0.0,0.001948314,0.0,0.0,0.0,0.0,0,0,0,0.0,0.0,0.0,0.307736998,0.0,0.0,0.0,0.115426744,0,0,0,0.396678195,
s121-live01,222,2,False,1791607229620308771,5.85389081,0.570173048,0.320158462,0.5068974,False,0.0,0.0,0.0,0.314991303,0.0,0.0,0.0,0.0,0,0,0,0.0,0.0,0.0,0.237552772,0.0,0.0,0.0,0.11061977,0,0,0,0.351443835,
s121-live01,223,3,False,1791607235474199581,5.509618674,0.5068974,0.032647424,0.916967875,False,0.0,0.0,0.0,0.027047311,0.0,0.0,0.0,0.0,0,0,0,0.0,0.0,0.0,0.254115787,0.0,0.0,0.0,0.083566835,0,0,0,0.410342254,
s121-live01,224,0,True,1791607240983818255,6.165489162,0.916967875,0.310731133,0.485444581,False,0.0,0.0,0.0,0.304767978,0.0,0.0,0.0,0.0,0,0,0,0.0,0.0,0.0,0.224399359,0.0,0.0,0.0,0.082395639,0,0,0,0.398403557,
s121-live01,225,1,False,1791607247149307417,5.526557164,0.485444581,0.030036,0.536442495,False,0.0,0.0,0.0,0.024501461,0.0,0.0,0.0,0.0,0,0,0,0.0,0.0,0.0,0.260689377,0.0,0.0,0.0,0.139374451,0,0,0,0.330094422,
s121-live01,226,2,False,1791607252675864581,5.868353038,0.536442495,0.339349999,0.492819496,False,0.0,0.0,0.0,0.333121004,0.0,0.0,0.0,0.0,0,0,0,0.0,0.0,0.0,0.220038234,0.0,0.0,0.0,0.075292996,0,0,0,0.340685212,
s121-live01,227,3,False,1791607258544217619,5.434157383,0.492819496,0.006985358,0.967832786,False,0.0,0.0,0.0,0.001585553,0.0,0.0,0.0,0.0,0,0,0,0.0,0.0,0.0,0.296866581,0.0,0.0,0.0,0.083209022,0,0,0,0.32021804,
s121-live01,228,0,True,1791607263978375002,6.300169571,0.967832786,0.342015483,0.525679337,False,0.0,0.0,0.0,0.334284283,0.0,0.0,0.0,0.0,0,0,0,0.0,0.0,0.0,0.229851007,0.0,0.0,0.0,0.081616274,0,0,0,0.355939181,
s121-live01,229,1,False,1791607270278544573,5.449408115,0.525679337,0.006943749,0.5773452,False,0.0,0.0,0.0,0.001259489,0.0,0.0,0.0,0.0,0,0,0,0.0,0.0,0.0,0.324455461,0.0,0.0,0.0,0.122151045,0,0,0,0.326530474,
s121-live01,230,2,False,1791607275727952688,5.856336773,0.5773452,0.316802159,0.519646734,False,0.0,0.0,0.0,0.310506059,0.0,0.0,0.0,0.0,0,0,0,0.0,0.0,0.0,0.241718093,0.0,0.0,0.0,0.093497945,0,0,0,0.365436483,
s121-live01,231,3,False,1791607281584289461,5.530085955,0.519646734,0.011738225,0.954744298,False,0.0,0.0,0.0,0.005123586,0.0,0.0,0.0,0.0,0,0,0,0.0,0.0,0.0,0.293641364,0.0,0.0,0.0,0.081599466,0,0,0,0.322169195,
s121-live01,232,0,True,1791607287114375416,6.296791048,0.954744298,0.314728181,0.49538962,False,0.0,0.0,0.0,0.309044883,0.0,0.0,0.0,0.0,0,0,0,0.0,0.0,0.0,0.224530338,0.0,0.0,0.0,0.109064534,0,0,0,0.406191287,
s121-live01,233,1,False,1791607293411166464,5.491821573,0.49538962,0.027456333,0.519873571,False,0.0,0.0,0.0,0.021641688,0.0,0.0,0.0,0.0,0,0,0,0.0,0.0,0.0,0.253567298,0.0,0.0,0.0,0.083638927,0,0,0,0.430432162,
s121-live01,234,2,False,1791607298902988037,5.745851772,0.519873571,0.312547165,0.485112098,False,0.0,0.0,0.0,0.307069013,0.0,0.0,0.0,0.0,0,0,0,0.0,0.0,0.0,0.226274115,0.0,0.0,0.0,0.079213844,0,0,0,0.334611738,
s121-live01,235,3,False,1791607304648839809,5.454042458,0.485112098,0.006967181,0.963531816,False,0.0,0.0,0.0,0.001305695,0.0,0.0,0.0,0.0,0,0,0,0.0,0.0,0.0,0.306021735,0.0,0.0,0.0,0.104456721,0,0,0,0.317567399,
s121-live01,236,0,True,1791607310102882267,6.25648634,0.963531816,0.316011503,0.496824918,False,0.0,0.0,0.0,0.310530687,0.0,0.0,0.0,0.0,0,0,0,0.0,0.0,0.0,0.238506506,0.0,0.0,0.0,0.086034075,0,0,0,0.388783251,
s121-live01,237,1,False,1791607316359368607,5.405688435,0.496824918,0.006546711,0.610095187,False,0.0,0.0,0.0,0.001131678,0.0,0.0,0.0,0.0,0,0,0,0.0,0.0,0.0,0.323040634,0.0,0.0,0.0,0.120703708,0,0,0,0.431490019,
s121-live01,238,2,False,1791607321765057042,5.866263402,0.610095187,0.313961354,0.482878901,False,0.0,0.0,0.0,0.308484725,0.0,0.0,0.0,0.0,0,0,0,0.0,0.0,0.0,0.219744365,0.0,0.0,0.0,0.074342517,0,0,0,0.37685505,
s121-live01,239,3,False,1791607327631320444,5.47957097,0.482878901,0.029172786,1.173148336,False,0.0,0.0,0.0,0.023623381,0.0,0.0,0.0,0.0,0,0,0,0.0,0.0,0.0,0.340437631,0.0,0.0,0.0,0.175439508,0,0,0,0.412938715,
s121-live01,240,0,True,1791607333110891414,6.747505278,1.173148336,0.311355949,0.498711177,False,0.0,0.0,0.0,0.305741792,0.0,0.0,0.0,0.0,0,0,0,0.0,0.0,0.0,0.242462062,0.0,0.0,0.0,0.086347256,0,0,0,0.510945222,
s121-live01,241,1,False,1791607339858396692,5.502061224,0.498711177,0.029230564,0.514059947,False,0.0,0.0,0.0,0.024471525,0.0,0.0,0.0,0.0,0,0,0,0.0,0.0,0.0,0.254758657,0.0,0.0,0.0,0.081714322,0,0,0,0.36810535,
s121-live01,242,2,False,1791607345360457916,5.784225045,0.514059947,0.313633878,0.504347842,False,0.0,0.0,0.0,0.307973364,0.0,0.0,0.0,0.0,0,0,0,0.0,0.0,0.0,0.239365497,0.0,0.0,0.0,0.091439497,0,0,0,0.362612875,
s121-live01,243,3,False,1791607351144682961,5.487119769,0.504347842,0.032432984,0.903539757,False,0.0,0.0,0.0,0.026754607,0.0,0.0,0.0,0.0,0,0,0,0.0,0.0,0.0,0.251463511,0.0,0.0,0.0,0.082013201,0,0,0,0.448719033,
s121-live01,244,0,True,1791607356631802730,6.177871145,0.903539757,0.310013306,0.530938829,False,0.0,0.0,0.0,0.304720463,0.0,0.0,0.0,0.0,0,0,0,0.0,0.0,0.0,0.233243105,0.0,0.0,0.0,0.078213614,0,0,0,0.395267808,
s121-live01,245,1,False,1791607362809673875,5.484539557,0.530938829,0.007238781,0.573324955,False,0.0,0.0,0.0,0.001501192,0.0,0.0,0.0,0.0,0,0,0,0.0,0.0,0.0,0.308571537,0.0,0.0,0.0,0.08320074,0,0,0,0.22537786,
s121-live01,246,2,False,1791607368294213432,5.796457064,0.573324955,0.307568205,0.507595574,False,0.0,0.0,0.0,0.057722793,0.0,0.0,0.0,0.0,0,0,0,0.0,0.0,0.0,0.245667294,0.0,0.0,0.0,0.108550772,0,0,0,0.338661899,
s121-live01,247,3,False,1791607374090670496,5.443390038,0.507595574,0.007269979,0.914121524,False,0.0,0.0,0.0,0.001239851,0.0,0.0,0.0,0.0,0,0,0,0.0,0.0,0.0,0.272178718,0.0,0.0,0.0,0.078800713,0,0,0,0.327701693,
s121-live01,248,0,True,1791607379534060534,6.184013902,0.914121524,0.303924199,0.501178998,False,0.0,0.0,0.0,0.297178385,0.0,0.0,0.0,0.0,0,0,0,0.0,0.0,0.0,0.237621527,0.0,0.0,0.0,0.091220984,0,0,0,0.378056192,
s121-live01,249,1,False,1791607385718074436,5.571894444,0.501178998,0.053658768,0.439695226,False,0.0,0.0,0.0,0.04838898,0.0,0.0,0.0,0.0,0,0,0,0.0,0.0,0.0,0.193692206,0.0,0.0,0.0,0.08847004,0,0,0,0.315097662,
s121-live01,250,2,False,1791607391289968880,5.681674273,0.439695226,0.30445223,0.52532819,False,0.0,0.0,0.0,0.296670589,0.0,0.0,0.0,0.0,0,0,0,0.0,0.0,0.0,0.24581965,0.0,0.0,0.0,0.092711792,0,0,0,0.340580537,
s121-live01,251,3,False,1791607396971643153,5.467907773,0.52532819,0.007284055,0.933057028,False,0.0,0.0,0.0,0.001398499,0.0,0.0,0.0,0.0,0,0,0,0.0,0.0,0.0,0.296324011,0.0,0.0,0.0,0.103754644,0,0,0,0.395877285,
s121-live01,252,0,True,1791607402439550926,6.210034323,0.933057028,0.29798104,0.480909417,False,0.0,0.0,0.0,0.292271044,0.0,0.0,0.0,0.0,0,0,0,0.0,0.0,0.0,0.229802246,0.0,0.0,0.0,0.101807611,0,0,0,0.401089446,
s121-live01,253,1,False,1791607408649585249,5.431052143,0.480909417,0.00807912,0.592207959,False,0.0,0.0,0.0,0.0013991,0.0,0.0,0.0,0.0,0,0,0,0.0,0.0,0.0,0.323370028,0.0,0.0,0.0,0.120845411,0,0,0,0.382759676,
s121-live01,254,2,False,1791607414080637392,5.920142267,0.592207959,0.346668996,0.488932291,False,0.0,0.0,0.0,0.340373049,0.0,0.0,0.0,0.0,0,0,0,0.0,0.0,0.0,0.216786576,0.0,0.0,0.0,0.078895549,0,0,0,0.449631354,
s121-live01,255,3,False,1791607420000779659,5.555927469,0.488932291,0.052013358,0.84158579,False,0.0,0.0,0.0,0.046635588,0.0,0.0,0.0,0.0,0,0,0,0.0,0.0,0.0,0.184715737,0.0,0.0,0.0,0.077142753,0,0,0,0.426043287,
s121-live01,256,0,True,1791607425556707128,6.097793342,0.84158579,0.30601506,0.501305213,False,0.0,0.0,0.0,0.300443254,0.0,0.0,0.0,0.0,0,0,0,0.0,0.0,0.0,0.243945397,0.0,0.0,0.0,0.110259553,0,0,0,0.388737211,
s121-live01,257,1,False,1791607431654500470,5.457255102,0.501305213,0.006722228,0.51574505,False,0.0,0.0,0.0,0.001114265,0.0,0.0,0.0,0.0,0,0,0,0.0,0.0,0.0,0.270016706,0.0,0.0,0.0,0.071682935,0,0,0,0.27082666,
s121-live01,258,2,False,1791607437111755572,5.757929939,0.51574505,0.310704876,0.501775839,False,0.0,0.0,0.0,0.305404561,0.0,0.0,0.0,0.0,0,0,0,0.0,0.0,0.0,0.247014888,0.0,0.0,0.0,0.106642047,0,0,0,0.366077166,
s121-live01,259,3,False,1791607442869685511,5.544626793,0.501775839,0.055514697,1.073938103,False,0.0,0.0,0.0,0.050267743,0.0,0.0,0.0,0.0,0,0,0,0.0,0.0,0.0,0.268241259,0.0,0.0,0.0,0.167665639,0,0,0,0.33890755,
s121-live01,260,0,True,1791607448414312304,6.588230698,1.073938103,0.304173084,0.477640916,False,0.0,0.0,0.0,0.298148959,0.0,0.0,0.0,0.0,0,0,0,0.0,0.0,0.0,0.224856552,0.0,0.0,0.0,0.083734738,0,0,0,0.451624607,
s121-live01,261,1,False,1791607455002543002,5.422224042,0.477640916,0.008285797,0.539185668,False,0.0,0.0,0.0,0.001577455,0.0,0.0,0.0,0.0,0,0,0,0.0,0.0,0.0,0.285798024,0.0,0.0,0.0,0.101876482,0,0,0,0.393268602,
s121-live01,262,2,False,1791607460424767044,5.811856297,0.539185668,0.314662612,0.49107268,False,0.0,0.0,0.0,0.307821031,0.0,0.0,0.0,0.0,0,0,0,0.0,0.0,0.0,0.224139957,0.0,0.0,0.0,0.082445311,0,0,0,0.403133973,
s121-live01,263,3,False,1791607466236623341,5.463305026,0.49107268,0.017334046,0.93580246,False,0.0,0.0,0.0,0.011167894,0.0,0.0,0.0,0.0,0,0,0,0.0,0.0,0.0,0.289853668,0.0,0.0,0.0,0.106504659,0,0,0,0.394127463,
s121-live01,264,0,True,1791607471699928367,6.236267446,0.93580246,0.310838532,0.50362622,False,0.0,0.0,0.0,0.305252211,0.0,0.0,0.0,0.0,0,0,0,0.0,0.0,0.0,0.226602216,0.0,0.0,0.0,0.109666611,0,0,0,0.394286175,
s121-live01,265,1,False,1791607477936195813,5.484337072,0.50362622,0.034682769,0.513446864,False,0.0,0.0,0.0,0.029014042,0.0,0.0,0.0,0.0,0,0,0,0.0,0.0,0.0,0.258780915,0.0,0.0,0.0,0.082073237,0,0,0,0.317233698,
s121-live01,266,2,False,1791607483420532885,5.790782673,0.513446864,0.315574684,0.487967908,False,0.0,0.0,0.0,0.310116423,0.0,0.0,0.0,0.0,0,0,0,0.0,0.0,0.0,0.228114171,0.0,0.0,0.0,0.085532138,0,0,0,0.313927058,
s121-live01,267,3,False,1791607489211315558,5.447535993,0.487967908,0.029404656,0.920206046,False,0.0,0.0,0.0,0.024120262,0.0,0.0,0.0,0.0,0,0,0,0.0,0.0,0.0,0.269285162,0.0,0.0,0.0,0.153493393,0,0,0,0.344281073,
s121-live01,268,0,True,1791607494658851551,6.256399612,0.920206046,0.324781742,0.494834358,False,0.0,0.0,0.0,0.318721479,0.0,0.0,0.0,0.0,0,0,0,0.0,0.0,0.0,0.234457217,0.0,0.0,0.0,0.089587238,0,0,0,0.33858615,
s121-live01,269,1,False,1791607500915251163,5.414147448,0.494834358,0.007420369,0.579085977,False,0.0,0.0,0.0,0.001438475,0.0,0.0,0.0,0.0,0,0,0,0.0,0.0,0.0,0.313402695,0.0,0.0,0.0,0.117045352,0,0,0,0.302036639,
s121-live01,270,2,False,1791607506329398611,5.909935227,0.579085977,0.319672475,0.497237649,False,0.0,0.0,0.0,0.315116611,0.0,0.0,0.0,0.0,0,0,0,0.0,0.0,0.0,0.229251042,0.0,0.0,0.0,0.080112153,0,0,0,0.33491564,
s121-live01,271,3,False,1791607512239333838,5.611422721,0.497237649,0.053859954,0.837989174,False,0.0,0.0,0.0,0.048984079,0.0,0.0,0.0,0.0,0,0,0,0.0,0.0,0.0,0.184926809,0.0,0.0,0.0,0.074635618,0,0,0,0.312338725,
s121-live01,272,0,True,1791607517850756559,6.132088502,0.837989174,0.303203898,0.472125929,False,0.0,0.0,0.0,0.29776272,0.0,0.0,0.0,0.0,0,0,0,0.0,0.0,0.0,0.219352077,0.0,0.0,0.0,0.076775148,0,0,0,0.381691496,
s121-live01,273,1,False,1791607523982845061,5.462372524,0.472125929,0.032961259,0.510362587,False,0.0,0.0,0.0,0.027411286,0.0,0.0,0.0,0.0,0,0,0,0.0,0.0,0.0,0.259161856,0.0,0.0,0.0,0.146814172,0,0,0,0.399576889,
s121-live01,274,2,False,1791607529445217585,5.787225147,0.510362587,0.309205891,0.504039833,False,0.0,0.0,0.0,0.302351918,0.0,0.0,0.0,0.0,0,0,0,0.0,0.0,0.0,0.23105589,0.0,0.0,0.0,0.079085739,0,0,0,0.433806636,
s121-live01,275,3,False,1791607535232442732,5.413258096,0.504039833,0.007324648,0.941320232,False,0.0,0.0,0.0,0.001210355,0.0,0.0,0.0,0.0,0,0,0,0.0,0.0,0.0,0.311653336,0.0,0.0,0.0,0.10846394,0,0,0,0.418396562,
s121-live01,276,0,True,1791607540645700828,6.278105628,0.941320232,0.333061732,0.522834374,False,0.0,0.0,0.0,0.324751702,0.0,0.0,0.0,0.0,0,0,0,0.0,0.0,0.0,0.257023484,0.0,0.0,0.0,0.102073466,0,0,0,0.390436649,
s121-live01,277,1,False,1791607546923806456,5.481698287,0.522834374,0.009366316,0.565441284,False,0.0,0.0,0.0,0.001967719,0.0,0.0,0.0,0.0,0,0,0,0.0,0.0,0.0,0.312531486,0.0,0.0,0.0,0.110168851,0,0,0,0.412218575,
s121-live01,278,2,False,1791607552405504743,5.806848005,0.565441284,0.306243402,0.48713177,False,0.0,0.0,0.0,0.300019153,0.0,0.0,0.0,0.0,0,0,0,0.0,0.0,0.0,0.233463731,0.0,0.0,0.0,0.080343207,0,0,0,0.426642462,
s121-live01,279,3,False,1791607558212352748,5.417373633,0.48713177,0.007571823,1.201268925,False,0.0,0.0,0.0,0.001837615,0.0,0.0,0.0,0.0,0,0,0,0.0,0.0,0.0,0.379946093,0.0,0.0,0.0,0.164846453,0,0,0,0.410400226,
s121-live01,280,0,True,1791607563629726381,6.750607448,1.201268925,0.311820325,0.511057977,False,0.0,0.0,0.0,0.305177118,0.0,0.0,0.0,0.0,0,0,0,0.0,0.0,0.0,0.259872002,0.0,0.0,0.0,0.114372528,0,0,0,0.559628964,
s121-live01,281,1,False,1791607570380333829,5.618001473,0.511057977,0.056204642,0.424658532,False,0.0,0.0,0.0,0.050914689,0.0,0.0,0.0,0.0,0,0,0,0.0,0.0,0.0,0.176453123,0.0,0.0,0.0,0.072840732,0,0,0,0.380332377,
s121-live01,282,2,False,1791607575998335302,5.717091921,0.424658532,0.310468755,0.475283742,False,0.0,0.0,0.0,0.305226833,0.0,0.0,0.0,0.0,0,0,0,0.0,0.0,0.0,0.214922709,0.0,0.0,0.0,0.071145385,0,0,0,0.40250096,
s121-live01,283,3,False,1791607581715427223,5.403307255,0.475283742,0.007184965,0.951263106,False,0.0,0.0,0.0,0.001722758,0.0,0.0,0.0,0.0,0,0,0,0.0,0.0,0.0,0.309283644,0.0,0.0,0.0,0.104453569,0,0,0,0.376672787,
s121-live01,284,0,True,1791607587118734478,6.230587491,0.951263106,0.302742224,0.480023315,False,0.0,0.0,0.0,0.296402318,0.0,0.0,0.0,0.0,0,0,0,0.0,0.0,0.0,0.228249129,0.0,0.0,0.0,0.106044037,0,0,0,0.388900024,
s121-live01,285,1,False,1791607593349321969,5.374106583,0.480023315,0.007289251,0.550548475,False,0.0,0.0,0.0,0.001765819,0.0,0.0,0.0,0.0,0,0,0,0.0,0.0,0.0,0.291774355,0.0,0.0,0.0,0.079690353,0,0,0,0.375833779,
s121-live01,286,2,False,1791607598723428552,5.889802122,0.550548475,0.316112876,0.481096039,False,0.0,0.0,0.0,0.310239647,0.0,0.0,0.0,0.0,0,0,0,0.0,0.0,0.0,0.216320954,0.0,0.0,0.0,0.083566617,0,0,0,0.370821614,
s121-live01,287,3,False,1791607604613230674,5.432279784,0.481096039,0.006887685,0.951608982,False,0.0,0.0,0.0,0.001011381,0.0,0.0,0.0,0.0,0,0,0,0.0,0.0,0.0,0.302903635,0.0,0.0,0.0,0.10718675,0,0,0,0.338701759,
s121-live01,288,0,True,1791607610045510458,6.256947004,0.951608982,0.303802059,0.476062734,False,0.0,0.0,0.0,0.297679411,0.0,0.0,0.0,0.0,0,0,0,0.0,0.0,0.0,0.231148105,0.0,0.0,0.0,0.087378378,0,0,0,0.323656106,
s121-live01,289,1,False,1791607616302457462,5.419033514,0.476062734,0.006648966,0.531457012,False,0.0,0.0,0.0,0.000980583,0.0,0.0,0.0,0.0,0,0,0,0.0,0.0,0.0,0.280753396,0.0,0.0,0.0,0.077278845,0,0,0,0.340637398,
s121-live01,290,2,False,1791607621721490976,5.789532053,0.531457012,0.313855186,0.504044202,False,0.0,0.0,0.0,0.309133201,0.0,0.0,0.0,0.0,0,0,0,0.0,0.0,0.0,0.242438889,0.0,0.0,0.0,0.094332297,0,0,0,0.387777642,
s121-live01,291,3,False,1791607627511023029,5.411212313,0.504044202,0.006966242,1.002148208,False,0.0,0.0,0.0,0.001099135,0.0,0.0,0.0,0.0,0,0,0,0.0,0.0,0.0,0.322071845,0.0,0.0,0.0,0.09460668,0,0,0,0.392932787,
s121-live01,292,0,True,1791607632922235342,6.315579847,1.002148208,0.314462388,0.53161612,False,0.0,0.0,0.0,0.310032713,0.0,0.0,0.0,0.0,0,0,0,0.0,0.0,0.0,0.248219839,0.0,0.0,0.0,0.089678307,0,0,0,0.419410375,
s121-live01,293,1,False,1791607639237815189,5.451029222,0.53161612,0.007552956,0.58433782,False,0.0,0.0,0.0,0.001517963,0.0,0.0,0.0,0.0,0,0,0,0.0,0.0,0.0,0.309084157,0.0,0.0,0.0,0.10835639,0,0,0,0.395823789,
s121-live01,294,2,False,1791607644688844411,5.861491612,0.58433782,0.340126284,0.525214655,False,0.0,0.0,0.0,0.334548251,0.0,0.0,0.0,0.0,0,0,0,0.0,0.0,0.0,0.240821728,0.0,0.0,0.0,0.090257893,0,0,0,0.451736479,
s121-live01,295,3,False,1791607650550336023,5.439818765,0.525214655,0.007011197,0.927351852,False,0.0,0.0,0.0,0.00096323,0.0,0.0,0.0,0.0,0,0,0,0.0,0.0,0.0,0.279593152,0.0,0.0,0.0,0.076728285,0,0,0,0.433598654,
s121-live01,296,0,True,1791607655990154788,6.20141585,0.927351852,0.304972607,0.494072033,False,0.0,0.0,0.0,0.299663469,0.0,0.0,0.0,0.0,0,0,0,0.0,0.0,0.0,0.221900291,0.0,0.0,0.0,0.080726858,0,0,0,0.407348685,
s121-live01,297,1,False,1791607662191570638,5.540820359,0.494072033,0.05360223,0.462023143,False,0.0,0.0,0.0,0.047990072,0.0,0.0,0.0,0.0,0,0,0,0.0,0.0,0.0,0.185304821,0.0,0.0,0.0,0.078905034,0,0,0,0.345911765,
s121-live01,298,2,False,1791607667732390997,5.700500834,0.462023143,0.302165744,0.479835774,False,0.0,0.0,0.0,0.29570917,0.0,0.0,0.0,0.0,0,0,0,0.0,0.0,0.0,0.218555228,0.0,0.0,0.0,0.074525181,0,0,0,0.310282049,
s121-live01,299,3,False,1791607673432891831,5.397508408,0.479835774,0.007232933,1.189182183,False,0.0,0.0,0.0,0.001854064,0.0,0.0,0.0,0.0,0,0,0,0.0,0.0,0.0,0.378215798,0.0,0.0,0.0,0.183102938,0,0,0,0.40099044,
s121-live01,300,0,True,1791607678830400239,6.717157241,1.189182183,0.303445963,0.475968284,False,0.0,0.0,0.0,0.297110106,0.0,0.0,0.0,0.0,0,0,0,0.0,0.0,0.0,0.220654598,0.0,0.0,0.0,0.078389762,0,0,0,0.452547268,
s121-live01,301,1,False,1791607685547557480,5.473981973,0.475968284,0.034347872,0.494084074,False,0.0,0.0,0.0,0.028156787,0.0,0.0,0.0,0.0,0,0,0,0.0,0.0,0.0,0.24562822,0.0,0.0,0.0,0.076584388,0,0,0,0.383956657,
s121-live01,302,2,False,1791607691021539453,5.785214781,0.494084074,0.303952679,0.47706796,False,0.0,0.0,0.0,0.298732719,0.0,0.0,0.0,0.0,0,0,0,0.0,0.0,0.0,0.22711774,0.0,0.0,0.0,0.081871254,0,0,0,0.394026868,
s121-live01,303,3,False,1791607696806754234,5.422526736,0.47706796,0.00793934,0.937512147,False,0.0,0.0,0.0,0.002500188,0.0,0.0,0.0,0.0,0,0,0,0.0,0.0,0.0,0.29231826,0.0,0.0,0.0,0.075045555,0,0,0,0.407284249,
s121-live01,304,0,True,1791607702229280970,6.239189189,0.937512147,0.299750935,0.459795499,False,0.0,0.0,0.0,0.292940917,0.0,0.0,0.0,0.0,0,0,0,0.0,0.0,0.0,0.214241527,0.0,0.0,0.0,0.071537561,0,0,0,0.427168582,
s121-live01,305,1,False,1791607708468470159,5.528925445,0.459795499,0.052876992,0.435876642,False,0.0,0.0,0.0,0.046682691,0.0,0.0,0.0,0.0,0,0,0,0.0,0.0,0.0,0.184163468,0.0,0.0,0.0,0.081169822,0,0,0,0.332660379,
s121-live01,306,2,False,1791607713997395604,5.703184668,0.435876642,0.30360966,0.495751279,False,0.0,0.0,0.0,0.298537548,0.0,0.0,0.0,0.0,0,0,0,0.0,0.0,0.0,0.230143887,0.0,0.0,0.0,0.106209999,0,0,0,0.348326255,
s121-live01,307,3,False,1791607719700580272,5.442638536,0.495751279,0.006675435,0.942536828,False,0.0,0.0,0.0,0.000808249,0.0,0.0,0.0,0.0,0,0,0,0.0,0.0,0.0,0.299936193,0.0,0.0,0.0,0.10373099,0,0,0,0.332147057,
s121-live01,308,0,True,1791607725143218808,6.233927693,0.942536828,0.317455553,0.482496278,False,0.0,0.0,0.0,0.311130046,0.0,0.0,0.0,0.0,0,0,0,0.0,0.0,0.0,0.228405635,0.0,0.0,0.0,0.086285282,0,0,0,0.381266622,
s121-live01,309,1,False,1791607731377146501,5.532418064,0.482496278,0.0541811,0.427730614,False,0.0,0.0,0.0,0.049074694,0.0,0.0,0.0,0.0,0,0,0,0.0,0.0,0.0,0.173190369,0.0,0.0,0.0,0.074455782,0,0,0,0.369194711,
s121-live01,310,2,False,1791607736909564565,5.658690422,0.427730614,0.310033548,0.472180462,False,0.0,0.0,0.0,0.303615587,0.0,0.0,0.0,0.0,0,0,0,0.0,0.0,0.0,0.221488862,0.0,0.0,0.0,0.078653058,0,0,0,0.377913903,
s121-live01,311,3,False,1791607742568254987,5.472661973,0.472180462,0.035456271,0.897764609,False,0.0,0.0,0.0,0.029175278,0.0,0.0,0.0,0.0,0,0,0,0.0,0.0,0.0,0.246374024,0.0,0.0,0.0,0.077431902,0,0,0,0.430933265,
s121-live01,312,0,True,1791607748040916960,6.207843327,0.897764609,0.306622031,0.487458944,False,0.0,0.0,0.0,0.300442889,0.0,0.0,0.0,0.0,0,0,0,0.0,0.0,0.0,0.222914065,0.0,0.0,0.0,0.079213039,0,0,0,0.406083392,
s121-live01,313,1,False,1791607754248760287,5.429221683,0.487458944,0.006580376,0.575211715,False,0.0,0.0,0.0,0.001155692,0.0,0.0,0.0,0.0,0,0,0,0.0,0.0,0.0,0.300056259,0.0,0.0,0.0,0.105041104,0,0,0,0.339296841,
s121-live01,314,2,False,1791607759677981970,5.904539187,0.575211715,0.31789003,0.484249383,False,0.0,0.0,0.0,0.312271061,0.0,0.0,0.0,0.0,0,0,0,0.0,0.0,0.0,0.223848797,0.0,0.0,0.0,0.074594078,0,0,0,0.466795514,
s121-live01,315,3,False,1791607765582521157,5.514216855,0.484249383,0.059321797,0.869770055,False,0.0,0.0,0.0,0.054025414,0.0,0.0,0.0,0.0,0,0,0,0.0,0.0,0.0,0.195654833,0.0,0.0,0.0,0.081254413,0,0,0,0.374678664,
s121-live01,316,0,True,1791607771096738012,6.220109933,0.869770055,0.318909549,0.475734722,False,0.0,0.0,0.0,0.312142673,0.0,0.0,0.0,0.0,0,0,0,0.0,0.0,0.0,0.223341299,0.0,0.0,0.0,0.081287073,0,0,0,0.409928371,
s121-live01,317,1,False,1791607777316847945,5.49421277,0.475734722,0.061967257,0.450210333,False,0.0,0.0,0.0,0.055671156,0.0,0.0,0.0,0.0,0,0,0,0.0,0.0,0.0,0.186599804,0.0,0.0,0.0,0.083279887,0,0,0,0.44181143,
s121-live01,318,2,False,1791607782811060715,5.723298499,0.450210333,0.314601587,0.506359371,False,0.0,0.0,0.0,0.309466648,0.0,0.0,0.0,0.0,0,0,0,0.0,0.0,0.0,0.229213459,0.0,0.0,0.0,0.103437596,0,0,0,0.40545113,
s121-live01,319,3,False,1791607788534359214,5.419973158,0.506359371,0.006365111,1.235392871,False,0.0,0.0,0.0,0.001037379,0.0,0.0,0.0,0.0,0,0,0,0.0,0.0,0.0,0.392287918,0.0,0.0,0.0,0.198239252,0,0,0,0.397999142,
s121-live01,320,0,True,1791607793954332372,6.792454948,1.235392871,0.330035975,0.486152961,False,0.0,0.0,0.0,0.324393151,0.0,0.0,0.0,0.0,0,0,0,0.0,0.0,0.0,0.222847272,0.0,0.0,0.0,0.076266656,0,0,0,0.516180797,
s121-live01,321,1,False,1791607800746787320,5.4529421,0.486152961,0.0321799,0.533974229,False,0.0,0.0,0.0,0.026591038,0.0,0.0,0.0,0.0,0,0,0,0.0,0.0,0.0,0.263970446,0.0,0.0,0.0,0.149642208,0,0,0,0.354446242,
s121-live01,322,2,False,1791607806199729420,5.804118957,0.533974229,0.313529622,0.512799113,False,0.0,0.0,0.0,0.30754747,0.0,0.0,0.0,0.0,0,0,0,0.0,0.0,0.0,0.245166388,0.0,0.0,0.0,0.091492175,0,0,0,0.399453873,
s121-live01,323,3,False,1791607812003848377,5.469339242,0.512799113,0.007458806,0.921794237,False,0.0,0.0,0.0,0.001910691,0.0,0.0,0.0,0.0,0,0,0,0.0,0.0,0.0,0.27759832,0.0,0.0,0.0,0.077094399,0,0,0,0.372122341,
s121-live01,324,0,True,1791607817473187619,6.240120514,0.921794237,0.307651099,0.506207267,False,0.0,0.0,0.0,0.302233899,0.0,0.0,0.0,0.0,0,0,0,0.0,0.0,0.0,0.239950823,0.0,0.0,0.0,0.097406828,0,0,0,0.42447351,
s121-live01,325,1,False,1791607823713308133,5.494091182,0.506207267,0.03609745,0.508434337,False,0.0,0.0,0.0,0.029986547,0.0,0.0,0.0,0.0,0,0,0,0.0,0.0,0.0,0.252144063,0.0,0.0,0.0,0.083426787,0,0,0,0.380391703,
s121-live01,326,2,False,1791607829207399315,12.614534966,0.508434337,0.307512213,0.397935982,False,0.0,0.0,0.0,0.301848741,0.0,0.0,0.0,0.0,0,0,0,0.0,0.0,0.0,0.0,0.0,0.0,0.0,0.086517122,0,0,0,0.367685063,
s121-live01,327,3,False,1791607841821934281,5.585534055,0.397935982,0.33990776,0.868502625,False,0.0,0.0,0.0,0.33444217,0.0,0.0,0.0,0.0,0,0,0,0.0,0.0,0.0,0.19898688,0.0,0.0,0.0,0.076136486,0,0,0,5.3266788,
s121-live01,328,0,True,1791607847407468336,5.887878451,0.868502625,0.006738612,0.527239364,False,0.0,0.0,0.0,0.001080921,0.0,0.0,0.0,0.0,0,0,0,0.0,0.0,0.0,0.277231875,0.0,0.0,0.0,0.101871482,0,0,0,0.404754388,
s121-live01,329,1,False,1791607853295346787,5.820926643,0.527239364,0.311693267,0.474985582,False,0.0,0.0,0.0,0.306460835,0.0,0.0,0.0,0.0,0,0,0,0.0,0.0,0.0,0.223151082,0.0,0.0,0.0,0.083584239,0,0,0,0.318103794,
s121-live01,330,2,False,1791607859116273430,5.45660635,0.474985582,0.007375058,0.547046624,False,0.0,0.0,0.0,0.001568216,0.0,0.0,0.0,0.0,0,0,0,0.0,0.0,0.0,0.281274106,0.0,0.0,0.0,0.077265305,0,0,0,0.36511675,
s121-live01,331,3,False,1791607864572879780,5.902222515,0.547046624,0.30929692,0.884064898,False,0.0,0.0,0.0,0.303984357,0.0,0.0,0.0,0.0,0,0,0,0.0,0.0,0.0,0.227071595,0.0,0.0,0.0,0.076934592,0,0,0,0.409876753,
s121-live01,332,0,True,1791607870475102295,5.881428311,0.884064898,0.007571297,0.599113861,False,0.0,0.0,0.0,0.00138921,0.0,0.0,0.0,0.0,0,0,0,0.0,0.0,0.0,0.309838956,0.0,0.0,0.0,0.08304873,0,0,0,0.358800465,
s121-live01,333,1,False,1791607876356530606,5.930697981,0.599113861,0.305901164,0.466160804,False,0.0,0.0,0.0,0.30075792,0.0,0.0,0.0,0.0,0,0,0,0.0,0.0,0.0,0.215214932,0.0,0.0,0.0,0.077417208,0,0,0,0.351520303,
s121-live01,334,2,False,1791607882287228587,5.550825005,0.466160804,0.053767349,0.433424299,False,0.0,0.0,0.0,0.048446982,0.0,0.0,0.0,0.0,0,0,0,0.0,0.0,0.0,0.186093992,0.0,0.0,0.0,0.075621623,0,0,0,0.375788431,
s121-live01,335,3,False,1791607887838053592,5.734096521,0.433424299,0.315122055,0.862569699,False,0.0,0.0,0.0,0.309586724,0.0,0.0,0.0,0.0,0,0,0,0.0,0.0,0.0,0.217503389,0.0,0.0,0.0,0.097672547,0,0,0,0.385189492,
s121-live01,336,0,True,1791607893572150113,5.930324606,0.862569699,0.029124394,0.541379548,False,0.0,0.0,0.0,0.023686386,0.0,0.0,0.0,0.0,0,0,0,0.0,0.0,0.0,0.258976314,0.0,0.0,0.0,0.143175957,0,0,0,0.412512799,
s121-live01,337,1,False,1791607899502474719,5.836166867,0.541379548,0.317997543,0.514458199,False,0.0,0.0,0.0,0.312758058,0.0,0.0,0.0,0.0,0,0,0,0.0,0.0,0.0,0.239515466,0.0,0.0,0.0,0.088408849,0,0,0,0.327109474,
s121-live01,338,2,False,1791607905338641586,5.458421446,0.514458199,0.00699867,0.566409601,False,0.0,0.0,0.0,0.000786899,0.0,0.0,0.0,0.0,0,0,0,0.0,0.0,0.0,0.304561625,0.0,0.0,0.0,0.102170607,0,0,0,0.395335096,
s121-live01,339,3,False,1791607910797063032,5.974648692,0.566409601,0.34799397,1.177795442,False,0.0,0.0,0.0,0.342050473,0.0,0.0,0.0,0.0,0,0,0,0.0,0.0,0.0,0.351326232,0.0,0.0,0.0,0.198907472,0,0,0,0.384803926,
s121-live01,340,0,True,1791607916771711724,6.547790196,1.177795442,0.032880311,0.503584025,False,0.0,0.0,0.0,0.02719036,0.0,0.0,0.0,0.0,0,0,0,0.0,0.0,0.0,0.250300415,0.0,0.0,0.0,0.14134928,0,0,0,0.471317588,
s121-live01,341,1,False,1791607923319501920,5.819068917,0.503584025,0.313741656,0.503197455,False,0.0,0.0,0.0,0.308497974,0.0,0.0,0.0,0.0,0,0,0,0.0,0.0,0.0,0.2343648,0.0,0.0,0.0,0.086384993,0,0,0,0.395526858,
s121-live01,342,2,False,1791607929138570837,5.549148115,0.503197455,0.030376766,0.54064848,False,0.0,0.0,0.0,0.023749754,0.0,0.0,0.0,0.0,0,0,0,0.0,0.0,0.0,0.26862391,0.0,0.0,0.0,0.148214898,0,0,0,0.430381704,
s121-live01,343,3,False,1791607934687718952,5.879209251,0.54064848,0.330056216,0.940711259,False,0.0,0.0,0.0,0.324309368,0.0,0.0,0.0,0.0,0,0,0,0.0,0.0,0.0,0.243709605,0.0,0.0,0.0,0.092026442,0,0,0,0.424199336,
s121-live01,344,0,True,1791607940566928203,6.089077586,0.940711259,0.053208856,0.43983999,False,0.0,0.0,0.0,0.046331784,0.0,0.0,0.0,0.0,0,0,0,0.0,0.0,0.0,0.184849019,0.0,0.0,0.0,0.080616943,0,0,0,0.419332417,
s121-live01,345,1,False,1791607946656005789,5.735074365,0.43983999,0.322017006,0.5603894,False,0.0,0.0,0.0,0.316381828,0.0,0.0,0.0,0.0,0,0,0,0.0,0.0,0.0,0.256686695,0.0,0.0,0.0,0.085021399,0,0,0,0.344525588,
s121-live01,346,2,False,1791607952391080154,5.703064952,0.5603894,0.055298651,0.448642562,False,0.0,0.0,0.0,0.049580147,0.0,0.0,0.0,0.0,0,0,0,0.0,0.0,0.0,0.185231565,0.0,0.0,0.0,0.078131623,0,0,0,0.294170222,
s121-live01,347,3,False,1791607958094145106,5.754604019,0.448642562,0.324782528,0.887149384,False,0.0,0.0,0.0,0.319273397,0.0,0.0,0.0,0.0,0,0,0,0.0,0.0,0.0,0.232650589,0.0,0.0,0.0,0.080985525,0,0,0,0.323191829,
s121-live01,348,0,True,1791607963848749125,5.991167488,0.887149384,0.02760082,0.57156746,False,0.0,0.0,0.0,0.022082892,0.0,0.0,0.0,0.0,0,0,0,0.0,0.0,0.0,0.259969077,0.0,0.0,0.0,0.144445349,0,0,0,0.318476587,
s121-live01,349,1,False,1791607969839916613,5.930749257,0.57156746,0.358344973,0.48308637,False,0.0,0.0,0.0,0.351801769,0.0,0.0,0.0,0.0,0,0,0,0.0,0.0,0.0,0.22393413,0.0,0.0,0.0,0.08066412,0,0,0,0.379006424,
s121-live01,350,2,False,1791607975770665870,5.441960976,0.48308637,0.007836925,0.577901704,False,0.0,0.0,0.0,0.001412504,0.0,0.0,0.0,0.0,0,0,0,0.0,0.0,0.0,0.299243015,0.0,0.0,0.0,0.099509347,0,0,0,0.411994753,
s121-live01,351,3,False,1791607981212626846,5.925551712,0.577901704,0.332012513,0.923136667,False,0.0,0.0,0.0,0.326851597,0.0,0.0,0.0,0.0,0,0,0,0.0,0.0,0.0,0.245002161,0.0,0.0,0.0,0.092558617,0,0,0,0.40197207,
s121-live01,352,0,True,1791607987138178558,6.046674307,0.923136667,0.05329226,0.48352841,False,0.0,0.0,0.0,0.048116355,0.0,0.0,0.0,0.0,0,0,0,0.0,0.0,0.0,0.197989257,0.0,0.0,0.0,0.085608829,0,0,0,0.373213262,
s121-live01,353,1,False,1791607993184852865,5.832533783,0.48352841,0.338933401,0.526541823,False,0.0,0.0,0.0,0.333469255,0.0,0.0,0.0,0.0,0,0,0,0.0,0.0,0.0,0.262091505,0.0,0.0,0.0,0.113060486,0,0,0,0.392705263,
s121-live01,354,2,False,1791607999017386648,5.512062171,0.526541823,0.007455138,0.555231094,False,0.0,0.0,0.0,0.002077023,0.0,0.0,0.0,0.0,0,0,0,0.0,0.0,0.0,0.286544028,0.0,0.0,0.0,0.081353692,0,0,0,0.345441527,
s121-live01,355,3,False,1791608004529448819,5.908204714,0.555231094,0.35240585,0.902243586,False,0.0,0.0,0.0,0.344726331,0.0,0.0,0.0,0.0,0,0,0,0.0,0.0,0.0,0.232762096,0.0,0.0,0.0,0.084669622,0,0,0,0.400886229,
s121-live01,356,0,True,1791608010437653533,5.934407195,0.902243586,0.007290828,0.592762913,False,0.0,0.0,0.0,0.001627227,0.0,0.0,0.0,0.0,0,0,0,0.0,0.0,0.0,0.311419351,0.0,0.0,0.0,0.090921067,0,0,0,0.419046807,
s121-live01,357,1,False,1791608016372060728,5.90045156,0.592762913,0.337309562,0.550177177,False,0.0,0.0,0.0,0.331828183,0.0,0.0,0.0,0.0,0,0,0,0.0,0.0,0.0,0.243824609,0.0,0.0,0.0,0.093209797,0,0,0,0.43181331,
s121-live01,358,2,False,1791608022272512288,5.606388987,0.550177177,0.008003286,0.565574583,False,0.0,0.0,0.0,0.00145315,0.0,0.0,0.0,0.0,0,0,0,0.0,0.0,0.0,0.276420339,0.0,0.0,0.0,0.079278271,0,0,0,0.385708164,
s121-live01,359,3,False,1791608027878901275,5.877919433,0.565574583,0.311500718,1.164605668,False,0.0,0.0,0.0,0.306208224,0.0,0.0,0.0,0.0,0,0,0,0.0,0.0,0.0,0.314163581,0.0,0.0,0.0,0.174777628,0,0,0,0.413498354,
s121-live01,360,0,True,1791608033756820708,6.506460777,1.164605668,0.007555055,0.561836332,False,0.0,0.0,0.0,0.001306485,0.0,0.0,0.0,0.0,0,0,0,0.0,0.0,0.0,0.296745673,0.0,0.0,0.0,0.09459126,0,0,0,0.571883129,
s121-live01,361,1,False,1791608040263281485,5.946036877,0.561836332,0.342130101,0.534512252,False,0.0,0.0,0.0,0.33680715,0.0,0.0,0.0,0.0,0,0,0,0.0,0.0,0.0,0.259283828,0.0,0.0,0.0,0.100862763,0,0,0,0.415342364,
s121-live01,362,2,False,1791608046209318362,5.581485628,0.534512252,0.029317613,0.559392565,False,0.0,0.0,0.0,0.023369477,0.0,0.0,0.0,0.0,0,0,0,0.0,0.0,0.0,0.274894145,0.0,0.0,0.0,0.087978676,0,0,0,0.407222275,
s121-live01,363,3,False,1791608051790803990,5.853384552,0.559392565,0.315650777,0.946516843,False,0.0,0.0,0.0,0.310051737,0.0,0.0,0.0,0.0,0,0,0,0.0,0.0,0.0,0.277491443,0.0,0.0,0.0,0.12254596,0,0,0,0.449460339,
s121-live01,364,0,True,1791608057644188542,5.991412445,0.946516843,0.006700459,0.590475175,False,0.0,0.0,0.0,0.001145332,0.0,0.0,0.0,0.0,0,0,0,0.0,0.0,0.0,0.314798223,0.0,0.0,0.0,0.112610403,0,0,0,0.392039584,
s121-live01,365,1,False,1791608063635600987,5.910448454,0.590475175,0.306807669,0.484069307,False,0.0,0.0,0.0,0.301748654,0.0,0.0,0.0,0.0,0,0,0,0.0,0.0,0.0,0.228496187,0.0,0.0,0.0,0.102860674,0,0,0,0.403973314,
s121-live01,366,2,False,1791608069546049441,5.482832018,0.484069307,0.007587074,0.572152154,False,0.0,0.0,0.0,0.001950063,0.0,0.0,0.0,0.0,0,0,0,0.0,0.0,0.0,0.307536437,0.0,0.0,0.0,0.1041998,0,0,0,0.318879007,
s121-live01,367,3,False,1791608075028881459,12.688178073,0.572152154,0.324617226,0.781850263,False,0.0,0.0,0.0,0.3193286,0.0,0.0,0.0,0.0,0,0,0,0.0,0.0,0.0,0.0,0.0,0.0,0.0,0.075137757,0,0,0,0.404839296,
s121-live01,368,0,True,1791608087717059532,5.985673648,0.781850263,0.358769787,0.474515487,False,0.0,0.0,0.0,0.353619661,0.0,0.0,0.0,0.0,0,0,0,0.0,0.0,0.0,0.22509356,0.0,0.0,0.0,0.084217405,0,0,0,5.733209957,
s121-live01,369,1,False,1791608093702733180,5.532340047,0.474515487,0.027983394,0.514482343,False,0.0,0.0,0.0,0.0221151,0.0,0.0,0.0,0.0,0,0,0,0.0,0.0,0.0,0.260041367,0.0,0.0,0.0,0.148829326,0,0,0,0.387880839,
s121-live01,370,2,False,1791608099235073227,5.815560341,0.514482343,0.330230926,0.504791594,False,0.0,0.0,0.0,0.325397735,0.0,0.0,0.0,0.0,0,0,0,0.0,0.0,0.0,0.23063031,0.0,0.0,0.0,0.105885153,0,0,0,0.379689446,
s121-live01,371,3,False,1791608105050633568,5.52063051,0.504791594,0.007394693,0.940763626,False,0.0,0.0,0.0,0.001478487,0.0,0.0,0.0,0.0,0,0,0,0.0,0.0,0.0,0.297050225,0.0,0.0,0.0,0.08792489,0,0,0,0.284734597,
s121-live01,372,0,True,1791608110571264078,6.337268161,0.940763626,0.326699507,0.491036836,False,0.0,0.0,0.0,0.321978287,0.0,0.0,0.0,0.0,0,0,0,0.0,0.0,0.0,0.240717759,0.0,0.0,0.0,0.080509197,0,0,0,0.354202439,
s121-live01,373,1,False,1791608116908532239,5.59404097,0.491036836,0.058090257,0.44898017,False,0.0,0.0,0.0,0.052754613,0.0,0.0,0.0,0.0,0,0,0,0.0,0.0,0.0,0.188621171,0.0,0.0,0.0,0.088673445,0,0,0,0.370065249,
s121-live01,374,2,False,1791608122502573209,5.792969217,0.44898017,0.330772416,0.487646181,False,0.0,0.0,0.0,0.324465888,0.0,0.0,0.0,0.0,0,0,0,0.0,0.0,0.0,0.222105679,0.0,0.0,0.0,0.10590108,0,0,0,0.458882893,
s121-live01,375,3,False,1791608128295542426,5.507568155,0.487646181,0.007048944,0.936356457,False,0.0,0.0,0.0,0.001222447,0.0,0.0,0.0,0.0,0,0,0,0.0,0.0,0.0,0.288297435,0.0,0.0,0.0,0.077751805,0,0,0,0.439429562,
s121-live01,376,0,True,1791608133803110581,6.260011507,0.936356457,0.309218859,0.457143771,False,0.0,0.0,0.0,0.303621162,0.0,0.0,0.0,0.0,0,0,0,0.0,0.0,0.0,0.209459067,0.0,0.0,0.0,0.071248877,0,0,0,0.418030637,
s121-live01,377,1,False,1791608140063122088,5.522888562,0.457143771,0.059462133,0.457722185,False,0.0,0.0,0.0,0.051846446,0.0,0.0,0.0,0.0,0,0,0,0.0,0.0,0.0,0.18943178,0.0,0.0,0.0,0.075004553,0,0,0,0.383550176,
s121-live01,378,2,False,1791608145586010650,5.757165076,0.457722185,0.316707596,0.505193078,False,0.0,0.0,0.0,0.311620709,0.0,0.0,0.0,0.0,0,0,0,0.0,0.0,0.0,0.229632937,0.0,0.0,0.0,0.087220493,0,0,0,0.361548088,
s121-live01,379,3,False,1791608151343175726,5.524979047,0.505193078,0.007415872,1.220643283,False,0.0,0.0,0.0,0.001968257,0.0,0.0,0.0,0.0,0,0,0,0.0,0.0,0.0,0.387907609,0.0,0.0,0.0,0.180555413,0,0,0,0.451330533,
s121-live01,380,0,True,1791608156868154773,6.852387059,1.220643283,0.32494616,0.511907346,False,0.0,0.0,0.0,0.317970455,0.0,0.0,0.0,0.0,0,0,0,0.0,0.0,0.0,0.240988358,0.0,0.0,0.0,0.088109513,0,0,0,0.48932456,
s121-live01,381,1,False,1791608163720541832,5.474509293,0.511907346,0.006952652,0.556918828,False,0.0,0.0,0.0,0.001272431,0.0,0.0,0.0,0.0,0,0,0,0.0,0.0,0.0,0.295353393,0.0,0.0,0.0,0.082097136,0,0,0,0.368006677,
s121-live01,382,2,False,1791608169195051125,5.940998814,0.556918828,0.323381628,0.500927904,False,0.0,0.0,0.0,0.317775636,0.0,0.0,0.0,0.0,0,0,0,0.0,0.0,0.0,0.23821797,0.0,0.0,0.0,0.088296924,0,0,0,0.313667638,
s121-live01,383,3,False,1791608175136049939,5.516663517,0.500927904,0.032593804,0.93010656,False,0.0,0.0,0.0,0.02749787,0.0,0.0,0.0,0.0,0,0,0,0.0,0.0,0.0,0.263036928,0.0,0.0,0.0,0.091395625,0,0,0,0.398660954,
s121-live01,384,0,True,1791608180652713456,6.351909806,0.93010656,0.347582612,0.527206129,False,0.0,0.0,0.0,0.341288126,0.0,0.0,0.0,0.0,0,0,0,0.0,0.0,0.0,0.255578393,0.0,0.0,0.0,0.086765235,0,0,0,0.415706855,
s121-live01,385,1,False,1791608187004623262,5.515543673,0.527206129,0.006716178,0.608092056,False,0.0,0.0,0.0,0.001345719,0.0,0.0,0.0,0.0,0,0,0,0.0,0.0,0.0,0.326512024,0.0,0.0,0.0,0.092629533,0,0,0,0.319933205,
s121-live01,386,2,False,1791608192520166935,6.023710143,0.608092056,0.368250587,0.507627713,False,0.0,0.0,0.0,0.362477481,0.0,0.0,0.0,0.0,0,0,0,0.0,0.0,0.0,0.244437692,0.0,0.0,0.0,0.087962534,0,0,0,0.305134792,
s121-live01,387,3,False,1791608198543877078,5.601856699,0.507627713,0.008406142,0.981513429,False,0.0,0.0,0.0,0.001867488,0.0,0.0,0.0,0.0,0,0,0,0.0,0.0,0.0,0.31152198,0.0,0.0,0.0,0.092729158,0,0,0,0.280968781,
s121-live01,388,0,True,1791608204145733777,6.316654949,0.981513429,0.326339285,0.526040288,False,0.0,0.0,0.0,0.320628577,0.0,0.0,0.0,0.0,0,0,0,0.0,0.0,0.0,0.245776193,0.0,0.0,0.0,0.107896452,0,0,0,0.323375217,
s121-live01,389,1,False,1791608210462388726,5.686395028,0.526040288,0.0576952,0.478211372,False,0.0,0.0,0.0,0.052627439,0.0,0.0,0.0,0.0,0,0,0,0.0,0.0,0.0,0.2102975,0.0,0.0,0.0,0.082678987,0,0,0,0.319588181,
s121-live01,390,2,False,1791608216148783754,5.853547879,0.478211372,0.335758759,0.518488607,False,0.0,0.0,0.0,0.329050526,0.0,0.0,0.0,0.0,0,0,0,0.0,0.0,0.0,0.253923507,0.0,0.0,0.0,0.120519115,0,0,0,0.383372008,
s121-live01,391,3,False,1791608222002331633,5.641261098,0.518488607,0.053446989,0.898025618,False,0.0,0.0,0.0,0.048286875,0.0,0.0,0.0,0.0,0,0,0,0.0,0.0,0.0,0.196738646,0.0,0.0,0.0,0.080598087,0,0,0,0.298934147,
s121-live01,392,0,True,1791608227643592731,6.289000447,0.898025618,0.359575399,0.514572025,False,0.0,0.0,0.0,0.352572463,0.0,0.0,0.0,0.0,0,0,0,0.0,0.0,0.0,0.256735589,0.0,0.0,0.0,0.119190669,0,0,0,0.34303722,
s121-live01,393,1,False,1791608233932593178,5.491166314,0.514572025,0.007600289,0.615464736,False,0.0,0.0,0.0,0.001869282,0.0,0.0,0.0,0.0,0,0,0,0.0,0.0,0.0,0.336218188,0.0,0.0,0.0,0.122212655,0,0,0,0.314772608,
s121-live01,394,2,False,1791608239423759492,6.00817884,0.615464736,0.326478439,0.526406143,False,0.0,0.0,0.0,0.321911109,0.0,0.0,0.0,0.0,0,0,0,0.0,0.0,0.0,0.242970887,0.0,0.0,0.0,0.086746567,0,0,0,0.392165943,
s121-live01,395,3,False,1791608245431938332,5.634023107,0.526406143,0.036280347,0.950885968,False,0.0,0.0,0.0,0.02912752,0.0,0.0,0.0,0.0,0,0,0,0.0,0.0,0.0,0.268025345,0.0,0.0,0.0,0.083287117,0,0,0,0.240822421,
s121-live01,396,0,True,1791608251065961439,6.418328034,0.950885968,0.369188983,0.568246322,False,0.0,0.0,0.0,0.36306579,0.0,0.0,0.0,0.0,0,0,0,0.0,0.0,0.0,0.252312145,0.0,0.0,0.0,0.088239781,0,0,0,0.359590673,
s121-live01,397,1,False,1791608257484289473,5.657319457,0.568246322,0.038780545,0.52360268,False,0.0,0.0,0.0,0.033386742,0.0,0.0,0.0,0.0,0,0,0,0.0,0.0,0.0,0.258813487,0.0,0.0,0.0,0.139321305,0,0,0,0.346993615,
s121-live01,398,2,False,1791608263141608930,5.872821665,0.52360268,0.328679158,0.529149679,False,0.0,0.0,0.0,0.322720834,0.0,0.0,0.0,0.0,0,0,0,0.0,0.0,0.0,0.254238842,0.0,0.0,0.0,0.127139479,0,0,0,0.437471569,
s121-live01,399,3,False,1791608269014430595,5.510440643,0.529149679,0.00694644,1.262502094,False,0.0,0.0,0.0,0.001652354,0.0,0.0,0.0,0.0,0,0,0,0.0,0.0,0.0,0.395298509,0.0,0.0,0.0,0.168905281,0,0,0,0.379302259,
s121-live01,400,0,True,1791608274524871238,6.964848321,1.262502094,0.347662819,0.506095173,False,0.0,0.0,0.0,0.341311988,0.0,0.0,0.0,0.0,0,0,0,0.0,0.0,0.0,0.244819023,0.0,0.0,0.0,0.087831673,0,0,0,0.534173302,
s121-live01,401,1,False,1791608281489719559,5.558415213,0.506095173,0.008493035,0.626015126,False,0.0,0.0,0.0,0.00156511,0.0,0.0,0.0,0.0,0,0,0,0.0,0.0,0.0,0.342929565,0.0,0.0,0.0,0.106397141,0,0,0,0.364641504,
s121-live01,402,2,False,1791608287048134772,5.945114575,0.626015126,0.326155963,0.551652775,False,0.0,0.0,0.0,0.320673714,0.0,0.0,0.0,0.0,0,0,0,0.0,0.0,0.0,0.263254304,0.0,0.0,0.0,0.087588846,0,0,0,0.359624698,
s121-live01,403,3,False,1791608292993249347,5.66286297,0.551652775,0.062473564,0.911669485,False,0.0,0.0,0.0,0.057305936,0.0,0.0,0.0,0.0,0,0,0,0.0,0.0,0.0,0.204721663,0.0,0.0,0.0,0.082586408,0,0,0,0.411120577,
s121-live01,404,0,True,1791608298656112317,6.313760082,0.911669485,0.33549757,0.524863394,False,0.0,0.0,0.0,0.330162808,0.0,0.0,0.0,0.0,0,0,0,0.0,0.0,0.0,0.260754607,0.0,0.0,0.0,0.081973627,0,0,0,0.398651,
s121-live01,405,1,False,1791608304969872399,5.75715727,0.524863394,0.056073941,0.55760975,False,0.0,0.0,0.0,0.049597585,0.0,0.0,0.0,0.0,0,0,0,0.0,0.0,0.0,0.229257835,0.0,0.0,0.0,0.100021531,0,0,0,0.34939163,
s121-live01,406,2,False,1791608310727029669,5.937755041,0.55760975,0.328107955,0.528849288,False,0.0,0.0,0.0,0.322636757,0.0,0.0,0.0,0.0,0,0,0,0.0,0.0,0.0,0.247711021,0.0,0.0,0.0,0.097777956,0,0,0,0.339258332,
s121-live01,407,3,False,1791608316664784710,5.572187034,0.528849288,0.033468714,0.932900016,False,0.0,0.0,0.0,0.028126548,0.0,0.0,0.0,0.0,0,0,0,0.0,0.0,0.0,0.257619874,0.0,0.0,0.0,0.078504008,0,0,0,0.370898921,
s121-live01,408,0,True,1791608322236971744,6.338967867,0.932900016,0.330720851,0.541885254,False,0.0,0.0,0.0,0.325027706,0.0,0.0,0.0,0.0,0,0,0,0.0,0.0,0.0,0.246020784,0.0,0.0,0.0,0.089103019,0,0,0,0.430667381,
s121-live01,409,1,False,1791608328575939611,5.623896946,0.541885254,0.029094437,0.541325521,False,0.0,0.0,0.0,0.023527518,0.0,0.0,0.0,0.0,0,0,0,0.0,0.0,0.0,0.260343459,0.0,0.0,0.0,0.089542784,0,0,0,0.397054243,
s121-live01,410,2,False,1791608334199836557,5.8777744,0.541325521,0.31973418,0.521319595,False,0.0,0.0,0.0,0.31438957,0.0,0.0,0.0,0.0,0,0,0,0.0,0.0,0.0,0.244886811,0.0,0.0,0.0,0.091115989,0,0,0,0.355278052,
s121-live01,411,3,False,1791608340077610957,5.700357666,0.521319595,0.052790201,0.860315177,False,0.0,0.0,0.0,0.047330574,0.0,0.0,0.0,0.0,0,0,0,0.0,0.0,0.0,0.184411283,0.0,0.0,0.0,0.07879858,0,0,0,0.368734009,
s121-live01,412,0,True,1791608345777968623,6.299925917,0.860315177,0.371208937,0.511967454,False,0.0,0.0,0.0,0.364856964,0.0,0.0,0.0,0.0,0,0,0,0.0,0.0,0.0,0.232211449,0.0,0.0,0.0,0.080237534,0,0,0,0.432977514,
s121-live01,413,1,False,1791608352077894540,5.644506257,0.511967454,0.035636265,0.543246342,False,0.0,0.0,0.0,0.030256369,0.0,0.0,0.0,0.0,0,0,0,0.0,0.0,0.0,0.269800792,0.0,0.0,0.0,0.086044161,0,0,0,0.468189652,
s121-live01,414,2,False,1791608357722400797,5.943545717,0.543246342,0.33270385,0.527914308,False,0.0,0.0,0.0,0.327483523,0.0,0.0,0.0,0.0,0,0,0,0.0,0.0,0.0,0.229334442,0.0,0.0,0.0,0.086628689,0,0,0,0.418404856,
s121-live01,415,3,False,1791608363665946514,5.675382894,0.527914308,0.051800632,0.872052215,False,0.0,0.0,0.0,0.046290961,0.0,0.0,0.0,0.0,0,0,0,0.0,0.0,0.0,0.194956841,0.0,0.0,0.0,0.090444165,0,0,0,0.399789784,
s121-live01,416,0,True,1791608369341329408,6.283623109,0.872052215,0.329864093,0.516663429,False,0.0,0.0,0.0,0.324225361,0.0,0.0,0.0,0.0,0,0,0,0.0,0.0,0.0,0.243674189,0.0,0.0,0.0,0.088395568,0,0,0,0.426534466,
s121-live01,417,1,False,1791608375624952517,5.55167835,0.516663429,0.030780153,0.535874166,False,0.0,0.0,0.0,0.025180203,0.0,0.0,0.0,0.0,0,0,0,0.0,0.0,0.0,0.278506153,0.0,0.0,0.0,0.153348726,0,0,0,0.409429311,
s121-live01,418,2,False,1791608381176630867,5.887101208,0.535874166,0.346460418,0.518775843,False,0.0,0.0,0.0,0.339830774,0.0,0.0,0.0,0.0,0,0,0,0.0,0.0,0.0,0.230966405,0.0,0.0,0.0,0.080995656,0,0,0,0.410884082,
s121-live02,10,2,False,1791609569772073912,5.663216612,0.454662619,0.297240407,0.477356131,False,0.0,0.0,0.0,0.291245952,0.0,0.0,0.0,0.0,0,0,0,0.0,0.0,0.0,0.22377592,0.0,0.0,0.0,0.078897265,0,0,0,0.381465585,
s121-live02,11,3,False,1791609575435290524,5.485933059,0.477356131,0.031738401,0.904319204,False,0.0,0.0,0.0,0.026306054,0.0,0.0,0.0,0.0,0,0,0,0.0,0.0,0.0,0.25737569,0.0,0.0,0.0,0.137428255,0,0,0,0.39334573,
s121-live02,12,0,True,1791609580921223583,6.187796305,0.904319204,0.302081245,0.485305328,False,0.0,0.0,0.0,0.297609035,0.0,0.0,0.0,0.0,0,0,0,0.0,0.0,0.0,0.223811314,0.0,0.0,0.0,0.08403355,0,0,0,0.421135425,
s121-live02,13,1,False,1791609587109019888,5.454622995,0.485305328,0.006950294,0.586196971,False,0.0,0.0,0.0,0.001694049,0.0,0.0,0.0,0.0,0,0,0,0.0,0.0,0.0,0.302307082,0.0,0.0,0.0,0.10040592,0,0,0,0.440793931,
s121-live02,14,2,False,1791609592563642883,5.816761359,0.586196971,0.303569519,0.511558486,False,0.0,0.0,0.0,0.298462174,0.0,0.0,0.0,0.0,0,0,0,0.0,0.0,0.0,0.237459365,0.0,0.0,0.0,0.084783006,0,0,0,0.408515255,
s121-live02,15,3,False,1791609598380404242,5.418964727,0.511558486,0.009128454,0.985038711,False,0.0,0.0,0.0,0.001461792,0.0,0.0,0.0,0.0,0,0,0,0.0,0.0,0.0,0.311169569,0.0,0.0,0.0,0.083046616,0,0,0,0.400094793,
s121-live02,16,0,True,1791609603799368969,6.282003797,0.985038711,0.298986737,0.505476739,False,0.0,0.0,0.0,0.294248728,0.0,0.0,0.0,0.0,0,0,0,0.0,0.0,0.0,0.237116176,0.0,0.0,0.0,0.081762146,0,0,0,0.431391337,
s121-live02,17,1,False,1791609610081372766,5.389590331,0.505476739,0.006605555,0.567623506,False,0.0,0.0,0.0,0.001079702,0.0,0.0,0.0,0.0,0,0,0,0.0,0.0,0.0,0.309306636,0.0,0.0,0.0,0.104726503,0,0,0,0.354020427,
s121-live02,18,2,False,1791609615470963097,5.782812414,0.567623506,0.299489148,0.531883964,False,0.0,0.0,0.0,0.294332411,0.0,0.0,0.0,0.0,0,0,0,0.0,0.0,0.0,0.228970761,0.0,0.0,0.0,0.085013562,0,0,0,0.399081263,
s121-live02,19,3,False,1791609621253775511,5.58395208,0.531883964,0.050785859,1.149898552,False,0.0,0.0,0.0,0.045597633,0.0,0.0,0.0,0.0,0,0,0,0.0,0.0,0.0,0.28377536,0.0,0.0,0.0,0.174573919,0,0,0,0.326922351,
s121-live02,20,0,True,1791609626837727591,6.64447593,1.149898552,0.297412743,0.497865761,False,0.0,0.0,0.0,0.291780221,0.0,0.0,0.0,0.0,0,0,0,0.0,0.0,0.0,0.232136007,0.0,0.0,0.0,0.102220478,0,0,0,0.471991807,
s121-live02,21,1,False,1791609633482203521,5.396693485,0.497865761,0.006642794,0.579218904,False,0.0,0.0,0.0,0.001164362,0.0,0.0,0.0,0.0,0,0,0,0.0,0.0,0.0,0.309403888,0.0,0.0,0.0,0.110974874,0,0,0,0.421503359,
s121-live02,22,2,False,1791609638878897006,5.818340789,0.579218904,0.300730173,0.485156153,False,0.0,0.0,0.0,0.295423895,0.0,0.0,0.0,0.0,0,0,0,0.0,0.0,0.0,0.219479894,0.0,0.0,0.0,0.075219008,0,0,0,0.393677551,
s121-live02,23,3,False,1791609644697237795,5.404785168,0.485156153,0.007354483,0.94820486,False,0.0,0.0,0.0,0.001291531,0.0,0.0,0.0,0.0,0,0,0,0.0,0.0,0.0,0.298085438,0.0,0.0,0.0,0.112031407,0,0,0,0.392732543,
s121-live02,24,0,True,1791609650102022963,6.243673519,0.94820486,0.304963837,0.501372493,False,0.0,0.0,0.0,0.299631981,0.0,0.0,0.0,0.0,0,0,0,0.0,0.0,0.0,0.228349387,0.0,0.0,0.0,0.077525585,0,0,0,0.436869993,
s121-live02,25,1,False,1791609656345696482,5.452094775,0.501372493,0.007168964,0.546690732,False,0.0,0.0,0.0,0.001368737,0.0,0.0,0.0,0.0,0,0,0,0.0,0.0,0.0,0.279481556,0.0,0.0,0.0,0.076502597,0,0,0,0.28449313,
s121-live02,26,2,False,1791609661797791257,5.811739257,0.546690732,0.305783797,0.514403267,False,0.0,0.0,0.0,0.300456509,0.0,0.0,0.0,0.0,0,0,0,0.0,0.0,0.0,0.253477615,0.0,0.0,0.0,0.088365464,0,0,0,0.403372492,
s121-live02,27,3,False,1791609667609530514,5.481662297,0.514403267,0.02973635,0.923818069,False,0.0,0.0,0.0,0.0239404,0.0,0.0,0.0,0.0,0,0,0,0.0,0.0,0.0,0.259219075,0.0,0.0,0.0,0.082587587,0,0,0,0.339974464,
s121-live02,28,0,True,1791609673091192811,6.222891378,0.923818069,0.321220637,0.475859135,False,0.0,0.0,0.0,0.314719391,0.0,0.0,0.0,0.0,0,0,0,0.0,0.0,0.0,0.224245892,0.0,0.0,0.0,0.088505875,0,0,0,0.3782081,
s121-live02,29,1,False,1791609679314084189,5.415609798,0.475859135,0.006777867,0.529532598,False,0.0,0.0,0.0,0.001493361,0.0,0.0,0.0,0.0,0,0,0,0.0,0.0,0.0,0.273091895,0.0,0.0,0.0,0.076584886,0,0,0,0.33926316,
s121-live02,30,2,False,1791609684729693987,5.776480795,0.529532598,0.301186626,0.495834,False,0.0,0.0,0.0,0.295217902,0.0,0.0,0.0,0.0,0,0,0,0.0,0.0,0.0,0.236201455,0.0,0.0,0.0,0.086903565,0,0,0,0.375805671,
s121-live02,31,3,False,1791609690506174782,5.523678852,0.495834,0.03560848,0.907820947,False,0.0,0.0,0.0,0.029968424,0.0,0.0,0.0,0.0,0,0,0,0.0,0.0,0.0,0.252107937,0.0,0.0,0.0,0.078711044,0,0,0,0.411199297,
s121-live02,32,0,True,1791609696029853634,6.132702036,0.907820947,0.311473665,0.509819059,False,0.0,0.0,0.0,0.306410184,0.0,0.0,0.0,0.0,0,0,0,0.0,0.0,0.0,0.248026941,0.0,0.0,0.0,0.08821562,0,0,0,0.340997701,
s121-live02,33,1,False,1791609702162555670,5.498665118,0.509819059,0.031748063,0.514383219,False,0.0,0.0,0.0,0.026415677,0.0,0.0,0.0,0.0,0,0,0,0.0,0.0,0.0,0.257935986,0.0,0.0,0.0,0.08676039,0,0,0,0.373686497,
s121-live02,34,2,False,1791609707661220788,5.800417369,0.514383219,0.308774731,0.495860948,False,0.0,0.0,0.0,0.303709758,0.0,0.0,0.0,0.0,0,0,0,0.0,0.0,0.0,0.219891338,0.0,0.0,0.0,0.079940242,0,0,0,0.402332242,
s121-live02,35,3,False,1791609713461638157,5.417615699,0.495860948,0.006974116,0.9599668,False,0.0,0.0,0.0,0.001300949,0.0,0.0,0.0,0.0,0,0,0,0.0,0.0,0.0,0.301607406,0.0,0.0,0.0,0.105918352,0,0,0,0.389998902,
s121-live02,36,0,True,1791609718879253856,6.325699548,0.9599668,0.32592207,0.498177666,False,0.0,0.0,0.0,0.320468977,0.0,0.0,0.0,0.0,0,0,0,0.0,0.0,0.0,0.221335967,0.0,0.0,0.0,0.080795178,0,0,0,0.384241849,
s121-live02,37,1,False,1791609725204953404,5.445276354,0.498177666,0.033973318,0.518332648,False,0.0,0.0,0.0,0.028551724,0.0,0.0,0.0,0.0,0,0,0,0.0,0.0,0.0,0.25675449,0.0,0.0,0.0,0.137255674,0,0,0,0.40982641,
s121-live02,38,2,False,1791609730650229758,5.750015117,0.518332648,0.297381393,0.481190808,False,0.0,0.0,0.0,0.291948639,0.0,0.0,0.0,0.0,0,0,0,0.0,0.0,0.0,0.225585546,0.0,0.0,0.0,0.081264066,0,0,0,0.377623598,
s121-live02,39,3,False,1791609736400244875,5.515734556,0.481190808,0.053308314,1.116714202,False,0.0,0.0,0.0,0.048133715,0.0,0.0,0.0,0.0,0,0,0,0.0,0.0,0.0,0.274172149,0.0,0.0,0.0,0.170347746,0,0,0,0.384540567,
s121-live02,40,0,True,1791609741915979431,6.661756143,1.116714202,0.297842379,0.520737732,False,0.0,0.0,0.0,0.292155907,0.0,0.0,0.0,0.0,0,0,0,0.0,0.0,0.0,0.228253678,0.0,0.0,0.0,0.081204601,0,0,0,0.545494072,
s121-live02,41,1,False,1791609748577735574,5.573841374,0.520737732,0.033680343,0.494130228,False,0.0,0.0,0.0,0.027950801,0.0,0.0,0.0,0.0,0,0,0,0.0,0.0,0.0,0.245316904,0.0,0.0,0.0,0.081668914,0,0,0,0.375734239,
s121-live02,42,2,False,1791609754151576948,5.747276824,0.494130228,0.303971692,0.478743833,False,0.0,0.0,0.0,0.297844721,0.0,0.0,0.0,0.0,0,0,0,0.0,0.0,0.0,0.224845605,0.0,0.0,0.0,0.080868085,0,0,0,0.358747263,
s121-live02,43,3,False,1791609759898853772,5.489245389,0.478743833,0.057545464,0.818337596,False,0.0,0.0,0.0,0.05250073,0.0,0.0,0.0,0.0,0,0,0,0.0,0.0,0.0,0.177038735,0.0,0.0,0.0,0.075210046,0,0,0,0.334840687,
s121-live02,44,0,True,1791609765388099161,6.104829137,0.818337596,0.31335599,0.508805486,False,0.0,0.0,0.0,0.307684867,0.0,0.0,0.0,0.0,0,0,0,0.0,0.0,0.0,0.239187716,0.0,0.0,0.0,0.089537035,0,0,0,0.366959003,
s121-live02,45,1,False,1791609771492928298,5.502491204,0.508805486,0.050752478,0.439491629,False,0.0,0.0,0.0,0.04555666,0.0,0.0,0.0,0.0,0,0,0,0.0,0.0,0.0,0.183564267,0.0,0.0,0.0,0.079872236,0,0,0,0.364115365,
s121-live02,46,2,False,1791609776995419502,5.6564357,0.439491629,0.303665833,0.484807508,False,0.0,0.0,0.0,0.056306769,0.0,0.0,0.0,0.0,0,0,0,0.0,0.0,0.0,0.228712905,0.0,0.0,0.0,0.079052843,0,0,0,0.349339393,
s121-live02,47,3,False,1791609782651855202,5.510474076,0.484807508,0.03354767,0.91144288,False,0.0,0.0,0.0,0.02776091,0.0,0.0,0.0,0.0,0,0,0,0.0,0.0,0.0,0.263304005,0.0,0.0,0.0,0.08709776,0,0,0,0.287678843,
s121-live02,48,0,True,1791609788162329278,6.193887342,0.91144288,0.297615526,0.485101283,False,0.0,0.0,0.0,0.292236805,0.0,0.0,0.0,0.0,0,0,0,0.0,0.0,0.0,0.23366187,0.0,0.0,0.0,0.121167611,0,0,0,0.41109455,
s121-live02,49,1,False,1791609794356216620,5.506273317,0.485101283,0.053583671,0.468504943,False,0.0,0.0,0.0,0.048273459,0.0,0.0,0.0,0.0,0,0,0,0.0,0.0,0.0,0.188904363,0.0,0.0,0.0,0.081377243,0,0,0,0.328132427,
s121-live02,50,2,False,1791609799862489937,5.729304649,0.468504943,0.301232953,0.517528265,False,0.0,0.0,0.0,0.295717785,0.0,0.0,0.0,0.0,0,0,0,0.0,0.0,0.0,0.23835372,0.0,0.0,0.0,0.086593937,0,0,0,0.447337244,
s121-live02,51,3,False,1791609805591794586,5.420599349,0.517528265,0.006989212,0.988572992,False,0.0,0.0,0.0,0.00131814,0.0,0.0,0.0,0.0,0,0,0,0.0,0.0,0.0,0.323275435,0.0,0.0,0.0,0.118951705,0,0,0,0.413728174,
s121-live02,52,0,True,1791609811012393935,6.268243447,0.988572992,0.303252361,0.498020348,False,0.0,0.0,0.0,0.297062774,0.0,0.0,0.0,0.0,0,0,0,0.0,0.0,0.0,0.243823705,0.0,0.0,0.0,0.086681739,0,0,0,0.398114556,
s121-live02,53,1,False,1791609817280637382,5.449934275,0.498020348,0.035709875,0.550167746,False,0.0,0.0,0.0,0.030371009,0.0,0.0,0.0,0.0,0,0,0,0.0,0.0,0.0,0.267510563,0.0,0.0,0.0,0.088793121,0,0,0,0.367624535,
s121-live02,54,2,False,1791609822730571657,5.772809092,0.550167746,0.298770418,0.476103792,False,0.0,0.0,0.0,0.29334026,0.0,0.0,0.0,0.0,0,0,0,0.0,0.0,0.0,0.224569967,0.0,0.0,0.0,0.073930523,0,0,0,0.302585939,
s121-live02,55,3,False,1791609828503380749,5.377575088,0.476103792,0.006953795,0.952629301,False,0.0,0.0,0.0,0.001228893,0.0,0.0,0.0,0.0,0,0,0,0.0,0.0,0.0,0.29668554,0.0,0.0,0.0,0.104161997,0,0,0,0.381651308,
s121-live02,56,0,True,1791609833880955837,6.257681417,0.952629301,0.305291629,0.497965762,False,0.0,0.0,0.0,0.300203124,0.0,0.0,0.0,0.0,0,0,0,0.0,0.0,0.0,0.244316425,0.0,0.0,0.0,0.113689402,0,0,0,0.458658861,
s121-live02,57,1,False,1791609840138637254,5.439973937,0.497965762,0.007271081,0.615229951,False,0.0,0.0,0.0,0.001229613,0.0,0.0,0.0,0.0,0,0,0,0.0,0.0,0.0,0.329774842,0.0,0.0,0.0,0.112314604,0,0,0,0.364329842,
s121-live02,58,2,False,1791609845578611191,5.83646886,0.615229951,0.298898289,0.471404849,False,0.0,0.0,0.0,0.29354153,0.0,0.0,0.0,0.0,0,0,0,0.0,0.0,0.0,0.215347068,0.0,0.0,0.0,0.077576368,0,0,0,0.399356934,
s121-live02,59,3,False,1791609851415080051,5.396564193,0.471404849,0.007349969,1.235584354,False,0.0,0.0,0.0,0.001560776,0.0,0.0,0.0,0.0,0,0,0,0.0,0.0,0.0,0.397232659,0.0,0.0,0.0,0.170016421,0,0,0,0.454812602,
s121-live02,60,0,True,1791609856811644244,6.720211032,1.235584354,0.307655987,0.479028096,False,0.0,0.0,0.0,0.302150248,0.0,0.0,0.0,0.0,0,0,0,0.0,0.0,0.0,0.223192783,0.0,0.0,0.0,0.077763898,0,0,0,0.483936844,
s121-live02,61,1,False,1791609863531855276,5.40013533,0.479028096,0.007030137,0.595826833,False,0.0,0.0,0.0,0.001549535,0.0,0.0,0.0,0.0,0,0,0,0.0,0.0,0.0,0.325674906,0.0,0.0,0.0,0.117938268,0,0,0,0.402109203,
s121-live02,62,2,False,1791609868931990606,5.899434273,0.595826833,0.315096298,0.486824671,False,0.0,0.0,0.0,0.309428153,0.0,0.0,0.0,0.0,0,0,0,0.0,0.0,0.0,0.226287029,0.0,0.0,0.0,0.077224812,0,0,0,0.429457773,
s121-live02,63,3,False,1791609874831424879,5.417763873,0.486824671,0.006826354,0.920509513,False,0.0,0.0,0.0,0.001078158,0.0,0.0,0.0,0.0,0,0,0,0.0,0.0,0.0,0.277973965,0.0,0.0,0.0,0.077840519,0,0,0,0.407603147,
s121-live02,64,0,True,1791609880249188752,6.170733996,0.920509513,0.30131652,0.491849611,False,0.0,0.0,0.0,0.295381694,0.0,0.0,0.0,0.0,0,0,0,0.0,0.0,0.0,0.239789267,0.0,0.0,0.0,0.101090874,0,0,0,0.419250255,
s121-live02,65,1,False,1791609886419922748,5.41959392,0.491849611,0.006859937,0.5603204,False,0.0,0.0,0.0,0.001538395,0.0,0.0,0.0,0.0,0,0,0,0.0,0.0,0.0,0.280626587,0.0,0.0,0.0,0.081201771,0,0,0,0.321249541,
s121-live02,66,2,False,1791609891839516668,5.837836428,0.5603204,0.325449658,0.531326972,False,0.0,0.0,0.0,0.319961652,0.0,0.0,0.0,0.0,0,0,0,0.0,0.0,0.0,0.245249863,0.0,0.0,0.0,0.116835864,0,0,0,0.350364164,
s121-live02,67,3,False,1791609897677353096,5.478454655,0.531326972,0.007979293,0.964630099,False,0.0,0.0,0.0,0.001735966,0.0,0.0,0.0,0.0,0,0,0,0.0,0.0,0.0,0.307131397,0.0,0.0,0.0,0.106346998,0,0,0,0.415995622,
s121-live02,68,0,True,1791609903155807751,6.243503982,0.964630099,0.302874193,0.542869022,False,0.0,0.0,0.0,0.297595491,0.0,0.0,0.0,0.0,0,0,0,0.0,0.0,0.0,0.25602044,0.0,0.0,0.0,0.120434492,0,0,0,0.348012109,
s121-live02,69,1,False,1791609909399311733,5.642479154,0.542869022,0.052011807,0.467204816,False,0.0,0.0,0.0,0.046796384,0.0,0.0,0.0,0.0,0,0,0,0.0,0.0,0.0,0.196645766,0.0,0.0,0.0,0.08767775,0,0,0,0.371138134,
s121-live02,70,2,False,1791609915041790887,5.768348217,0.467204816,0.314159958,0.52623518,False,0.0,0.0,0.0,0.308591962,0.0,0.0,0.0,0.0,0,0,0,0.0,0.0,0.0,0.244575981,0.0,0.0,0.0,0.113153219,0,0,0,0.318125699,
s121-live02,71,3,False,1791609920810139104,5.51605648,0.52623518,0.007686672,0.957146724,False,0.0,0.0,0.0,0.002349621,0.0,0.0,0.0,0.0,0,0,0,0.0,0.0,0.0,0.290286678,0.0,0.0,0.0,0.080036702,0,0,0,0.278767425,
s121-live02,72,0,True,1791609926326195584,6.259843724,0.957146724,0.306576201,0.497893354,False,0.0,0.0,0.0,0.301235163,0.0,0.0,0.0,0.0,0,0,0,0.0,0.0,0.0,0.227735701,0.0,0.0,0.0,0.084498855,0,0,0,0.344767885,
s121-live02,73,1,False,1791609932586039308,5.54847811,0.497893354,0.032000876,0.53361851,False,0.0,0.0,0.0,0.024954108,0.0,0.0,0.0,0.0,0,0,0,0.0,0.0,0.0,0.255646028,0.0,0.0,0.0,0.137898119,0,0,0,0.371988533,
s121-live02,74,2,False,1791609938134517418,5.820254238,0.53361851,0.298059169,0.493643404,False,0.0,0.0,0.0,0.292195097,0.0,0.0,0.0,0.0,0,0,0,0.0,0.0,0.0,0.235084019,0.0,0.0,0.0,0.086045042,0,0,0,0.35278036,
s121-live02,75,3,False,1791609943954771656,5.558373627,0.493643404,0.053968374,0.84274994,False,0.0,0.0,0.0,0.048462906,0.0,0.0,0.0,0.0,0,0,0,0.0,0.0,0.0,0.190818808,0.0,0.0,0.0,0.085403894,0,0,0,0.37284834,
s121-live02,76,0,True,1791609949513145283,6.176638562,0.84274994,0.302207004,0.514255269,False,0.0,0.0,0.0,0.296037628,0.0,0.0,0.0,0.0,0,0,0,0.0,0.0,0.0,0.233241347,0.0,0.0,0.0,0.075253898,0,0,0,0.459353301,
s121-live02,77,1,False,1791609955689783845,5.438777346,0.514255269,0.007614435,0.554888116,False,0.0,0.0,0.0,0.000972249,0.0,0.0,0.0,0.0,0,0,0,0.0,0.0,0.0,0.299705945,0.0,0.0,0.0,0.108923751,0,0,0,0.38439894,
s121-live02,78,2,False,1791609961128561191,5.858507383,0.554888116,0.301114532,0.472890195,False,0.0,0.0,0.0,0.295938274,0.0,0.0,0.0,0.0,0,0,0,0.0,0.0,0.0,0.217992743,0.0,0.0,0.0,0.075259186,0,0,0,0.384878347,
s121-live02,79,3,False,1791609966987068574,5.398563562,0.472890195,0.006491021,1.179632443,False,0.0,0.0,0.0,0.000985264,0.0,0.0,0.0,0.0,0,0,0,0.0,0.0,0.0,0.380776265,0.0,0.0,0.0,0.188854543,0,0,0,0.458420368,
s121-live02,80,0,True,1791609972385632136,6.857071061,1.179632443,0.300898407,0.459455898,False,0.0,0.0,0.0,0.295400954,0.0,0.0,0.0,0.0,0,0,0,0.0,0.0,0.0,0.210091452,0.0,0.0,0.0,0.078487247,0,0,0,0.586890961,
s121-live02,81,1,False,1791609979242703197,5.459761333,0.459455898,0.006959062,0.550198544,False,0.0,0.0,0.0,0.001205217,0.0,0.0,0.0,0.0,0,0,0,0.0,0.0,0.0,0.294270884,0.0,0.0,0.0,0.078728891,0,0,0,0.429827964,
s121-live02,82,2,False,1791609984702464530,5.833715055,0.550198544,0.303564124,0.519570067,False,0.0,0.0,0.0,0.297499164,0.0,0.0,0.0,0.0,0,0,0,0.0,0.0,0.0,0.238204545,0.0,0.0,0.0,0.089549737,0,0,0,0.426507112,
s121-live02,83,3,False,1791609990536179585,5.485153721,0.519570067,0.006797297,0.894041074,False,0.0,0.0,0.0,0.001511052,0.0,0.0,0.0,0.0,0,0,0,0.0,0.0,0.0,0.267668721,0.0,0.0,0.0,0.068726221,0,0,0,0.419259122,
s121-live02,84,0,True,1791609996021333306,6.193863657,0.894041074,0.317741146,0.470898362,False,0.0,0.0,0.0,0.312402402,0.0,0.0,0.0,0.0,0,0,0,0.0,0.0,0.0,0.215965252,0.0,0.0,0.0,0.076191935,0,0,0,0.387535877,
s121-live02,85,1,False,1791610002215196963,5.564517977,0.470898362,0.037366345,0.516837608,False,0.0,0.0,0.0,0.030905881,0.0,0.0,0.0,0.0,0,0,0,0.0,0.0,0.0,0.246651087,0.0,0.0,0.0,0.133817851,0,0,0,0.369137261,
s121-live02,86,2,False,1791610007779714940,5.772103546,0.516837608,0.324156558,0.490216201,False,0.0,0.0,0.0,0.318160447,0.0,0.0,0.0,0.0,0,0,0,0.0,0.0,0.0,0.224015781,0.0,0.0,0.0,0.076670854,0,0,0,0.306088818,
s121-live02,87,3,False,1791610013551818486,5.580773336,0.490216201,0.053148383,0.871916831,False,0.0,0.0,0.0,0.047725622,0.0,0.0,0.0,0.0,0,0,0,0.0,0.0,0.0,0.186672708,0.0,0.0,0.0,0.08753954,0,0,0,0.269091997,
s121-live02,88,0,True,1791610019132591822,6.29728152,0.871916831,0.324944302,0.512846912,False,0.0,0.0,0.0,0.319322987,0.0,0.0,0.0,0.0,0,0,0,0.0,0.0,0.0,0.231866896,0.0,0.0,0.0,0.08438789,0,0,0,0.366533279,
s121-live02,89,1,False,1791610025429873342,5.590352642,0.512846912,0.036093088,0.560464644,False,0.0,0.0,0.0,0.028018017,0.0,0.0,0.0,0.0,0,0,0,0.0,0.0,0.0,0.280123152,0.0,0.0,0.0,0.097418371,0,0,0,0.350899675,
s121-live02,90,2,False,1791610031020225984,5.99134873,0.560464644,0.343322647,0.514396455,False,0.0,0.0,0.0,0.337469035,0.0,0.0,0.0,0.0,0,0,0,0.0,0.0,0.0,0.232759309,0.0,0.0,0.0,0.083050372,0,0,0,0.317066245,
s121-live02,91,3,False,1791610037011574714,5.536775377,0.514396455,0.027920132,0.939116443,False,0.0,0.0,0.0,0.022296152,0.0,0.0,0.0,0.0,0,0,0,0.0,0.0,0.0,0.283922332,0.0,0.0,0.0,0.093500428,0,0,0,0.36900744,
s121-live02,92,0,True,1791610042548350091,6.332541237,0.939116443,0.314739009,0.514716255,False,0.0,0.0,0.0,0.309319194,0.0,0.0,0.0,0.0,0,0,0,0.0,0.0,0.0,0.226346129,0.0,0.0,0.0,0.083913584,0,0,0,0.406823354,
s121-live02,93,1,False,1791610048880891328,5.633092043,0.514716255,0.033917674,0.59015499,False,0.0,0.0,0.0,0.027052329,0.0,0.0,0.0,0.0,0,0,0,0.0,0.0,0.0,0.266429239,0.0,0.0,0.0,0.089616039,0,0,0,0.355397209,
s121-live02,94,2,False,1791610054513983371,5.857660404,0.59015499,0.309271979,0.526914931,False,0.0,0.0,0.0,0.303881138,0.0,0.0,0.0,0.0,0,0,0,0.0,0.0,0.0,0.229141944,0.0,0.0,0.0,0.083084623,0,0,0,0.387212494,
s121-live02,95,3,False,1791610060371643775,5.455158278,0.526914931,0.006695736,0.974834402,False,0.0,0.0,0.0,0.001533315,0.0,0.0,0.0,0.0,0,0,0,0.0,0.0,0.0,0.305782101,0.0,0.0,0.0,0.104289491,0,0,0,0.406223812,
s121-live02,96,0,True,1791610065826802053,6.248007172,0.974834402,0.30979771,0.518230723,False,0.0,0.0,0.0,0.302906377,0.0,0.0,0.0,0.0,0,0,0,0.0,0.0,0.0,0.243831892,0.0,0.0,0.0,0.092655514,0,0,0,0.45533946,
s121-live02,97,1,False,1791610072074809225,5.586813064,0.518230723,0.058333511,0.46145582,False,0.0,0.0,0.0,0.051366085,0.0,0.0,0.0,0.0,0,0,0,0.0,0.0,0.0,0.191016569,0.0,0.0,0.0,0.08279814,0,0,0,0.455107588,
s121-live02,98,2,False,1791610077661622289,5.863280074,0.46145582,0.346867255,0.523680655,False,0.0,0.0,0.0,0.341628059,0.0,0.0,0.0,0.0,0,0,0,0.0,0.0,0.0,0.241189617,0.0,0.0,0.0,0.08979951,0,0,0,0.442175467,
s121-live02,99,3,False,1791610083524902363,5.535602228,0.523680655,0.006981182,1.250661719,False,0.0,0.0,0.0,0.001530048,0.0,0.0,0.0,0.0,0,0,0,0.0,0.0,0.0,0.388658022,0.0,0.0,0.0,0.174731993,0,0,0,0.408546013,
s121-live02,100,0,True,1791610089060504591,6.882861225,1.250661719,0.301495239,0.500294803,False,0.0,0.0,0.0,0.295705679,0.0,0.0,0.0,0.0,0,0,0,0.0,0.0,0.0,0.226807658,0.0,0.0,0.0,0.08336801,0,0,0,0.519464393,
s121-live02,101,1,False,1791610095943365816,5.503838147,0.500294803,0.035127286,0.508272053,False,0.0,0.0,0.0,0.02890393,0.0,0.0,0.0,0.0,0,0,0,0.0,0.0,0.0,0.2543267,0.0,0.0,0.0,0.082981552,0,0,0,0.446744568,
s121-live02,102,2,False,1791610101447203963,5.839171097,0.508272053,0.326314008,0.509863632,False,0.0,0.0,0.0,0.320112934,0.0,0.0,0.0,0.0,0,0,0,0.0,0.0,0.0,0.22692824,0.0,0.0,0.0,0.076600339,0,0,0,0.409806963,
s121-live02,103,3,False,1791610107286375060,5.442690719,0.509863632,0.007152104,0.960424805,False,0.0,0.0,0.0,0.001197834,0.0,0.0,0.0,0.0,0,0,0,0.0,0.0,0.0,0.303953865,0.0,0.0,0.0,0.105271488,0,0,0,0.415161019,
s121-live02,104,0,True,1791610112729065779,6.262679301,0.960424805,0.326485325,0.501239099,False,0.0,0.0,0.0,0.320719479,0.0,0.0,0.0,0.0,0,0,0,0.0,0.0,0.0,0.240916839,0.0,0.0,0.0,0.084736882,0,0,0,0.405867885,
s121-live02,105,1,False,1791610118991745080,5.593978946,0.501239099,0.05574163,0.440126912,False,0.0,0.0,0.0,0.050565564,0.0,0.0,0.0,0.0,0,0,0,0.0,0.0,0.0,0.187222296,0.0,0.0,0.0,0.084666778,0,0,0,0.359779038,
s121-live02,106,2,False,1791610124585724026,5.715936796,0.440126912,0.307033159,0.485251847,False,0.0,0.0,0.0,0.301854779,0.0,0.0,0.0,0.0,0,0,0,0.0,0.0,0.0,0.226901331,0.0,0.0,0.0,0.082260342,0,0,0,0.355160648,
s121-live02,107,3,False,1791610130301660822,5.422500692,0.485251847,0.007726344,0.924090724,False,0.0,0.0,0.0,0.001687665,0.0,0.0,0.0,0.0,0,0,0,0.0,0.0,0.0,0.2822928,0.0,0.0,0.0,0.074415685,0,0,0,0.347066478,
s121-live02,108,0,True,1791610135724161514,6.23788132,0.924090724,0.31427265,0.507917482,False,0.0,0.0,0.0,0.307205988,0.0,0.0,0.0,0.0,0,0,0,0.0,0.0,0.0,0.237524428,0.0,0.0,0.0,0.080766409,0,0,0,0.412579104,
s121-live02,109,1,False,1791610141962042834,5.459038456,0.507917482,0.007004265,0.556163768,False,0.0,0.0,0.0,0.001181763,0.0,0.0,0.0,0.0,0,0,0,0.0,0.0,0.0,0.301407479,0.0,0.0,0.0,0.111959603,0,0,0,0.362816437,
s121-live02,110,2,False,1791610147421081290,5.801910418,0.556163768,0.300046506,0.485842692,False,0.0,0.0,0.0,0.294377573,0.0,0.0,0.0,0.0,0,0,0,0.0,0.0,0.0,0.228529275,0.0,0.0,0.0,0.086633103,0,0,0,0.344995684,
s121-live02,111,3,False,1791610153222991708,5.530497461,0.485842692,0.031759388,0.914044074,False,0.0,0.0,0.0,0.025490847,0.0,0.0,0.0,0.0,0,0,0,0.0,0.0,0.0,0.252679008,0.0,0.0,0.0,0.07796046,0,0,0,0.384174655,
s121-live02,112,0,True,1791610158753489169,6.341532415,0.914044074,0.342404714,0.525015123,False,0.0,0.0,0.0,0.336940786,0.0,0.0,0.0,0.0,0,0,0,0.0,0.0,0.0,0.245318229,0.0,0.0,0.0,0.087556469,0,0,0,0.379274023,
s121-live02,113,1,False,1791610165095021584,5.589227256,0.525015123,0.010220474,0.538712202,False,0.0,0.0,0.0,0.003920083,0.0,0.0,0.0,0.0,0,0,0,0.0,0.0,0.0,0.28076456,0.0,0.0,0.0,0.073042779,0,0,0,0.34642906,
s121-live02,114,2,False,1791610170684248840,5.822339566,0.538712202,0.310718698,0.508089399,False,0.0,0.0,0.0,0.305200499,0.0,0.0,0.0,0.0,0,0,0,0.0,0.0,0.0,0.224654649,0.0,0.0,0.0,0.080019951,0,0,0,0.31161716,
s121-live02,115,3,False,1791610176506588406,5.572542647,0.508089399,0.03568447,0.965102678,False,0.0,0.0,0.0,0.027476842,0.0,0.0,0.0,0.0,0,0,0,0.0,0.0,0.0,0.284753969,0.0,0.0,0.0,0.150332453,0,0,0,0.333146712,
s121-live02,116,0,True,1791610182079131053,6.316869553,0.965102678,0.303280052,0.494917745,False,0.0,0.0,0.0,0.29769154,0.0,0.0,0.0,0.0,0,0,0,0.0,0.0,0.0,0.224561399,0.0,0.0,0.0,0.078783885,0,0,0,0.375588959,
s121-live02,117,1,False,1791610188396000606,5.58026749,0.494917745,0.053440547,0.423060103,False,0.0,0.0,0.0,0.048152751,0.0,0.0,0.0,0.0,0,0,0,0.0,0.0,0.0,0.176391114,0.0,0.0,0.0,0.072836228,0,0,0,0.411460446,
s121-live02,118,2,False,1791610193976268096,5.709033179,0.423060103,0.324918727,0.469720092,False,0.0,0.0,0.0,0.319264262,0.0,0.0,0.0,0.0,0,0,0,0.0,0.0,0.0,0.214642679,0.0,0.0,0.0,0.078438885,0,0,0,0.378471224,
s121-live02,119,3,False,1791610199685301275,5.460547619,0.469720092,0.0069115,1.198007212,False,0.0,0.0,0.0,0.001218993,0.0,0.0,0.0,0.0,0,0,0,0.0,0.0,0.0,0.370105917,0.0,0.0,0.0,0.162080555,0,0,0,0.406015488,
s121-live02,120,0,True,1791610205145848894,6.75444623,1.198007212,0.307701027,0.467571493,False,0.0,0.0,0.0,0.302611113,0.0,0.0,0.0,0.0,0,0,0,0.0,0.0,0.0,0.219542652,0.0,0.0,0.0,0.08019697,0,0,0,0.427520553,
s121-live02,121,1,False,1791610211900295124,5.522435359,0.467571493,0.030115283,0.535485887,False,0.0,0.0,0.0,0.024551609,0.0,0.0,0.0,0.0,0,0,0,0.0,0.0,0.0,0.26392103,0.0,0.0,0.0,0.089092361,0,0,0,0.382027403,
s121-live02,122,2,False,1791610217422730483,5.843797182,0.535485887,0.333353391,0.500553911,False,0.0,0.0,0.0,0.326998088,0.0,0.0,0.0,0.0,0,0,0,0.0,0.0,0.0,0.232131676,0.0,0.0,0.0,0.081385254,0,0,0,0.360008696,
s121-live02,123,3,False,1791610223266527665,5.551472637,0.500553911,0.031178853,0.973307095,False,0.0,0.0,0.0,0.025628433,0.0,0.0,0.0,0.0,0,0,0,0.0,0.0,0.0,0.283457872,0.0,0.0,0.0,0.096980917,0,0,0,0.423404972,
s121-live02,124,0,True,1791610228818000302,6.327594248,0.973307095,0.323544046,0.532948312,False,0.0,0.0,0.0,0.31743766,0.0,0.0,0.0,0.0,0,0,0,0.0,0.0,0.0,0.256896432,0.0,0.0,0.0,0.11176413,0,0,0,0.298139594,
s121-live02,125,1,False,1791610235145594550,5.567443507,0.532948312,0.008216023,0.603687547,False,0.0,0.0,0.0,0.001687013,0.0,0.0,0.0,0.0,0,0,0,0.0,0.0,0.0,0.315002277,0.0,0.0,0.0,0.113629318,0,0,0,0.299048041,
s121-live02,126,2,False,1791610240713038057,5.94194017,0.603687547,0.324919538,0.547607104,False,0.0,0.0,0.0,0.31889659,0.0,0.0,0.0,0.0,0,0,0,0.0,0.0,0.0,0.253775037,0.0,0.0,0.0,0.095032199,0,0,0,0.322011328,
s121-live02,127,3,False,1791610246654978227,5.559957612,0.547607104,0.007233505,0.999498607,False,0.0,0.0,0.0,0.001384073,0.0,0.0,0.0,0.0,0,0,0,0.0,0.0,0.0,0.326146844,0.0,0.0,0.0,0.088872764,0,0,0,0.351301094,
s121-live02,128,0,True,1791610252214935839,6.422836978,0.999498607,0.33021373,0.532520511,False,0.0,0.0,0.0,0.324036652,0.0,0.0,0.0,0.0,0,0,0,0.0,0.0,0.0,0.253605925,0.0,0.0,0.0,0.09454412,0,0,0,0.345666243,
s121-live02,129,1,False,1791610258637772817,5.560520035,0.532520511,0.007185524,0.569504677,False,0.0,0.0,0.0,0.001336303,0.0,0.0,0.0,0.0,0,0,0,0.0,0.0,0.0,0.307930747,0.0,0.0,0.0,0.114655595,0,0,0,0.278001477,
s121-live02,130,2,False,1791610264198292852,5.865002025,0.569504677,0.316026031,0.521819847,False,0.0,0.0,0.0,0.310147825,0.0,0.0,0.0,0.0,0,0,0,0.0,0.0,0.0,0.235307115,0.0,0.0,0.0,0.088756974,0,0,0,0.333745188,
s121-live02,131,3,False,1791610270063294877,5.574260288,0.521819847,0.034724539,0.951396096,False,0.0,0.0,0.0,0.028675462,0.0,0.0,0.0,0.0,0,0,0,0.0,0.0,0.0,0.282614529,0.0,0.0,0.0,0.154975336,0,0,0,0.354151926,
s121-live02,132,0,True,1791610275637555165,6.343043735,0.951396096,0.333120989,0.575205476,False,0.0,0.0,0.0,0.327292978,0.0,0.0,0.0,0.0,0,0,0,0.0,0.0,0.0,0.284636229,0.0,0.0,0.0,0.095583391,0,0,0,0.416042425,
s121-live02,133,1,False,1791610281980598900,5.630711368,0.575205476,0.008861386,0.6138689,False,0.0,0.0,0.0,0.002244622,0.0,0.0,0.0,0.0,0,0,0,0.0,0.0,0.0,0.340601595,0.0,0.0,0.0,0.131695299,0,0,0,0.392311871,
s121-live02,134,2,False,1791610287611310268,5.997429772,0.6138689,0.321369181,0.556069769,False,0.0,0.0,0.0,0.315276523,0.0,0.0,0.0,0.0,0,0,0,0.0,0.0,0.0,0.266897493,0.0,0.0,0.0,0.100860135,0,0,0,0.366246335,
s121-live02,135,3,False,1791610293608740040,5.614478379,0.556069769,0.037445736,0.930315643,False,0.0,0.0,0.0,0.032002769,0.0,0.0,0.0,0.0,0,0,0,0.0,0.0,0.0,0.266129667,0.0,0.0,0.0,0.084284109,0,0,0,0.432698734,
s121-live02,136,0,True,1791610299223218419,6.258178515,0.930315643,0.31074215,0.528446499,False,0.0,0.0,0.0,0.305406335,0.0,0.0,0.0,0.0,0,0,0,0.0,0.0,0.0,0.257326629,0.0,0.0,0.0,0.08009515,0,0,0,0.388590364,
s121-live02,137,1,False,1791610305481396934,5.545776951,0.528446499,0.007404216,0.5443523,False,0.0,0.0,0.0,0.002153781,0.0,0.0,0.0,0.0,0,0,0,0.0,0.0,0.0,0.288655719,0.0,0.0,0.0,0.088797977,0,0,0,0.415433987,
s121-live02,138,2,False,1791610311027173885,5.882685454,0.5443523,0.353616672,0.508547707,False,0.0,0.0,0.0,0.346823686,0.0,0.0,0.0,0.0,0,0,0,0.0,0.0,0.0,0.226247774,0.0,0.0,0.0,0.087658894,0,0,0,0.343451414,
s121-live02,139,3,False,1791610316909859339,5.505353232,0.508547707,0.007197837,1.275713779,False,0.0,0.0,0.0,0.001355939,0.0,0.0,0.0,0.0,0,0,0,0.0,0.0,0.0,0.419141835,0.0,0.0,0.0,0.202053298,0,0,0,0.368333538,
s121-live02,140,0,True,1791610322415212571,6.889466149,1.275713779,0.32268867,0.504019463,False,0.0,0.0,0.0,0.315624314,0.0,0.0,0.0,0.0,0,0,0,0.0,0.0,0.0,0.241659255,0.0,0.0,0.0,0.083294023,0,0,0,0.475477003,
s121-live02,141,1,False,1791610329304678720,5.540379931,0.504019463,0.030758468,0.52805797,False,0.0,0.0,0.0,0.025289593,0.0,0.0,0.0,0.0,0,0,0,0.0,0.0,0.0,0.254733332,0.0,0.0,0.0,0.139854057,0,0,0,0.406881282,
s121-live02,142,2,False,1791610334845058651,5.833607164,0.52805797,0.315630792,0.488757574,False,0.0,0.0,0.0,0.307604547,0.0,0.0,0.0,0.0,0,0,0,0.0,0.0,0.0,0.235778522,0.0,0.0,0.0,0.082081743,0,0,0,0.436114437,
s121-live02,143,3,False,1791610340678665815,5.47373913,0.488757574,0.008087882,0.934497508,False,0.0,0.0,0.0,0.001747878,0.0,0.0,0.0,0.0,0,0,0,0.0,0.0,0.0,0.299411696,0.0,0.0,0.0,0.091754704,0,0,0,0.377300923,
s121-live02,144,0,True,1791610346152404945,6.258487056,0.934497508,0.315812189,0.5325725,False,0.0,0.0,0.0,0.310305543,0.0,0.0,0.0,0.0,0,0,0,0.0,0.0,0.0,0.243823219,0.0,0.0,0.0,0.1070828,0,0,0,0.428418559,
s121-live02,145,1,False,1791610352410892001,5.492266115,0.5325725,0.006770564,0.549307761,False,0.0,0.0,0.0,0.000921463,0.0,0.0,0.0,0.0,0,0,0,0.0,0.0,0.0,0.286375666,0.0,0.0,0.0,0.078236579,0,0,0,0.331376589,
s121-live02,146,2,False,1791610357903158116,5.907871829,0.549307761,0.329013674,0.511535761,False,0.0,0.0,0.0,0.32392851,0.0,0.0,0.0,0.0,0,0,0,0.0,0.0,0.0,0.252594633,0.0,0.0,0.0,0.121458967,0,0,0,0.360609394,
s121-live02,147,3,False,1791610363811029945,5.626794255,0.511535761,0.058949515,0.875290055,False,0.0,0.0,0.0,0.054674595,0.0,0.0,0.0,0.0,0,0,0,0.0,0.0,0.0,0.202459543,0.0,0.0,0.0,0.089602545,0,0,0,0.337750843,
s121-live02,148,0,True,1791610369437824200,6.282615581,0.875290055,0.320387066,0.483520247,False,0.0,0.0,0.0,0.314090283,0.0,0.0,0.0,0.0,0,0,0,0.0,0.0,0.0,0.230357188,0.0,0.0,0.0,0.113339515,0,0,0,0.354023093,
s121-live02,149,1,False,1791610375720439781,5.524490567,0.483520247,0.008002911,0.567426153,False,0.0,0.0,0.0,0.001594329,0.0,0.0,0.0,0.0,0,0,0,0.0,0.0,0.0,0.278093173,0.0,0.0,0.0,0.078782805,0,0,0,0.3649065,
s121-live02,150,2,False,1791610381244930348,5.915603479,0.567426153,0.323435044,0.529995976,False,0.0,0.0,0.0,0.317594981,0.0,0.0,0.0,0.0,0,0,0,0.0,0.0,0.0,0.26445396,0.0,0.0,0.0,0.097743353,0,0,0,0.450107793,
s121-live02,151,3,False,1791610387160533827,5.579406412,0.529995976,0.031018025,0.931706995,False,0.0,0.0,0.0,0.025305461,0.0,0.0,0.0,0.0,0,0,0,0.0,0.0,0.0,0.268012891,0.0,0.0,0.0,0.086026627,0,0,0,0.373673624,
s121-live02,152,0,True,1791610392739940239,6.214132572,0.931706995,0.306308391,0.49690664,False,0.0,0.0,0.0,0.300542357,0.0,0.0,0.0,0.0,0,0,0,0.0,0.0,0.0,0.215705377,0.0,0.0,0.0,0.080731107,0,0,0,0.394928033,
s121-live02,153,1,False,1791610398954072811,5.510848994,0.49690664,0.007451032,0.560086617,False,0.0,0.0,0.0,0.001496013,0.0,0.0,0.0,0.0,0,0,0,0.0,0.0,0.0,0.291480203,0.0,0.0,0.0,0.090484019,0,0,0,0.339337957,
s121-live02,154,2,False,1791610404464921805,5.910457938,0.560086617,0.331769962,0.51171804,False,0.0,0.0,0.0,0.326209634,0.0,0.0,0.0,0.0,0,0,0,0.0,0.0,0.0,0.247067587,0.0,0.0,0.0,0.120338173,0,0,0,0.414325839,
s121-live02,155,3,False,1791610410375379743,5.45182393,0.51171804,0.008500196,0.919656131,False,0.0,0.0,0.0,0.001955388,0.0,0.0,0.0,0.0,0,0,0,0.0,0.0,0.0,0.283121449,0.0,0.0,0.0,0.075017371,0,0,0,0.281080261,
s121-live02,156,0,True,1791610415827203673,6.219740782,0.919656131,0.301879705,0.469247523,False,0.0,0.0,0.0,0.296599976,0.0,0.0,0.0,0.0,0,0,0,0.0,0.0,0.0,0.219520217,0.0,0.0,0.0,0.074859474,0,0,0,0.362951108,
s121-live02,157,1,False,1791610422046944455,5.560018374,0.469247523,0.058066801,0.464751645,False,0.0,0.0,0.0,0.052069904,0.0,0.0,0.0,0.0,0,0,0,0.0,0.0,0.0,0.204034113,0.0,0.0,0.0,0.08773634,0,0,0,0.387091536,
s121-live02,158,2,False,1791610427606962829,5.770944919,0.464751645,0.317459091,0.522790201,False,0.0,0.0,0.0,0.31222124,0.0,0.0,0.0,0.0,0,0,0,0.0,0.0,0.0,0.235813276,0.0,0.0,0.0,0.112839299,0,0,0,0.381179315,
s121-live02,159,3,False,1791610433377907748,5.600003112,0.522790201,0.031162405,1.198964685,False,0.0,0.0,0.0,0.024860704,0.0,0.0,0.0,0.0,0,0,0,0.0,0.0,0.0,0.346845454,0.0,0.0,0.0,0.169050299,0,0,0,0.374076615,
s121-live02,160,0,True,1791610438977910860,6.844309824,1.198964685,0.312242056,0.521927954,False,0.0,0.0,0.0,0.305307775,0.0,0.0,0.0,0.0,0,0,0,0.0,0.0,0.0,0.240495098,0.0,0.0,0.0,0.09145909,0,0,0,0.450155187,
s121-live02,161,1,False,1791610445822220684,5.573839076,0.521927954,0.03230891,0.528806236,False,0.0,0.0,0.0,0.026620934,0.0,0.0,0.0,0.0,0,0,0,0.0,0.0,0.0,0.263009167,0.0,0.0,0.0,0.146967548,0,0,0,0.364195309,
s121-live02,162,2,False,1791610451396059760,5.892361763,0.528806236,0.348790686,0.481412676,False,0.0,0.0,0.0,0.343039861,0.0,0.0,0.0,0.0,0,0,0,0.0,0.0,0.0,0.213584728,0.0,0.0,0.0,0.077558336,0,0,0,0.369030681,
s121-live02,163,3,False,1791610457288421523,5.527204429,0.481412676,0.035708283,0.89690349,False,0.0,0.0,0.0,0.029999187,0.0,0.0,0.0,0.0,0,0,0,0.0,0.0,0.0,0.252664,0.0,0.0,0.0,0.080733277,0,0,0,0.373241107,
s121-live02,164,0,True,1791610462815625952,6.22972697,0.89690349,0.315071602,0.524990001,False,0.0,0.0,0.0,0.308695671,0.0,0.0,0.0,0.0,0,0,0,0.0,0.0,0.0,0.233814389,0.0,0.0,0.0,0.087730104,0,0,0,0.421861188,
s121-live02,165,1,False,1791610469045352922,5.531534728,0.524990001,0.007119359,0.573945414,False,0.0,0.0,0.0,0.001115628,0.0,0.0,0.0,0.0,0,0,0,0.0,0.0,0.0,0.308556477,0.0,0.0,0.0,0.111346487,0,0,0,0.352364362,
s121-live02,166,2,False,1791610474576887650,5.944542466,0.573945414,0.345751705,0.489782847,False,0.0,0.0,0.0,0.340337924,0.0,0.0,0.0,0.0,0,0,0,0.0,0.0,0.0,0.235546354,0.0,0.0,0.0,0.086421824,0,0,0,0.36125003,
s121-live02,167,3,False,1791610480521430116,5.53303078,0.489782847,0.033163396,0.94982007,False,0.0,0.0,0.0,0.026494024,0.0,0.0,0.0,0.0,0,0,0,0.0,0.0,0.0,0.269589924,0.0,0.0,0.0,0.089939107,0,0,0,0.384869948,
s121-live02,168,0,True,1791610486054460896,6.293580653,0.94982007,0.328881045,0.538980872,False,0.0,0.0,0.0,0.322027938,0.0,0.0,0.0,0.0,0,0,0,0.0,0.0,0.0,0.251534779,0.0,0.0,0.0,0.089050305,0,0,0,0.338821519,
s121-live02,169,1,False,1791610492348041549,5.590073678,0.538980872,0.03664849,0.552688238,False,0.0,0.0,0.0,0.03071429,0.0,0.0,0.0,0.0,0,0,0,0.0,0.0,0.0,0.263037079,0.0,0.0,0.0,0.087271671,0,0,0,0.363028129,
s121-live02,170,2,False,1791610497938115227,5.887521333,0.552688238,0.311284,0.546606879,False,0.0,0.0,0.0,0.30520083,0.0,0.0,0.0,0.0,0,0,0,0.0,0.0,0.0,0.252746135,0.0,0.0,0.0,0.089410362,0,0,0,0.384890521,
s121-live02,171,3,False,1791610503825636560,5.648389393,0.546606879,0.058401568,0.852149246,False,0.0,0.0,0.0,0.052946509,0.0,0.0,0.0,0.0,0,0,0,0.0,0.0,0.0,0.186350583,0.0,0.0,0.0,0.075964897,0,0,0,0.36605121,
s121-live02,172,0,True,1791610509474025953,6.156450114,0.852149246,0.323715014,0.522079909,False,0.0,0.0,0.0,0.318266768,0.0,0.0,0.0,0.0,0,0,0,0.0,0.0,0.0,0.24616673,0.0,0.0,0.0,0.08513452,0,0,0,0.419419731,
s121-live02,173,1,False,1791610515630476067,5.602706212,0.522079909,0.036900694,0.56204321,False,0.0,0.0,0.0,0.031834116,0.0,0.0,0.0,0.0,0,0,0,0.0,0.0,0.0,0.279376541,0.0,0.0,0.0,0.099052723,0,0,0,0.389661438,
s121-live02,174,2,False,1791610521233182279,5.859918988,0.56204321,0.31223912,0.529911061,False,0.0,0.0,0.0,0.306860996,0.0,0.0,0.0,0.0,0,0,0,0.0,0.0,0.0,0.235637807,0.0,0.0,0.0,0.082271295,0,0,0,0.363822385,
s121-live02,175,3,False,1791610527093101267,5.521383382,0.529911061,0.006854761,0.967973804,False,0.0,0.0,0.0,0.001046748,0.0,0.0,0.0,0.0,0,0,0,0.0,0.0,0.0,0.308311973,0.0,0.0,0.0,0.113040137,0,0,0,0.414124758,
s121-live02,176,0,True,1791610532614484649,6.312097155,0.967973804,0.313146232,0.502007985,False,0.0,0.0,0.0,0.307334624,0.0,0.0,0.0,0.0,0,0,0,0.0,0.0,0.0,0.225179158,0.0,0.0,0.0,0.083736189,0,0,0,0.422659317,
s121-live02,177,1,False,1791610538926581804,5.585108401,0.502007985,0.030239937,0.518109321,False,0.0,0.0,0.0,0.024746196,0.0,0.0,0.0,0.0,0,0,0,0.0,0.0,0.0,0.260748165,0.0,0.0,0.0,0.07733413,0,0,0,0.35989249,
s121-live02,178,2,False,1791610544511690205,5.829491737,0.518109321,0.321842584,0.528195687,False,0.0,0.0,0.0,0.316417763,0.0,0.0,0.0,0.0,0,0,0,0.0,0.0,0.0,0.252409343,0.0,0.0,0.0,0.082451071,0,0,0,0.392077714,
s121-live02,179,3,False,1791610550341181942,5.540092571,0.528195687,0.009100254,1.175285222,False,0.0,0.0,0.0,0.002099048,0.0,0.0,0.0,0.0,0,0,0,0.0,0.0,0.0,0.359602261,0.0,0.0,0.0,0.151138309,0,0,0,0.362020919,
s121-live02,180,0,True,1791610555881274513,6.848048296,1.175285222,0.331504881,0.530860263,False,0.0,0.0,0.0,0.325886286,0.0,0.0,0.0,0.0,0,0,0,0.0,0.0,0.0,0.239771255,0.0,0.0,0.0,0.08303032,0,0,0,0.404529436,
s121-live02,181,1,False,1791610562729322809,5.498423152,0.530860263,0.007505354,0.539180157,False,0.0,0.0,0.0,0.001860078,0.0,0.0,0.0,0.0,0,0,0,0.0,0.0,0.0,0.289946248,0.0,0.0,0.0,0.079996224,0,0,0,0.374050969,
s121-live02,182,2,False,1791610568227745961,5.887617596,0.539180157,0.308360325,0.495850683,False,0.0,0.0,0.0,0.302627084,0.0,0.0,0.0,0.0,0,0,0,0.0,0.0,0.0,0.232710505,0.0,0.0,0.0,0.079197552,0,0,0,0.350113964,
s121-live02,183,3,False,1791610574115363557,5.503261006,0.495850683,0.007493692,0.992481639,False,0.0,0.0,0.0,0.001792662,0.0,0.0,0.0,0.0,0,0,0,0.0,0.0,0.0,0.329175688,0.0,0.0,0.0,0.124000995,0,0,0,0.355826004,
s121-live02,184,0,True,1791610579618624563,13.299558896,0.992481639,0.329644257,0.423970697,False,0.0,0.0,0.0,0.324172758,0.0,0.0,0.0,0.0,0,0,0,0.0,0.0,0.0,0.0,0.0,0.0,0.0,0.087431405,0,0,0,0.337745432,
s121-live02,185,1,False,1791610592918183459,5.555569583,0.423970697,0.316763953,0.484992326,False,0.0,0.0,0.0,0.309757448,0.0,0.0,0.0,0.0,0,0,0,0.0,0.0,0.0,0.22154289,0.0,0.0,0.0,0.083704696,0,0,0,5.305725933,
s121-live02,186,2,False,1791610598473753042,5.535963784,0.484992326,0.032611846,0.54595299,False,0.0,0.0,0.0,0.026521233,0.0,0.0,0.0,0.0,0,0,0,0.0,0.0,0.0,0.284817447,0.0,0.0,0.0,0.094351778,0,0,0,0.289766844,
s121-live02,187,3,False,1791610604009716826,5.881265289,0.54595299,0.322920979,0.910082059,False,0.0,0.0,0.0,0.317020112,0.0,0.0,0.0,0.0,0,0,0,0.0,0.0,0.0,0.228521803,0.0,0.0,0.0,0.076734157,0,0,0,0.299883537,
s121-live02,188,0,True,1791610609890982115,5.926416414,0.910082059,0.006256045,0.580571144,False,0.0,0.0,0.0,0.000817077,0.0,0.0,0.0,0.0,0,0,0,0.0,0.0,0.0,0.29968923,0.0,0.0,0.0,0.100126026,0,0,0,0.339800469,
s121-live02,189,1,False,1791610615817398529,5.88763387,0.580571144,0.312001723,0.540557488,False,0.0,0.0,0.0,0.30484774,0.0,0.0,0.0,0.0,0,0,0,0.0,0.0,0.0,0.255714006,0.0,0.0,0.0,0.111073632,0,0,0,0.360787644,
s121-live02,190,2,False,1791610621705032399,5.581837577,0.540557488,0.035686298,0.557372285,False,0.0,0.0,0.0,0.029172488,0.0,0.0,0.0,0.0,0,0,0,0.0,0.0,0.0,0.287732414,0.0,0.0,0.0,0.098487083,0,0,0,0.337009188,
s121-live02,191,3,False,1791610627286869976,5.91634565,0.557372285,0.307900679,0.894670083,False,0.0,0.0,0.0,0.301202994,0.0,0.0,0.0,0.0,0,0,0,0.0,0.0,0.0,0.241546422,0.0,0.0,0.0,0.087084049,0,0,0,0.328200171,
s121-live02,192,0,True,1791610633203215626,5.911892806,0.894670083,0.00671126,0.552199755,False,0.0,0.0,0.0,0.001104627,0.0,0.0,0.0,0.0,0,0,0,0.0,0.0,0.0,0.303730957,0.0,0.0,0.0,0.081771718,0,0,0,0.271005698,
s121-live02,193,1,False,1791610639115108432,5.895625534,0.552199755,0.330793827,0.492771981,False,0.0,0.0,0.0,0.326067058,0.0,0.0,0.0,0.0,0,0,0,0.0,0.0,0.0,0.222755915,0.0,0.0,0.0,0.077438841,0,0,0,0.377088622,
s121-live02,194,2,False,1791610645010733966,5.635414467,0.492771981,0.063976135,0.4414926,False,0.0,0.0,0.0,0.058360184,0.0,0.0,0.0,0.0,0,0,0,0.0,0.0,0.0,0.184505676,0.0,0.0,0.0,0.081051945,0,0,0,0.349944748,
s121-live02,195,3,False,1791610650646148433,5.748613493,0.4414926,0.316956754,0.885286756,False,0.0,0.0,0.0,0.059823916,0.0,0.0,0.0,0.0,0,0,0,0.0,0.0,0.0,0.230983165,0.0,0.0,0.0,0.078680486,0,0,0,0.366710014,
s121-live02,196,0,True,1791610656394761926,5.973003379,0.885286756,0.032606596,0.516243674,False,0.0,0.0,0.0,0.027351734,0.0,0.0,0.0,0.0,0,0,0,0.0,0.0,0.0,0.2549913,0.0,0.0,0.0,0.135588959,0,0,0,0.331200428,
s121-live02,197,1,False,1791610662367765305,5.870114472,0.516243674,0.306366408,0.464834549,False,0.0,0.0,0.0,0.300954371,0.0,0.0,0.0,0.0,0,0,0,0.0,0.0,0.0,0.215081139,0.0,0.0,0.0,0.075713696,0,0,0,0.387546523,
s121-live02,198,2,False,1791610668237879777,5.55104664,0.464834549,0.052034869,0.456815989,False,0.0,0.0,0.0,0.04692506,0.0,0.0,0.0,0.0,0,0,0,0.0,0.0,0.0,0.184355441,0.0,0.0,0.0,0.082618761,0,0,0,0.337478892,
s121-live02,199,3,False,1791610673788926417,5.76098425,0.456815989,0.317439157,1.20098697,False,0.0,0.0,0.0,0.312215785,0.0,0.0,0.0,0.0,0,0,0,0.0,0.0,0.0,0.330941046,0.0,0.0,0.0,0.200152747,0,0,0,0.341538916,
s121-live02,200,0,True,1791610679549910667,6.50314448,1.20098697,0.006777244,0.566132339,False,0.0,0.0,0.0,0.001425982,0.0,0.0,0.0,0.0,0,0,0,0.0,0.0,0.0,0.309754055,0.0,0.0,0.0,0.113857131,0,0,0,0.466412462,
s121-live02,201,1,False,1791610686053055147,5.882164121,0.566132339,0.320817057,0.486926065,False,0.0,0.0,0.0,0.314958821,0.0,0.0,0.0,0.0,0,0,0,0.0,0.0,0.0,0.225269035,0.0,0.0,0.0,0.079010775,0,0,0,0.35000873,
s121-live02,202,2,False,1791610691935219268,5.496047244,0.486926065,0.007557562,0.567548499,False,0.0,0.0,0.0,0.001214474,0.0,0.0,0.0,0.0,0,0,0,0.0,0.0,0.0,0.301551779,0.0,0.0,0.0,0.117703083,0,0,0,0.280530109,
s121-live02,203,3,False,1791610697431266512,5.900427689,0.567548499,0.339994147,0.925475895,False,0.0,0.0,0.0,0.334796583,0.0,0.0,0.0,0.0,0,0,0,0.0,0.0,0.0,0.252366758,0.0,0.0,0.0,0.090195376,0,0,0,0.324332906,
s121-live02,204,0,True,1791610703331694201,6.057760937,0.925475895,0.056790547,0.451410047,False,0.0,0.0,0.0,0.051606465,0.0,0.0,0.0,0.0,0,0,0,0.0,0.0,0.0,0.182101768,0.0,0.0,0.0,0.075466614,0,0,0,0.331508702,
s121-live02,205,1,False,1791610709389455138,5.825699992,0.451410047,0.345491623,0.51115917,False,0.0,0.0,0.0,0.33780535,0.0,0.0,0.0,0.0,0,0,0,0.0,0.0,0.0,0.238349997,0.0,0.0,0.0,0.095008759,0,0,0,0.352236445,
s121-live02,206,2,False,1791610715215155130,5.557348224,0.51115917,0.030403709,0.534955885,False,0.0,0.0,0.0,0.024197884,0.0,0.0,0.0,0.0,0,0,0,0.0,0.0,0.0,0.258040228,0.0,0.0,0.0,0.082351053,0,0,0,0.222264553,
s121-live02,207,3,False,1791610720772503354,5.809541776,0.534955885,0.320037947,0.923279702,False,0.0,0.0,0.0,0.312224485,0.0,0.0,0.0,0.0,0,0,0,0.0,0.0,0.0,0.244378496,0.0,0.0,0.0,0.085863364,0,0,0,0.339338719,
s121-live02,208,0,True,1791610726582045130,5.943244983,0.923279702,0.008309666,0.602331977,False,0.0,0.0,0.0,0.002311242,0.0,0.0,0.0,0.0,0,0,0,0.0,0.0,0.0,0.327532268,0.0,0.0,0.0,0.132420594,0,0,0,0.283825804,
s121-live02,209,1,False,1791610732525290113,5.974330636,0.602331977,0.329940073,0.518824557,False,0.0,0.0,0.0,0.324211457,0.0,0.0,0.0,0.0,0,0,0,0.0,0.0,0.0,0.262221798,0.0,0.0,0.0,0.132587595,0,0,0,0.373580193,
s121-live02,210,2,False,1791610738499620749,5.513495221,0.518824557,0.029624238,0.527069867,False,0.0,0.0,0.0,0.023781728,0.0,0.0,0.0,0.0,0,0,0,0.0,0.0,0.0,0.262053444,0.0,0.0,0.0,0.093977344,0,0,0,0.342542484,
s121-live02,211,3,False,1791610744013115970,5.814032384,0.527069867,0.332538929,0.904866704,False,0.0,0.0,0.0,0.32696786,0.0,0.0,0.0,0.0,0,0,0,0.0,0.0,0.0,0.236554008,0.0,0.0,0.0,0.083599012,0,0,0,0.359993491,
s121-live02,212,0,True,1791610749827148354,5.979749351,0.904866704,0.036418518,0.55310085,False,0.0,0.0,0.0,0.030767528,0.0,0.0,0.0,0.0,0,0,0,0.0,0.0,0.0,0.270097366,0.0,0.0,0.0,0.096159738,0,0,0,0.348063279,
s121-live02,213,1,False,1791610755806897705,5.834933867,0.55310085,0.321970073,0.494644015,False,0.0,0.0,0.0,0.316337037,0.0,0.0,0.0,0.0,0,0,0,0.0,0.0,0.0,0.219699672,0.0,0.0,0.0,0.075052726,0,0,0,0.368752864,
s121-live02,214,2,False,1791610761641831572,5.494439094,0.494644015,0.007003817,0.599744809,False,0.0,0.0,0.0,0.001376061,0.0,0.0,0.0,0.0,0,0,0,0.0,0.0,0.0,0.319493521,0.0,0.0,0.0,0.115043035,0,0,0,0.393329085,
s121-live02,215,3,False,1791610767136270666,5.905802558,0.599744809,0.315223133,0.918364001,False,0.0,0.0,0.0,0.309701608,0.0,0.0,0.0,0.0,0,0,0,0.0,0.0,0.0,0.259930804,0.0,0.0,0.0,0.103952983,0,0,0,0.401756893,
s121-live02,216,0,True,1791610773042073224,5.938248812,0.918364001,0.007927224,0.544630065,False,0.0,0.0,0.0,0.00130675,0.0,0.0,0.0,0.0,0,0,0,0.0,0.0,0.0,0.283105718,0.0,0.0,0.0,0.081514055,0,0,0,0.422266676,
s121-live02,217,1,False,1791610778980322036,5.861507171,0.544630065,0.324021353,0.507358733,False,0.0,0.0,0.0,0.317616514,0.0,0.0,0.0,0.0,0,0,0,0.0,0.0,0.0,0.232074577,0.0,0.0,0.0,0.078845219,0,0,0,0.343720909,
s121-live02,218,2,False,1791610784841829207,5.536909516,0.507358733,0.032091016,0.508153187,False,0.0,0.0,0.0,0.026362952,0.0,0.0,0.0,0.0,0,0,0,0.0,0.0,0.0,0.258222549,0.0,0.0,0.0,0.081937889,0,0,0,0.36389402,
s121-live02,219,3,False,1791610790378738723,5.7611259,0.508153187,0.30686066,1.122542408,False,0.0,0.0,0.0,0.057236284,0.0,0.0,0.0,0.0,0,0,0,0.0,0.0,0.0,0.30981976,0.0,0.0,0.0,0.18080733,0,0,0,0.376262437,
s121-live02,220,0,True,1791610796139864623,6.421986197,1.122542408,0.010487254,0.530023574,False,0.0,0.0,0.0,0.001989586,0.0,0.0,0.0,0.0,0,0,0,0.0,0.0,0.0,0.275865781,0.0,0.0,0.0,0.076375283,0,0,0,0.473487049,
s121-live02,221,1,False,1791610802561850820,5.80612928,0.530023574,0.310471151,0.470481329,False,0.0,0.0,0.0,0.305086484,0.0,0.0,0.0,0.0,0,0,0,0.0,0.0,0.0,0.215851944,0.0,0.0,0.0,0.075565717,0,0,0,0.4364152,
s121-live02,222,2,False,1791610808367980100,5.473410426,0.470481329,0.029151589,0.526390029,False,0.0,0.0,0.0,0.023171411,0.0,0.0,0.0,0.0,0,0,0,0.0,0.0,0.0,0.266480921,0.0,0.0,0.0,0.147978144,0,0,0,0.399791272,
s121-live02,223,3,False,1791610813841390526,5.855881124,0.526390029,0.322043812,0.888630248,False,0.0,0.0,0.0,0.31554073,0.0,0.0,0.0,0.0,0,0,0,0.0,0.0,0.0,0.246074078,0.0,0.0,0.0,0.106313156,0,0,0,0.402930333,
s121-live02,224,0,True,1791610819697271650,5.94463795,0.888630248,0.031552607,0.507369148,False,0.0,0.0,0.0,0.025730277,0.0,0.0,0.0,0.0,0,0,0,0.0,0.0,0.0,0.254472883,0.0,0.0,0.0,0.083749779,0,0,0,0.416428393,
s121-live02,225,1,False,1791610825641909600,12.668757395,0.507369148,0.311057666,0.367350396,False,0.0,0.0,0.0,0.305398403,0.0,0.0,0.0,0.0,0,0,0,0.0,0.0,0.0,0.0,0.0,0.0,0.0,0.073705365,0,0,0,0.376512174,
s121-live02,226,2,False,1791610838310666995,5.486705419,0.367350396,0.318325223,0.539412982,False,0.0,0.0,0.0,0.313072635,0.0,0.0,0.0,0.0,0,0,0,0.0,0.0,0.0,0.240391137,0.0,0.0,0.0,0.087261964,0,0,0,5.268469348,
s121-live02,227,3,False,1791610843797372414,5.542141868,0.539412982,0.007689205,0.959597795,False,0.0,0.0,0.0,0.002153635,0.0,0.0,0.0,0.0,0,0,0,0.0,0.0,0.0,0.293589763,0.0,0.0,0.0,0.08454584,0,0,0,0.31546445,
s121-live02,228,0,True,1791610849339514282,6.301461268,0.959597795,0.299872072,0.505387299,False,0.0,0.0,0.0,0.29480263,0.0,0.0,0.0,0.0,0,0,0,0.0,0.0,0.0,0.249458174,0.0,0.0,0.0,0.112769124,0,0,0,0.32254427,
s121-live02,229,1,False,1791610855640975550,5.527273605,0.505387299,0.030430151,0.496295655,False,0.0,0.0,0.0,0.024438452,0.0,0.0,0.0,0.0,0,0,0,0.0,0.0,0.0,0.241295604,0.0,0.0,0.0,0.076410311,0,0,0,0.344419901,
s121-live02,230,2,False,1791610861168249155,5.768151856,0.496295655,0.340350033,0.492968231,False,0.0,0.0,0.0,0.334729213,0.0,0.0,0.0,0.0,0,0,0,0.0,0.0,0.0,0.231974935,0.0,0.0,0.0,0.083862257,0,0,0,0.399064784,
s121-live02,231,3,False,1791610866936401011,5.532046822,0.492968231,0.006981552,1.003032952,False,0.0,0.0,0.0,0.001278226,0.0,0.0,0.0,0.0,0,0,0,0.0,0.0,0.0,0.322706685,0.0,0.0,0.0,0.114790432,0,0,0,0.30820018,
s121-live02,232,0,True,1791610872468447833,6.382260464,1.003032952,0.330862841,0.499395497,False,0.0,0.0,0.0,0.325638468,0.0,0.0,0.0,0.0,0,0,0,0.0,0.0,0.0,0.22948627,0.0,0.0,0.0,0.083088267,0,0,0,0.39540558,
s121-live02,233,1,False,1791610878850708297,5.581828188,0.499395497,0.031307419,0.511258317,False,0.0,0.0,0.0,0.025337081,0.0,0.0,0.0,0.0,0,0,0,0.0,0.0,0.0,0.248330425,0.0,0.0,0.0,0.078085838,0,0,0,0.381844005,
s121-live02,234,2,False,1791610884432536485,5.797945646,0.511258317,0.306083136,0.470977749,False,0.0,0.0,0.0,0.299165646,0.0,0.0,0.0,0.0,0,0,0,0.0,0.0,0.0,0.222450939,0.0,0.0,0.0,0.10086848,0,0,0,0.355986187,
s121-live02,235,3,False,1791610890230482131,5.404099499,0.470977749,0.007314728,0.925121012,False,0.0,0.0,0.0,0.001263849,0.0,0.0,0.0,0.0,0,0,0,0.0,0.0,0.0,0.291240703,0.0,0.0,0.0,0.072678718,0,0,0,0.320973668,
s121-live02,236,0,True,1791610895634581630,6.218783908,0.925121012,0.311899942,0.540882655,False,0.0,0.0,0.0,0.304619398,0.0,0.0,0.0,0.0,0,0,0,0.0,0.0,0.0,0.245788877,0.0,0.0,0.0,0.110193157,0,0,0,0.377806683,
s121-live02,237,1,False,1791610901853365538,5.498420795,0.540882655,0.007736772,0.53190578,False,0.0,0.0,0.0,0.001380188,0.0,0.0,0.0,0.0,0,0,0,0.0,0.0,0.0,0.278503948,0.0,0.0,0.0,0.079028026,0,0,0,0.370948237,
s121-live02,238,2,False,1791610907351786333,5.839854072,0.53190578,0.339477947,0.509567725,False,0.0,0.0,0.0,0.332216209,0.0,0.0,0.0,0.0,0,0,0,0.0,0.0,0.0,0.229267211,0.0,0.0,0.0,0.114365807,0,0,0,0.345904794,
s121-live02,239,3,False,1791610913191640405,5.558764033,0.509567725,0.036877399,1.160623583,False,0.0,0.0,0.0,0.030611887,0.0,0.0,0.0,0.0,0,0,0,0.0,0.0,0.0,0.334624987,0.0,0.0,0.0,0.171084678,0,0,0,0.365291536,
s121-live02,240,0,True,1791610918750404438,6.795943733,1.160623583,0.307107839,0.501540987,False,0.0,0.0,0.0,0.301273147,0.0,0.0,0.0,0.0,0,0,0,0.0,0.0,0.0,0.21782235,0.0,0.0,0.0,0.076080925,0,0,0,0.458376667,
s121-live02,241,1,False,1791610925546348171,5.553652058,0.501540987,0.030702615,0.509542989,False,0.0,0.0,0.0,0.02499851,0.0,0.0,0.0,0.0,0,0,0,0.0,0.0,0.0,0.251618636,0.0,0.0,0.0,0.08566394,0,0,0,0.337059867,
s121-live02,242,2,False,1791610931100000229,5.860584948,0.509542989,0.333652077,0.499657273,False,0.0,0.0,0.0,0.328109315,0.0,0.0,0.0,0.0,0,0,0,0.0,0.0,0.0,0.237234358,0.0,0.0,0.0,0.087182546,0,0,0,0.348578509,
s121-live02,243,3,False,1791610936960585177,5.42618909,0.499657273,0.006236067,0.978669694,False,0.0,0.0,0.0,0.001073431,0.0,0.0,0.0,0.0,0,0,0,0.0,0.0,0.0,0.318688478,0.0,0.0,0.0,0.116533695,0,0,0,0.379348755,
s121-live02,244,0,True,1791610942386774267,6.362199028,0.978669694,0.311306168,0.481256013,False,0.0,0.0,0.0,0.305897238,0.0,0.0,0.0,0.0,0,0,0,0.0,0.0,0.0,0.2270969,0.0,0.0,0.0,0.076390952,0,0,0,0.376650078,
s121-live02,245,1,False,1791610948748973295,5.520986584,0.481256013,0.053833888,0.448216443,False,0.0,0.0,0.0,0.048454083,0.0,0.0,0.0,0.0,0,0,0,0.0,0.0,0.0,0.18587227,0.0,0.0,0.0,0.080670836,0,0,0,0.278847554,
s121-live02,246,2,False,1791610954269959879,5.757476442,0.448216443,0.326366842,0.530459237,False,0.0,0.0,0.0,0.320674509,0.0,0.0,0.0,0.0,0,0,0,0.0,0.0,0.0,0.262486476,0.0,0.0,0.0,0.128142768,0,0,0,0.375358445,
s121-live02,247,3,False,1791610960027436321,5.513786133,0.530459237,0.029509587,0.913947807,False,0.0,0.0,0.0,0.024109704,0.0,0.0,0.0,0.0,0,0,0,0.0,0.0,0.0,0.256221291,0.0,0.0,0.0,0.14022811,0,0,0,0.339480916,
s121-live02,248,0,True,1791610965541222454,6.240342406,0.913947807,0.327000282,0.513325002,False,0.0,0.0,0.0,0.321368293,0.0,0.0,0.0,0.0,0,0,0,0.0,0.0,0.0,0.240632828,0.0,0.0,0.0,0.085544474,0,0,0,0.375976855,
s121-live02,249,1,False,1791610971781564860,5.592271969,0.513325002,0.059572655,0.465006309,False,0.0,0.0,0.0,0.052642652,0.0,0.0,0.0,0.0,0,0,0,0.0,0.0,0.0,0.198923669,0.0,0.0,0.0,0.089244336,0,0,0,0.301440262,
s121-live02,250,2,False,1791610977373836829,5.750710542,0.465006309,0.312817179,0.513856445,False,0.0,0.0,0.0,0.307533435,0.0,0.0,0.0,0.0,0,0,0,0.0,0.0,0.0,0.248569687,0.0,0.0,0.0,0.108875258,0,0,0,0.386017149,
s121-live02,251,3,False,1791610983124547371,5.607044164,0.513856445,0.05470953,0.808300754,False,0.0,0.0,0.0,0.049336578,0.0,0.0,0.0,0.0,0,0,0,0.0,0.0,0.0,0.179971266,0.0,0.0,0.0,0.073191211,0,0,0,0.361669461,
s121-live02,252,0,True,1791610988731591535,6.095229613,0.808300754,0.31082564,0.460460341,False,0.0,0.0,0.0,0.305249717,0.0,0.0,0.0,0.0,0,0,0,0.0,0.0,0.0,0.213629184,0.0,0.0,0.0,0.078009939,0,0,0,0.4200537,
s121-live02,253,1,False,1791610994826821148,5.492546544,0.460460341,0.032865349,0.54417609,False,0.0,0.0,0.0,0.027673358,0.0,0.0,0.0,0.0,0,0,0,0.0,0.0,0.0,0.277153447,0.0,0.0,0.0,0.092711084,0,0,0,0.363260774,
s121-live02,254,2,False,1791611000319367692,5.833665559,0.54417609,0.307390586,0.477800629,False,0.0,0.0,0.0,0.300958091,0.0,0.0,0.0,0.0,0,0,0,0.0,0.0,0.0,0.220526748,0.0,0.0,0.0,0.072528151,0,0,0,0.407053371,
s121-live02,255,3,False,1791611006153033251,5.446052444,0.477800629,0.007982041,0.968861087,False,0.0,0.0,0.0,0.001647921,0.0,0.0,0.0,0.0,0,0,0,0.0,0.0,0.0,0.310595032,0.0,0.0,0.0,0.079253115,0,0,0,0.411522766,
s121-live02,256,0,True,1791611011599085695,13.202890907,0.968861087,0.309267609,0.375781381,False,0.0,0.0,0.0,0.302291271,0.0,0.0,0.0,0.0,0,0,0,0.0,0.0,0.0,0.0,0.0,0.0,0.0,0.074267841,0,0,0,0.411228215,
s121-live02,257,1,False,1791611024801976602,5.449748907,0.375781381,0.304525504,0.457954501,False,0.0,0.0,0.0,0.299147764,0.0,0.0,0.0,0.0,0,0,0,0.0,0.0,0.0,0.210752028,0.0,0.0,0.0,0.074186065,0,0,0,5.227736048,
s121-live02,258,2,False,1791611030251725509,5.459674425,0.457954501,0.035444831,0.491783034,False,0.0,0.0,0.0,0.029078771,0.0,0.0,0.0,0.0,0,0,0,0.0,0.0,0.0,0.243583368,0.0,0.0,0.0,0.135960552,0,0,0,0.407845078,
s121-live02,259,3,False,1791611035711399934,5.754082935,0.491783034,0.300588567,1.095324128,False,0.0,0.0,0.0,0.295357563,0.0,0.0,0.0,0.0,0,0,0,0.0,0.0,0.0,0.299405962,0.0,0.0,0.0,0.155978289,0,0,0,0.350869847,
s121-live02,260,0,True,1791611041465482869,6.316785875,1.095324128,0.008643465,0.546010883,False,0.0,0.0,0.0,0.003547605,0.0,0.0,0.0,0.0,0,0,0,0.0,0.0,0.0,0.292348295,0.0,0.0,0.0,0.102394795,0,0,0,0.491021806,
s121-live02,261,1,False,1791611047782268744,5.813656029,0.546010883,0.31454464,0.466960531,False,0.0,0.0,0.0,0.307661137,0.0,0.0,0.0,0.0,0,0,0,0.0,0.0,0.0,0.218959331,0.0,0.0,0.0,0.081983454,0,0,0,0.42357526,
s121-live02,262,2,False,1791611053595924773,5.581316118,0.466960531,0.054707396,0.432542719,False,0.0,0.0,0.0,0.049750578,0.0,0.0,0.0,0.0,0,0,0,0.0,0.0,0.0,0.177127901,0.0,0.0,0.0,0.075119346,0,0,0,0.441511626,
s121-live02,263,3,False,1791611059177240891,5.749860418,0.432542719,0.309265918,0.871948728,False,0.0,0.0,0.0,0.303566433,0.0,0.0,0.0,0.0,0,0,0,0.0,0.0,0.0,0.220949949,0.0,0.0,0.0,0.079073776,0,0,0,0.43049518,
s121-live02,264,0,True,1791611064927101309,5.99905457,0.871948728,0.051394611,0.444537917,False,0.0,0.0,0.0,0.045677303,0.0,0.0,0.0,0.0,0,0,0,0.0,0.0,0.0,0.179238176,0.0,0.0,0.0,0.078363178,0,0,0,0.401529598,
s121-live02,265,1,False,1791611070926155879,5.775009264,0.444537917,0.311776253,0.480845111,False,0.0,0.0,0.0,0.304609027,0.0,0.0,0.0,0.0,0,0,0,0.0,0.0,0.0,0.233446138,0.0,0.0,0.0,0.080238186,0,0,0,0.343605827,
s121-live02,266,2,False,1791611076701165143,5.467227601,0.480845111,0.03162052,0.480717392,False,0.0,0.0,0.0,0.025211821,0.0,0.0,0.0,0.0,0,0,0,0.0,0.0,0.0,0.239011437,0.0,0.0,0.0,0.075903217,0,0,0,0.343283636,
s121-live02,267,3,False,1791611082168392744,5.689803456,0.480717392,0.303833419,0.858028056,False,0.0,0.0,0.0,0.296828728,0.0,0.0,0.0,0.0,0,0,0,0.0,0.0,0.0,0.218188091,0.0,0.0,0.0,0.076085008,0,0,0,0.353719719,
s121-live02,268,0,True,1791611087858196200,5.936020179,0.858028056,0.053888571,0.426664832,False,0.0,0.0,0.0,0.048767755,0.0,0.0,0.0,0.0,0,0,0,0.0,0.0,0.0,0.179807618,0.0,0.0,0.0,0.07627268,0,0,0,0.302673121,
s121-live02,269,1,False,1791611093794216379,5.666550769,0.426664832,0.304322039,0.471219564,False,0.0,0.0,0.0,0.298739014,0.0,0.0,0.0,0.0,0,0,0,0.0,0.0,0.0,0.221588083,0.0,0.0,0.0,0.10730403,0,0,0,0.253194305,
s121-live02,270,2,False,1791611099460767148,5.474330085,0.471219564,0.008193026,0.582749406,False,0.0,0.0,0.0,0.001439579,0.0,0.0,0.0,0.0,0,0,0,0.0,0.0,0.0,0.314280633,0.0,0.0,0.0,0.109077525,0,0,0,0.354676295,
s121-live02,271,3,False,1791611104935097233,5.887978629,0.582749406,0.316973507,0.905237912,False,0.0,0.0,0.0,0.312097072,0.0,0.0,0.0,0.0,0,0,0,0.0,0.0,0.0,0.235045759,0.0,0.0,0.0,0.111131799,0,0,0,0.284096776,
s121-live02,272,0,True,1791611110823075862,5.988510073,0.905237912,0.052755435,0.422093659,False,0.0,0.0,0.0,0.047429915,0.0,0.0,0.0,0.0,0,0,0,0.0,0.0,0.0,0.172214362,0.0,0.0,0.0,0.073297798,0,0,0,0.347574072,
s121-live02,273,1,False,1791611116811585935,5.690954672,0.422093659,0.317607783,0.487302621,False,0.0,0.0,0.0,0.312140255,0.0,0.0,0.0,0.0,0,0,0,0.0,0.0,0.0,0.231712972,0.0,0.0,0.0,0.083754293,0,0,0,0.333368568,
s121-live02,274,2,False,1791611122502540607,5.50182703,0.487302621,0.031316736,0.522577558,False,0.0,0.0,0.0,0.025673968,0.0,0.0,0.0,0.0,0,0,0,0.0,0.0,0.0,0.256705825,0.0,0.0,0.0,0.086698751,0,0,0,0.417456323,
s121-live02,275,3,False,1791611128004367637,5.786024784,0.522577558,0.31220552,0.899298131,False,0.0,0.0,0.0,0.306483313,0.0,0.0,0.0,0.0,0,0,0,0.0,0.0,0.0,0.232126886,0.0,0.0,0.0,0.08142052,0,0,0,0.461583717,
s121-live02,276,0,True,1791611133790392421,5.88134278,0.899298131,0.007377652,0.577520553,False,0.0,0.0,0.0,0.000934188,0.0,0.0,0.0,0.0,0,0,0,0.0,0.0,0.0,0.307710829,0.0,0.0,0.0,0.110164712,0,0,0,0.396894554,
s121-live02,277,1,False,1791611139671735201,5.807531265,0.577520553,0.319295372,0.474645702,False,0.0,0.0,0.0,0.313572033,0.0,0.0,0.0,0.0,0,0,0,0.0,0.0,0.0,0.221205581,0.0,0.0,0.0,0.077403178,0,0,0,0.41052717,
s121-live02,278,2,False,1791611145479266466,5.391835505,0.474645702,0.007312909,0.543518013,False,0.0,0.0,0.0,0.001926224,0.0,0.0,0.0,0.0,0,0,0,0.0,0.0,0.0,0.290029052,0.0,0.0,0.0,0.105241567,0,0,0,0.428321987,
s121-live02,279,3,False,1791611150871101971,5.80995003,0.543518013,0.33744309,1.096101558,False,0.0,0.0,0.0,0.330921549,0.0,0.0,0.0,0.0,0,0,0,0.0,0.0,0.0,0.291705884,0.0,0.0,0.0,0.151783525,0,0,0,0.417049211,
s121-live02,280,0,True,1791611156681052001,6.313923416,1.096101558,0.00773291,0.565675578,False,0.0,0.0,0.0,0.001347886,0.0,0.0,0.0,0.0,0,0,0,0.0,0.0,0.0,0.296668337,0.0,0.0,0.0,0.10126421,0,0,0,0.535531253,
s121-live02,281,1,False,1791611162994975417,5.879819866,0.565675578,0.310387997,0.468769663,False,0.0,0.0,0.0,0.303971885,0.0,0.0,0.0,0.0,0,0,0,0.0,0.0,0.0,0.213525961,0.0,0.0,0.0,0.076880862,0,0,0,0.413687175,
s121-live02,282,2,False,1791611168874795283,5.422188345,0.468769663,0.006540607,0.544543746,False,0.0,0.0,0.0,0.000813181,0.0,0.0,0.0,0.0,0,0,0,0.0,0.0,0.0,0.295859228,0.0,0.0,0.0,0.103336868,0,0,0,0.371458117,
s121-live02,283,3,False,1791611174296983628,5.763657656,0.544543746,0.301084696,0.870783254,False,0.0,0.0,0.0,0.294975372,0.0,0.0,0.0,0.0,0,0,0,0.0,0.0,0.0,0.244225376,0.0,0.0,0.0,0.083278136,0,0,0,0.39387472,
s121-live02,284,0,True,1791611180060641284,5.819655889,0.870783254,0.007227718,0.507962999,False,0.0,0.0,0.0,0.002023366,0.0,0.0,0.0,0.0,0,0,0,0.0,0.0,0.0,0.261716843,0.0,0.0,0.0,0.071221501,0,0,0,0.388680553,
s121-live02,285,1,False,1791611185880297173,5.727664255,0.507962999,0.30192455,0.454981941,False,0.0,0.0,0.0,0.296278788,0.0,0.0,0.0,0.0,0,0,0,0.0,0.0,0.0,0.210736232,0.0,0.0,0.0,0.073913475,0,0,0,0.381085468,
s121-live02,286,2,False,1791611191607961428,5.395921413,0.454981941,0.008210758,0.557528052,False,0.0,0.0,0.0,0.001099729,0.0,0.0,0.0,0.0,0,0,0,0.0,0.0,0.0,0.309876417,0.0,0.0,0.0,0.114382415,0,0,0,0.428102545,
s121-live02,287,3,False,1791611197003882841,12.646267311,0.557528052,0.302389958,0.771901997,False,0.0,0.0,0.0,0.297114433,0.0,0.0,0.0,0.0,0,0,0,0.0,0.0,0.0,0.0,0.0,0.0,0.0,0.080752089,0,0,0,0.367597393,
s121-live02,288,0,True,1791611209650150152,5.900793615,0.771901997,0.341372023,0.456452939,False,0.0,0.0,0.0,0.336038328,0.0,0.0,0.0,0.0,0,0,0,0.0,0.0,0.0,0.211361459,0.0,0.0,0.0,0.072290048,0,0,0,5.651673258,
s121-live02,289,1,False,1791611215550943767,5.398308473,0.456452939,0.006914599,0.578371672,False,0.0,0.0,0.0,0.00171668,0.0,0.0,0.0,0.0,0,0,0,0.0,0.0,0.0,0.31410565,0.0,0.0,0.0,0.11073672,0,0,0,0.398748048,
s121-live02,290,2,False,1791611220949252240,5.824465971,0.578371672,0.304751258,0.459869678,False,0.0,0.0,0.0,0.297833824,0.0,0.0,0.0,0.0,0,0,0,0.0,0.0,0.0,0.213417694,0.0,0.0,0.0,0.075762069,0,0,0,0.379040035,
s121-live02,291,3,False,1791611226773718211,5.437720793,0.459869678,0.031783768,0.89646152,False,0.0,0.0,0.0,0.025724548,0.0,0.0,0.0,0.0,0,0,0,0.0,0.0,0.0,0.24898149,0.0,0.0,0.0,0.084625834,0,0,0,0.375268145,
s121-live02,292,0,True,1791611232211439004,6.203798541,0.89646152,0.31262759,0.476739767,False,0.0,0.0,0.0,0.306799876,0.0,0.0,0.0,0.0,0,0,0,0.0,0.0,0.0,0.222588873,0.0,0.0,0.0,0.078609464,0,0,0,0.41118273,
s121-live02,293,1,False,1791611238415237545,5.397948014,0.476739767,0.006750881,0.548119163,False,0.0,0.0,0.0,0.001536461,0.0,0.0,0.0,0.0,0,0,0,0.0,0.0,0.0,0.302593579,0.0,0.0,0.0,0.102629384,0,0,0,0.379978599,
s121-live02,294,2,False,1791611243813185559,5.793567545,0.548119163,0.307264835,0.487206158,False,0.0,0.0,0.0,0.058580431,0.0,0.0,0.0,0.0,0,0,0,0.0,0.0,0.0,0.23579238,0.0,0.0,0.0,0.103539986,0,0,0,0.410902795,
s121-live02,295,3,False,1791611249606753104,5.518857963,0.487206158,0.050779434,0.812012857,False,0.0,0.0,0.0,0.044581062,0.0,0.0,0.0,0.0,0,0,0,0.0,0.0,0.0,0.174018589,0.0,0.0,0.0,0.073369644,0,0,0,0.407254107,
s121-live02,296,0,True,1791611255125611067,6.074445739,0.812012857,0.309260563,0.456640815,False,0.0,0.0,0.0,0.302013209,0.0,0.0,0.0,0.0,0,0,0,0.0,0.0,0.0,0.203810086,0.0,0.0,0.0,0.072950074,0,0,0,0.359861932,
s121-live02,297,1,False,1791611261200056806,5.397459355,0.456640815,0.007442442,0.537114267,False,0.0,0.0,0.0,0.001609979,0.0,0.0,0.0,0.0,0,0,0,0.0,0.0,0.0,0.290052834,0.0,0.0,0.0,0.10787031,0,0,0,0.338454584,
s121-live02,298,2,False,1791611266597516161,5.768886027,0.537114267,0.315552635,0.479353026,False,0.0,0.0,0.0,0.30899112,0.0,0.0,0.0,0.0,0,0,0,0.0,0.0,0.0,0.222504602,0.0,0.0,0.0,0.079432789,0,0,0,0.332364253,
s121-live02,299,3,False,1791611272366402188,5.404162606,0.479353026,0.007162655,1.2261198,False,0.0,0.0,0.0,0.001587426,0.0,0.0,0.0,0.0,0,0,0,0.0,0.0,0.0,0.388633359,0.0,0.0,0.0,0.177052481,0,0,0,0.400216131,
s121-live02,300,0,True,1791611277770564794,6.778629051,1.2261198,0.31416581,0.461029364,False,0.0,0.0,0.0,0.308386057,0.0,0.0,0.0,0.0,0,0,0,0.0,0.0,0.0,0.215448754,0.0,0.0,0.0,0.079890227,0,0,0,0.460908798,
s121-live02,301,1,False,1791611284549193845,5.38374105,0.461029364,0.006900953,0.556466194,False,0.0,0.0,0.0,0.00108948,0.0,0.0,0.0,0.0,0,0,0,0.0,0.0,0.0,0.280268867,0.0,0.0,0.0,0.078146466,0,0,0,0.406473194,
s121-live02,302,2,False,1791611289932934895,5.815682906,0.556466194,0.319052889,0.487905247,False,0.0,0.0,0.0,0.312782252,0.0,0.0,0.0,0.0,0,0,0,0.0,0.0,0.0,0.235125628,0.0,0.0,0.0,0.113845866,0,0,0,0.436216355,
s121-live02,303,3,False,1791611295748617801,5.509354487,0.487905247,0.028444271,0.929712842,False,0.0,0.0,0.0,0.022191368,0.0,0.0,0.0,0.0,0,0,0,0.0,0.0,0.0,0.27182664,0.0,0.0,0.0,0.155215141,0,0,0,0.415899941,
s121-live02,304,0,True,1791611301257972288,6.238365922,0.929712842,0.325093035,0.530320592,False,0.0,0.0,0.0,0.058509291,0.0,0.0,0.0,0.0,0,0,0,0.0,0.0,0.0,0.252889432,0.0,0.0,0.0,0.108545132,0,0,0,0.469144294,
s121-live02,305,1,False,1791611307496338210,5.593853643,0.530320592,0.05573943,0.485450465,False,0.0,0.0,0.0,0.050422327,0.0,0.0,0.0,0.0,0,0,0,0.0,0.0,0.0,0.198078816,0.0,0.0,0.0,0.087701519,0,0,0,0.370639827,
s121-live02,306,2,False,1791611313090191853,5.715341463,0.485450465,0.310511709,0.465621447,False,0.0,0.0,0.0,0.305450307,0.0,0.0,0.0,0.0,0,0,0,0.0,0.0,0.0,0.211604339,0.0,0.0,0.0,0.076307945,0,0,0,0.35735363,
s121-live02,307,3,False,1791611318805533316,12.544101293,0.465621447,0.034460979,0.784198935,False,0.0,0.0,0.0,0.028085936,0.0,0.0,0.0,0.0,0,0,0,0.0,0.0,0.0,0.0,0.0,0.0,0.0,0.082731026,0,0,0,0.337087512,
s121-live02,308,0,True,1791611331349634609,5.510831561,0.784198935,0.006864493,0.488088821,False,0.0,0.0,0.0,0.001807359,0.0,0.0,0.0,0.0,0,0,0,0.0,0.0,0.0,0.225578712,0.0,0.0,0.0,0.101345693,0,0,0,5.607032307,
s121-live02,309,1,False,1791611336860466170,5.667410013,0.488088821,0.3292087,0.48823874,False,0.0,0.0,0.0,0.322625707,0.0,0.0,0.0,0.0,0,0,0,0.0,0.0,0.0,0.229542418,0.0,0.0,0.0,0.084263227,0,0,0,0.734973321,
s121-live02,310,2,False,1791611342527876183,5.555327939,0.48823874,0.037132233,0.511172969,False,0.0,0.0,0.0,0.030433431,0.0,0.0,0.0,0.0,0,0,0,0.0,0.0,0.0,0.257355167,0.0,0.0,0.0,0.144954428,0,0,0,0.392477239,
s121-live02,311,3,False,1791611348083204122,5.829401771,0.511172969,0.314797014,0.888919059,False,0.0,0.0,0.0,0.308833175,0.0,0.0,0.0,0.0,0,0,0,0.0,0.0,0.0,0.244114086,0.0,0.0,0.0,0.114256519,0,0,0,0.379919433,
s121-live02,312,0,True,1791611353912605893,5.887004304,0.888919059,0.008696039,0.545109372,False,0.0,0.0,0.0,0.001481487,0.0,0.0,0.0,0.0,0,0,0,0.0,0.0,0.0,0.298542344,0.0,0.0,0.0,0.105315799,0,0,0,0.37321677,
s121-live02,313,1,False,1791611359799610197,5.816681817,0.545109372,0.309307943,0.489935497,False,0.0,0.0,0.0,0.30405956,0.0,0.0,0.0,0.0,0,0,0,0.0,0.0,0.0,0.229726737,0.0,0.0,0.0,0.087807903,0,0,0,0.400815876,
s121-live02,314,2,False,1791611365616292014,5.451248389,0.489935497,0.006510327,0.521319882,False,0.0,0.0,0.0,0.00113779,0.0,0.0,0.0,0.0,0,0,0,0.0,0.0,0.0,0.276762317,0.0,0.0,0.0,0.080360292,0,0,0,0.40347242,
s123b-legacy-live01,10,2,False,1791616602953514582,6.037689304,0.604376288,0.333440042,0.532007029,False,0.0,0.0,0.0,0.326605255,0.0,0.0,0.0,0.0,0,0,0,0.0,0.0,0.0,0.263467679,0.0,0.0,0.0,0.092175217,0,0,0,0.419161648,
s123b-legacy-live01,11,3,False,1791616608991203886,5.591520379,0.532007029,0.022429129,0.988836339,False,0.0,0.0,0.0,0.015669874,0.0,0.0,0.0,0.0,0,0,0,0.0,0.0,0.0,0.315391135,0.0,0.0,0.0,0.09557079,0,0,0,0.437191849,
s123b-legacy-live01,12,0,True,1791616614582724265,6.387215404,0.988836339,0.319582303,0.557666559,False,0.0,0.0,0.0,0.313210236,0.0,0.0,0.0,0.0,0,0,0,0.0,0.0,0.0,0.266348473,0.0,0.0,0.0,0.084070914,0,0,0,0.461108574,
s123b-legacy-live01,13,1,False,1791616620969939669,5.631676836,0.557666559,0.04055574,0.548471525,False,0.0,0.0,0.0,0.033777209,0.0,0.0,0.0,0.0,0,0,0,0.0,0.0,0.0,0.286344608,0.0,0.0,0.0,0.088289053,0,0,0,0.507293576,
s123b-legacy-live01,14,2,False,1791616626601616505,5.887971853,0.548471525,0.318349055,0.543642828,False,0.0,0.0,0.0,0.311443916,0.0,0.0,0.0,0.0,0,0,0,0.0,0.0,0.0,0.255209695,0.0,0.0,0.0,0.089004087,0,0,0,0.491337934,
s123b-legacy-live01,15,3,False,1791616632489588358,5.676079044,0.543642828,0.022463103,1.02214196,False,0.0,0.0,0.0,0.015453678,0.0,0.0,0.0,0.0,0,0,0,0.0,0.0,0.0,0.345615467,0.0,0.0,0.0,0.098993823,0,0,0,0.463897826,
s123b-legacy-live01,16,0,True,1791616638165667402,6.4596979,1.02214196,0.322887365,0.525527387,False,0.0,0.0,0.0,0.315779675,0.0,0.0,0.0,0.0,0,0,0,0.0,0.0,0.0,0.251501445,0.0,0.0,0.0,0.086140704,0,0,0,0.514458071,
s123b-legacy-live01,17,1,False,1791616644625365302,5.666442844,0.525527387,0.026307599,0.600297819,False,0.0,0.0,0.0,0.019278176,0.0,0.0,0.0,0.0,0,0,0,0.0,0.0,0.0,0.320400199,0.0,0.0,0.0,0.151819377,0,0,0,0.49328928,
s123b-legacy-live01,18,2,False,1791616650291808146,5.99203052,0.600297819,0.34007448,0.521386424,False,0.0,0.0,0.0,0.333453515,0.0,0.0,0.0,0.0,0,0,0,0.0,0.0,0.0,0.2205466,0.0,0.0,0.0,0.083628271,0,0,0,0.435253383,
s123b-legacy-live01,19,3,False,1791616656283838666,5.702952252,0.521386424,0.044297434,1.329881237,False,0.0,0.0,0.0,0.036866506,0.0,0.0,0.0,0.0,0,0,0,0.0,0.0,0.0,0.42785692,0.0,0.0,0.0,0.220049545,0,0,0,0.40270328,
s123b-legacy-live01,20,0,True,1791616661986790918,7.041705391,1.329881237,0.334659522,0.594358895,False,0.0,0.0,0.0,0.328015854,0.0,0.0,0.0,0.0,0,0,0,0.0,0.0,0.0,0.264441426,0.0,0.0,0.0,0.09245867,0,0,0,0.595566675,
s123b-legacy-live01,21,1,False,1791616669028496309,5.682567197,0.594358895,0.02693583,0.632841188,False,0.0,0.0,0.0,0.020699959,0.0,0.0,0.0,0.0,0,0,0,0.0,0.0,0.0,0.348015266,0.0,0.0,0.0,0.111594238,0,0,0,0.425986905,
s123b-legacy-live01,22,2,False,1791616674711063506,6.119187205,0.632841188,0.35259797,0.545045012,False,0.0,0.0,0.0,0.345812806,0.0,0.0,0.0,0.0,0,0,0,0.0,0.0,0.0,0.271539198,0.0,0.0,0.0,0.101087448,0,0,0,0.491812673,
s123b-legacy-live01,23,3,False,1791616680830250711,5.668610457,0.545045012,0.045991137,0.960773733,False,0.0,0.0,0.0,0.039192508,0.0,0.0,0.0,0.0,0,0,0,0.0,0.0,0.0,0.279114877,0.0,0.0,0.0,0.082991805,0,0,0,0.420428056,
s123b-legacy-live01,24,0,True,1791616686498861168,6.377676065,0.960773733,0.322993994,0.566142286,False,0.0,0.0,0.0,0.31506477,0.0,0.0,0.0,0.0,0,0,0,0.0,0.0,0.0,0.274556849,0.0,0.0,0.0,0.102277696,0,0,0,0.434924754,
s123b-legacy-live01,25,1,False,1791616692876537233,5.623933213,0.566142286,0.025751684,0.616772162,False,0.0,0.0,0.0,0.018610992,0.0,0.0,0.0,0.0,0,0,0,0.0,0.0,0.0,0.336579489,0.0,0.0,0.0,0.14751772,0,0,0,0.401114993,
s123b-legacy-live01,26,2,False,1791616698500470446,6.016562252,0.616772162,0.328926915,0.570732102,False,0.0,0.0,0.0,0.323189832,0.0,0.0,0.0,0.0,0,0,0,0.0,0.0,0.0,0.267892011,0.0,0.0,0.0,0.091396263,0,0,0,0.429752873,
s123b-legacy-live01,27,3,False,1791616704517032698,5.706688166,0.570732102,0.049663379,0.956280726,False,0.0,0.0,0.0,0.043457063,0.0,0.0,0.0,0.0,0,0,0,0.0,0.0,0.0,0.278853475,0.0,0.0,0.0,0.085327636,0,0,0,0.387251565,
s123b-legacy-live01,28,0,True,1791616710223720864,6.402169008,0.956280726,0.341935697,0.541137104,False,0.0,0.0,0.0,0.336026289,0.0,0.0,0.0,0.0,0,0,0,0.0,0.0,0.0,0.268603749,0.0,0.0,0.0,0.0924486,0,0,0,0.405736149,
s123b-legacy-live01,29,1,False,1791616716625889872,5.674124081,0.541137104,0.051440129,0.606369597,False,0.0,0.0,0.0,0.041887463,0.0,0.0,0.0,0.0,0,0,0,0.0,0.0,0.0,0.297294747,0.0,0.0,0.0,0.091221764,0,0,0,0.369191397,
s123b-legacy-live01,30,2,False,1791616722300013953,6.046152207,0.606369597,0.360688916,0.59006995,False,0.0,0.0,0.0,0.354025231,0.0,0.0,0.0,0.0,0,0,0,0.0,0.0,0.0,0.295069384,0.0,0.0,0.0,0.102959567,0,0,0,0.42870423,
s123b-legacy-live01,31,3,False,1791616728346166160,5.698073701,0.59006995,0.027079099,1.022007557,False,0.0,0.0,0.0,0.020129276,0.0,0.0,0.0,0.0,0,0,0,0.0,0.0,0.0,0.343417301,0.0,0.0,0.0,0.101000494,0,0,0,0.489637923,
s123b-legacy-live01,32,0,True,1791616734044239861,6.477125886,1.022007557,0.327127652,0.56009133,False,0.0,0.0,0.0,0.320622464,0.0,0.0,0.0,0.0,0,0,0,0.0,0.0,0.0,0.267609971,0.0,0.0,0.0,0.096313635,0,0,0,0.448627137,
s123b-legacy-live01,33,1,False,1791616740521365747,5.67330564,0.56009133,0.034867679,0.649423182,False,0.0,0.0,0.0,0.026324741,0.0,0.0,0.0,0.0,0,0,0,0.0,0.0,0.0,0.358141878,0.0,0.0,0.0,0.113404981,0,0,0,0.497396937,
s123b-legacy-live01,34,2,False,1791616746194671387,6.132658174,0.649423182,0.350142732,0.578976257,False,0.0,0.0,0.0,0.342798338,0.0,0.0,0.0,0.0,0,0,0,0.0,0.0,0.0,0.283370475,0.0,0.0,0.0,0.093037217,0,0,0,0.47633074,
s123b-legacy-live01,35,3,False,1791616752327329561,5.740873888,0.578976257,0.04804651,0.979191416,False,0.0,0.0,0.0,0.040961703,0.0,0.0,0.0,0.0,0,0,0,0.0,0.0,0.0,0.299874786,0.0,0.0,0.0,0.099598449,0,0,0,0.407955539,
s123b-legacy-live01,36,0,True,1791616758068203449,6.464488218,0.979191416,0.329327366,0.547159502,False,0.0,0.0,0.0,0.32272724,0.0,0.0,0.0,0.0,0,0,0,0.0,0.0,0.0,0.258966353,0.0,0.0,0.0,0.090423043,0,0,0,0.439489411,
s123b-legacy-live01,37,1,False,1791616764532691667,5.660618732,0.547159502,0.029001492,0.612018793,False,0.0,0.0,0.0,0.021739382,0.0,0.0,0.0,0.0,0,0,0,0.0,0.0,0.0,0.330091843,0.0,0.0,0.0,0.09594419,0,0,0,0.484778828,
s123b-legacy-live01,38,2,False,1791616770193310399,6.006953301,0.612018793,0.349241928,0.558644199,False,0.0,0.0,0.0,0.342598781,0.0,0.0,0.0,0.0,0,0,0,0.0,0.0,0.0,0.27700037,0.0,0.0,0.0,0.097525062,0,0,0,0.460039948,
s123b-legacy-live01,39,3,False,1791616776200263700,5.711478454,0.558644199,0.026575973,1.301864602,False,0.0,0.0,0.0,0.019790719,0.0,0.0,0.0,0.0,0,0,0,0.0,0.0,0.0,0.411463892,0.0,0.0,0.0,0.198514184,0,0,0,0.452906179,
s123b-legacy-live01,40,0,True,1791616781911742154,7.10642363,1.301864602,0.356634543,0.587905879,False,0.0,0.0,0.0,0.349930532,0.0,0.0,0.0,0.0,0,0,0,0.0,0.0,0.0,0.273734581,0.0,0.0,0.0,0.096032396,0,0,0,0.618243132,
s123b-legacy-live01,41,1,False,1791616789018165784,5.768756519,0.587905879,0.042712494,0.581358552,False,0.0,0.0,0.0,0.035996159,0.0,0.0,0.0,0.0,0,0,0,0.0,0.0,0.0,0.307787238,0.0,0.0,0.0,0.102612354,0,0,0,0.409348946,
s123b-legacy-live01,42,2,False,1791616794786922303,5.991004652,0.581358552,0.360035165,0.609076702,False,0.0,0.0,0.0,0.353267163,0.0,0.0,0.0,0.0,0,0,0,0.0,0.0,0.0,0.286452136,0.0,0.0,0.0,0.101186865,0,0,0,0.416652695,
s123b-legacy-live01,43,3,False,1791616800777926955,5.719469202,0.609076702,0.046360421,0.979927896,False,0.0,0.0,0.0,0.039732102,0.0,0.0,0.0,0.0,0,0,0,0.0,0.0,0.0,0.299307549,0.0,0.0,0.0,0.094332952,0,0,0,0.407486075,
s123b-legacy-live01,44,0,True,1791616806497396157,6.443873214,0.979927896,0.344568743,0.560480237,False,0.0,0.0,0.0,0.337907592,0.0,0.0,0.0,0.0,0,0,0,0.0,0.0,0.0,0.277082784,0.0,0.0,0.0,0.096214328,0,0,0,0.474440915,
s123b-legacy-live01,45,1,False,1791616812941269371,5.667907679,0.560480237,0.03059654,0.604812306,False,0.0,0.0,0.0,0.023650223,0.0,0.0,0.0,0.0,0,0,0,0.0,0.0,0.0,0.340424443,0.0,0.0,0.0,0.092124661,0,0,0,0.401981638,
s123b-legacy-live01,46,2,False,1791616818609177050,6.02135048,0.604812306,0.336316531,0.559715309,False,0.0,0.0,0.0,0.32905409,0.0,0.0,0.0,0.0,0,0,0,0.0,0.0,0.0,0.26388674,0.0,0.0,0.0,0.088449432,0,0,0,0.366777707,
s123b-legacy-live01,47,3,False,1791616824630527530,5.714975344,0.559715309,0.050137049,1.034580311,False,0.0,0.0,0.0,0.041973996,0.0,0.0,0.0,0.0,0,0,0,0.0,0.0,0.0,0.303884071,0.0,0.0,0.0,0.095907471,0,0,0,0.275055253,
s123b-legacy-live01,48,0,True,1791616830345502874,6.449682151,1.034580311,0.337446806,0.542384423,False,0.0,0.0,0.0,0.33078268,0.0,0.0,0.0,0.0,0,0,0,0.0,0.0,0.0,0.267748348,0.0,0.0,0.0,0.089045333,0,0,0,0.497686127,
s123b-legacy-live01,49,1,False,1791616836795185025,5.688639377,0.542384423,0.030796827,0.622832776,False,0.0,0.0,0.0,0.024130246,0.0,0.0,0.0,0.0,0,0,0,0.0,0.0,0.0,0.339070979,0.0,0.0,0.0,0.101230286,0,0,0,0.361122036,
s123b-legacy-live01,50,2,False,1791616842483824402,6.065753801,0.622832776,0.343137592,0.565324922,False,0.0,0.0,0.0,0.337368768,0.0,0.0,0.0,0.0,0,0,0,0.0,0.0,0.0,0.259349111,0.0,0.0,0.0,0.089763562,0,0,0,0.474672218,
s123b-legacy-live01,51,3,False,1791616848549578203,5.72543711,0.565324922,0.049260615,0.958509136,False,0.0,0.0,0.0,0.042154711,0.0,0.0,0.0,0.0,0,0,0,0.0,0.0,0.0,0.287421838,0.0,0.0,0.0,0.086919543,0,0,0,0.448762923,
s123b-legacy-live01,52,0,True,1791616854275015313,6.388266085,0.958509136,0.343251644,0.575835879,False,0.0,0.0,0.0,0.336552625,0.0,0.0,0.0,0.0,0,0,0,0.0,0.0,0.0,0.269741601,0.0,0.0,0.0,0.090535113,0,0,0,0.447035608,
s123b-legacy-live01,53,1,False,1791616860663281398,5.695854589,0.575835879,0.044298228,0.612866358,False,0.0,0.0,0.0,0.036709016,0.0,0.0,0.0,0.0,0,0,0,0.0,0.0,0.0,0.307015002,0.0,0.0,0.0,0.104019027,0,0,0,0.413543831,
s123b-legacy-live01,54,2,False,1791616866359135987,6.02003713,0.612866358,0.340596751,0.561132208,False,0.0,0.0,0.0,0.33297084,0.0,0.0,0.0,0.0,0,0,0,0.0,0.0,0.0,0.255088044,0.0,0.0,0.0,0.085106062,0,0,0,0.365081249,
s123b-legacy-live01,55,3,False,1791616872379173117,5.725816571,0.561132208,0.042821246,0.947403318,False,0.0,0.0,0.0,0.036723805,0.0,0.0,0.0,0.0,0,0,0,0.0,0.0,0.0,0.286033651,0.0,0.0,0.0,0.088015978,0,0,0,0.385308541,
s123b-legacy-live01,56,0,True,1791616878104989688,6.432478048,0.947403318,0.347946775,0.561721554,False,0.0,0.0,0.0,0.341950775,0.0,0.0,0.0,0.0,0,0,0,0.0,0.0,0.0,0.258906362,0.0,0.0,0.0,0.088228418,0,0,0,0.502409678,
s123b-legacy-live01,57,1,False,1791616884537467736,5.708828467,0.561721554,0.026931447,0.612075776,False,0.0,0.0,0.0,0.019664349,0.0,0.0,0.0,0.0,0,0,0,0.0,0.0,0.0,0.333369165,0.0,0.0,0.0,0.095577971,0,0,0,0.483162961,
s123b-legacy-live01,58,2,False,1791616890246296203,6.007456054,0.612075776,0.336652897,0.548043496,False,0.0,0.0,0.0,0.330114759,0.0,0.0,0.0,0.0,0,0,0,0.0,0.0,0.0,0.258866567,0.0,0.0,0.0,0.086153183,0,0,0,0.415000652,
s123b-legacy-live01,59,3,False,1791616896253752257,5.628023482,0.548043496,0.023659172,1.272982919,False,0.0,0.0,0.0,0.016814848,0.0,0.0,0.0,0.0,0,0,0,0.0,0.0,0.0,0.402429612,0.0,0.0,0.0,0.1808998,0,0,0,0.533958992,
s123b-live01,10,2,False,1791612425568569774,5.995423823,0.572139967,0.32012186,0.515685189,False,0.0,0.0,0.0,0.312332952,0.0,0.0,0.0,0.0,0,0,0,0.0,0.0,0.0,0.24853152,0.0,0.0,0.0,0.087806777,0,0,0,1.013667928,
s123b-live01,11,3,False,1791612431563993597,5.628032114,0.515685189,0.026013,0.964688468,False,0.0,0.0,0.0,0.017960406,0.0,0.0,0.0,0.0,0,0,0,0.0,0.0,0.0,0.310095454,0.0,0.0,0.0,0.086711607,0,0,0,0.981296189,
s123b-live01,12,0,True,1791612437192025711,6.411517722,0.964688468,0.318767132,0.515465875,False,0.0,0.0,0.0,0.311127034,0.0,0.0,0.0,0.0,0,0,0,0.0,0.0,0.0,0.247899861,0.0,0.0,0.0,0.082265005,0,0,0,0.971023781,
s123b-live01,13,1,False,1791612443603543433,5.615421437,0.515465875,0.022678618,0.614379198,False,0.0,0.0,0.0,0.014662033,0.0,0.0,0.0,0.0,0,0,0,0.0,0.0,0.0,0.321508656,0.0,0.0,0.0,0.151015414,0,0,0,1.031399911,
s123b-live01,14,2,False,1791612449218964870,6.033894656,0.614379198,0.323418388,0.498622419,False,0.0,0.0,0.0,0.316868391,0.0,0.0,0.0,0.0,0,0,0,0.0,0.0,0.0,0.242746669,0.0,0.0,0.0,0.082297455,0,0,0,1.035559292,
s123b-live01,15,3,False,1791612455252859526,5.649382322,0.498622419,0.045880762,0.955216341,False,0.0,0.0,0.0,0.039297722,0.0,0.0,0.0,0.0,0,0,0,0.0,0.0,0.0,0.285206117,0.0,0.0,0.0,0.084331952,0,0,0,1.025278777,
s123b-live01,16,0,True,1791612460902241848,6.368464843,0.955216341,0.319053839,0.540257275,False,0.0,0.0,0.0,0.312228894,0.0,0.0,0.0,0.0,0,0,0,0.0,0.0,0.0,0.267433003,0.0,0.0,0.0,0.094251064,0,0,0,1.021384113,
s123b-live01,17,1,False,1791612467270706691,5.644129723,0.540257275,0.022451331,0.608157595,False,0.0,0.0,0.0,0.015585279,0.0,0.0,0.0,0.0,0,0,0,0.0,0.0,0.0,0.336445565,0.0,0.0,0.0,0.094827418,0,0,0,0.958416968,
s123b-live01,18,2,False,1791612472914836414,6.014637038,0.608157595,0.331035451,0.510585986,False,0.0,0.0,0.0,0.32370176,0.0,0.0,0.0,0.0,0,0,0,0.0,0.0,0.0,0.242887374,0.0,0.0,0.0,0.085797116,0,0,0,1.024272593,
s123b-live01,19,3,False,1791612478929473452,5.626623412,0.510585986,0.02417371,1.258955726,False,0.0,0.0,0.0,0.017286348,0.0,0.0,0.0,0.0,0,0,0,0.0,0.0,0.0,0.406535031,0.0,0.0,0.0,0.18295703,0,0,0,0.921859639,
s123b-live01,20,0,True,1791612484556096864,6.939519259,1.258955726,0.318342471,0.529994263,False,0.0,0.0,0.0,0.311627913,0.0,0.0,0.0,0.0,0,0,0,0.0,0.0,0.0,0.259352697,0.0,0.0,0.0,0.082551132,0,0,0,0.994296378,
s123b-live01,21,1,False,1791612491495616123,5.63930063,0.529994263,0.026435363,0.563090282,False,0.0,0.0,0.0,0.019725605,0.0,0.0,0.0,0.0,0,0,0,0.0,0.0,0.0,0.304260569,0.0,0.0,0.0,0.149226729,0,0,0,1.005147294,
s123b-live01,22,2,False,1791612497134916753,5.971877815,0.563090282,0.322697711,0.556198781,False,0.0,0.0,0.0,0.315010685,0.0,0.0,0.0,0.0,0,0,0,0.0,0.0,0.0,0.27080839,0.0,0.0,0.0,0.096594461,0,0,0,1.04003467,
s123b-live01,23,3,False,1791612503106794568,5.732183612,0.556198781,0.045227222,0.939949254,False,0.0,0.0,0.0,0.038757475,0.0,0.0,0.0,0.0,0,0,0,0.0,0.0,0.0,0.284999046,0.0,0.0,0.0,0.090357041,0,0,0,0.979805706,
s123b-live01,24,0,True,1791612508838978180,6.393268472,0.939949254,0.32151182,0.527338557,False,0.0,0.0,0.0,0.314766114,0.0,0.0,0.0,0.0,0,0,0,0.0,0.0,0.0,0.269889671,0.0,0.0,0.0,0.092646587,0,0,0,1.035955337,
s123b-live01,25,1,False,1791612515232246652,5.641573054,0.527338557,0.029829436,0.601115097,False,0.0,0.0,0.0,0.023150606,0.0,0.0,0.0,0.0,0,0,0,0.0,0.0,0.0,0.332074833,0.0,0.0,0.0,0.094093378,0,0,0,0.820237798,
s123b-live01,26,2,False,1791612520873819706,6.042247638,0.601115097,0.330524518,0.535295169,False,0.0,0.0,0.0,0.323941177,0.0,0.0,0.0,0.0,0,0,0,0.0,0.0,0.0,0.270851169,0.0,0.0,0.0,0.094377682,0,0,0,0.991662581,
s123b-live01,27,3,False,1791612526916067344,5.621552409,0.535295169,0.026800289,1.020219814,False,0.0,0.0,0.0,0.019203844,0.0,0.0,0.0,0.0,0,0,0,0.0,0.0,0.0,0.328894673,0.0,0.0,0.0,0.099583773,0,0,0,0.875988082,
s123b-live01,28,0,True,1791612532537619753,6.472109365,1.020219814,0.327469963,0.52558584,False,0.0,0.0,0.0,0.321109833,0.0,0.0,0.0,0.0,0,0,0,0.0,0.0,0.0,0.258014468,0.0,0.0,0.0,0.08166279,0,0,0,0.983304011,
s123b-live01,29,1,False,1791612539009729118,5.639250388,0.52558584,0.043592908,0.542176238,False,0.0,0.0,0.0,0.036962479,0.0,0.0,0.0,0.0,0,0,0,0.0,0.0,0.0,0.279330103,0.0,0.0,0.0,0.088258203,0,0,0,0.840984571,
s123b-live01,30,2,False,1791612544648979506,5.943811674,0.542176238,0.323923443,0.542381804,False,0.0,0.0,0.0,0.31644026,0.0,0.0,0.0,0.0,0,0,0,0.0,0.0,0.0,0.273614004,0.0,0.0,0.0,0.10013082,0,0,0,0.960286543,
s123b-live01,31,3,False,1791612550592791180,5.666749052,0.542381804,0.02996466,0.981665687,False,0.0,0.0,0.0,0.022965487,0.0,0.0,0.0,0.0,0,0,0,0.0,0.0,0.0,0.31936433,0.0,0.0,0.0,0.088937821,0,0,0,1.002892745,
s123b-live01,32,0,True,1791612556259540232,6.406965817,0.981665687,0.324252962,0.524458257,False,0.0,0.0,0.0,0.317579122,0.0,0.0,0.0,0.0,0,0,0,0.0,0.0,0.0,0.261821097,0.0,0.0,0.0,0.088826953,0,0,0,0.993070835,
s123b-live01,33,1,False,1791612562666506049,5.640948022,0.524458257,0.021534978,0.581085477,False,0.0,0.0,0.0,0.014697409,0.0,0.0,0.0,0.0,0,0,0,0.0,0.0,0.0,0.308110976,0.0,0.0,0.0,0.087869944,0,0,0,0.990549321,
s123b-live01,34,2,False,1791612568307454071,6.061663511,0.581085477,0.322477142,0.52742722,False,0.0,0.0,0.0,0.316058952,0.0,0.0,0.0,0.0,0,0,0,0.0,0.0,0.0,0.254976355,0.0,0.0,0.0,0.087065581,0,0,0,0.996791589,
s123b-live01,35,3,False,1791612574369117582,5.625231939,0.52742722,0.026542905,0.981638042,False,0.0,0.0,0.0,0.019788383,0.0,0.0,0.0,0.0,0,0,0,0.0,0.0,0.0,0.326755007,0.0,0.0,0.0,0.09732835,0,0,0,0.8641545,
s123b-live01,36,0,True,1791612579994349521,6.40485016,0.981638042,0.326016848,0.544952265,False,0.0,0.0,0.0,0.318235655,0.0,0.0,0.0,0.0,0,0,0,0.0,0.0,0.0,0.256984519,0.0,0.0,0.0,0.083634057,0,0,0,0.863491822,
s123b-live01,37,1,False,1791612586399199681,5.6928885,0.544952265,0.042691634,0.575821025,False,0.0,0.0,0.0,0.035972959,0.0,0.0,0.0,0.0,0,0,0,0.0,0.0,0.0,0.278486546,0.0,0.0,0.0,0.087573957,0,0,0,0.89236061,
s123b-live01,38,2,False,1791612592092088181,6.002448478,0.575821025,0.324500977,0.522011644,False,0.0,0.0,0.0,0.316771912,0.0,0.0,0.0,0.0,0,0,0,0.0,0.0,0.0,0.240057498,0.0,0.0,0.0,0.080840835,0,0,0,0.903174185,
s123b-live01,39,3,False,1791612598094536659,5.647569759,0.522011644,0.030157933,1.238377107,False,0.0,0.0,0.0,0.022475797,0.0,0.0,0.0,0.0,0,0,0,0.0,0.0,0.0,0.398772257,0.0,0.0,0.0,0.177685535,0,0,0,1.019837034,
s123b-live02,10,2,False,1791614482358690370,6.116492634,0.628502734,0.326967902,0.569810101,False,0.0,0.0,0.0,0.320257334,0.0,0.0,0.0,0.0,0,0,0,0.0,0.0,0.0,0.280820286,0.0,0.0,0.0,0.095829582,0,0,0,0.892588901,
s123b-live02,11,3,False,1791614488475183004,5.704052504,0.569810101,0.023997308,1.009173693,False,0.0,0.0,0.0,0.01680776,0.0,0.0,0.0,0.0,0,0,0,0.0,0.0,0.0,0.320543662,0.0,0.0,0.0,0.150535377,0,0,0,0.956122607,
s123b-live02,12,0,True,1791614494179235508,6.523966105,1.009173693,0.321383291,0.533472572,False,0.0,0.0,0.0,0.315105406,0.0,0.0,0.0,0.0,0,0,0,0.0,0.0,0.0,0.255108759,0.0,0.0,0.0,0.091099185,0,0,0,0.861425887,
s123b-live02,13,1,False,1791614500703201613,5.685966318,0.533472572,0.025416565,0.633415285,False,0.0,0.0,0.0,0.019136406,0.0,0.0,0.0,0.0,0,0,0,0.0,0.0,0.0,0.339541971,0.0,0.0,0.0,0.163838905,0,0,0,1.013695838,
s123b-live02,14,2,False,1791614506389167931,6.11005761,0.633415285,0.327402202,0.552103611,False,0.0,0.0,0.0,0.320668571,0.0,0.0,0.0,0.0,0,0,0,0.0,0.0,0.0,0.279201939,0.0,0.0,0.0,0.103546913,0,0,0,0.935129835,
s123b-live02,15,3,False,1791614512499225541,5.713779007,0.552103611,0.037949123,0.986773572,False,0.0,0.0,0.0,0.031117417,0.0,0.0,0.0,0.0,0,0,0,0.0,0.0,0.0,0.290579779,0.0,0.0,0.0,0.090635114,0,0,0,0.90104711,
s123b-live02,16,0,True,1791614518213004548,6.499559339,0.986773572,0.33062989,0.555696957,False,0.0,0.0,0.0,0.323832368,0.0,0.0,0.0,0.0,0,0,0,0.0,0.0,0.0,0.287660584,0.0,0.0,0.0,0.097747648,0,0,0,1.036381153,
s123b-live02,17,1,False,1791614524712563887,5.675965413,0.555696957,0.025263567,0.60316141,False,0.0,0.0,0.0,0.018644371,0.0,0.0,0.0,0.0,0,0,0,0.0,0.0,0.0,0.327812608,0.0,0.0,0.0,0.094810029,0,0,0,0.916747908,
s123b-live02,18,2,False,1791614530388529300,6.067360477,0.60316141,0.335513407,0.557639782,False,0.0,0.0,0.0,0.328881767,0.0,0.0,0.0,0.0,0,0,0,0.0,0.0,0.0,0.268142574,0.0,0.0,0.0,0.097591925,0,0,0,0.919293244,
s123b-live02,19,3,False,1791614536455889777,5.693592875,0.557639782,0.030557575,1.301393458,False,0.0,0.0,0.0,0.022969597,0.0,0.0,0.0,0.0,0,0,0,0.0,0.0,0.0,0.441737003,0.0,0.0,0.0,0.201459434,0,0,0,0.78823,
s123b-live02,20,0,True,1791614542149482652,7.114458214,1.301393458,0.321680189,0.569661924,False,0.0,0.0,0.0,0.314098464,0.0,0.0,0.0,0.0,0,0,0,0.0,0.0,0.0,0.273141439,0.0,0.0,0.0,0.097341827,0,0,0,0.993140303,
s123b-live02,21,1,False,1791614549263940866,5.721445891,0.569661924,0.024283487,0.616456149,False,0.0,0.0,0.0,0.017098437,0.0,0.0,0.0,0.0,0,0,0,0.0,0.0,0.0,0.339156106,0.0,0.0,0.0,0.101894863,0,0,0,0.885741413,
s123b-live02,22,2,False,1791614554985386757,6.062524941,0.616456149,0.32709227,0.564491423,False,0.0,0.0,0.0,0.320776012,0.0,0.0,0.0,0.0,0,0,0,0.0,0.0,0.0,0.266606842,0.0,0.0,0.0,0.092623863,0,0,0,0.920712203,
s123b-live02,23,3,False,1791614561047911698,5.683199618,0.564491423,0.027614415,0.988222493,False,0.0,0.0,0.0,0.02091668,0.0,0.0,0.0,0.0,0,0,0,0.0,0.0,0.0,0.335577615,0.0,0.0,0.0,0.150355927,0,0,0,0.919207509,
s123b-live02,24,0,True,1791614566731111316,6.4504055,0.988222493,0.349836626,0.474635885,False,0.0,0.0,0.0,0.343211298,0.0,0.0,0.0,0.0,0,0,0,0.0,0.0,0.0,0.203831795,0.0,0.0,0.0,0.080045349,0,0,0,1.001209919,
s123b-live02,25,1,False,1791614573181516816,5.617475707,0.474635885,0.04678704,0.550066326,False,0.0,0.0,0.0,0.040291255,0.0,0.0,0.0,0.0,0,0,0,0.0,0.0,0.0,0.275665346,0.0,0.0,0.0,0.08091339,0,0,0,0.953710003,
s123b-live02,26,2,False,1791614578798992523,6.002142398,0.550066326,0.333745195,0.55634266,False,0.0,0.0,0.0,0.327362512,0.0,0.0,0.0,0.0,0,0,0,0.0,0.0,0.0,0.264048729,0.0,0.0,0.0,0.102304824,0,0,0,0.839031552,
s123b-live02,27,3,False,1791614584801134921,5.719293623,0.55634266,0.044479383,0.967827646,False,0.0,0.0,0.0,0.037714743,0.0,0.0,0.0,0.0,0,0,0,0.0,0.0,0.0,0.309002245,0.0,0.0,0.0,0.099280792,0,0,0,0.810594775,
s123b-live02,28,0,True,1791614590520428544,6.452669138,0.967827646,0.339123913,0.517991755,False,0.0,0.0,0.0,0.332458459,0.0,0.0,0.0,0.0,0,0,0,0.0,0.0,0.0,0.25237125,0.0,0.0,0.0,0.082462081,0,0,0,0.953509284,
s123b-live02,29,1,False,1791614596973097682,5.64260089,0.517991755,0.045249801,0.586999879,False,0.0,0.0,0.0,0.037842023,0.0,0.0,0.0,0.0,0,0,0,0.0,0.0,0.0,0.308973273,0.0,0.0,0.0,0.098127496,0,0,0,0.834399498,
s123b-live02,30,2,False,1791614602615698572,6.032242,0.586999879,0.329452453,0.540267453,False,0.0,0.0,0.0,0.320783885,0.0,0.0,0.0,0.0,0,0,0,0.0,0.0,0.0,0.279352939,0.0,0.0,0.0,0.088574276,0,0,0,0.942112988,
s123b-live02,31,3,False,1791614608647940572,5.704074881,0.540267453,0.045653169,0.936016025,False,0.0,0.0,0.0,0.039366227,0.0,0.0,0.0,0.0,0,0,0,0.0,0.0,0.0,0.275755911,0.0,0.0,0.0,0.0816842,0,0,0,0.899622344,
s123b-live02,32,0,True,1791614614352015453,6.394097577,0.936016025,0.329156509,0.5603181,False,0.0,0.0,0.0,0.321785779,0.0,0.0,0.0,0.0,0,0,0,0.0,0.0,0.0,0.27025731,0.0,0.0,0.0,0.094523474,0,0,0,0.884296128,
s123b-live02,33,1,False,1791614620746113030,5.696358718,0.5603181,0.028559793,0.63078171,False,0.0,0.0,0.0,0.022047867,0.0,0.0,0.0,0.0,0,0,0,0.0,0.0,0.0,0.344965243,0.0,0.0,0.0,0.10281775,0,0,0,0.972322869,
s123b-live02,34,2,False,1791614626442471748,6.084349512,0.63078171,0.330649006,0.543220629,False,0.0,0.0,0.0,0.323910364,0.0,0.0,0.0,0.0,0,0,0,0.0,0.0,0.0,0.272945533,0.0,0.0,0.0,0.094992307,0,0,0,0.965276292,
s123b-live02,35,3,False,1791614632526821260,5.693000021,0.543220629,0.027448014,1.01102153,False,0.0,0.0,0.0,0.017937905,0.0,0.0,0.0,0.0,0,0,0,0.0,0.0,0.0,0.332985827,0.0,0.0,0.0,0.094151887,0,0,0,0.876372509,
s123b-live02,36,0,True,1791614638219821281,6.468561229,1.01102153,0.328188465,0.53096833,False,0.0,0.0,0.0,0.321768031,0.0,0.0,0.0,0.0,0,0,0,0.0,0.0,0.0,0.266905896,0.0,0.0,0.0,0.089885251,0,0,0,1.029411656,
s123b-live02,37,1,False,1791614644688382510,5.7250842,0.53096833,0.051545632,0.568618094,False,0.0,0.0,0.0,0.043849011,0.0,0.0,0.0,0.0,0,0,0,0.0,0.0,0.0,0.302374161,0.0,0.0,0.0,0.109730049,0,0,0,1.034492116,
s123b-live02,38,2,False,1791614650413466710,5.995292559,0.568618094,0.340738957,0.52258442,False,0.0,0.0,0.0,0.334195372,0.0,0.0,0.0,0.0,0,0,0,0.0,0.0,0.0,0.251165292,0.0,0.0,0.0,0.082281865,0,0,0,0.995835854,
s123b-live02,39,3,False,1791614656408759269,5.662655281,0.52258442,0.028986454,1.243331676,False,0.0,0.0,0.0,0.02121373,0.0,0.0,0.0,0.0,0,0,0,0.0,0.0,0.0,0.413367867,0.0,0.0,0.0,0.197154107,0,0,0,1.033153025,
s123b-live02,40,0,True,1791614662071414550,6.974971535,1.243331676,0.328107636,0.532115792,False,0.0,0.0,0.0,0.321222539,0.0,0.0,0.0,0.0,0,0,0,0.0,0.0,0.0,0.266291295,0.0,0.0,0.0,0.091065199,0,0,0,1.070724925,
s123b-live02,41,1,False,1791614669046386085,5.642507186,0.532115792,0.0500221,0.541520305,False,0.0,0.0,0.0,0.04209202,0.0,0.0,0.0,0.0,0,0,0,0.0,0.0,0.0,0.277555952,0.0,0.0,0.0,0.081792917,0,0,0,0.847372995,
s123b-live02,42,2,False,1791614674688893271,5.95829469,0.541520305,0.321130979,0.537673248,False,0.0,0.0,0.0,0.314388871,0.0,0.0,0.0,0.0,0,0,0,0.0,0.0,0.0,0.276642957,0.0,0.0,0.0,0.097371258,0,0,0,0.981132829,
s123b-live02,43,3,False,1791614680647187961,5.675012985,0.537673248,0.032655729,1.026971061,False,0.0,0.0,0.0,0.025645357,0.0,0.0,0.0,0.0,0,0,0,0.0,0.0,0.0,0.337742061,0.0,0.0,0.0,0.089283062,0,0,0,0.872193026,
s123b-live02,44,0,True,1791614686322200946,6.496984091,1.026971061,0.332837006,0.549008489,False,0.0,0.0,0.0,0.326241283,0.0,0.0,0.0,0.0,0,0,0,0.0,0.0,0.0,0.258727104,0.0,0.0,0.0,0.082391552,0,0,0,0.951328642,
s123b-live02,45,1,False,1791614692819185037,5.693355901,0.549008489,0.048867922,0.563506542,False,0.0,0.0,0.0,0.041952588,0.0,0.0,0.0,0.0,0,0,0,0.0,0.0,0.0,0.283743481,0.0,0.0,0.0,0.085781121,0,0,0,0.848207843,
s123b-live02,46,2,False,1791614698512540938,6.000453219,0.563506542,0.331818443,0.549469158,False,0.0,0.0,0.0,0.325114066,0.0,0.0,0.0,0.0,0,0,0,0.0,0.0,0.0,0.270981793,0.0,0.0,0.0,0.09108625,0,0,0,0.842160803,
s123b-live02,47,3,False,1791614704512994157,5.75559613,0.549469158,0.052502021,0.957643616,False,0.0,0.0,0.0,0.045595874,0.0,0.0,0.0,0.0,0,0,0,0.0,0.0,0.0,0.295241116,0.0,0.0,0.0,0.087915963,0,0,0,0.86145579,
s123b-live02,48,0,True,1791614710268590287,6.502509642,0.957643616,0.353056241,0.584294507,False,0.0,0.0,0.0,0.345223353,0.0,0.0,0.0,0.0,0,0,0,0.0,0.0,0.0,0.292781786,0.0,0.0,0.0,0.100727026,0,0,0,0.937032059,
s123b-live02,49,1,False,1791614716771099929,5.73029552,0.584294507,0.046002919,0.571451707,False,0.0,0.0,0.0,0.039401996,0.0,0.0,0.0,0.0,0,0,0,0.0,0.0,0.0,0.292711344,0.0,0.0,0.0,0.082082353,0,0,0,0.791835779,
s123b-live02,50,2,False,1791614722501395449,6.004801822,0.571451707,0.332658946,0.528240314,False,0.0,0.0,0.0,0.325724607,0.0,0.0,0.0,0.0,0,0,0,0.0,0.0,0.0,0.260158087,0.0,0.0,0.0,0.090237116,0,0,0,1.001029385,
s123b-live02,51,3,False,1791614728506197271,5.761811637,0.528240314,0.050347052,0.964674197,False,0.0,0.0,0.0,0.043821029,0.0,0.0,0.0,0.0,0,0,0,0.0,0.0,0.0,0.286924633,0.0,0.0,0.0,0.080756813,0,0,0,0.994657545,
s123b-live02,52,0,True,1791614734268008908,6.467506236,0.964674197,0.345729698,0.574510018,False,0.0,0.0,0.0,0.339462802,0.0,0.0,0.0,0.0,0,0,0,0.0,0.0,0.0,0.284055051,0.0,0.0,0.0,0.092089437,0,0,0,0.876066213,
s123b-live02,53,1,False,1791614740735515144,5.78221306,0.574510018,0.029101122,0.639915537,False,0.0,0.0,0.0,0.022098584,0.0,0.0,0.0,0.0,0,0,0,0.0,0.0,0.0,0.334979009,0.0,0.0,0.0,0.092028643,0,0,0,0.896331745,
s123b-live02,54,2,False,1791614746517728204,6.098606141,0.639915537,0.340091836,0.568023923,False,0.0,0.0,0.0,0.333471517,0.0,0.0,0.0,0.0,0,0,0,0.0,0.0,0.0,0.281391177,0.0,0.0,0.0,0.084531686,0,0,0,0.835132743,
s123b-live02,55,3,False,1791614752616334345,5.7530288,0.568023923,0.031977476,1.018261928,False,0.0,0.0,0.0,0.02518345,0.0,0.0,0.0,0.0,0,0,0,0.0,0.0,0.0,0.34150367,0.0,0.0,0.0,0.096054909,0,0,0,0.851096341,
s123b-live02,56,0,True,1791614758369363145,6.473745291,1.018261928,0.340861665,0.549216908,False,0.0,0.0,0.0,0.33410011,0.0,0.0,0.0,0.0,0,0,0,0.0,0.0,0.0,0.278913203,0.0,0.0,0.0,0.093576662,0,0,0,1.014672966,
s123b-live02,57,1,False,1791614764843108436,5.73877738,0.549216908,0.047108377,0.597050979,False,0.0,0.0,0.0,0.038606893,0.0,0.0,0.0,0.0,0,0,0,0.0,0.0,0.0,0.296577394,0.0,0.0,0.0,0.090860519,0,0,0,0.945160113,
s123b-live02,58,2,False,1791614770581885816,6.039551733,0.597050979,0.34555285,0.537728142,False,0.0,0.0,0.0,0.339164396,0.0,0.0,0.0,0.0,0,0,0,0.0,0.0,0.0,0.26793717,0.0,0.0,0.0,0.090716789,0,0,0,0.889328987,
s123b-live02,59,3,False,1791614776621437549,5.637757617,0.537728142,0.029192393,1.330635584,False,0.0,0.0,0.0,0.021805894,0.0,0.0,0.0,0.0,0,0,0,0.0,0.0,0.0,0.432281787,0.0,0.0,0.0,0.195688092,0,0,0,0.986295922,
s123b-live02,60,0,True,1791614782259195166,7.065600851,1.330635584,0.330684474,0.543044434,False,0.0,0.0,0.0,0.323905086,0.0,0.0,0.0,0.0,0,0,0,0.0,0.0,0.0,0.268884711,0.0,0.0,0.0,0.095644218,0,0,0,1.063815225,
s123b-live02,61,1,False,1791614789324796017,5.685963003,0.543044434,0.067356164,0.562477891,False,0.0,0.0,0.0,0.060741776,0.0,0.0,0.0,0.0,0,0,0,0.0,0.0,0.0,0.285272294,0.0,0.0,0.0,0.081832916,0,0,0,0.943897329,
s123b-live02,62,2,False,1791614795010759020,6.01217212,0.562477891,0.331466084,0.553119719,False,0.0,0.0,0.0,0.324297404,0.0,0.0,0.0,0.0,0,0,0,0.0,0.0,0.0,0.264457163,0.0,0.0,0.0,0.092496904,0,0,0,0.981377126,
s123b-live02,63,3,False,1791614801022931140,5.697774895,0.553119719,0.049584067,0.926747604,False,0.0,0.0,0.0,0.042705394,0.0,0.0,0.0,0.0,0,0,0,0.0,0.0,0.0,0.283005766,0.0,0.0,0.0,0.084540092,0,0,0,0.980156462,
s123b-live02,64,0,True,1791614806720706035,6.415581053,0.926747604,0.346466355,0.540727563,False,0.0,0.0,0.0,0.339134439,0.0,0.0,0.0,0.0,0,0,0,0.0,0.0,0.0,0.267014029,0.0,0.0,0.0,0.095032161,0,0,0,0.891791131,
s123b-live02,65,1,False,1791614813136287088,5.689186289,0.540727563,0.035016847,0.616017734,False,0.0,0.0,0.0,0.028607176,0.0,0.0,0.0,0.0,0,0,0,0.0,0.0,0.0,0.33155468,0.0,0.0,0.0,0.098766606,0,0,0,0.857871368,
s123b-live02,66,2,False,1791614818825473377,6.085145757,0.616017734,0.34327196,0.529646378,False,0.0,0.0,0.0,0.336041946,0.0,0.0,0.0,0.0,0,0,0,0.0,0.0,0.0,0.262205659,0.0,0.0,0.0,0.104905774,0,0,0,0.97328829,
s123b-live02,67,3,False,1791614824910619134,5.639861827,0.529646378,0.02512324,0.990568448,False,0.0,0.0,0.0,0.018661111,0.0,0.0,0.0,0.0,0,0,0,0.0,0.0,0.0,0.319419994,0.0,0.0,0.0,0.090033419,0,0,0,0.880229126,
s123b-live02,68,0,True,1791614830550480961,6.49761727,0.990568448,0.337530802,0.524194076,False,0.0,0.0,0.0,0.330812661,0.0,0.0,0.0,0.0,0,0,0,0.0,0.0,0.0,0.255056997,0.0,0.0,0.0,0.083234856,0,0,0,0.860171577,
s123b-live02,69,1,False,1791614837048098231,5.648433148,0.524194076,0.033811556,0.646082134,False,0.0,0.0,0.0,0.021166504,0.0,0.0,0.0,0.0,0,0,0,0.0,0.0,0.0,0.333832076,0.0,0.0,0.0,0.090779759,0,0,0,0.941525463,
s123b-live02,70,2,False,1791614842696531379,6.120626632,0.646082134,0.334378327,0.525898931,False,0.0,0.0,0.0,0.327048957,0.0,0.0,0.0,0.0,0,0,0,0.0,0.0,0.0,0.247981714,0.0,0.0,0.0,0.080356176,0,0,0,0.893839064,
s123b-live02,71,3,False,1791614848817158011,5.686354162,0.525898931,0.049166273,0.96453456,False,0.0,0.0,0.0,0.042468261,0.0,0.0,0.0,0.0,0,0,0,0.0,0.0,0.0,0.296216399,0.0,0.0,0.0,0.10063627,0,0,0,0.81550737,
s123b-live02,72,0,True,1791614854503512173,6.455229594,0.96453456,0.338513893,0.554259024,False,0.0,0.0,0.0,0.331871556,0.0,0.0,0.0,0.0,0,0,0,0.0,0.0,0.0,0.278820453,0.0,0.0,0.0,0.085935479,0,0,0,0.925787343,
s123b-live02,73,1,False,1791614860958741767,5.737157125,0.554259024,0.044739402,0.568108691,False,0.0,0.0,0.0,0.038467802,0.0,0.0,0.0,0.0,0,0,0,0.0,0.0,0.0,0.283031571,0.0,0.0,0.0,0.089788437,0,0,0,0.927924093,
s123b-live02,74,2,False,1791614866695898892,6.046044972,0.568108691,0.333281283,0.539256387,False,0.0,0.0,0.0,0.326504904,0.0,0.0,0.0,0.0,0,0,0,0.0,0.0,0.0,0.269529273,0.0,0.0,0.0,0.090096254,0,0,0,0.964584026,
s123b-live02,75,3,False,1791614872741943864,5.705942375,0.539256387,0.031889625,1.004428514,False,0.0,0.0,0.0,0.025978554,0.0,0.0,0.0,0.0,0,0,0,0.0,0.0,0.0,0.338885239,0.0,0.0,0.0,0.092089081,0,0,0,1.001918325,
s123b-live02,76,0,True,1791614878447886239,6.449681989,1.004428514,0.347967209,0.53946677,False,0.0,0.0,0.0,0.341483301,0.0,0.0,0.0,0.0,0,0,0,0.0,0.0,0.0,0.262274763,0.0,0.0,0.0,0.08557272,0,0,0,0.957297708,
s123b-live02,77,1,False,1791614884897568228,5.633187866,0.53946677,0.029982987,0.616522976,False,0.0,0.0,0.0,0.023463873,0.0,0.0,0.0,0.0,0,0,0,0.0,0.0,0.0,0.315953574,0.0,0.0,0.0,0.08592952,0,0,0,0.905987148,
s123b-live02,78,2,False,1791614890530756094,6.090015182,0.616522976,0.338211762,0.550452566,False,0.0,0.0,0.0,0.331489706,0.0,0.0,0.0,0.0,0,0,0,0.0,0.0,0.0,0.279734219,0.0,0.0,0.0,0.099430136,0,0,0,1.025589507,
s123b-live02,79,3,False,1791614896620771276,5.816496849,0.550452566,0.072921965,1.168762288,False,0.0,0.0,0.0,0.066811139,0.0,0.0,0.0,0.0,0,0,0,0.0,0.0,0.0,0.3413771,0.0,0.0,0.0,0.198596642,0,0,0,0.971853475,
s123b-live02,80,0,True,1791614902437268125,6.955730484,1.168762288,0.340113765,0.508878674,False,0.0,0.0,0.0,0.333129046,0.0,0.0,0.0,0.0,0,0,0,0.0,0.0,0.0,0.245876653,0.0,0.0,0.0,0.084650438,0,0,0,1.049129018,
s123b-live02,81,1,False,1791614909392998609,5.658822619,0.508878674,0.028713376,0.606522974,False,0.0,0.0,0.0,0.021992373,0.0,0.0,0.0,0.0,0,0,0,0.0,0.0,0.0,0.322368627,0.0,0.0,0.0,0.097110566,0,0,0,0.995688164,
s123b-live02,82,2,False,1791614915051821228,6.047899078,0.606522974,0.346138057,0.537345466,False,0.0,0.0,0.0,0.339316845,0.0,0.0,0.0,0.0,0,0,0,0.0,0.0,0.0,0.26696175,0.0,0.0,0.0,0.084751725,0,0,0,0.894637037,
s123b-live02,83,3,False,1791614921099720306,5.691326955,0.537345466,0.031629541,0.992006948,False,0.0,0.0,0.0,0.025009718,0.0,0.0,0.0,0.0,0,0,0,0.0,0.0,0.0,0.331052682,0.0,0.0,0.0,0.096302944,0,0,0,1.020297841,
s123b-live02,84,0,True,1791614926791047261,6.482108848,0.992006948,0.330774362,0.509718765,False,0.0,0.0,0.0,0.324018302,0.0,0.0,0.0,0.0,0,0,0,0.0,0.0,0.0,0.244126292,0.0,0.0,0.0,0.081868668,0,0,0,0.882593186,
s123b-live02,85,1,False,1791614933273156109,5.624369484,0.509718765,0.031193529,0.577804305,False,0.0,0.0,0.0,0.02422459,0.0,0.0,0.0,0.0,0,0,0,0.0,0.0,0.0,0.310316521,0.0,0.0,0.0,0.088831435,0,0,0,0.9312442,
s123b-live02,86,2,False,1791614938897525593,6.041798987,0.577804305,0.361163235,0.551606122,False,0.0,0.0,0.0,0.352295995,0.0,0.0,0.0,0.0,0,0,0,0.0,0.0,0.0,0.27677498,0.0,0.0,0.0,0.097889643,0,0,0,0.933439695,
s123b-live02,87,3,False,1791614944939324580,5.707143162,0.551606122,0.039668601,1.0020719,False,0.0,0.0,0.0,0.031403323,0.0,0.0,0.0,0.0,0,0,0,0.0,0.0,0.0,0.329106076,0.0,0.0,0.0,0.087131754,0,0,0,0.861141045,
s123b-live02,88,0,True,1791614950646467742,6.524062018,1.0020719,0.364363923,0.541816337,False,0.0,0.0,0.0,0.358121831,0.0,0.0,0.0,0.0,0,0,0,0.0,0.0,0.0,0.278791854,0.0,0.0,0.0,0.097740328,0,0,0,0.874079318,
s123b-live02,89,1,False,1791614957170529760,5.691173927,0.541816337,0.045821364,0.629779293,False,0.0,0.0,0.0,0.039457413,0.0,0.0,0.0,0.0,0,0,0,0.0,0.0,0.0,0.323870906,0.0,0.0,0.0,0.099110644,0,0,0,0.878674516,
s123b-live02,90,2,False,1791614962861703687,6.144060891,0.629779293,0.354728585,0.548374164,False,0.0,0.0,0.0,0.348878141,0.0,0.0,0.0,0.0,0,0,0,0.0,0.0,0.0,0.275919641,0.0,0.0,0.0,0.083802457,0,0,0,0.933937395,
s123b-live02,91,3,False,1791614969005764578,5.721623019,0.548374164,0.029715557,0.97206764,False,0.0,0.0,0.0,0.023097568,0.0,0.0,0.0,0.0,0,0,0,0.0,0.0,0.0,0.319095482,0.0,0.0,0.0,0.086695388,0,0,0,0.919334359,
s123b-live02,92,0,True,1791614974727387597,6.49566536,0.97206764,0.342919841,0.530666106,False,0.0,0.0,0.0,0.334769099,0.0,0.0,0.0,0.0,0,0,0,0.0,0.0,0.0,0.247792223,0.0,0.0,0.0,0.084980781,0,0,0,1.010938414,
s123b-live02,93,1,False,1791614981223052957,5.725099952,0.530666106,0.074240086,0.488480616,False,0.0,0.0,0.0,0.066137104,0.0,0.0,0.0,0.0,0,0,0,0.0,0.0,0.0,0.223200682,0.0,0.0,0.0,0.09081301,0,0,0,0.851337555,
s123b-live02,94,2,False,1791614986948152909,5.993700948,0.488480616,0.348298017,0.571130592,False,0.0,0.0,0.0,0.341176101,0.0,0.0,0.0,0.0,0,0,0,0.0,0.0,0.0,0.276605022,0.0,0.0,0.0,0.096713327,0,0,0,1.002855406,
s123b-live02,95,3,False,1791614992941853857,5.742795653,0.571130592,0.051334579,0.980912483,False,0.0,0.0,0.0,0.044693197,0.0,0.0,0.0,0.0,0,0,0,0.0,0.0,0.0,0.294983497,0.0,0.0,0.0,0.094921786,0,0,0,0.893884758,
s123b-live02,96,0,True,1791614998684649510,6.451834518,0.980912483,0.334590191,0.544110099,False,0.0,0.0,0.0,0.328365693,0.0,0.0,0.0,0.0,0,0,0,0.0,0.0,0.0,0.279348934,0.0,0.0,0.0,0.096425392,0,0,0,0.946567968,
s123b-live02,97,1,False,1791615005136484028,5.628184046,0.544110099,0.031502715,0.584192704,False,0.0,0.0,0.0,0.023352084,0.0,0.0,0.0,0.0,0,0,0,0.0,0.0,0.0,0.312831589,0.0,0.0,0.0,0.088291572,0,0,0,0.957914095,
s123b-live02,98,2,False,1791615010764668074,6.026894229,0.584192704,0.347724476,0.531932627,False,0.0,0.0,0.0,0.340652704,0.0,0.0,0.0,0.0,0,0,0,0.0,0.0,0.0,0.255090557,0.0,0.0,0.0,0.082270465,0,0,0,0.979217821,
s123b-live02,99,3,False,1791615016791562303,5.796369185,0.531932627,0.075749769,1.198621092,False,0.0,0.0,0.0,0.068758288,0.0,0.0,0.0,0.0,0,0,0,0.0,0.0,0.0,0.351418769,0.0,0.0,0.0,0.206290255,0,0,0,0.895142416,
s123b-live02,100,0,True,1791615022587931488,6.942004923,1.198621092,0.339660436,0.529759984,False,0.0,0.0,0.0,0.332768182,0.0,0.0,0.0,0.0,0,0,0,0.0,0.0,0.0,0.271687416,0.0,0.0,0.0,0.082868156,0,0,0,1.079617872,
s123b-live02,101,1,False,1791615029529936411,5.746446559,0.529759984,0.076256268,0.531628029,False,0.0,0.0,0.0,0.070300085,0.0,0.0,0.0,0.0,0,0,0,0.0,0.0,0.0,0.24532686,0.0,0.0,0.0,0.105274709,0,0,0,0.940300626,
s123b-live02,102,2,False,1791615035276382970,5.980917754,0.531628029,0.331699292,0.533734523,False,0.0,0.0,0.0,0.32507897,0.0,0.0,0.0,0.0,0,0,0,0.0,0.0,0.0,0.251805973,0.0,0.0,0.0,0.083683768,0,0,0,0.932403469,
s123b-live02,103,3,False,1791615041257300724,5.741896712,0.533734523,0.03358022,0.973635233,False,0.0,0.0,0.0,0.026641569,0.0,0.0,0.0,0.0,0,0,0,0.0,0.0,0.0,0.321667599,0.0,0.0,0.0,0.092100317,0,0,0,1.07795717,
s123b-live02,104,0,True,1791615046999197436,6.479625869,0.973635233,0.358083898,0.550122721,False,0.0,0.0,0.0,0.35096085,0.0,0.0,0.0,0.0,0,0,0,0.0,0.0,0.0,0.266005242,0.0,0.0,0.0,0.113227773,0,0,0,0.938845727,
s123b-live02,105,1,False,1791615053478823305,5.701424389,0.550122721,0.048209263,0.579540773,False,0.0,0.0,0.0,0.041642703,0.0,0.0,0.0,0.0,0,0,0,0.0,0.0,0.0,0.29691272,0.0,0.0,0.0,0.090399566,0,0,0,0.958012353,
s123b-live02,106,2,False,1791615059180247694,6.053539773,0.579540773,0.358301808,0.552190454,False,0.0,0.0,0.0,0.351699359,0.0,0.0,0.0,0.0,0,0,0,0.0,0.0,0.0,0.265347578,0.0,0.0,0.0,0.092653123,0,0,0,0.96429733,
s123b-live02,107,3,False,1791615065233787467,5.687272342,0.552190454,0.046766267,0.944871537,False,0.0,0.0,0.0,0.041344009,0.0,0.0,0.0,0.0,0,0,0,0.0,0.0,0.0,0.285330448,0.0,0.0,0.0,0.091256515,0,0,0,0.795770823,
s123b-live02,108,0,True,1791615070921059809,6.377546178,0.944871537,0.329008092,0.514981657,False,0.0,0.0,0.0,0.322953094,0.0,0.0,0.0,0.0,0,0,0,0.0,0.0,0.0,0.249935514,0.0,0.0,0.0,0.083501568,0,0,0,0.932454974,
s123b-live02,109,1,False,1791615077298605987,5.742478924,0.514981657,0.080045597,0.52168653,False,0.0,0.0,0.0,0.072979217,0.0,0.0,0.0,0.0,0,0,0,0.0,0.0,0.0,0.227946644,0.0,0.0,0.0,0.092376018,0,0,0,0.833996715,
s123b-live02,110,2,False,1791615083041084911,6.016834591,0.52168653,0.345280998,0.558587254,False,0.0,0.0,0.0,0.338596496,0.0,0.0,0.0,0.0,0,0,0,0.0,0.0,0.0,0.264693473,0.0,0.0,0.0,0.085821499,0,0,0,0.818388358,
s123b-live02,111,3,False,1791615089057919502,5.766863769,0.558587254,0.031743782,1.028096481,False,0.0,0.0,0.0,0.02332593,0.0,0.0,0.0,0.0,0,0,0,0.0,0.0,0.0,0.331987593,0.0,0.0,0.0,0.092375254,0,0,0,0.88203545,
s123b-live02,112,0,True,1791615094824783271,6.498152239,1.028096481,0.339545201,0.53014104,False,0.0,0.0,0.0,0.332846163,0.0,0.0,0.0,0.0,0,0,0,0.0,0.0,0.0,0.253504302,0.0,0.0,0.0,0.092442379,0,0,0,1.016465175,
s123b-live02,113,1,False,1791615101322935510,5.691042495,0.53014104,0.031239473,0.623610341,False,0.0,0.0,0.0,0.021763862,0.0,0.0,0.0,0.0,0,0,0,0.0,0.0,0.0,0.332584997,0.0,0.0,0.0,0.093167301,0,0,0,0.956004902,
s123b-live02,114,2,False,1791615107013978005,6.120647682,0.623610341,0.333324373,0.571629684,False,0.0,0.0,0.0,0.327195216,0.0,0.0,0.0,0.0,0,0,0,0.0,0.0,0.0,0.268647175,0.0,0.0,0.0,0.099027111,0,0,0,0.853811845,
s123b-live02,115,3,False,1791615113134625687,5.762207077,0.571629684,0.047845232,0.996224776,False,0.0,0.0,0.0,0.04014438,0.0,0.0,0.0,0.0,0,0,0,0.0,0.0,0.0,0.302253084,0.0,0.0,0.0,0.096960101,0,0,0,0.847216711,
s123b-live02,116,0,True,1791615118896832764,6.519499456,0.996224776,0.348804096,0.545393968,False,0.0,0.0,0.0,0.341455586,0.0,0.0,0.0,0.0,0,0,0,0.0,0.0,0.0,0.263225501,0.0,0.0,0.0,0.092128013,0,0,0,0.907254351,
s123b-live02,117,1,False,1791615125416332220,5.710192384,0.545393968,0.049670834,0.627536373,False,0.0,0.0,0.0,0.042810162,0.0,0.0,0.0,0.0,0,0,0,0.0,0.0,0.0,0.319827056,0.0,0.0,0.0,0.098762519,0,0,0,0.96303259,
s123b-live02,118,2,False,1791615131126524604,6.042989821,0.627536373,0.341554414,0.537050233,False,0.0,0.0,0.0,0.335157072,0.0,0.0,0.0,0.0,0,0,0,0.0,0.0,0.0,0.251962243,0.0,0.0,0.0,0.088043368,0,0,0,0.831218151,
s123b-live02,119,3,False,1791615137169514425,5.657960416,0.537050233,0.049307068,1.250466252,False,0.0,0.0,0.0,0.042036705,0.0,0.0,0.0,0.0,0,0,0,0.0,0.0,0.0,0.387256208,0.0,0.0,0.0,0.189738118,0,0,0,0.977281013,
s123b-live02,120,0,True,1791615142827474841,7.019413933,1.250466252,0.341831717,0.554777698,False,0.0,0.0,0.0,0.334577395,0.0,0.0,0.0,0.0,0,0,0,0.0,0.0,0.0,0.275836154,0.0,0.0,0.0,0.100499312,0,0,0,1.066266397,
s123b-live02,121,1,False,1791615149846888774,5.773634649,0.554777698,0.050007184,0.602948261,False,0.0,0.0,0.0,0.043824807,0.0,0.0,0.0,0.0,0,0,0,0.0,0.0,0.0,0.300296762,0.0,0.0,0.0,0.085264119,0,0,0,0.846103232,
s123b-live02,122,2,False,1791615155620523423,6.076027773,0.602948261,0.336309363,0.566629202,False,0.0,0.0,0.0,0.329459992,0.0,0.0,0.0,0.0,0,0,0,0.0,0.0,0.0,0.274363337,0.0,0.0,0.0,0.087109829,0,0,0,0.922675585,
s123b-live02,123,3,False,1791615161696551196,5.78474661,0.566629202,0.079474389,0.923351503,False,0.0,0.0,0.0,0.071773446,0.0,0.0,0.0,0.0,0,0,0,0.0,0.0,0.0,0.242906317,0.0,0.0,0.0,0.095283599,0,0,0,0.996540984,
s123b-live02,124,0,True,1791615167481297806,6.430750445,0.923351503,0.359197379,0.571244568,False,0.0,0.0,0.0,0.351411897,0.0,0.0,0.0,0.0,0,0,0,0.0,0.0,0.0,0.280269167,0.0,0.0,0.0,0.10342529,0,0,0,0.834571726,
s123b-live02,125,1,False,1791615173912048251,5.749288983,0.571244568,0.04802853,0.56327781,False,0.0,0.0,0.0,0.04084414,0.0,0.0,0.0,0.0,0,0,0,0.0,0.0,0.0,0.293695073,0.0,0.0,0.0,0.089620667,0,0,0,0.9451884,
s123b-live02,126,2,False,1791615179661337234,6.015373096,0.56327781,0.33463015,0.55081636,False,0.0,0.0,0.0,0.327762184,0.0,0.0,0.0,0.0,0,0,0,0.0,0.0,0.0,0.259754382,0.0,0.0,0.0,0.096327419,0,0,0,0.885118614,
s123b-live02,127,3,False,1791615185676710330,5.654546659,0.55081636,0.033507913,0.985028688,False,0.0,0.0,0.0,0.026385228,0.0,0.0,0.0,0.0,0,0,0,0.0,0.0,0.0,0.318001736,0.0,0.0,0.0,0.084554047,0,0,0,0.782181436,
s123b-live02,128,0,True,1791615191331256989,6.4758622,0.985028688,0.339386777,0.55705071,False,0.0,0.0,0.0,0.332920507,0.0,0.0,0.0,0.0,0,0,0,0.0,0.0,0.0,0.266332486,0.0,0.0,0.0,0.091153477,0,0,0,0.819317935,
s123b-live02,129,1,False,1791615197807119189,5.777922583,0.55705071,0.05266622,0.568714128,False,0.0,0.0,0.0,0.044016484,0.0,0.0,0.0,0.0,0,0,0,0.0,0.0,0.0,0.289763666,0.0,0.0,0.0,0.090550662,0,0,0,0.827667286,
s123b-live02,130,2,False,1791615203585041772,6.053015267,0.568714128,0.358328811,0.510917004,False,0.0,0.0,0.0,0.352120156,0.0,0.0,0.0,0.0,0,0,0,0.0,0.0,0.0,0.221285169,0.0,0.0,0.0,0.087645879,0,0,0,0.921237668,
s123b-live02,131,3,False,1791615209638057039,5.72470274,0.510917004,0.035063347,1.006021462,False,0.0,0.0,0.0,0.028624609,0.0,0.0,0.0,0.0,0,0,0,0.0,0.0,0.0,0.350688119,0.0,0.0,0.0,0.106505814,0,0,0,0.865827919,
s123b-live02,132,0,True,1791615215362759779,6.421441081,1.006021462,0.340814047,0.602871462,False,0.0,0.0,0.0,0.334234704,0.0,0.0,0.0,0.0,0,0,0,0.0,0.0,0.0,0.282000569,0.0,0.0,0.0,0.109014891,0,0,0,0.865388584,
s123b-live02,133,1,False,1791615221784200860,5.808160688,0.602871462,0.027832789,0.602587593,False,0.0,0.0,0.0,0.021367111,0.0,0.0,0.0,0.0,0,0,0,0.0,0.0,0.0,0.321520202,0.0,0.0,0.0,0.091962584,0,0,0,0.961021231,
s123b-live02,134,2,False,1791615227592361548,6.045771841,0.602587593,0.350314715,0.526914506,False,0.0,0.0,0.0,0.343371478,0.0,0.0,0.0,0.0,0,0,0,0.0,0.0,0.0,0.260029387,0.0,0.0,0.0,0.086390434,0,0,0,1.014992472,
s123b-live02,135,3,False,1791615233638133389,5.675299931,0.526914506,0.032844823,1.026167765,False,0.0,0.0,0.0,0.023950768,0.0,0.0,0.0,0.0,0,0,0,0.0,0.0,0.0,0.341343111,0.0,0.0,0.0,0.102127777,0,0,0,1.011527216,
s123b-live02,136,0,True,1791615239313433320,6.59901762,1.026167765,0.382279186,0.548203137,False,0.0,0.0,0.0,0.375965543,0.0,0.0,0.0,0.0,0,0,0,0.0,0.0,0.0,0.274479474,0.0,0.0,0.0,0.089498417,0,0,0,0.929358831,
s123b-live02,137,1,False,1791615245912450940,5.718696608,0.548203137,0.049983871,0.615305223,False,0.0,0.0,0.0,0.042779163,0.0,0.0,0.0,0.0,0,0,0,0.0,0.0,0.0,0.316419528,0.0,0.0,0.0,0.105317523,0,0,0,0.901067933,
s123b-live02,138,2,False,1791615251631147548,6.122005238,0.615305223,0.335698737,0.559965114,False,0.0,0.0,0.0,0.328992206,0.0,0.0,0.0,0.0,0,0,0,0.0,0.0,0.0,0.288234825,0.0,0.0,0.0,0.105815909,0,0,0,0.888390144,
s123b-live02,139,3,False,1791615257753152786,5.701838809,0.559965114,0.048168596,1.245072966,False,0.0,0.0,0.0,0.041882717,0.0,0.0,0.0,0.0,0,0,0,0.0,0.0,0.0,0.407972038,0.0,0.0,0.0,0.200027015,0,0,0,0.938446874,
s123b-live02,140,0,True,1791615263454991595,6.972797436,1.245072966,0.33346527,0.524213676,False,0.0,0.0,0.0,0.32697172,0.0,0.0,0.0,0.0,0,0,0,0.0,0.0,0.0,0.265247143,0.0,0.0,0.0,0.092606488,0,0,0,1.101054904,
s123b-live02,141,1,False,1791615270427789031,5.737035878,0.524213676,0.088676908,0.503550435,False,0.0,0.0,0.0,0.081804816,0.0,0.0,0.0,0.0,0,0,0,0.0,0.0,0.0,0.224086842,0.0,0.0,0.0,0.096264105,0,0,0,0.993013932,
s123b-live02,142,2,False,1791615276164824909,5.97317027,0.503550435,0.342027926,0.559688462,False,0.0,0.0,0.0,0.335363244,0.0,0.0,0.0,0.0,0,0,0,0.0,0.0,0.0,0.269163682,0.0,0.0,0.0,0.088704188,0,0,0,1.05051048,
s123b-live02,143,3,False,1791615282137995179,5.835790579,0.559688462,0.081591023,0.929790518,False,0.0,0.0,0.0,0.075360366,0.0,0.0,0.0,0.0,0,0,0,0.0,0.0,0.0,0.24446149,0.0,0.0,0.0,0.099764104,0,0,0,0.924564663,
s123b-live02,144,0,True,1791615287973785758,6.361667639,0.929790518,0.338194881,0.542550255,False,0.0,0.0,0.0,0.332057932,0.0,0.0,0.0,0.0,0,0,0,0.0,0.0,0.0,0.266836471,0.0,0.0,0.0,0.089901859,0,0,0,0.905513833,
s123b-live02,145,1,False,1791615294335453397,5.722838569,0.542550255,0.044133176,0.558129696,False,0.0,0.0,0.0,0.037520823,0.0,0.0,0.0,0.0,0,0,0,0.0,0.0,0.0,0.28806144,0.0,0.0,0.0,0.082869584,0,0,0,0.876973639,
s123b-live02,146,2,False,1791615300058291966,6.007913212,0.558129696,0.335440136,0.529404776,False,0.0,0.0,0.0,0.328166078,0.0,0.0,0.0,0.0,0,0,0,0.0,0.0,0.0,0.26599851,0.0,0.0,0.0,0.092917618,0,0,0,0.908530589,
s123b-live02,147,3,False,1791615306066205178,5.643857858,0.529404776,0.047281426,0.965899261,False,0.0,0.0,0.0,0.040441915,0.0,0.0,0.0,0.0,0,0,0,0.0,0.0,0.0,0.297319723,0.0,0.0,0.0,0.089204635,0,0,0,0.939901379,
s123b-live02,148,0,True,1791615311710063036,6.404694258,0.965899261,0.342035641,0.541386728,False,0.0,0.0,0.0,0.336081666,0.0,0.0,0.0,0.0,0,0,0,0.0,0.0,0.0,0.25759756,0.0,0.0,0.0,0.089820342,0,0,0,0.958219084,
s123b-live02,149,1,False,1791615318114757294,5.735101497,0.541386728,0.058219862,0.577662664,False,0.0,0.0,0.0,0.051454662,0.0,0.0,0.0,0.0,0,0,0,0.0,0.0,0.0,0.291569957,0.0,0.0,0.0,0.083473146,0,0,0,0.881346911,
s123b-live02,150,2,False,1791615323849858791,6.031404734,0.577662664,0.34589893,0.545603398,False,0.0,0.0,0.0,0.339143638,0.0,0.0,0.0,0.0,0,0,0,0.0,0.0,0.0,0.263164814,0.0,0.0,0.0,0.082149598,0,0,0,0.941755281,
s123b-live02,151,3,False,1791615329881263525,5.651839532,0.545603398,0.030236103,1.014220057,False,0.0,0.0,0.0,0.023488445,0.0,0.0,0.0,0.0,0,0,0,0.0,0.0,0.0,0.335364219,0.0,0.0,0.0,0.093106209,0,0,0,0.971716258,
s123b-live02,152,0,True,1791615335533103057,6.460744242,1.014220057,0.348215179,0.549774381,False,0.0,0.0,0.0,0.341526603,0.0,0.0,0.0,0.0,0,0,0,0.0,0.0,0.0,0.282532977,0.0,0.0,0.0,0.109843849,0,0,0,0.985278262,
s123b-live02,153,1,False,1791615341993847299,5.702808865,0.549774381,0.035523354,0.61626579,False,0.0,0.0,0.0,0.028509015,0.0,0.0,0.0,0.0,0,0,0,0.0,0.0,0.0,0.325116234,0.0,0.0,0.0,0.097098253,0,0,0,1.003336357,
s123b-live02,154,2,False,1791615347696656164,6.10887497,0.61626579,0.365776875,0.565540707,False,0.0,0.0,0.0,0.358806589,0.0,0.0,0.0,0.0,0,0,0,0.0,0.0,0.0,0.275645131,0.0,0.0,0.0,0.09409708,0,0,0,0.927773199,
s123b-live02,155,3,False,1791615353805531134,5.737953114,0.565540707,0.032907916,1.034528229,False,0.0,0.0,0.0,0.02398057,0.0,0.0,0.0,0.0,0,0,0,0.0,0.0,0.0,0.341992471,0.0,0.0,0.0,0.097337531,0,0,0,0.837889725,
s123b-live02,156,0,True,1791615359543484248,6.571415524,1.034528229,0.341263457,0.554301124,False,0.0,0.0,0.0,0.334390424,0.0,0.0,0.0,0.0,0,0,0,0.0,0.0,0.0,0.275606213,0.0,0.0,0.0,0.090142361,0,0,0,0.894634795,
s123b-live02,157,1,False,1791615366114899772,5.743168787,0.554301124,0.028397095,0.664731307,False,0.0,0.0,0.0,0.021069376,0.0,0.0,0.0,0.0,0,0,0,0.0,0.0,0.0,0.363748281,0.0,0.0,0.0,0.100049589,0,0,0,0.894403993,
s123b-live02,158,2,False,1791615371858068559,6.137521136,0.664731307,0.341748073,0.541626865,False,0.0,0.0,0.0,0.335272988,0.0,0.0,0.0,0.0,0,0,0,0.0,0.0,0.0,0.270312546,0.0,0.0,0.0,0.093702665,0,0,0,0.893502622,
s123b-live02,159,3,False,1791615377995589695,5.769075159,0.541626865,0.046985535,1.239251376,False,0.0,0.0,0.0,0.040191159,0.0,0.0,0.0,0.0,0,0,0,0.0,0.0,0.0,0.393407833,0.0,0.0,0.0,0.193012782,0,0,0,0.886344646,
s123b-live02,160,0,True,1791615383764664854,7.0644557,1.239251376,0.36516713,0.604237158,False,0.0,0.0,0.0,0.358317932,0.0,0.0,0.0,0.0,0,0,0,0.0,0.0,0.0,0.308815566,0.0,0.0,0.0,0.103828712,0,0,0,1.008544123,
s123b-live02,161,1,False,1791615390829120554,5.832535194,0.604237158,0.049112984,0.579528797,False,0.0,0.0,0.0,0.041776369,0.0,0.0,0.0,0.0,0,0,0,0.0,0.0,0.0,0.287034271,0.0,0.0,0.0,0.085221336,0,0,0,0.837076526,
s123b-live02,162,2,False,1791615396661655748,6.118847503,0.579528797,0.346372968,0.554615911,False,0.0,0.0,0.0,0.339608078,0.0,0.0,0.0,0.0,0,0,0,0.0,0.0,0.0,0.260544061,0.0,0.0,0.0,0.088824951,0,0,0,0.914124989,
s123b-live02,163,3,False,1791615402780503251,5.786436564,0.554615911,0.077703409,0.919144378,False,0.0,0.0,0.0,0.070305709,0.0,0.0,0.0,0.0,0,0,0,0.0,0.0,0.0,0.238855119,0.0,0.0,0.0,0.095928957,0,0,0,0.921316413,
s123b-live02,164,0,True,1791615408566939815,6.521880891,0.919144378,0.379102953,0.551896068,False,0.0,0.0,0.0,0.372079878,0.0,0.0,0.0,0.0,0,0,0,0.0,0.0,0.0,0.257790078,0.0,0.0,0.0,0.097099307,0,0,0,0.891272607,
s123b-live02,165,1,False,1791615415088820706,5.744538821,0.551896068,0.049101971,0.608947883,False,0.0,0.0,0.0,0.042466956,0.0,0.0,0.0,0.0,0,0,0,0.0,0.0,0.0,0.310288515,0.0,0.0,0.0,0.099995171,0,0,0,0.870442126,
s123b-live02,166,2,False,1791615420833359527,6.093030745,0.608947883,0.359375777,0.557604012,False,0.0,0.0,0.0,0.35187845,0.0,0.0,0.0,0.0,0,0,0,0.0,0.0,0.0,0.281118356,0.0,0.0,0.0,0.090906271,0,0,0,0.988082967,
s123b-live02,167,3,False,1791615426926390272,5.69646868,0.557604012,0.027754814,1.029200898,False,0.0,0.0,0.0,0.021110993,0.0,0.0,0.0,0.0,0,0,0,0.0,0.0,0.0,0.353742241,0.0,0.0,0.0,0.100563018,0,0,0,0.921069854,
s123b-live02,168,0,True,1791615432622858952,6.524676342,1.029200898,0.345726478,0.561084949,False,0.0,0.0,0.0,0.339292881,0.0,0.0,0.0,0.0,0,0,0,0.0,0.0,0.0,0.286789605,0.0,0.0,0.0,0.110905002,0,0,0,0.874595115,
s123b-live02,169,1,False,1791615439147535294,5.783090904,0.561084949,0.050465864,0.589650254,False,0.0,0.0,0.0,0.043447709,0.0,0.0,0.0,0.0,0,0,0,0.0,0.0,0.0,0.299602464,0.0,0.0,0.0,0.098442639,0,0,0,0.903027107,
s123b-live02,170,2,False,1791615444930626198,6.067782304,0.589650254,0.343647865,0.525671579,False,0.0,0.0,0.0,0.336343982,0.0,0.0,0.0,0.0,0,0,0,0.0,0.0,0.0,0.264238262,0.0,0.0,0.0,0.093344853,0,0,0,0.9739727,
s123b-live02,171,3,False,1791615450998408502,5.725797718,0.525671579,0.074648551,0.879990061,False,0.0,0.0,0.0,0.068896176,0.0,0.0,0.0,0.0,0,0,0,0.0,0.0,0.0,0.223292415,0.0,0.0,0.0,0.087734756,0,0,0,0.875869945,
s123b-live02,172,0,True,1791615456724206220,6.397001167,0.879990061,0.34644538,0.579399328,False,0.0,0.0,0.0,0.338915493,0.0,0.0,0.0,0.0,0,0,0,0.0,0.0,0.0,0.284542202,0.0,0.0,0.0,0.098851956,0,0,0,0.963775155,
s123b-live02,173,1,False,1791615463121207387,5.747931336,0.579399328,0.048188722,0.559163738,False,0.0,0.0,0.0,0.041670917,0.0,0.0,0.0,0.0,0,0,0,0.0,0.0,0.0,0.285709174,0.0,0.0,0.0,0.084156707,0,0,0,0.887078898,
s123b-live02,174,2,False,1791615468869138723,5.99392907,0.559163738,0.336218968,0.526092897,False,0.0,0.0,0.0,0.329646311,0.0,0.0,0.0,0.0,0,0,0,0.0,0.0,0.0,0.260748673,0.0,0.0,0.0,0.083375258,0,0,0,0.909885492,
s123b-live02,175,3,False,1791615474863067793,5.657407266,0.526092897,0.051399498,0.986885716,False,0.0,0.0,0.0,0.045057013,0.0,0.0,0.0,0.0,0,0,0,0.0,0.0,0.0,0.317430882,0.0,0.0,0.0,0.097382152,0,0,0,0.895190408,
s123b-live02,176,0,True,1791615480520475059,6.501835034,0.986885716,0.355115792,0.507578592,False,0.0,0.0,0.0,0.347896269,0.0,0.0,0.0,0.0,0,0,0,0.0,0.0,0.0,0.238228079,0.0,0.0,0.0,0.092597765,0,0,0,0.911213318,
s123b-live02,177,1,False,1791615487022310093,5.655824158,0.507578592,0.052151031,0.561766318,False,0.0,0.0,0.0,0.045662441,0.0,0.0,0.0,0.0,0,0,0,0.0,0.0,0.0,0.282884347,0.0,0.0,0.0,0.088230154,0,0,0,0.964889399,
s123b-live02,178,2,False,1791615492678134251,6.030023623,0.561766318,0.345579709,0.549739262,False,0.0,0.0,0.0,0.338674276,0.0,0.0,0.0,0.0,0,0,0,0.0,0.0,0.0,0.271289325,0.0,0.0,0.0,0.093154762,0,0,0,0.959598456,
s123b-live02,179,3,False,1791615498708157874,5.699121814,0.549739262,0.051769432,1.250146902,False,0.0,0.0,0.0,0.043616894,0.0,0.0,0.0,0.0,0,0,0,0.0,0.0,0.0,0.390203826,0.0,0.0,0.0,0.175776519,0,0,0,0.794622197,
s123b-live02,180,0,True,1791615504407279688,6.94944627,1.250146902,0.350276455,0.559178783,False,0.0,0.0,0.0,0.343783889,0.0,0.0,0.0,0.0,0,0,0,0.0,0.0,0.0,0.28714966,0.0,0.0,0.0,0.104134944,0,0,0,0.962530136,
s123b-live02,181,1,False,1791615511356725958,5.681212451,0.559178783,0.048189512,0.543141118,False,0.0,0.0,0.0,0.041308855,0.0,0.0,0.0,0.0,0,0,0,0.0,0.0,0.0,0.276522529,0.0,0.0,0.0,0.086231865,0,0,0,0.917195515,
s123b-live02,182,2,False,1791615517037938409,6.034297131,0.543141118,0.358231267,0.531859954,False,0.0,0.0,0.0,0.349878053,0.0,0.0,0.0,0.0,0,0,0,0.0,0.0,0.0,0.24590335,0.0,0.0,0.0,0.095125345,0,0,0,0.851899409,
s123b-live02,183,3,False,1791615523072235540,5.681974568,0.531859954,0.047828802,0.949642669,False,0.0,0.0,0.0,0.040789948,0.0,0.0,0.0,0.0,0,0,0,0.0,0.0,0.0,0.292157411,0.0,0.0,0.0,0.084872798,0,0,0,0.929771961,
s123b-live02,184,0,True,1791615528754210108,6.44838485,0.949642669,0.359285765,0.551562471,False,0.0,0.0,0.0,0.351797737,0.0,0.0,0.0,0.0,0,0,0,0.0,0.0,0.0,0.269165963,0.0,0.0,0.0,0.090021969,0,0,0,0.918234053,
s123b-live02,185,1,False,1791615535202594958,5.688479403,0.551562471,0.034098718,0.605196904,False,0.0,0.0,0.0,0.024745884,0.0,0.0,0.0,0.0,0,0,0,0.0,0.0,0.0,0.332177909,0.0,0.0,0.0,0.087769142,0,0,0,0.883352759,
s123b-live02,186,2,False,1791615540891074361,6.045601376,0.605196904,0.339128846,0.536592731,False,0.0,0.0,0.0,0.331561969,0.0,0.0,0.0,0.0,0,0,0,0.0,0.0,0.0,0.257469891,0.0,0.0,0.0,0.086997831,0,0,0,0.855616176,
s123b-live02,187,3,False,1791615546936675737,5.696865046,0.536592731,0.054325445,0.986605851,False,0.0,0.0,0.0,0.047139385,0.0,0.0,0.0,0.0,0,0,0,0.0,0.0,0.0,0.316766622,0.0,0.0,0.0,0.082018991,0,0,0,0.88154526,
s123b-live02,188,0,True,1791615552633540783,6.521938482,0.986605851,0.404298765,0.509127859,False,0.0,0.0,0.0,0.395085233,0.0,0.0,0.0,0.0,0,0,0,0.0,0.0,0.0,0.217287933,0.0,0.0,0.0,0.131052235,0,0,0,0.97839047,
s123b-live02,189,1,False,1791615559155479265,5.710503313,0.509127859,0.090328692,0.545565752,False,0.0,0.0,0.0,0.083094792,0.0,0.0,0.0,0.0,0,0,0,0.0,0.0,0.0,0.238889755,0.0,0.0,0.0,0.092680665,0,0,0,0.872934532,
s123b-live02,190,2,False,1791615564865982578,6.077281174,0.545565752,0.361903054,0.506245725,False,0.0,0.0,0.0,0.355700954,0.0,0.0,0.0,0.0,0,0,0,0.0,0.0,0.0,0.22412208,0.0,0.0,0.0,0.092426696,0,0,0,0.86403183,
s123b-live02,191,3,False,1791615570943263752,5.658526635,0.506245725,0.035370328,0.996750732,False,0.0,0.0,0.0,0.027262394,0.0,0.0,0.0,0.0,0,0,0,0.0,0.0,0.0,0.337042263,0.0,0.0,0.0,0.094782245,0,0,0,0.862711663,
s123b-live02,192,0,True,1791615576601790387,6.444404716,0.996750732,0.34476463,0.536557126,False,0.0,0.0,0.0,0.337889234,0.0,0.0,0.0,0.0,0,0,0,0.0,0.0,0.0,0.267896916,0.0,0.0,0.0,0.097179571,0,0,0,0.939440832,
s123b-live02,193,1,False,1791615583046195103,5.712969681,0.536557126,0.031656405,0.634931891,False,0.0,0.0,0.0,0.024114867,0.0,0.0,0.0,0.0,0,0,0,0.0,0.0,0.0,0.347148971,0.0,0.0,0.0,0.113613366,0,0,0,1.028949727,
s123b-live02,194,2,False,1791615588759164784,6.078139411,0.634931891,0.340493887,0.5418066,False,0.0,0.0,0.0,0.333946999,0.0,0.0,0.0,0.0,0,0,0,0.0,0.0,0.0,0.269021908,0.0,0.0,0.0,0.098018297,0,0,0,0.950856876,
s123b-live02,195,3,False,1791615594837304195,5.72767546,0.5418066,0.038357633,1.030291699,False,0.0,0.0,0.0,0.03154753,0.0,0.0,0.0,0.0,0,0,0,0.0,0.0,0.0,0.344467216,0.0,0.0,0.0,0.094056709,0,0,0,0.918152767,
s123b-live02,196,0,True,1791615600564979655,6.498483805,1.030291699,0.341574065,0.551856008,False,0.0,0.0,0.0,0.335132435,0.0,0.0,0.0,0.0,0,0,0,0.0,0.0,0.0,0.274973695,0.0,0.0,0.0,0.10162161,0,0,0,0.858325696,
s123b-live02,197,1,False,1791615607063463460,5.757409593,0.551856008,0.086768405,0.513913613,False,0.0,0.0,0.0,0.079775528,0.0,0.0,0.0,0.0,0,0,0,0.0,0.0,0.0,0.22361062,0.0,0.0,0.0,0.091648711,0,0,0,0.8711065,
s123b-live02,198,2,False,1791615612820873053,5.992508684,0.513913613,0.345302801,0.590046831,False,0.0,0.0,0.0,0.33878662,0.0,0.0,0.0,0.0,0,0,0,0.0,0.0,0.0,0.282676794,0.0,0.0,0.0,0.098980635,0,0,0,0.989886533,
s123b-live02,199,3,False,1791615618813381737,5.752468539,0.590046831,0.048541168,1.218250561,False,0.0,0.0,0.0,0.041800385,0.0,0.0,0.0,0.0,0,0,0,0.0,0.0,0.0,0.376221346,0.0,0.0,0.0,0.173318449,0,0,0,0.919669399,
s123b-live02,200,0,True,1791615624565850276,7.022011849,1.218250561,0.348393749,0.531672452,False,0.0,0.0,0.0,0.341557076,0.0,0.0,0.0,0.0,0,0,0,0.0,0.0,0.0,0.267567946,0.0,0.0,0.0,0.096492486,0,0,0,1.115930175,
s123b-live02,201,1,False,1791615631587862125,5.676546279,0.531672452,0.054457179,0.57230052,False,0.0,0.0,0.0,0.047766541,0.0,0.0,0.0,0.0,0,0,0,0.0,0.0,0.0,0.28602295,0.0,0.0,0.0,0.089168977,0,0,0,0.960870518,
s123b-live02,202,2,False,1791615637264408404,6.02082938,0.57230052,0.343772528,0.553465648,False,0.0,0.0,0.0,0.337194111,0.0,0.0,0.0,0.0,0,0,0,0.0,0.0,0.0,0.265988936,0.0,0.0,0.0,0.090242715,0,0,0,0.824861148,
s123b-live02,203,3,False,1791615643285237784,5.697706027,0.553465648,0.036481726,0.995001955,False,0.0,0.0,0.0,0.028378501,0.0,0.0,0.0,0.0,0,0,0,0.0,0.0,0.0,0.332070907,0.0,0.0,0.0,0.097313437,0,0,0,0.878703987,
s123b-live02,204,0,True,1791615648982943811,6.447353202,0.995001955,0.34350406,0.509393728,False,0.0,0.0,0.0,0.336983592,0.0,0.0,0.0,0.0,0,0,0,0.0,0.0,0.0,0.253608709,0.0,0.0,0.0,0.086453591,0,0,0,1.022925176,
s123b-live02,205,1,False,1791615655430297013,5.676360094,0.509393728,0.051415039,0.550963887,False,0.0,0.0,0.0,0.04478774,0.0,0.0,0.0,0.0,0,0,0,0.0,0.0,0.0,0.28572191,0.0,0.0,0.0,0.08084731,0,0,0,0.888297576,
s123b-live02,206,2,False,1791615661106657107,6.026355031,0.550963887,0.356097763,0.566528635,False,0.0,0.0,0.0,0.349337975,0.0,0.0,0.0,0.0,0,0,0,0.0,0.0,0.0,0.279764648,0.0,0.0,0.0,0.09509704,0,0,0,0.775941075,
s123b-live02,207,3,False,1791615667133012138,5.745163523,0.566528635,0.055351058,0.960887714,False,0.0,0.0,0.0,0.048567325,0.0,0.0,0.0,0.0,0,0,0,0.0,0.0,0.0,0.288762453,0.0,0.0,0.0,0.088074197,0,0,0,0.979605594,
s123b-live02,208,0,True,1791615672878175661,6.49902552,0.960887714,0.351840946,0.582487192,False,0.0,0.0,0.0,0.34457167,0.0,0.0,0.0,0.0,0,0,0,0.0,0.0,0.0,0.272376877,0.0,0.0,0.0,0.098815469,0,0,0,1.012737156,
s123b-live02,209,1,False,1791615679377201181,5.818274649,0.582487192,0.074826992,0.537260646,False,0.0,0.0,0.0,0.068150991,0.0,0.0,0.0,0.0,0,0,0,0.0,0.0,0.0,0.242884562,0.0,0.0,0.0,0.093904497,0,0,0,0.925155471,
s123b-live02,210,2,False,1791615685195475830,6.033906352,0.537260646,0.373824331,0.490545652,False,0.0,0.0,0.0,0.36748846,0.0,0.0,0.0,0.0,0,0,0,0.0,0.0,0.0,0.221123912,0.0,0.0,0.0,0.083687799,0,0,0,0.879865495,
s123b-live02,211,3,False,1791615691229382182,5.663923869,0.490545652,0.051713829,1.002073455,False,0.0,0.0,0.0,0.042377137,0.0,0.0,0.0,0.0,0,0,0,0.0,0.0,0.0,0.326303784,0.0,0.0,0.0,0.101701223,0,0,0,0.975193172,
s124-live01,10,2,False,1791617830237669459,6.055983651,0.718377585,0.365906062,0.52955169,False,0.0,0.0,0.0,0.359365401,0.0,0.0,0.0,0.0,0,0,0,0.0,0.0,0.0,0.255941309,0.0,0.0,0.0,0.092972111,0,0,0,0.945972216,
s124-live01,11,3,False,1791617836293653110,5.533885983,0.52955169,0.02746383,1.030708975,False,0.0,0.0,0.0,0.019208998,0.0,0.0,0.0,0.0,0,0,0,0.0,0.0,0.0,0.372033888,0.0,0.0,0.0,0.200952545,0,0,0,0.943565796,
s124-live01,12,0,True,1791617841827539093,6.441978205,1.030708975,0.392116126,0.565847619,False,0.0,0.0,0.0,0.38548752,0.0,0.0,0.0,0.0,0,0,0,0.0,0.0,0.0,0.280759327,0.0,0.0,0.0,0.106061949,0,0,0,0.962724141,
s124-live01,13,1,False,1791617848269517298,5.556739567,0.565847619,0.043935092,0.598370668,False,0.0,0.0,0.0,0.037195708,0.0,0.0,0.0,0.0,0,0,0,0.0,0.0,0.0,0.323218888,0.0,0.0,0.0,0.086432793,0,0,0,0.973076428,
s124-live01,14,2,False,1791617853826256865,5.945905536,0.598370668,0.369982976,0.542108763,False,0.0,0.0,0.0,0.36114616,0.0,0.0,0.0,0.0,0,0,0,0.0,0.0,0.0,0.266842587,0.0,0.0,0.0,0.097158789,0,0,0,1.006834237,
s124-live01,15,3,False,1791617859772162401,5.745899382,0.542108763,0.074247384,0.846565915,False,0.0,0.0,0.0,0.067376834,0.0,0.0,0.0,0.0,0,0,0,0.0,0.0,0.0,0.209815783,0.0,0.0,0.0,0.081243601,0,0,0,1.056404842,
s124-live01,16,0,True,1791617865518061783,6.257686329,0.846565915,0.40358869,0.533749377,False,0.0,0.0,0.0,0.397776257,0.0,0.0,0.0,0.0,0,0,0,0.0,0.0,0.0,0.262383348,0.0,0.0,0.0,0.090366866,0,0,0,1.067991437,
s124-live01,17,1,False,1791617871775748112,5.563914336,0.533749377,0.034306519,0.634632516,False,0.0,0.0,0.0,0.028032469,0.0,0.0,0.0,0.0,0,0,0,0.0,0.0,0.0,0.356377822,0.0,0.0,0.0,0.090658535,0,0,0,0.93408784,
s124-live01,18,2,False,1791617877339662448,6.008373402,0.634632516,0.366387753,0.561258424,False,0.0,0.0,0.0,0.359410973,0.0,0.0,0.0,0.0,0,0,0,0.0,0.0,0.0,0.278932108,0.0,0.0,0.0,0.100910751,0,0,0,0.869379904,
s124-live01,19,3,False,1791617883348035850,5.568767342,0.561258424,0.022277353,1.318956308,False,0.0,0.0,0.0,0.015544731,0.0,0.0,0.0,0.0,0,0,0,0.0,0.0,0.0,0.481091545,0.0,0.0,0.0,0.210633682,0,0,0,0.99008307,
s124-live01,20,0,True,1791617888916803192,6.993008706,1.318956308,0.402847661,0.568283728,False,0.0,0.0,0.0,0.395295238,0.0,0.0,0.0,0.0,0,0,0,0.0,0.0,0.0,0.28202977,0.0,0.0,0.0,0.108501726,0,0,0,1.120424029,
s124-live01,21,1,False,1791617895909811898,5.611119617,0.568283728,0.028904868,0.643669094,False,0.0,0.0,0.0,0.022352865,0.0,0.0,0.0,0.0,0,0,0,0.0,0.0,0.0,0.369416538,0.0,0.0,0.0,0.19316712,0,0,0,1.026660622,
s124-live01,22,2,False,1791617901520931515,6.022383368,0.643669094,0.383771204,0.510132693,False,0.0,0.0,0.0,0.377025157,0.0,0.0,0.0,0.0,0,0,0,0.0,0.0,0.0,0.25160112,0.0,0.0,0.0,0.080808134,0,0,0,1.011176276,
s124-live01,23,3,False,1791617907543314883,5.531075203,0.510132693,0.027998965,0.994802248,False,0.0,0.0,0.0,0.021125599,0.0,0.0,0.0,0.0,0,0,0,0.0,0.0,0.0,0.35676289,0.0,0.0,0.0,0.083830064,0,0,0,0.989833782,
s124-live01,24,0,True,1791617913074390086,6.392627049,0.994802248,0.401641047,0.531318448,False,0.0,0.0,0.0,0.395070961,0.0,0.0,0.0,0.0,0,0,0,0.0,0.0,0.0,0.270069437,0.0,0.0,0.0,0.090650501,0,0,0,1.014014224,
s124-live01,25,1,False,1791617919467017135,5.54957356,0.531318448,0.048410704,0.59138131,False,0.0,0.0,0.0,0.040228989,0.0,0.0,0.0,0.0,0,0,0,0.0,0.0,0.0,0.3249506,0.0,0.0,0.0,0.092832652,0,0,0,0.849284794,
s124-live01,26,2,False,1791617925016590695,5.970377,0.59138131,0.368587384,0.547833576,False,0.0,0.0,0.0,0.361802574,0.0,0.0,0.0,0.0,0,0,0,0.0,0.0,0.0,0.282195485,0.0,0.0,0.0,0.108122425,0,0,0,0.988124416,
s124-live01,27,3,False,1791617930986967695,5.580587866,0.547833576,0.041809329,1.009354935,False,0.0,0.0,0.0,0.035059705,0.0,0.0,0.0,0.0,0,0,0,0.0,0.0,0.0,0.33197345,0.0,0.0,0.0,0.084576477,0,0,0,0.896216743,
s124-live01,28,0,True,1791617936567555561,6.396347436,1.009354935,0.401339133,0.549610347,False,0.0,0.0,0.0,0.39556923,0.0,0.0,0.0,0.0,0,0,0,0.0,0.0,0.0,0.259064188,0.0,0.0,0.0,0.095488614,0,0,0,0.978166457,
s124-live01,29,1,False,1791617942963902997,5.572641307,0.549610347,0.031046533,0.673291933,False,0.0,0.0,0.0,0.024226217,0.0,0.0,0.0,0.0,0,0,0,0.0,0.0,0.0,0.370759328,0.0,0.0,0.0,0.088750992,0,0,0,0.873619082,
s124-live01,30,2,False,1791617948536544304,6.036571055,0.673291933,0.375049781,0.557177749,False,0.0,0.0,0.0,0.368408591,0.0,0.0,0.0,0.0,0,0,0,0.0,0.0,0.0,0.278686132,0.0,0.0,0.0,0.101402057,0,0,0,0.889626494,
s124-live01,31,3,False,1791617954573115359,5.577739419,0.557177749,0.025321234,1.055460767,False,0.0,0.0,0.0,0.018786905,0.0,0.0,0.0,0.0,0,0,0,0.0,0.0,0.0,0.379094604,0.0,0.0,0.0,0.088960256,0,0,0,0.903024504,
s124-live01,32,0,True,1791617960150854778,6.461623458,1.055460767,0.411862984,0.566350049,False,0.0,0.0,0.0,0.40385816,0.0,0.0,0.0,0.0,0,0,0,0.0,0.0,0.0,0.277135019,0.0,0.0,0.0,0.095700553,0,0,0,1.014548554,
s124-live01,33,1,False,1791617966612478236,5.571455955,0.566350049,0.029489819,0.643360861,False,0.0,0.0,0.0,0.021900096,0.0,0.0,0.0,0.0,0,0,0,0.0,0.0,0.0,0.365727786,0.0,0.0,0.0,0.088849648,0,0,0,0.914391949,
s124-live01,34,2,False,1791617972183934191,6.023865948,0.643360861,0.371324223,0.538102738,False,0.0,0.0,0.0,0.364627338,0.0,0.0,0.0,0.0,0,0,0,0.0,0.0,0.0,0.263121525,0.0,0.0,0.0,0.098522667,0,0,0,0.967297483,
s124-live01,35,3,False,1791617978207800139,5.589006528,0.538102738,0.041780996,1.017780685,False,0.0,0.0,0.0,0.035053133,0.0,0.0,0.0,0.0,0,0,0,0.0,0.0,0.0,0.363000772,0.0,0.0,0.0,0.100705659,0,0,0,0.976728128,
s124-live01,36,0,True,1791617983796806667,6.418980503,1.017780685,0.400244182,0.520588327,False,0.0,0.0,0.0,0.393174747,0.0,0.0,0.0,0.0,0,0,0,0.0,0.0,0.0,0.256515713,0.0,0.0,0.0,0.084123558,0,0,0,0.978763645,
s124-live01,37,1,False,1791617990215787170,5.539938841,0.520588327,0.044489015,0.612421925,False,0.0,0.0,0.0,0.038086513,0.0,0.0,0.0,0.0,0,0,0,0.0,0.0,0.0,0.342390512,0.0,0.0,0.0,0.094668335,0,0,0,0.98214966,
s124-live01,38,2,False,1791617995755726011,5.964776731,0.612421925,0.371850104,0.52249409,False,0.0,0.0,0.0,0.365299614,0.0,0.0,0.0,0.0,0,0,0,0.0,0.0,0.0,0.259240574,0.0,0.0,0.0,0.087841105,0,0,0,0.86712326,
s124-live01,39,3,False,1791618001720502742,5.586280638,0.52249409,0.046517136,1.285436222,False,0.0,0.0,0.0,0.040035907,0.0,0.0,0.0,0.0,0,0,0,0.0,0.0,0.0,0.428866202,0.0,0.0,0.0,0.191213315,0,0,0,0.891425542,
s124-live01,40,0,True,1791618007306783380,7.015929995,1.285436222,0.407721246,0.517091941,False,0.0,0.0,0.0,0.398695966,0.0,0.0,0.0,0.0,0,0,0,0.0,0.0,0.0,0.243333412,0.0,0.0,0.0,0.079489119,0,0,0,1.124186006,
s124-live01,41,1,False,1791618014322713375,5.51893885,0.517091941,0.04710379,0.629158762,False,0.0,0.0,0.0,0.040778112,0.0,0.0,0.0,0.0,0,0,0,0.0,0.0,0.0,0.344998045,0.0,0.0,0.0,0.080610106,0,0,0,0.816136919,
s124-live01,42,2,False,1791618019841652225,5.968894555,0.629158762,0.374844794,0.52780783,False,0.0,0.0,0.0,0.368898189,0.0,0.0,0.0,0.0,0,0,0,0.0,0.0,0.0,0.257532637,0.0,0.0,0.0,0.08377854,0,0,0,0.951295817,
s124-live01,43,3,False,1791618025810546780,5.665440503,0.52780783,0.075879085,0.866024042,False,0.0,0.0,0.0,0.068874081,0.0,0.0,0.0,0.0,0,0,0,0.0,0.0,0.0,0.218151219,0.0,0.0,0.0,0.085125131,0,0,0,0.9443731,
s125-live01,10,2,False,1791618937528613630,5.719535975,0.57928743,0.043015041,0.56943256,True,0.0,0.0,0.0,0.035244082,0.0,0.0,0.0,0.0,0.0,0.0,0.0,0.0,0.0,0.0,0.293688734,0.0,0.0,0.0,0.087372508,0.0,0.0,0.0,0.424130625,
s125-live01,11,3,False,1791618943248149605,5.68651287,0.56943256,0.025986246,1.007884307,True,0.0,0.0,0.0,0.017623163,0.0,0.0,0.0,0.0,0.0,0.0,0.0,0.0,0.0,0.0,0.337182349,0.0,0.0,0.0,0.156825371,0.0,0.0,0.0,0.392225868,
s125-live01,12,0,True,1791618948934662475,6.549439115,1.007884307,0.071992361,0.526037255,True,0.0,0.0,0.0,0.065361978,0.0,0.0,0.0,0.0,0.0,0.0,0.0,0.0,0.0,0.0,0.21518841,0.0,0.0,0.0,0.087591446,0.0,0.0,0.0,0.4906264,
s125-live01,13,1,False,1791618955484101590,5.624411542,0.526037255,0.029090494,0.604218727,True,0.0,0.0,0.0,0.02235847,0.0,0.0,0.0,0.0,0.0,0.0,0.0,0.0,0.0,0.0,0.32612145,0.0,0.0,0.0,0.087610851,0.0,0.0,0.0,0.488347526,
s125-live01,14,2,False,1791618961108513132,5.750948862,0.604218727,0.022518982,0.607450586,True,0.0,0.0,0.0,0.015610997,0.0,0.0,0.0,0.0,0.0,0.0,0.0,0.0,0.0,0.0,0.327168794,0.0,0.0,0.0,0.094967549,0.0,0.0,0.0,0.508906852,
s125-live01,15,3,False,1791618966859461994,5.716648629,0.607450586,0.028951672,1.059788254,True,0.0,0.0,0.0,0.022196905,0.0,0.0,0.0,0.0,0.0,0.0,0.0,0.0,0.0,0.0,0.364984084,0.0,0.0,0.0,0.115594809,0.0,0.0,0.0,0.479730758,
s125-live01,16,0,True,1791618972576110623,6.530864518,1.059788254,0.316598007,0.549664893,True,0.0,0.0,0.0,0.310001819,0.0,0.0,0.0,0.0,0.289674572,0.234861122,0.05481345,0.0,0.0,0.0,0.27361954,0.0,0.0,0.0,0.096659629,0.0,0.0,0.0,0.516139049,0.019638953
s125-live01,17,1,False,1791618979106975141,5.751431974,0.549664893,0.054588145,0.578085025,True,0.0,0.0,0.0,0.04699406,0.0,0.0,0.0,0.0,0.0,0.0,0.0,0.0,0.0,0.0,0.306897835,0.0,0.0,0.0,0.098274193,0.0,0.0,0.0,0.430664624,
s125-live01,18,2,False,1791618984858407115,5.784659181,0.578085025,0.046869686,0.59910722,True,0.0,0.0,0.0,0.040194029,0.0,0.0,0.0,0.0,0.0,0.0,0.0,0.0,0.0,0.0,0.300472835,0.0,0.0,0.0,0.095256155,0.0,0.0,0.0,0.500875709,
s125-live01,19,3,False,1791618990643066296,5.706100792,0.59910722,0.025822904,1.305816115,True,0.0,0.0,0.0,0.018144321,0.0,0.0,0.0,0.0,0.0,0.0,0.0,0.0,0.0,0.0,0.449101871,0.0,0.0,0.0,0.212689273,0.0,0.0,0.0,0.428810261,
s125-live01,20,0,True,1791618996349167088,6.745711299,1.305816115,0.026785846,0.618121585,True,0.0,0.0,0.0,0.019975465,0.0,0.0,0.0,0.0,0.0,0.0,0.0,0.0,0.0,0.0,0.32306528,0.0,0.0,0.0,0.088594921,0.0,0.0,0.0,0.613080484,
s125-live01,21,1,False,1791619003094878387,5.971599283,0.618121585,0.043125751,0.589290252,True,0.0,0.0,0.0,0.036547688,0.0,0.0,0.0,0.0,0.0,0.0,0.0,0.0,0.0,0.0,0.29637515,0.0,0.0,0.0,0.101617195,0.0,0.0,0.0,0.483399761,
s125-live01,22,2,False,1791619009066477670,5.772436025,0.589290252,0.071152419,0.531819009,True,0.0,0.0,0.0,0.06470421,0.0,0.0,0.0,0.0,0.0,0.0,0.0,0.0,0.0,0.0,0.230669393,0.0,0.0,0.0,0.099753578,0.0,0.0,0.0,0.471207459,
s125-live01,23,3,False,1791619014838913695,5.65112542,0.531819009,0.046339094,0.965293786,True,0.0,0.0,0.0,0.039745611,0.0,0.0,0.0,0.0,0.0,0.0,0.0,0.0,0.0,0.0,0.293129937,0.0,0.0,0.0,0.102563983,0.0,0.0,0.0,0.465443229,
s125-live01,24,0,True,1791619020490039115,6.138928182,0.965293786,0.041998218,0.587826311,True,0.0,0.0,0.0,0.034001246,0.0,0.0,0.0,0.0,0.0,0.0,0.0,0.0,0.0,0.0,0.291790122,0.0,0.0,0.0,0.093229494,0.0,0.0,0.0,0.488321154,
s125-live01,25,1,False,1791619026628967297,5.737093985,0.587826311,0.02711391,0.627736582,True,0.0,0.0,0.0,0.020564982,0.0,0.0,0.0,0.0,0.0,0.0,0.0,0.0,0.0,0.0,0.339934375,0.0,0.0,0.0,0.094544405,0.0,0.0,0.0,0.436104439,
s125-live01,26,2,False,1791619032366061282,5.821311257,0.627736582,0.026736871,0.632038935,True,0.0,0.0,0.0,0.019241753,0.0,0.0,0.0,0.0,0.0,0.0,0.0,0.0,0.0,0.0,0.340465329,0.0,0.0,0.0,0.16126388,0.0,0.0,0.0,0.497799087,
s125-live01,27,3,False,1791619038187372539,6.360273342,0.632038935,0.34697607,1.011176427,True,0.0,0.0,0.0,0.336225278,0.0,0.0,0.0,0.0,0.314331287,0.256478189,0.057853098,0.0,0.0,0.0,0.298637337,0.0,0.0,0.0,0.09909409,0.0,0.0,0.0,0.363850861,0.021260359
s125-live01,28,0,True,1791619044547645881,6.21481947,1.011176427,0.078439037,0.528375602,True,0.0,0.0,0.0,0.072137063,0.0,0.0,0.0,0.0,0.0,0.0,0.0,0.0,0.0,0.0,0.223885261,0.0,0.0,0.0,0.096196108,0.0,0.0,0.0,0.417413672,
s125-live01,29,1,False,1791619050762465351,5.59813634,0.528375602,0.026289699,0.607063088,True,0.0,0.0,0.0,0.019741552,0.0,0.0,0.0,0.0,0.0,0.0,0.0,0.0,0.0,0.0,0.345193015,0.0,0.0,0.0,0.085010487,0.0,0.0,0.0,0.397633932,
s125-live01,30,2,False,1791619056360601691,5.789791333,0.607063088,0.028043247,0.654421456,True,0.0,0.0,0.0,0.018960523,0.0,0.0,0.0,0.0,0.0,0.0,0.0,0.0,0.0,0.0,0.356525556,0.0,0.0,0.0,0.1015367,0.0,0.0,0.0,0.491169477,
s125-live01,31,3,False,1791619062150393024,5.762034613,0.654421456,0.027102326,1.050883161,True,0.0,0.0,0.0,0.020514044,0.0,0.0,0.0,0.0,0.0,0.0,0.0,0.0,0.0,0.0,0.34970907,0.0,0.0,0.0,0.101110787,0.0,0.0,0.0,0.478499329,
s125-live01,32,0,True,1791619067912427637,6.190775424,1.050883161,0.028983053,0.630171094,True,0.0,0.0,0.0,0.021678795,0.0,0.0,0.0,0.0,0.0,0.0,0.0,0.0,0.0,0.0,0.327144824,0.0,0.0,0.0,0.093923778,0.0,0.0,0.0,0.441371089,
s125-live01,33,1,False,1791619074103203061,5.757081097,0.630171094,0.044636374,0.815619837,True,0.0,0.0,0.0,0.038019058,0.0,0.0,0.0,0.0,0.0,0.0,0.0,0.0,0.0,0.0,0.531169299,0.0,0.0,0.0,0.086781763,0.0,0.0,0.0,0.48584977,
s125-live01,34,2,False,1791619079860284158,6.004175582,0.815619837,0.047737356,0.601597314,True,0.0,0.0,0.0,0.04096592,0.0,0.0,0.0,0.0,0.0,0.0,0.0,0.0,0.0,0.0,0.29104141,0.0,0.0,0.0,0.090200783,0.0,0.0,0.0,0.477738577,
s125-live01,35,3,False,1791619085864459740,5.766932254,0.601597314,0.029138965,1.045921138,True,0.0,0.0,0.0,0.020485539,0.0,0.0,0.0,0.0,0.0,0.0,0.0,0.0,0.0,0.0,0.370106203,0.0,0.0,0.0,0.109647728,0.0,0.0,0.0,0.481499084,
s125-live01,36,0,True,1791619091631391994,6.221432202,1.045921138,0.02653112,0.622809133,True,0.0,0.0,0.0,0.018285301,0.0,0.0,0.0,0.0,0.0,0.0,0.0,0.0,0.0,0.0,0.339635689,0.0,0.0,0.0,0.157575128,0.0,0.0,0.0,0.517428172,
s125-live01,37,1,False,1791619097852824196,5.863248674,0.622809133,0.054930473,0.574401179,True,0.0,0.0,0.0,0.045447156,0.0,0.0,0.0,0.0,0.0,0.0,0.0,0.0,0.0,0.0,0.27834033,0.0,0.0,0.0,0.085371767,0.0,0.0,0.0,0.379128332,
s125-live01,38,2,False,1791619103716072870,6.009289705,0.574401179,0.334148129,0.557960691,True,0.0,0.0,0.0,0.327306782,0.0,0.0,0.0,0.0,0.30876021,0.252845847,0.055914363,0.0,0.0,0.0,0.268286699,0.0,0.0,0.0,0.098997663,0.0,0.0,0.0,0.483458268,0.017929381
s125-live01,39,3,False,1791619109725362575,5.676288908,0.557960691,0.026094758,1.300212484,True,0.0,0.0,0.0,0.019822822,0.0,0.0,0.0,0.0,0.0,0.0,0.0,0.0,0.0,0.0,0.432698254,0.0,0.0,0.0,0.193477476,0.0,0.0,0.0,0.493348433,
s125-live01,40,0,True,1791619115401651483,6.752038393,1.300212484,0.077366658,0.501748735,True,0.0,0.0,0.0,0.068877111,0.0,0.0,0.0,0.0,0.0,0.0,0.0,0.0,0.0,0.0,0.220818956,0.0,0.0,0.0,0.083792623,0.0,0.0,0.0,0.615285189,
s125-live01,41,1,False,1791619122153689876,5.574949408,0.501748735,0.03308752,0.660361557,True,0.0,0.0,0.0,0.022365274,0.0,0.0,0.0,0.0,0.0,0.0,0.0,0.0,0.0,0.0,0.341603687,0.0,0.0,0.0,0.161717058,0.0,0.0,0.0,0.411281673,
s125-live01,42,2,False,1791619127728639284,5.834896839,0.660361557,0.029513557,0.63385655,True,0.0,0.0,0.0,0.0224915,0.0,0.0,0.0,0.0,0.0,0.0,0.0,0.0,0.0,0.0,0.349511065,0.0,0.0,0.0,0.101916366,0.0,0.0,0.0,0.482104266,
s125-live01,43,3,False,1791619133563536123,5.888996692,0.63385655,0.02405948,1.023020036,True,0.0,0.0,0.0,0.017244442,0.0,0.0,0.0,0.0,0.0,0.0,0.0,0.0,0.0,0.0,0.361098282,0.0,0.0,0.0,0.107139047,0.0,0.0,0.0,0.366789375,
s125-live01,44,0,True,1791619139452532815,6.1910504,1.023020036,0.047166196,0.561245835,True,0.0,0.0,0.0,0.040403898,0.0,0.0,0.0,0.0,0.0,0.0,0.0,0.0,0.0,0.0,0.28085305,0.0,0.0,0.0,0.084491724,0.0,0.0,0.0,0.385293772,
s125-live01,45,1,False,1791619145643583215,5.667719838,0.561245835,0.041688823,0.557576667,True,0.0,0.0,0.0,0.034974195,0.0,0.0,0.0,0.0,0.0,0.0,0.0,0.0,0.0,0.0,0.275280035,0.0,0.0,0.0,0.084693472,0.0,0.0,0.0,0.387759956,
s125-live01,46,2,False,1791619151311303053,5.685441309,0.557576667,0.025017009,0.650190858,True,0.0,0.0,0.0,0.017950669,0.0,0.0,0.0,0.0,0.0,0.0,0.0,0.0,0.0,0.0,0.34581741,0.0,0.0,0.0,0.101565752,0.0,0.0,0.0,0.410285915,
s125-live01,47,3,False,1791619156996744362,5.742399642,0.650190858,0.0357957,1.032372505,True,0.0,0.0,0.0,0.025111296,0.0,0.0,0.0,0.0,0.0,0.0,0.0,0.0,0.0,0.0,0.330328366,0.0,0.0,0.0,0.09179224,0.0,0.0,0.0,0.34333584,
s125-live01,48,0,True,1791619162739144004,6.156437625,1.032372505,0.030551507,0.606033468,True,0.0,0.0,0.0,0.023670486,0.0,0.0,0.0,0.0,0.0,0.0,0.0,0.0,0.0,0.0,0.3179106,0.0,0.0,0.0,0.09691338,0.0,0.0,0.0,0.506492567,
s125-live01,49,1,False,1791619168895581629,6.032088463,0.606033468,0.347933869,0.539278699,True,0.0,0.0,0.0,0.341274715,0.0,0.0,0.0,0.0,0.320118487,0.264049302,0.056069185,0.0,0.0,0.0,0.263076112,0.0,0.0,0.0,0.094748307,0.0,0.0,0.0,0.477154456,0.020440572
s125-live01,50,2,False,1791619174927670092,5.695875099,0.539278699,0.046831483,0.563293956,True,0.0,0.0,0.0,0.038741919,0.0,0.0,0.0,0.0,0.0,0.0,0.0,0.0,0.0,0.0,0.290819293,0.0,0.0,0.0,0.090256108,0.0,0.0,0.0,0.498771985,
s125-live01,51,3,False,1791619180623545191,5.621761154,0.563293956,0.029622127,1.034913766,True,0.0,0.0,0.0,0.022988683,0.0,0.0,0.0,0.0,0.0,0.0,0.0,0.0,0.0,0.0,0.342167285,0.0,0.0,0.0,0.09766451,0.0,0.0,0.0,0.492409254,
s125-live01,52,0,True,1791619186245306345,6.182944998,1.034913766,0.05183943,0.595144813,True,0.0,0.0,0.0,0.042643626,0.0,0.0,0.0,0.0,0.0,0.0,0.0,0.0,0.0,0.0,0.30622057,0.0,0.0,0.0,0.106840114,0.0,0.0,0.0,0.432737619,
s125-live01,53,1,False,1791619192428251343,5.673509163,0.595144813,0.026120933,0.645079893,True,0.0,0.0,0.0,0.019569883,0.0,0.0,0.0,0.0,0.0,0.0,0.0,0.0,0.0,0.0,0.341358827,0.0,0.0,0.0,0.099487345,0.0,0.0,0.0,0.418037669,
s125-live01,54,2,False,1791619198101760506,5.861707624,0.645079893,0.077780342,0.533365979,True,0.0,0.0,0.0,0.070917326,0.0,0.0,0.0,0.0,0.0,0.0,0.0,0.0,0.0,0.0,0.223295245,0.0,0.0,0.0,0.088117442,0.0,0.0,0.0,0.404507671,
s125-live01,55,3,False,1791619203963468130,5.723523654,0.533365979,0.050786959,0.973050852,True,0.0,0.0,0.0,0.044154065,0.0,0.0,0.0,0.0,0.0,0.0,0.0,0.0,0.0,0.0,0.300417928,0.0,0.0,0.0,0.09609831,0.0,0.0,0.0,0.427968957,
s125-live01,56,0,True,1791619209686991784,6.30070583,0.973050852,0.027658914,0.611548524,True,0.0,0.0,0.0,0.021155564,0.0,0.0,0.0,0.0,0.0,0.0,0.0,0.0,0.0,0.0,0.321870336,0.0,0.0,0.0,0.096807462,0.0,0.0,0.0,0.498862973,
s125-live01,57,1,False,1791619215987697614,5.702395173,0.611548524,0.050560212,0.593018261,True,0.0,0.0,0.0,0.043773258,0.0,0.0,0.0,0.0,0.0,0.0,0.0,0.0,0.0,0.0,0.289976716,0.0,0.0,0.0,0.092888963,0.0,0.0,0.0,0.465077191,
s125-live01,58,2,False,1791619221690092787,5.699291508,0.593018261,0.043750785,0.558793283,True,0.0,0.0,0.0,0.037224031,0.0,0.0,0.0,0.0,0.0,0.0,0.0,0.0,0.0,0.0,0.276768273,0.0,0.0,0.0,0.088982224,0.0,0.0,0.0,0.421792819,
s125-live01,59,3,False,1791619227389384295,5.639629232,0.558793283,0.029818926,1.301489819,True,0.0,0.0,0.0,0.022704106,0.0,0.0,0.0,0.0,0.0,0.0,0.0,0.0,0.0,0.0,0.442149475,0.0,0.0,0.0,0.211892991,0.0,0.0,0.0,0.515618606,
s125-live01,60,0,True,1791619233029013527,6.974997361,1.301489819,0.348497066,0.545550237,True,0.0,0.0,0.0,0.341566854,0.0,0.0,0.0,0.0,0.320215691,0.264758894,0.055456797,0.0,0.0,0.0,0.270979742,0.0,0.0,0.0,0.099199336,0.0,0.0,0.0,0.56516353,0.020250833
s125-live01,61,1,False,1791619240004010888,5.63818976,0.545550237,0.028235738,0.638306169,True,0.0,0.0,0.0,0.021130587,0.0,0.0,0.0,0.0,0.0,0.0,0.0,0.0,0.0,0.0,0.343003741,0.0,0.0,0.0,0.105084693,0.0,0.0,0.0,0.500602357,
s125-live01,62,2,False,1791619245642200648,5.829901197,0.638306169,0.079285787,0.531840635,True,0.0,0.0,0.0,0.072545141,0.0,0.0,0.0,0.0,0.0,0.0,0.0,0.0,0.0,0.0,0.245091263,0.0,0.0,0.0,0.094968568,0.0,0.0,0.0,0.453255095,
s125-live01,63,3,False,1791619251472101845,5.749936586,0.531840635,0.085845722,0.942781649,True,0.0,0.0,0.0,0.077396774,0.0,0.0,0.0,0.0,0.0,0.0,0.0,0.0,0.0,0.0,0.241811143,0.0,0.0,0.0,0.090879497,0.0,0.0,0.0,0.493585482,
s125-live01,64,0,True,1791619257222038431,6.168194866,0.942781649,0.066230385,0.534982342,True,0.0,0.0,0.0,0.05988905,0.0,0.0,0.0,0.0,0.0,0.0,0.0,0.0,0.0,0.0,0.242346116,0.0,0.0,0.0,0.098911059,0.0,0.0,0.0,0.486187886,
s125-live01,65,1,False,1791619263390233297,5.680997272,0.534982342,0.056628618,0.578609697,True,0.0,0.0,0.0,0.047349138,0.0,0.0,0.0,0.0,0.0,0.0,0.0,0.0,0.0,0.0,0.292922902,0.0,0.0,0.0,0.091292512,0.0,0.0,0.0,0.419063035,
s125-live01,66,2,False,1791619269071230569,5.758427594,0.578609697,0.078708659,0.499568788,True,0.0,0.0,0.0,0.072197966,0.0,0.0,0.0,0.0,0.0,0.0,0.0,0.0,0.0,0.0,0.218206187,0.0,0.0,0.0,0.085147447,0.0,0.0,0.0,0.459573549,
s125-live01,67,3,False,1791619274829658163,5.669376302,0.499568788,0.046976978,1.004262645,True,0.0,0.0,0.0,0.040456346,0.0,0.0,0.0,0.0,0.0,0.0,0.0,0.0,0.0,0.0,0.301616525,0.0,0.0,0.0,0.098404715,0.0,0.0,0.0,0.501598922,
s125-live01,68,0,True,1791619280499034465,6.260238581,1.004262645,0.075249853,0.543535255,True,0.0,0.0,0.0,0.068818639,0.0,0.0,0.0,0.0,0.0,0.0,0.0,0.0,0.0,0.0,0.235093579,0.0,0.0,0.0,0.093027773,0.0,0.0,0.0,0.407733698,
s125-live01,69,1,False,1791619286759273046,5.673360585,0.543535255,0.029908311,0.624015457,True,0.0,0.0,0.0,0.022540015,0.0,0.0,0.0,0.0,0.0,0.0,0.0,0.0,0.0,0.0,0.333453536,0.0,0.0,0.0,0.087744858,0.0,0.0,0.0,0.385130271,
s125-live01,70,2,False,1791619292432633631,5.822689786,0.624015457,0.081973063,0.498993659,True,0.0,0.0,0.0,0.075819412,0.0,0.0,0.0,0.0,0.0,0.0,0.0,0.0,0.0,0.0,0.21343052,0.0,0.0,0.0,0.085318845,0.0,0.0,0.0,0.386165104,
s125-live01,71,3,False,1791619298255323417,5.938864089,0.498993659,0.338812677,0.957287955,True,0.0,0.0,0.0,0.331373349,0.0,0.0,0.0,0.0,0.308588754,0.251903652,0.056685102,0.0,0.0,0.0,0.271694587,0.0,0.0,0.0,0.097803742,0.0,0.0,0.0,0.413880186,0.022061785
s125-live01,72,0,True,1791619304194187506,6.081898235,0.957287955,0.028070023,0.603676494,True,0.0,0.0,0.0,0.021663416,0.0,0.0,0.0,0.0,0.0,0.0,0.0,0.0,0.0,0.0,0.328092285,0.0,0.0,0.0,0.101140955,0.0,0.0,0.0,0.43928874,
s125-live01,73,1,False,1791619310276085741,5.782495924,0.603676494,0.047753746,0.598105744,True,0.0,0.0,0.0,0.039561812,0.0,0.0,0.0,0.0,0.0,0.0,0.0,0.0,0.0,0.0,0.300017421,0.0,0.0,0.0,0.099109325,0.0,0.0,0.0,0.465679351,
s125-live01,74,2,False,1791619316058581665,5.761430573,0.598105744,0.043992893,0.595449435,True,0.0,0.0,0.0,0.037061179,0.0,0.0,0.0,0.0,0.0,0.0,0.0,0.0,0.0,0.0,0.303724099,0.0,0.0,0.0,0.101494489,0.0,0.0,0.0,0.472005533,
s125-live01,75,3,False,1791619321820012238,5.720859465,0.595449435,0.046743826,0.999270905,True,0.0,0.0,0.0,0.03908241,0.0,0.0,0.0,0.0,0.0,0.0,0.0,0.0,0.0,0.0,0.287543781,0.0,0.0,0.0,0.086950109,0.0,0.0,0.0,0.430620659,
s125-live01,76,0,True,1791619327540871703,6.123091399,0.999270905,0.048308608,0.579102265,True,0.0,0.0,0.0,0.040961603,0.0,0.0,0.0,0.0,0.0,0.0,0.0,0.0,0.0,0.0,0.293950325,0.0,0.0,0.0,0.097792686,0.0,0.0,0.0,0.490076995,
s125-live01,77,1,False,1791619333663963102,5.753283644,0.579102265,0.031340391,0.665514827,True,0.0,0.0,0.0,0.024652365,0.0,0.0,0.0,0.0,0.0,0.0,0.0,0.0,0.0,0.0,0.357909188,0.0,0.0,0.0,0.106401774,0.0,0.0,0.0,0.496296146,
s125-live01,78,2,False,1791619339417246746,5.985692376,0.665514827,0.075837892,0.539578497,True,0.0,0.0,0.0,0.069222483,0.0,0.0,0.0,0.0,0.0,0.0,0.0,0.0,0.0,0.0,0.249384841,0.0,0.0,0.0,0.107462357,0.0,0.0,0.0,0.463603608,
s125-live01,79,3,False,1791619345402939122,5.65419181,0.539578497,0.050497112,1.286881347,True,0.0,0.0,0.0,0.04367307,0.0,0.0,0.0,0.0,0.0,0.0,0.0,0.0,0.0,0.0,0.389439129,0.0,0.0,0.0,0.195465732,0.0,0.0,0.0,0.502036692,
s125-live01,80,0,True,1791619351057130932,6.76193948,1.286881347,0.081936077,0.547394745,True,0.0,0.0,0.0,0.075128887,0.0,0.0,0.0,0.0,0.0,0.0,0.0,0.0,0.0,0.0,0.242336694,0.0,0.0,0.0,0.100618797,0.0,0.0,0.0,0.633030178,
s125-live01,81,1,False,1791619357819070412,5.699136303,0.547394745,0.050027558,0.612700455,True,0.0,0.0,0.0,0.043238352,0.0,0.0,0.0,0.0,0.0,0.0,0.0,0.0,0.0,0.0,0.294328543,0.0,0.0,0.0,0.091758075,0.0,0.0,0.0,0.488532229,
s125-live01,82,2,False,1791619363518206715,6.281340465,0.612700455,0.35767392,0.513362563,True,0.0,0.0,0.0,0.351635256,0.0,0.0,0.0,0.0,0.312631155,0.257554404,0.055076751,0.0,0.0,0.0,0.228868515,0.0,0.0,0.0,0.084707598,0.0,0.0,0.0,0.430537307,0.038417748
s125-live01,83,3,False,1791619369799547180,5.64066882,0.513362563,0.02561297,0.998789472,True,0.0,0.0,0.0,0.01908753,0.0,0.0,0.0,0.0,0.0,0.0,0.0,0.0,0.0,0.0,0.328901998,0.0,0.0,0.0,0.095543151,0.0,0.0,0.0,0.513521329,
s125-live01,84,0,True,1791619375440216000,6.145721319,0.998789472,0.030036437,0.649003742,True,0.0,0.0,0.0,0.0243951,0.0,0.0,0.0,0.0,0.0,0.0,0.0,0.0,0.0,0.0,0.353950463,0.0,0.0,0.0,0.100046398,0.0,0.0,0.0,0.451435204,
s125-live01,85,1,False,1791619381585937319,5.8110929,0.649003742,0.03046864,0.645580309,True,0.0,0.0,0.0,0.023551053,0.0,0.0,0.0,0.0,0.0,0.0,0.0,0.0,0.0,0.0,0.342031449,0.0,0.0,0.0,0.094135322,0.0,0.0,0.0,0.448687494,
s125-live01,86,2,False,1791619387397030219,5.826568312,0.645580309,0.050219748,0.596052499,True,0.0,0.0,0.0,0.043867554,0.0,0.0,0.0,0.0,0.0,0.0,0.0,0.0,0.0,0.0,0.29040761,0.0,0.0,0.0,0.093957187,0.0,0.0,0.0,0.486206457,
s125-live01,87,3,False,1791619393223598531,5.78830314,0.596052499,0.045032473,0.974336012,True,0.0,0.0,0.0,0.039341192,0.0,0.0,0.0,0.0,0.0,0.0,0.0,0.0,0.0,0.0,0.298089521,0.0,0.0,0.0,0.083660625,0.0,0.0,0.0,0.446610272,
s125-live01,88,0,True,1791619399011901671,6.154451163,0.974336012,0.052686494,0.586754958,True,0.0,0.0,0.0,0.046054094,0.0,0.0,0.0,0.0,0.0,0.0,0.0,0.0,0.0,0.0,0.302058432,0.0,0.0,0.0,0.091319415,0.0,0.0,0.0,0.446672506,
s125-live01,89,1,False,1791619405166352834,5.99190713,0.586754958,0.076332325,0.542398241,True,0.0,0.0,0.0,0.07017113,0.0,0.0,0.0,0.0,0.0,0.0,0.0,0.0,0.0,0.0,0.230905413,0.0,0.0,0.0,0.092574324,0.0,0.0,0.0,0.408482986,
s125-live01,90,2,False,1791619411158259964,5.707814268,0.542398241,0.028916841,0.671306978,True,0.0,0.0,0.0,0.022456544,0.0,0.0,0.0,0.0,0.0,0.0,0.0,0.0,0.0,0.0,0.367524059,0.0,0.0,0.0,0.097610663,0.0,0.0,0.0,0.397889605,
s125-live01,91,3,False,1791619416866074232,5.894359759,0.671306978,0.07437314,0.931250681,True,0.0,0.0,0.0,0.066885811,0.0,0.0,0.0,0.0,0.0,0.0,0.0,0.0,0.0,0.0,0.230067905,0.0,0.0,0.0,0.088963463,0.0,0.0,0.0,0.472871325,
s125-live01,92,0,True,1791619422760433991,6.212628367,0.931250681,0.135303604,0.517902011,True,0.0,0.0,0.0,0.127816787,0.0,0.0,0.0,0.0,0.0,0.0,0.0,0.0,0.0,0.0,0.128448795,0.0,0.0,0.0,0.112837232,0.0,0.0,0.0,0.512826567,
s125-live01,93,1,False,1791619428973062358,5.997094678,0.517902011,0.361860643,0.57590752,True,0.0,0.0,0.0,0.353582447,0.0,0.0,0.0,0.0,0.328040312,0.270571147,0.057469165,0.0,0.0,0.0,0.285707867,0.0,0.0,0.0,0.101808624,0.0,0.0,0.0,0.468038571,0.024414866
s125-live01,94,2,False,1791619434970157036,5.735457257,0.57590752,0.052338498,0.562727164,True,0.0,0.0,0.0,0.045624334,0.0,0.0,0.0,0.0,0.0,0.0,0.0,0.0,0.0,0.0,0.293019092,0.0,0.0,0.0,0.085618452,0.0,0.0,0.0,0.504801301,
s125-live01,95,3,False,1791619440705614293,5.7541746,0.562727164,0.075775635,0.879315816,True,0.0,0.0,0.0,0.069290762,0.0,0.0,0.0,0.0,0.0,0.0,0.0,0.0,0.0,0.0,0.210054819,0.0,0.0,0.0,0.084474681,0.0,0.0,0.0,0.450785506,
s125-live01,96,0,True,1791619446459788893,6.076197523,0.879315816,0.052511813,0.5712865,True,0.0,0.0,0.0,0.045866899,0.0,0.0,0.0,0.0,0.0,0.0,0.0,0.0,0.0,0.0,0.295576266,0.0,0.0,0.0,0.083632677,0.0,0.0,0.0,0.523726046,
s125-live01,97,1,False,1791619452535986416,5.67748026,0.5712865,0.033053888,0.616552285,True,0.0,0.0,0.0,0.026213537,0.0,0.0,0.0,0.0,0.0,0.0,0.0,0.0,0.0,0.0,0.322976923,0.0,0.0,0.0,0.092253816,0.0,0.0,0.0,0.519217807,
s125-live01,98,2,False,1791619458213466676,5.778049944,0.616552285,0.033141913,0.641272319,True,0.0,0.0,0.0,0.023730257,0.0,0.0,0.0,0.0,0.0,0.0,0.0,0.0,0.0,0.0,0.343130764,0.0,0.0,0.0,0.095838686,0.0,0.0,0.0,0.511729404,
s125-live01,99,3,False,1791619463991516620,5.77954162,0.641272319,0.029276996,1.604581711,True,0.0,0.0,0.0,0.02188112,0.0,0.0,0.0,0.0,0.0,0.0,0.0,0.0,0.0,0.0,0.447551353,0.0,0.0,0.0,0.205825141,0.0,0.0,0.0,0.499063716,
s125-live01,100,0,True,1791619469771058240,7.049341994,1.604581711,0.034273481,0.638094024,True,0.0,0.0,0.0,0.0213593,0.0,0.0,0.0,0.0,0.0,0.0,0.0,0.0,0.0,0.0,0.322609735,0.0,0.0,0.0,0.088527919,0.0,0.0,0.0,0.602447934,
s125-live01,101,1,False,1791619476820400234,5.793265842,0.638094024,0.053425109,0.582292724,True,0.0,0.0,0.0,0.047417534,0.0,0.0,0.0,0.0,0.0,0.0,0.0,0.0,0.0,0.0,0.30013129,0.0,0.0,0.0,0.096841449,0.0,0.0,0.0,0.512566467,
s125-live01,102,2,False,1791619482613666076,5.669319304,0.582292724,0.043487274,0.599557832,True,0.0,0.0,0.0,0.037249576,0.0,0.0,0.0,0.0,0.0,0.0,0.0,0.0,0.0,0.0,0.301534377,0.0,0.0,0.0,0.101539191,0.0,0.0,0.0,0.481140467,
s125-live01,103,3,False,1791619488282985380,5.739963773,0.599557832,0.054296085,1.010286085,True,0.0,0.0,0.0,0.047658485,0.0,0.0,0.0,0.0,0.0,0.0,0.0,0.0,0.0,0.0,0.311522554,0.0,0.0,0.0,0.106657794,0.0,0.0,0.0,0.524894078,
s125-live01,104,0,True,1791619494022949153,6.528829722,1.010286085,0.34694424,0.567263996,True,0.0,0.0,0.0,0.340391049,0.0,0.0,0.0,0.0,0.3194464,0.263175852,0.056270548,0.0,0.0,0.0,0.292116255,0.0,0.0,0.0,0.104472585,0.0,0.0,0.0,0.519279428,0.018163189
s125-live01,105,1,False,1791619500551778875,5.702477197,0.567263996,0.050382727,0.5888295,True,0.0,0.0,0.0,0.04393267,0.0,0.0,0.0,0.0,0.0,0.0,0.0,0.0,0.0,0.0,0.287836266,0.0,0.0,0.0,0.088557301,0.0,0.0,0.0,0.498201405,
s125-live01,106,2,False,1791619506254256072,5.764905849,0.5888295,0.04912885,0.59251198,True,0.0,0.0,0.0,0.042536585,0.0,0.0,0.0,0.0,0.0,0.0,0.0,0.0,0.0,0.0,0.286129075,0.0,0.0,0.0,0.093897201,0.0,0.0,0.0,0.453447838,
s125-live01,107,3,False,1791619512019161921,5.709345503,0.59251198,0.032907,1.055464612,True,0.0,0.0,0.0,0.022391179,0.0,0.0,0.0,0.0,0.0,0.0,0.0,0.0,0.0,0.0,0.348460586,0.0,0.0,0.0,0.105646751,0.0,0.0,0.0,0.439799926,
s125-live01,108,0,True,1791619517728507424,6.255927638,1.055464612,0.030825286,0.624121753,True,0.0,0.0,0.0,0.024469045,0.0,0.0,0.0,0.0,0.0,0.0,0.0,0.0,0.0,0.0,0.335694621,0.0,0.0,0.0,0.085708464,0.0,0.0,0.0,0.460843789,
s125-live01,109,1,False,1791619523984435062,5.818917133,0.624121753,0.080213181,0.535349115,True,0.0,0.0,0.0,0.073481134,0.0,0.0,0.0,0.0,0.0,0.0,0.0,0.0,0.0,0.0,0.232784956,0.0,0.0,0.0,0.095338759,0.0,0.0,0.0,0.405741697,
s125-live01,110,2,False,1791619529803352195,5.639992478,0.535349115,0.044469629,0.600531403,True,0.0,0.0,0.0,0.0382155,0.0,0.0,0.0,0.0,0.0,0.0,0.0,0.0,0.0,0.0,0.318326083,0.0,0.0,0.0,0.111538786,0.0,0.0,0.0,0.376135461,
s125-live01,111,3,False,1791619535443344673,5.888639804,0.600531403,0.054806944,0.973862996,True,0.0,0.0,0.0,0.047919535,0.0,0.0,0.0,0.0,0.0,0.0,0.0,0.0,0.0,0.0,0.303133887,0.0,0.0,0.0,0.097171403,0.0,0.0,0.0,0.434383562,
s125-live01,112,0,True,1791619541331984477,6.175374763,0.973862996,0.048258972,0.579957054,True,0.0,0.0,0.0,0.041517558,0.0,0.0,0.0,0.0,0.0,0.0,0.0,0.0,0.0,0.0,0.297469556,0.0,0.0,0.0,0.097181823,0.0,0.0,0.0,0.474773998,
s125-live01,113,1,False,1791619547507359240,5.705965507,0.579957054,0.047251037,0.580702683,True,0.0,0.0,0.0,0.040319996,0.0,0.0,0.0,0.0,0.0,0.0,0.0,0.0,0.0,0.0,0.295565755,0.0,0.0,0.0,0.090484871,0.0,0.0,0.0,0.428199591,
s125-live01,114,2,False,1791619553213324747,5.770470112,0.580702683,0.045879868,0.57153871,True,0.0,0.0,0.0,0.039773828,0.0,0.0,0.0,0.0,0.0,0.0,0.0,0.0,0.0,0.0,0.293087534,0.0,0.0,0.0,0.089048751,0.0,0.0,0.0,0.37634114,
s125-live01,115,3,False,1791619558983794859,6.041049084,0.57153871,0.3597477,0.938296266,True,0.0,0.0,0.0,0.352818432,0.0,0.0,0.0,0.0,0.331066006,0.272488244,0.058577762,0.0,0.0,0.0,0.274053987,0.0,0.0,0.0,0.096395513,0.0,0.0,0.0,0.402132187,0.020846513
s125-live01,116,0,True,1791619565024843943,6.183982819,0.938296266,0.075267861,0.512512208,True,0.0,0.0,0.0,0.068444943,0.0,0.0,0.0,0.0,0.0,0.0,0.0,0.0,0.0,0.0,0.21965456,0.0,0.0,0.0,0.087876485,0.0,0.0,0.0,0.474410524,
s125-live01,117,1,False,1791619571208826762,5.681717041,0.512512208,0.072441757,0.528362867,True,0.0,0.0,0.0,0.065976201,0.0,0.0,0.0,0.0,0.0,0.0,0.0,0.0,0.0,0.0,0.237415852,0.0,0.0,0.0,0.094579308,0.0,0.0,0.0,0.486333197,
s125-live01,118,2,False,1791619576890543803,5.667535229,0.528362867,0.054315327,0.586478246,True,0.0,0.0,0.0,0.047456242,0.0,0.0,0.0,0.0,0.0,0.0,0.0,0.0,0.0,0.0,0.300912059,0.0,0.0,0.0,0.095520687,0.0,0.0,0.0,0.451523981,
s125-live01,119,3,False,1791619582558079032,5.69412417,0.586478246,0.028819312,1.30789046,True,0.0,0.0,0.0,0.022428076,0.0,0.0,0.0,0.0,0.0,0.0,0.0,0.0,0.0,0.0,0.436994271,0.0,0.0,0.0,0.2041997,0.0,0.0,0.0,0.498063416,
s125-live01,120,0,True,1791619588252203202,7.078213513,1.30789046,0.037629626,0.655699249,True,0.0,0.0,0.0,0.030607574,0.0,0.0,0.0,0.0,0.0,0.0,0.0,0.0,0.0,0.0,0.339611182,0.0,0.0,0.0,0.096798628,0.0,0.0,0.0,0.863723529,
s125-live01,121,1,False,1791619595330416715,5.844392384,0.655699249,0.083998202,0.50234006,True,0.0,0.0,0.0,0.077054467,0.0,0.0,0.0,0.0,0.0,0.0,0.0,0.0,0.0,0.0,0.21718414,0.0,0.0,0.0,0.084475109,0.0,0.0,0.0,0.408863799,
s125-live01,122,2,False,1791619601174809099,5.596048579,0.50234006,0.027061056,0.60064628,True,0.0,0.0,0.0,0.020412967,0.0,0.0,0.0,0.0,0.0,0.0,0.0,0.0,0.0,0.0,0.313317426,0.0,0.0,0.0,0.093952126,0.0,0.0,0.0,0.50514431,
s125-live01,123,3,False,1791619606770857678,5.725725151,0.60064628,0.029997026,1.011688989,True,0.0,0.0,0.0,0.022602454,0.0,0.0,0.0,0.0,0.0,0.0,0.0,0.0,0.0,0.0,0.332122027,0.0,0.0,0.0,0.099140009,0.0,0.0,0.0,0.497008222,
s125-live01,124,0,True,1791619612496582829,6.188144474,1.011688989,0.049915544,0.571105576,True,0.0,0.0,0.0,0.043438687,0.0,0.0,0.0,0.0,0.0,0.0,0.0,0.0,0.0,0.0,0.305666858,0.0,0.0,0.0,0.101988353,0.0,0.0,0.0,0.443633122,
s125-live01,125,1,False,1791619618684727303,5.693984539,0.571105576,0.050980395,0.600434242,True,0.0,0.0,0.0,0.044322458,0.0,0.0,0.0,0.0,0.0,0.0,0.0,0.0,0.0,0.0,0.308532023,0.0,0.0,0.0,0.100852948,0.0,0.0,0.0,0.415138298,
s125-live01,126,2,False,1791619624378711842,6.003892261,0.600434242,0.343960599,0.559933497,True,0.0,0.0,0.0,0.337559314,0.0,0.0,0.0,0.0,0.314515581,0.258985573,0.055530008,0.0,0.0,0.0,0.277082516,0.0,0.0,0.0,0.091343249,0.0,0.0,0.0,0.350963505,0.022400143
s125-live01,127,3,False,1791619630382604103,5.75580507,0.559933497,0.072266173,0.928376789,True,0.0,0.0,0.0,0.065746756,0.0,0.0,0.0,0.0,0.0,0.0,0.0,0.0,0.0,0.0,0.246784864,0.0,0.0,0.0,0.1036797,0.0,0.0,0.0,0.389379978,
s125-live01,128,0,True,1791619636138409173,6.145956618,0.928376789,0.083074592,0.533191144,True,0.0,0.0,0.0,0.076206941,0.0,0.0,0.0,0.0,0.0,0.0,0.0,0.0,0.0,0.0,0.240981652,0.0,0.0,0.0,0.096157708,0.0,0.0,0.0,0.342352162,
s125-live01,129,1,False,1791619642284365791,5.648099925,0.533191144,0.034032793,0.624646941,True,0.0,0.0,0.0,0.026527773,0.0,0.0,0.0,0.0,0.0,0.0,0.0,0.0,0.0,0.0,0.345496402,0.0,0.0,0.0,0.099380147,0.0,0.0,0.0,0.421497535,
s125-live01,130,2,False,1791619647932465716,5.786338192,0.624646941,0.033915622,0.61170693,True,0.0,0.0,0.0,0.025722569,0.0,0.0,0.0,0.0,0.0,0.0,0.0,0.0,0.0,0.0,0.330425205,0.0,0.0,0.0,0.085154212,0.0,0.0,0.0,0.422834457,
s125-live01,131,3,False,1791619653718803908,5.820890844,0.61170693,0.082640966,0.918717642,True,0.0,0.0,0.0,0.076131869,0.0,0.0,0.0,0.0,0.0,0.0,0.0,0.0,0.0,0.0,0.232028898,0.0,0.0,0.0,0.091630727,0.0,0.0,0.0,0.427328083,
s125-live01,132,0,True,1791619659539694752,6.10849163,0.918717642,0.031150693,0.607709611,True,0.0,0.0,0.0,0.022550565,0.0,0.0,0.0,0.0,0.0,0.0,0.0,0.0,0.0,0.0,0.322828681,0.0,0.0,0.0,0.097055355,0.0,0.0,0.0,0.475819396,
s125-live01,133,1,False,1791619665648186382,6.078925918,0.607709611,0.083240512,0.56442913,True,0.0,0.0,0.0,0.076647477,0.0,0.0,0.0,0.0,0.0,0.0,0.0,0.0,0.0,0.0,0.237134685,0.0,0.0,0.0,0.089212781,0.0,0.0,0.0,0.518715809,
s125-live01,134,2,False,1791619671727112300,5.778114445,0.56442913,0.079365667,0.540871168,True,0.0,0.0,0.0,0.072251012,0.0,0.0,0.0,0.0,0.0,0.0,0.0,0.0,0.0,0.0,0.233895063,0.0,0.0,0.0,0.093086774,0.0,0.0,0.0,0.464071115,
s125-live01,135,3,False,1791619677505226745,5.727579624,0.540871168,0.053954074,1.02153889,True,0.0,0.0,0.0,0.046834559,0.0,0.0,0.0,0.0,0.0,0.0,0.0,0.0,0.0,0.0,0.320395903,0.0,0.0,0.0,0.106289003,0.0,0.0,0.0,0.543247995,
s125-live01,136,0,True,1791619683232806369,6.232386563,1.02153889,0.076561506,0.498676248,True,0.0,0.0,0.0,0.069974131,0.0,0.0,0.0,0.0,0.0,0.0,0.0,0.0,0.0,0.0,0.219847462,0.0,0.0,0.0,0.085267502,0.0,0.0,0.0,0.423709009,
s125-live01,137,1,False,1791619689465192932,5.901151587,0.498676248,0.344263411,0.579461962,True,0.0,0.0,0.0,0.337476,0.0,0.0,0.0,0.0,0.315440384,0.259197448,0.056242936,0.0,0.0,0.0,0.283849945,0.0,0.0,0.0,0.093895693,0.0,0.0,0.0,0.478655206,0.021305163
s125-live01,138,2,False,1791619695366344519,5.706883722,0.579461962,0.056734931,0.579560935,True,0.0,0.0,0.0,0.047310152,0.0,0.0,0.0,0.0,0.0,0.0,0.0,0.0,0.0,0.0,0.290123277,0.0,0.0,0.0,0.084809981,0.0,0.0,0.0,0.47865828,
s125-live01,139,3,False,1791619701073228241,5.702290603,0.579560935,0.034565443,1.306714908,True,0.0,0.0,0.0,0.026966186,0.0,0.0,0.0,0.0,0.0,0.0,0.0,0.0,0.0,0.0,0.424347916,0.0,0.0,0.0,0.19175737,0.0,0.0,0.0,0.433296448,
s125-live01,140,0,True,1791619706775518844,6.751644921,1.306714908,0.027823908,0.604355904,True,0.0,0.0,0.0,0.021251523,0.0,0.0,0.0,0.0,0.0,0.0,0.0,0.0,0.0,0.0,0.330194207,0.0,0.0,0.0,0.095086079,0.0,0.0,0.0,0.584610394,
s125-live01,141,1,False,1791619713527163765,5.878839721,0.604355904,0.074218028,0.517724346,True,0.0,0.0,0.0,0.067863411,0.0,0.0,0.0,0.0,0.0,0.0,0.0,0.0,0.0,0.0,0.236019089,0.0,0.0,0.0,0.093855856,0.0,0.0,0.0,0.537480738,
s125-live01,142,2,False,1791619719406003486,5.929934323,0.517724346,0.054802807,0.578204395,True,0.0,0.0,0.0,0.045002844,0.0,0.0,0.0,0.0,0.0,0.0,0.0,0.0,0.0,0.0,0.296668176,0.0,0.0,0.0,0.091652364,0.0,0.0,0.0,0.475928481,
s125-live01,143,3,False,1791619725335937809,5.717471326,0.578204395,0.044102821,0.988842788,True,0.0,0.0,0.0,0.038124672,0.0,0.0,0.0,0.0,0.0,0.0,0.0,0.0,0.0,0.0,0.2964687,0.0,0.0,0.0,0.093160588,0.0,0.0,0.0,0.479257657,
s125-live01,144,0,True,1791619731053409135,6.097744984,0.988842788,0.034086411,0.621547824,True,0.0,0.0,0.0,0.026974912,0.0,0.0,0.0,0.0,0.0,0.0,0.0,0.0,0.0,0.0,0.326896091,0.0,0.0,0.0,0.08406584,0.0,0.0,0.0,0.476803862,
s125-live01,145,1,False,1791619737151154119,5.685313305,0.621547824,0.028281548,0.617712913,True,0.0,0.0,0.0,0.021575631,0.0,0.0,0.0,0.0,0.0,0.0,0.0,0.0,0.0,0.0,0.328996589,0.0,0.0,0.0,0.095254695,0.0,0.0,0.0,0.428170621,
s125-live01,146,2,False,1791619742836467424,5.723253711,0.617712913,0.034003776,0.625449955,True,0.0,0.0,0.0,0.02737284,0.0,0.0,0.0,0.0,0.0,0.0,0.0,0.0,0.0,0.0,0.335595032,0.0,0.0,0.0,0.100665036,0.0,0.0,0.0,0.392418127,
s125-live01,147,3,False,1791619748559721135,5.777931972,0.625449955,0.04980505,1.030391722,True,0.0,0.0,0.0,0.042621456,0.0,0.0,0.0,0.0,0.0,0.0,0.0,0.0,0.0,0.0,0.312213785,0.0,0.0,0.0,0.094569336,0.0,0.0,0.0,0.337659362,
s125-live01,148,0,True,1791619754337653107,6.529272347,1.030391722,0.357642247,0.513731286,True,0.0,0.0,0.0,0.351026179,0.0,0.0,0.0,0.0,0.30267932,0.247431067,0.055248253,0.0,0.0,0.0,0.238179875,0.0,0.0,0.0,0.083594984,0.0,0.0,0.0,0.39662905,0.047700795
s125-live01,149,1,False,1791619760866925454,5.61234323,0.513731286,0.031170228,0.607550568,True,0.0,0.0,0.0,0.024124543,0.0,0.0,0.0,0.0,0.0,0.0,0.0,0.0,0.0,0.0,0.338054803,0.0,0.0,0.0,0.096700571,0.0,0.0,0.0,0.472983802,
s125-live01,150,2,False,1791619766479268684,5.739221893,0.607550568,0.035890422,0.623813359,True,0.0,0.0,0.0,0.027252944,0.0,0.0,0.0,0.0,0.0,0.0,0.0,0.0,0.0,0.0,0.337273393,0.0,0.0,0.0,0.096537986,0.0,0.0,0.0,0.518201115,
s125-live01,151,3,False,1791619772218490577,5.716525074,0.623813359,0.046777749,0.977968235,True,0.0,0.0,0.0,0.040157563,0.0,0.0,0.0,0.0,0.0,0.0,0.0,0.0,0.0,0.0,0.305331864,0.0,0.0,0.0,0.090204829,0.0,0.0,0.0,0.508561261,
s125-live01,152,0,True,1791619777935015651,6.08412134,0.977968235,0.030115365,0.645883034,True,0.0,0.0,0.0,0.023328396,0.0,0.0,0.0,0.0,0.0,0.0,0.0,0.0,0.0,0.0,0.33908219,0.0,0.0,0.0,0.086756657,0.0,0.0,0.0,0.508291913,
s125-live01,153,1,False,1791619784019136991,5.783156806,0.645883034,0.040286055,0.616432798,True,0.0,0.0,0.0,0.033127317,0.0,0.0,0.0,0.0,0.0,0.0,0.0,0.0,0.0,0.0,0.335703487,0.0,0.0,0.0,0.094009361,0.0,0.0,0.0,0.470388846,
s125-live01,154,2,False,1791619789802293797,5.690588955,0.616432798,0.048341959,0.590822631,True,0.0,0.0,0.0,0.041846688,0.0,0.0,0.0,0.0,0.0,0.0,0.0,0.0,0.0,0.0,0.29421399,0.0,0.0,0.0,0.086485617,0.0,0.0,0.0,0.469414753,
s125-live01,155,3,False,1791619795492882752,5.930800124,0.590822631,0.031706656,0.993542579,True,0.0,0.0,0.0,0.024921711,0.0,0.0,0.0,0.0,0.0,0.0,0.0,0.0,0.0,0.0,0.327823061,0.0,0.0,0.0,0.089497258,0.0,0.0,0.0,0.67919948,
s125-live01,156,0,True,1791619801423682876,6.142841312,0.993542579,0.051053616,0.595879013,True,0.0,0.0,0.0,0.043703618,0.0,0.0,0.0,0.0,0.0,0.0,0.0,0.0,0.0,0.0,0.310855963,0.0,0.0,0.0,0.101706139,0.0,0.0,0.0,0.498520276,
s125-live01,157,1,False,1791619807566524188,5.728910748,0.595879013,0.031780615,0.600823445,True,0.0,0.0,0.0,0.024923554,0.0,0.0,0.0,0.0,0.0,0.0,0.0,0.0,0.0,0.0,0.331677875,0.0,0.0,0.0,0.091624657,0.0,0.0,0.0,0.522035621,
s125-live01,158,2,False,1791619813295434936,5.712255779,0.600823445,0.035779963,0.608934802,True,0.0,0.0,0.0,0.027742925,0.0,0.0,0.0,0.0,0.0,0.0,0.0,0.0,0.0,0.0,0.319810635,0.0,0.0,0.0,0.088985545,0.0,0.0,0.0,0.460492284,
s125-live01,159,3,False,1791619819007690715,6.009401607,0.608934802,0.341736843,1.254885155,True,0.0,0.0,0.0,0.334052988,0.0,0.0,0.0,0.0,0.31087717,0.254251469,0.056625701,0.0,0.0,0.0,0.365409756,0.0,0.0,0.0,0.183163179,0.0,0.0,0.0,0.436883219,0.022078936
s125-live01,160,0,True,1791619825017092322,6.709561949,1.254885155,0.07696151,0.490792912,True,0.0,0.0,0.0,0.070137171,0.0,0.0,0.0,0.0,0.0,0.0,0.0,0.0,0.0,0.0,0.215822255,0.0,0.0,0.0,0.08462125,0.0,0.0,0.0,0.551667721,
s125-live01,161,1,False,1791619831726654271,5.545384189,0.490792912,0.031436017,0.583376007,True,0.0,0.0,0.0,0.023339546,0.0,0.0,0.0,0.0,0.0,0.0,0.0,0.0,0.0,0.0,0.320239097,0.0,0.0,0.0,0.085279818,0.0,0.0,0.0,0.460006565,
s125-live01,162,2,False,1791619837272038460,5.708016333,0.583376007,0.046234436,0.553763127,True,0.0,0.0,0.0,0.038929723,0.0,0.0,0.0,0.0,0.0,0.0,0.0,0.0,0.0,0.0,0.276166063,0.0,0.0,0.0,0.084181853,0.0,0.0,0.0,0.423276996,
s125-live01,163,3,False,1791619842980054793,5.646240343,0.553763127,0.029815349,1.040305222,True,0.0,0.0,0.0,0.022545002,0.0,0.0,0.0,0.0,0.0,0.0,0.0,0.0,0.0,0.0,0.33949267,0.0,0.0,0.0,0.099204564,0.0,0.0,0.0,0.522171877,
s125-live01,164,0,True,1791619848626295136,6.21559498,1.040305222,0.051504623,0.575188851,True,0.0,0.0,0.0,0.044540611,0.0,0.0,0.0,0.0,0.0,0.0,0.0,0.0,0.0,0.0,0.268753086,0.0,0.0,0.0,0.083620738,0.0,0.0,0.0,0.489714609,
s125-live01,165,1,False,1791619854841890116,5.882699554,0.575188851,0.033376333,0.603599619,True,0.0,0.0,0.0,0.026189252,0.0,0.0,0.0,0.0,0.0,0.0,0.0,0.0,0.0,0.0,0.331668449,0.0,0.0,0.0,0.095598223,0.0,0.0,0.0,0.475098001,
s125-live01,166,2,False,1791619860724589670,5.730352151,0.603599619,0.04765191,0.55939638,True,0.0,0.0,0.0,0.041122977,0.0,0.0,0.0,0.0,0.0,0.0,0.0,0.0,0.0,0.0,0.286398486,0.0,0.0,0.0,0.087163697,0.0,0.0,0.0,0.485454418,
s125-live01,167,3,False,1791619866454941821,5.648991556,0.55939638,0.031642053,1.024596979,True,0.0,0.0,0.0,0.024721574,0.0,0.0,0.0,0.0,0.0,0.0,0.0,0.0,0.0,0.0,0.332619344,0.0,0.0,0.0,0.092796056,0.0,0.0,0.0,0.447263553,
s125-live01,168,0,True,1791619872103933377,6.138096626,1.024596979,0.046803304,0.578632488,True,0.0,0.0,0.0,0.03978984,0.0,0.0,0.0,0.0,0.0,0.0,0.0,0.0,0.0,0.0,0.289668201,0.0,0.0,0.0,0.08945294,0.0,0.0,0.0,0.419437281,
s125-live01,169,1,False,1791619878242030003,5.730123851,0.578632488,0.034871334,0.623293082,True,0.0,0.0,0.0,0.028282868,0.0,0.0,0.0,0.0,0.0,0.0,0.0,0.0,0.0,0.0,0.32671868,0.0,0.0,0.0,0.096632457,0.0,0.0,0.0,0.42970422,
s125-live01,170,2,False,1791619883972153854,6.087072651,0.623293082,0.358032735,0.579122416,True,0.0,0.0,0.0,0.351249033,0.0,0.0,0.0,0.0,0.325316543,0.268841848,0.056474695,0.0,0.0,0.0,0.278883205,0.0,0.0,0.0,0.091523793,0.0,0.0,0.0,0.449592326,0.025338533
s125-live01,171,3,False,1791619890059226505,5.740270842,0.579122416,0.048006005,0.988872079,True,0.0,0.0,0.0,0.04138068,0.0,0.0,0.0,0.0,0.0,0.0,0.0,0.0,0.0,0.0,0.303471396,0.0,0.0,0.0,0.094306664,0.0,0.0,0.0,0.448814873,
s125-live01,172,0,True,1791619895799497347,6.10853324,0.988872079,0.033865042,0.626281274,True,0.0,0.0,0.0,0.025798568,0.0,0.0,0.0,0.0,0.0,0.0,0.0,0.0,0.0,0.0,0.309929455,0.0,0.0,0.0,0.095893127,0.0,0.0,0.0,0.469100706,
s125-live01,173,1,False,1791619901908030587,5.766541474,0.626281274,0.031833332,0.649025478,True,0.0,0.0,0.0,0.025093682,0.0,0.0,0.0,0.0,0.0,0.0,0.0,0.0,0.0,0.0,0.350127832,0.0,0.0,0.0,0.101639808,0.0,0.0,0.0,0.459296545,
s125-live01,174,2,False,1791619907674572061,5.795742008,0.649025478,0.033351225,0.588120514,True,0.0,0.0,0.0,0.026548057,0.0,0.0,0.0,0.0,0.0,0.0,0.0,0.0,0.0,0.0,0.318549439,0.0,0.0,0.0,0.089650581,0.0,0.0,0.0,0.486457803,
s125-live01,175,3,False,1791619913470314069,5.668757753,0.588120514,0.053412077,0.968766092,True,0.0,0.0,0.0,0.046627483,0.0,0.0,0.0,0.0,0.0,0.0,0.0,0.0,0.0,0.0,0.297126345,0.0,0.0,0.0,0.09672535,0.0,0.0,0.0,0.464217974,
s125-live01,176,0,True,1791619919139071822,6.13077825,0.968766092,0.054103738,0.595671916,True,0.0,0.0,0.0,0.047013329,0.0,0.0,0.0,0.0,0.0,0.0,0.0,0.0,0.0,0.0,0.285428504,0.0,0.0,0.0,0.088706776,0.0,0.0,0.0,0.487829368,
s125-live01,177,1,False,1791619925269850072,5.965481287,0.595671916,0.031655116,0.616214873,True,0.0,0.0,0.0,0.024869491,0.0,0.0,0.0,0.0,0.0,0.0,0.0,0.0,0.0,0.0,0.337283483,0.0,0.0,0.0,0.097334014,0.0,0.0,0.0,0.694339626,
s125-live01,178,2,False,1791619931235331359,5.752798881,0.616214873,0.053453805,0.614807114,True,0.0,0.0,0.0,0.045582509,0.0,0.0,0.0,0.0,0.0,0.0,0.0,0.0,0.0,0.0,0.299839793,0.0,0.0,0.0,0.09982695,0.0,0.0,0.0,0.421190384,
s125-live01,179,3,False,1791619936988130240,5.756394375,0.614807114,0.048652318,1.230715216,True,0.0,0.0,0.0,0.041804656,0.0,0.0,0.0,0.0,0.0,0.0,0.0,0.0,0.0,0.0,0.363797874,0.0,0.0,0.0,0.176783186,0.0,0.0,0.0,0.439930432,
s125-live01,180,0,True,1791619942744524615,6.634604058,1.230715216,0.029357106,0.575775117,True,0.0,0.0,0.0,0.022554328,0.0,0.0,0.0,0.0,0.0,0.0,0.0,0.0,0.0,0.0,0.303641448,0.0,0.0,0.0,0.08441109,0.0,0.0,0.0,0.483545961,
s125-live01,181,1,False,1791619949379128673,6.009698936,0.575775117,0.363874746,0.54815802,True,0.0,0.0,0.0,0.357428739,0.0,0.0,0.0,0.0,0.308820333,0.251598105,0.057222228,0.0,0.0,0.0,0.26313418,0.0,0.0,0.0,0.109144444,0.0,0.0,0.0,0.522930256,0.047898852
s125-live01,182,2,False,1791619955388827609,5.648881792,0.54815802,0.035632393,0.604921776,True,0.0,0.0,0.0,0.02681142,0.0,0.0,0.0,0.0,0.0,0.0,0.0,0.0,0.0,0.0,0.321122529,0.0,0.0,0.0,0.084456825,0.0,0.0,0.0,0.432687662,
s125-live01,183,3,False,1791619961037709401,5.795757211,0.604921776,0.054273595,0.953228483,True,0.0,0.0,0.0,0.046764489,0.0,0.0,0.0,0.0,0.0,0.0,0.0,0.0,0.0,0.0,0.274307263,0.0,0.0,0.0,0.080685435,0.0,0.0,0.0,0.511782838,
s125-live01,184,0,True,1791619966833466612,6.143311711,0.953228483,0.080065199,0.530735043,True,0.0,0.0,0.0,0.07352256,0.0,0.0,0.0,0.0,0.0,0.0,0.0,0.0,0.0,0.0,0.236799393,0.0,0.0,0.0,0.087374539,0.0,0.0,0.0,0.449240578,
s125-live01,185,1,False,1791619972976778323,5.647803243,0.530735043,0.035424552,0.618074976,True,0.0,0.0,0.0,0.027788428,0.0,0.0,0.0,0.0,0.0,0.0,0.0,0.0,0.0,0.0,0.315398035,0.0,0.0,0.0,0.082795071,0.0,0.0,0.0,0.341424972,
s125-live01,186,2,False,1791619978624581566,5.705696959,0.618074976,0.048055136,0.557250616,True,0.0,0.0,0.0,0.041175924,0.0,0.0,0.0,0.0,0.0,0.0,0.0,0.0,0.0,0.0,0.276140748,0.0,0.0,0.0,0.081766337,0.0,0.0,0.0,0.346419208,
s125-live01,187,3,False,1791619984330278525,5.605523619,0.557250616,0.027079916,0.996103511,True,0.0,0.0,0.0,0.019596989,0.0,0.0,0.0,0.0,0.0,0.0,0.0,0.0,0.0,0.0,0.331375819,0.0,0.0,0.0,0.146290421,0.0,0.0,0.0,0.3919192,
s125-live01,188,0,True,1791619989935802144,6.380829764,0.996103511,0.033297774,0.635262882,True,0.0,0.0,0.0,0.026285161,0.0,0.0,0.0,0.0,0.0,0.0,0.0,0.0,0.0,0.0,0.346038261,0.0,0.0,0.0,0.100265121,0.0,0.0,0.0,0.42377409,
s125-live01,189,1,False,1791619996316631908,5.782594332,0.635262882,0.090324824,0.502933275,True,0.0,0.0,0.0,0.083667109,0.0,0.0,0.0,0.0,0.0,0.0,0.0,0.0,0.0,0.0,0.234407645,0.0,0.0,0.0,0.093877453,0.0,0.0,0.0,0.427990195,
s125-live01,190,2,False,1791620002099226240,5.603493652,0.502933275,0.05675558,0.582225129,True,0.0,0.0,0.0,0.048919309,0.0,0.0,0.0,0.0,0.0,0.0,0.0,0.0,0.0,0.0,0.289525887,0.0,0.0,0.0,0.09730184,0.0,0.0,0.0,0.427848788,
s125-live01,191,3,False,1791620007702719892,5.686154598,0.582225129,0.047152999,0.964491207,True,0.0,0.0,0.0,0.039384796,0.0,0.0,0.0,0.0,0.0,0.0,0.0,0.0,0.0,0.0,0.294293327,0.0,0.0,0.0,0.096819834,0.0,0.0,0.0,0.458525775,
s125-live01,192,0,True,1791620013388874490,6.361567125,0.964491207,0.328080401,0.573372153,True,0.0,0.0,0.0,0.319729493,0.0,0.0,0.0,0.0,0.292258151,0.23841197,0.053846181,0.0,0.0,0.0,0.264193234,0.0,0.0,0.0,0.08176904,0.0,0.0,0.0,0.373749479,0.027101266
s125-live01,193,1,False,1791620019750441615,5.637958561,0.573372153,0.051425871,0.561778829,True,0.0,0.0,0.0,0.043882931,0.0,0.0,0.0,0.0,0.0,0.0,0.0,0.0,0.0,0.0,0.277199483,0.0,0.0,0.0,0.085296482,0.0,0.0,0.0,0.439957998,
s125-live01,194,2,False,1791620025388400176,5.740739809,0.561778829,0.07059233,0.490404437,True,0.0,0.0,0.0,0.064400962,0.0,0.0,0.0,0.0,0.0,0.0,0.0,0.0,0.0,0.0,0.226650881,0.0,0.0,0.0,0.090132501,0.0,0.0,0.0,0.446308706,
s125-live01,195,3,False,1791620031129139985,5.593185272,0.490404437,0.052958451,0.931837816,True,0.0,0.0,0.0,0.046170011,0.0,0.0,0.0,0.0,0.0,0.0,0.0,0.0,0.0,0.0,0.277141132,0.0,0.0,0.0,0.084181084,0.0,0.0,0.0,0.466374345,
s125-live01,196,0,True,1791620036722325257,6.041866003,0.931837816,0.04913272,0.559260892,True,0.0,0.0,0.0,0.041762606,0.0,0.0,0.0,0.0,0.0,0.0,0.0,0.0,0.0,0.0,0.283235057,0.0,0.0,0.0,0.090440681,0.0,0.0,0.0,0.408748909,
s125-live01,197,1,False,1791620042764191260,5.646205857,0.559260892,0.051243417,0.572128679,True,0.0,0.0,0.0,0.043375026,0.0,0.0,0.0,0.0,0.0,0.0,0.0,0.0,0.0,0.0,0.282624037,0.0,0.0,0.0,0.085799276,0.0,0.0,0.0,0.439121864,
s125-live01,198,2,False,1791620048410397117,5.727007165,0.572128679,0.048534405,0.540108116,True,0.0,0.0,0.0,0.040728461,0.0,0.0,0.0,0.0,0.0,0.0,0.0,0.0,0.0,0.0,0.272636322,0.0,0.0,0.0,0.08544497,0.0,0.0,0.0,0.419914787,
s125-live01,199,3,False,1791620054137404282,5.849757409,0.540108116,0.030081438,1.25900089,True,0.0,0.0,0.0,0.022466102,0.0,0.0,0.0,0.0,0.0,0.0,0.0,0.0,0.0,0.0,0.421387975,0.0,0.0,0.0,0.20194697,0.0,0.0,0.0,0.481048635,
s125-live01,200,0,True,1791620059987161691,6.670451767,1.25900089,0.034252558,0.584290177,True,0.0,0.0,0.0,0.026680093,0.0,0.0,0.0,0.0,0.0,0.0,0.0,0.0,0.0,0.0,0.314441506,0.0,0.0,0.0,0.086034407,0.0,0.0,0.0,0.530549756,
s125-live01,201,1,False,1791620066657613458,5.678253802,0.584290177,0.03391824,0.578640005,True,0.0,0.0,0.0,0.026265444,0.0,0.0,0.0,0.0,0.0,0.0,0.0,0.0,0.0,0.0,0.307389399,0.0,0.0,0.0,0.089010401,0.0,0.0,0.0,0.425295428,
s125-live01,202,2,False,1791620072335867260,5.677829022,0.578640005,0.03497728,0.564175734,True,0.0,0.0,0.0,0.027996016,0.0,0.0,0.0,0.0,0.0,0.0,0.0,0.0,0.0,0.0,0.302989218,0.0,0.0,0.0,0.083070906,0.0,0.0,0.0,0.40490646,
s125-live01,203,3,False,1791620078013696282,5.993568095,0.564175734,0.341375013,0.932027969,True,0.0,0.0,0.0,0.33399467,0.0,0.0,0.0,0.0,0.304287297,0.24750093,0.056786367,0.0,0.0,0.0,0.251270166,0.0,0.0,0.0,0.082144585,0.0,0.0,0.0,0.43742059,0.028720157
s125-live01,204,0,True,1791620084007264377,6.120856819,0.932027969,0.133943686,0.460536873,True,0.0,0.0,0.0,0.126230677,0.0,0.0,0.0,0.0,0.0,0.0,0.0,0.0,0.0,0.0,0.089719815,0.0,0.0,0.0,0.085778676,0.0,0.0,0.0,0.404577721,
s125-live01,205,1,False,1791620090128121196,5.593513844,0.460536873,0.052913566,0.551130949,True,0.0,0.0,0.0,0.044820302,0.0,0.0,0.0,0.0,0.0,0.0,0.0,0.0,0.0,0.0,0.285014246,0.0,0.0,0.0,0.082845112,0.0,0.0,0.0,0.490355915,
s125-live01,206,2,False,1791620095721635040,5.641500959,0.551130949,0.03473217,0.582953838,True,0.0,0.0,0.0,0.027446955,0.0,0.0,0.0,0.0,0.0,0.0,0.0,0.0,0.0,0.0,0.312657809,0.0,0.0,0.0,0.083086885,0.0,0.0,0.0,0.321610448,
s125-live01,207,3,False,1791620101363135999,5.704461781,0.582953838,0.049671682,0.938827482,True,0.0,0.0,0.0,0.042221677,0.0,0.0,0.0,0.0,0.0,0.0,0.0,0.0,0.0,0.0,0.285287939,0.0,0.0,0.0,0.087767985,0.0,0.0,0.0,0.43252289,
s125-live01,208,0,True,1791620107067597780,6.076461168,0.938827482,0.050256932,0.538483221,True,0.0,0.0,0.0,0.042612052,0.0,0.0,0.0,0.0,0.0,0.0,0.0,0.0,0.0,0.0,0.270953033,0.0,0.0,0.0,0.080238331,0.0,0.0,0.0,0.394302954,
s125-live01,209,1,False,1791620113144058948,5.641524492,0.538483221,0.052301446,0.560727634,True,0.0,0.0,0.0,0.044846823,0.0,0.0,0.0,0.0,0.0,0.0,0.0,0.0,0.0,0.0,0.297889216,0.0,0.0,0.0,0.088162487,0.0,0.0,0.0,0.448612002,
s125-live01,210,2,False,1791620118785583440,5.836739081,0.560727634,0.035191142,0.585501152,True,0.0,0.0,0.0,0.027766004,0.0,0.0,0.0,0.0,0.0,0.0,0.0,0.0,0.0,0.0,0.311499731,0.0,0.0,0.0,0.087519447,0.0,0.0,0.0,0.332696766,
s125-live01,211,3,False,1791620124622322521,5.638631733,0.585501152,0.034207532,0.954712707,True,0.0,0.0,0.0,0.026471139,0.0,0.0,0.0,0.0,0.0,0.0,0.0,0.0,0.0,0.0,0.306634204,0.0,0.0,0.0,0.080017064,0.0,0.0,0.0,0.390169912,
s125-live01,212,0,True,1791620130260954254,6.04403442,0.954712707,0.031975747,0.567478762,True,0.0,0.0,0.0,0.024305138,0.0,0.0,0.0,0.0,0.0,0.0,0.0,0.0,0.0,0.0,0.303580362,0.0,0.0,0.0,0.080067639,0.0,0.0,0.0,0.433733091,
s125-live01,213,1,False,1791620136304988674,5.658663709,0.567478762,0.037188596,0.591112757,True,0.0,0.0,0.0,0.029278927,0.0,0.0,0.0,0.0,0.0,0.0,0.0,0.0,0.0,0.0,0.319732214,0.0,0.0,0.0,0.081753648,0.0,0.0,0.0,0.471594671,
s125-live01,214,2,False,1791620141963652383,5.953705299,0.591112757,0.334361683,0.522476817,True,0.0,0.0,0.0,0.32886444,0.0,0.0,0.0,0.0,0.298896406,0.243525732,0.055370674,0.0,0.0,0.0,0.250635007,0.0,0.0,0.0,0.089187052,0.0,0.0,0.0,0.418463737,0.029316609
s125-live01,215,3,False,1791620147917357682,5.609231829,0.522476817,0.035343959,0.974524932,True,0.0,0.0,0.0,0.028458796,0.0,0.0,0.0,0.0,0.0,0.0,0.0,0.0,0.0,0.0,0.313322614,0.0,0.0,0.0,0.085067968,0.0,0.0,0.0,0.464107555,
s126-live01,10,2,False,1791621060655250430,5.851744442,0.550787803,0.307062127,0.500413576,True,0.0,0.0,0.0,0.302247589,0.0,0.0,0.0,0.0,0.298718653,0.243832287,0.054886366,0.0,0.0,0.0,0.247112555,0.0,0.0,0.0,0.085229596,0.0,0.0,0.0,0.384234269,0.001827351
s126-live01,11,3,False,1791621066506994872,5.505659219,0.500413576,0.004620953,0.948934728,True,0.0,0.0,0.0,0.001749555,0.0,0.0,0.0,0.0,0.0,0.0,0.0,0.0,0.0,0.0,0.308836057,0.0,0.0,0.0,0.099827086,0.0,0.0,0.0,0.385371387,
s126-live01,12,0,True,1791621072012654091,6.304820762,0.948934728,0.32951422,0.509001583,True,0.0,0.0,0.0,0.326548073,0.0,0.0,0.0,0.0,0.323060725,0.267344811,0.055715914,0.0,0.0,0.0,0.247129589,0.0,0.0,0.0,0.098654865,0.0,0.0,0.0,0.398783863,0.003054593
s126-live01,13,1,False,1791621078317474853,5.660254312,0.509001583,0.053616278,0.454195835,True,0.0,0.0,0.0,0.051369797,0.0,0.0,0.0,0.0,0.0,0.0,0.0,0.0,0.0,0.0,0.174718053,0.0,0.0,0.0,0.068534413,0.0,0.0,0.0,0.416868998,
s126-live01,14,2,False,1791621083977729165,5.801758013,0.454195835,0.320744972,0.50415627,True,0.0,0.0,0.0,0.318773108,0.0,0.0,0.0,0.0,0.313779433,0.257736618,0.056042815,0.0,0.0,0.0,0.236458775,0.0,0.0,0.0,0.101181826,0.0,0.0,0.0,0.420082385,0.004405237
s126-live01,15,3,False,1791621089779487178,5.534495698,0.50415627,0.028692637,0.91409605,True,0.0,0.0,0.0,0.024923318,0.0,0.0,0.0,0.0,0.0,0.0,0.0,0.0,0.0,0.0,0.250474141,0.0,0.0,0.0,0.126315096,0.0,0.0,0.0,0.401229214,
s126-live01,16,0,True,1791621095313982876,6.185069205,0.91409605,0.3019804,0.523808765,True,0.0,0.0,0.0,0.299376066,0.0,0.0,0.0,0.0,0.297122241,0.241752236,0.055370005,0.0,0.0,0.0,0.263413419,0.0,0.0,0.0,0.102016741,0.0,0.0,0.0,0.41844928,0.001895109
s126-live01,17,1,False,1791621101499052081,5.597960811,0.523808765,0.058156551,0.444646248,True,0.0,0.0,0.0,0.054354721,0.0,0.0,0.0,0.0,0.0,0.0,0.0,0.0,0.0,0.0,0.199793411,0.0,0.0,0.0,0.080403526,0.0,0.0,0.0,0.36520162,
s126-live01,18,2,False,1791621107097012892,5.796508463,0.444646248,0.317966575,0.523049969,True,0.0,0.0,0.0,0.315235982,0.0,0.0,0.0,0.0,0.313363768,0.257311161,0.056052607,0.0,0.0,0.0,0.255448682,0.0,0.0,0.0,0.097459513,0.0,0.0,0.0,0.42185828,0.001390618
s126-live01,19,3,False,1791621112893521355,5.582153794,0.523049969,0.030691366,1.164291092,True,0.0,0.0,0.0,0.026519049,0.0,0.0,0.0,0.0,0.0,0.0,0.0,0.0,0.0,0.0,0.338840031,0.0,0.0,0.0,0.151053945,0.0,0.0,0.0,0.353172261,
s126-live01,20,0,True,1791621118475675149,6.773249563,1.164291092,0.311590986,0.485888884,True,0.0,0.0,0.0,0.305961104,0.0,0.0,0.0,0.0,0.303249348,0.248614104,0.054635244,0.0,0.0,0.0,0.226917547,0.0,0.0,0.0,0.085341396,0.0,0.0,0.0,0.484833108,0.001777838
s126-live01,21,1,False,1791621125248924712,5.580092873,0.485888884,0.055853766,0.438551359,True,0.0,0.0,0.0,0.053627133,0.0,0.0,0.0,0.0,0.0,0.0,0.0,0.0,0.0,0.0,0.182540295,0.0,0.0,0.0,0.070377626,0.0,0.0,0.0,0.411712792,
s126-live01,22,2,False,1791621130829017585,5.701740181,0.438551359,0.307271732,0.471543922,True,0.0,0.0,0.0,0.305165165,0.0,0.0,0.0,0.0,0.3028044,0.247801658,0.055002742,0.0,0.0,0.0,0.226683171,0.0,0.0,0.0,0.079041097,0.0,0.0,0.0,0.428922596,0.001709028
s126-live01,23,3,False,1791621136530757766,5.441959742,0.471543922,0.008425375,0.958179599,True,0.0,0.0,0.0,0.001564436,0.0,0.0,0.0,0.0,0.0,0.0,0.0,0.0,0.0,0.0,0.298905488,0.0,0.0,0.0,0.067341314,0.0,0.0,0.0,0.323166413,
s126-live01,24,0,True,1791621141972717508,6.363523289,0.958179599,0.341709497,0.499003164,True,0.0,0.0,0.0,0.339513963,0.0,0.0,0.0,0.0,0.335311821,0.278060268,0.057251553,0.0,0.0,0.0,0.227807433,0.0,0.0,0.0,0.08148316,0.0,0.0,0.0,0.411535158,0.003516341
s126-live01,25,1,False,1791621148336240797,5.555976681,0.499003164,0.028851275,0.524457708,True,0.0,0.0,0.0,0.026488797,0.0,0.0,0.0,0.0,0.0,0.0,0.0,0.0,0.0,0.0,0.257109049,0.0,0.0,0.0,0.13730168,0.0,0.0,0.0,0.310536029,
s126-live01,26,2,False,1791621153892217478,5.867334358,0.524457708,0.317070483,0.495377657,True,0.0,0.0,0.0,0.313500832,0.0,0.0,0.0,0.0,0.308504044,0.253500197,0.055003847,0.0,0.0,0.0,0.238072658,0.0,0.0,0.0,0.082017641,0.0,0.0,0.0,0.395776589,0.004377001
s126-live01,27,3,False,1791621159759551836,5.642810894,0.495377657,0.035017534,0.901338903,True,0.0,0.0,0.0,0.032411737,0.0,0.0,0.0,0.0,0.0,0.0,0.0,0.0,0.0,0.0,0.255920575,0.0,0.0,0.0,0.071707165,0.0,0.0,0.0,0.344299131,
s126-live01,28,0,True,1791621165402362730,6.267458225,0.901338903,0.303036399,0.584739519,True,0.0,0.0,0.0,0.299266872,0.0,0.0,0.0,0.0,0.294175104,0.240203154,0.05397195,0.0,0.0,0.0,0.290291692,0.0,0.0,0.0,0.098604647,0.0,0.0,0.0,0.343964049,0.004308403
s126-live01,29,1,False,1791621171669820955,5.593576899,0.584739519,0.027476403,0.525244484,True,0.0,0.0,0.0,0.025282522,0.0,0.0,0.0,0.0,0.0,0.0,0.0,0.0,0.0,0.0,0.244838413,0.0,0.0,0.0,0.12580709,0.0,0.0,0.0,0.291512082,
s126-live01,30,2,False,1791621177263397854,5.885220687,0.525244484,0.312432863,0.51094764,True,0.0,0.0,0.0,0.310516895,0.0,0.0,0.0,0.0,0.307084874,0.249207163,0.057877711,0.0,0.0,0.0,0.245051918,0.0,0.0,0.0,0.093869165,0.0,0.0,0.0,0.341380004,0.003007352
s126-live01,31,3,False,1791621183148618541,5.582556798,0.51094764,0.031078233,0.905994719,True,0.0,0.0,0.0,0.028624102,0.0,0.0,0.0,0.0,0.0,0.0,0.0,0.0,0.0,0.0,0.248819134,0.0,0.0,0.0,0.129101556,0.0,0.0,0.0,0.413229448,
s126-live01,32,0,True,1791621188731175339,6.280248197,0.905994719,0.323264537,0.509940653,True,0.0,0.0,0.0,0.317452815,0.0,0.0,0.0,0.0,0.313904585,0.25875832,0.055146265,0.0,0.0,0.0,0.24475274,0.0,0.0,0.0,0.098090777,0.0,0.0,0.0,0.320134664,0.002631915
s126-live01,33,1,False,1791621195011423536,5.741521503,0.509940653,0.052741676,0.464557938,True,0.0,0.0,0.0,0.050524442,0.0,0.0,0.0,0.0,0.0,0.0,0.0,0.0,0.0,0.0,0.187829415,0.0,0.0,0.0,0.073937191,0.0,0.0,0.0,0.391318572,
s126-live01,34,2,False,1791621200752945039,5.882549948,0.464557938,0.327380597,0.520357597,True,0.0,0.0,0.0,0.324636861,0.0,0.0,0.0,0.0,0.320516263,0.264855282,0.055660981,0.0,0.0,0.0,0.257206583,0.0,0.0,0.0,0.090320272,0.0,0.0,0.0,0.411913804,0.003660922
s126-live01,35,3,False,1791621206635494987,5.622270017,0.520357597,0.004932426,0.946732187,True,0.0,0.0,0.0,0.001575506,0.0,0.0,0.0,0.0,0.0,0.0,0.0,0.0,0.0,0.0,0.310970463,0.0,0.0,0.0,0.104385559,0.0,0.0,0.0,0.383827576,
s126-live01,36,0,True,1791621212257765004,6.36431034,0.946732187,0.333493285,0.499600108,True,0.0,0.0,0.0,0.329486231,0.0,0.0,0.0,0.0,0.327423779,0.271254214,0.056169565,0.0,0.0,0.0,0.241757884,0.0,0.0,0.0,0.078791292,0.0,0.0,0.0,0.433504928,0.00140778
s126-live01,37,1,False,1791621218622075344,5.546816283,0.499600108,0.029673773,0.526405828,True,0.0,0.0,0.0,0.027014937,0.0,0.0,0.0,0.0,0.0,0.0,0.0,0.0,0.0,0.0,0.267023041,0.0,0.0,0.0,0.139710535,0.0,0.0,0.0,0.370388555,
s126-live01,38,2,False,1791621224168891627,5.910625876,0.526405828,0.322062127,0.520825377,True,0.0,0.0,0.0,0.318637189,0.0,0.0,0.0,0.0,0.313534694,0.258444284,0.05509041,0.0,0.0,0.0,0.262319008,0.0,0.0,0.0,0.092784701,0.0,0.0,0.0,0.395751191,0.004525329
s126-live01,39,3,False,1791621230079517503,5.573674262,0.520825377,0.009582189,1.241655591,True,0.0,0.0,0.0,0.005743272,0.0,0.0,0.0,0.0,0.0,0.0,0.0,0.0,0.0,0.0,0.400140153,0.0,0.0,0.0,0.182697003,0.0,0.0,0.0,0.371040031,
s126-live01,40,0,True,1791621235653191765,6.918655618,1.241655591,0.320680638,0.527556719,True,0.0,0.0,0.0,0.318740976,0.0,0.0,0.0,0.0,0.314492168,0.259091517,0.055400651,0.0,0.0,0.0,0.262459978,0.0,0.0,0.0,0.102987252,0.0,0.0,0.0,0.505045053,0.003517421
s126-live01,41,1,False,1791621242571847383,5.693510239,0.527556719,0.062324423,0.453705794,True,0.0,0.0,0.0,0.058750265,0.0,0.0,0.0,0.0,0.0,0.0,0.0,0.0,0.0,0.0,0.19268386,0.0,0.0,0.0,0.073617001,0.0,0.0,0.0,0.408906723,
s126-live01,42,2,False,1791621248265357622,5.804193256,0.453705794,0.339105605,0.500645352,True,0.0,0.0,0.0,0.336621419,0.0,0.0,0.0,0.0,0.317595254,0.261514074,0.05608118,0.0,0.0,0.0,0.226771773,0.0,0.0,0.0,0.106783904,0.0,0.0,0.0,0.324284526,0.018177758
s126-live01,43,3,False,1791621254069550878,5.632260805,0.500645352,0.015944264,0.95502021,True,0.0,0.0,0.0,0.012357242,0.0,0.0,0.0,0.0,0.0,0.0,0.0,0.0,0.0,0.0,0.291380098,0.0,0.0,0.0,0.072657522,0.0,0.0,0.0,0.326340077,
s126-live01,44,0,True,1791621259701811683,6.384524917,0.95502021,0.314400252,0.501967554,True,0.0,0.0,0.0,0.311708065,0.0,0.0,0.0,0.0,0.309084266,0.253461703,0.055622563,0.0,0.0,0.0,0.220234645,0.0,0.0,0.0,0.103712456,0.0,0.0,0.0,0.37880091,0.001202874
s126-live01,45,1,False,1791621266086336600,5.625321925,0.501967554,0.039681324,0.515391862,True,0.0,0.0,0.0,0.036999266,0.0,0.0,0.0,0.0,0.0,0.0,0.0,0.0,0.0,0.0,0.241082615,0.0,0.0,0.0,0.124121652,0.0,0.0,0.0,0.319796943,
s126-live01,46,2,False,1791621271711658525,5.853672821,0.515391862,0.314637534,0.494132743,True,0.0,0.0,0.0,0.310954481,0.0,0.0,0.0,0.0,0.308943826,0.252408758,0.056535068,0.0,0.0,0.0,0.231936923,0.0,0.0,0.0,0.065848188,0.0,0.0,0.0,0.262970047,0.001476289
s126-live01,47,3,False,1791621277565331346,5.515068967,0.494132743,0.004513376,1.00659873,True,0.0,0.0,0.0,0.001797243,0.0,0.0,0.0,0.0,0.0,0.0,0.0,0.0,0.0,0.0,0.2949885,0.0,0.0,0.0,0.095633942,0.0,0.0,0.0,0.291405867,
s126-live01,48,0,True,1791621283080400313,6.461199807,1.00659873,0.341679007,0.541750197,True,0.0,0.0,0.0,0.336539012,0.0,0.0,0.0,0.0,0.329495303,0.27174433,0.057750973,0.0,0.0,0.0,0.257155109,0.0,0.0,0.0,0.088841124,0.0,0.0,0.0,0.407353265,0.004594308
s126-live01,49,1,False,1791621289541600120,5.595456579,0.541750197,0.026139591,0.538677911,True,0.0,0.0,0.0,0.022029805,0.0,0.0,0.0,0.0,0.0,0.0,0.0,0.0,0.0,0.0,0.289426666,0.0,0.0,0.0,0.102282211,0.0,0.0,0.0,0.312431217,
s126-live01,50,2,False,1791621295137056699,5.868984264,0.538677911,0.316680147,0.53850925,True,0.0,0.0,0.0,0.3130473,0.0,0.0,0.0,0.0,0.309458595,0.254131907,0.055326688,0.0,0.0,0.0,0.258313296,0.0,0.0,0.0,0.08614793,0.0,0.0,0.0,0.475990748,0.002987383
s126-live01,51,3,False,1791621301006040963,5.673305783,0.53850925,0.054685169,0.857932109,True,0.0,0.0,0.0,0.052591358,0.0,0.0,0.0,0.0,0.0,0.0,0.0,0.0,0.0,0.0,0.191690703,0.0,0.0,0.0,0.080067644,0.0,0.0,0.0,0.422962726,
s126-live01,52,0,True,1791621306679346746,6.258231214,0.857932109,0.317832671,0.502695456,True,0.0,0.0,0.0,0.315430109,0.0,0.0,0.0,0.0,0.310929959,0.254856969,0.05607299,0.0,0.0,0.0,0.249540732,0.0,0.0,0.0,0.085315691,0.0,0.0,0.0,0.405550493,0.002792756
s126-live01,53,1,False,1791621312937577960,5.560203644,0.502695456,0.045126506,0.535986425,True,0.0,0.0,0.0,0.042711561,0.0,0.0,0.0,0.0,0.0,0.0,0.0,0.0,0.0,0.0,0.25866986,0.0,0.0,0.0,0.071042062,0.0,0.0,0.0,0.318578137,
s126-live01,54,2,False,1791621318497781604,5.915111319,0.535986425,0.323097836,0.52819581,True,0.0,0.0,0.0,0.320084094,0.0,0.0,0.0,0.0,0.317590851,0.262401828,0.055189023,0.0,0.0,0.0,0.258361373,0.0,0.0,0.0,0.079035365,0.0,0.0,0.0,0.27736943,0.001739104
s126-live01,55,3,False,1791621324412892923,5.564270759,0.52819581,0.005597526,0.966396423,True,0.0,0.0,0.0,0.001196552,0.0,0.0,0.0,0.0,0.0,0.0,0.0,0.0,0.0,0.0,0.29824382,0.0,0.0,0.0,0.068918673,0.0,0.0,0.0,0.283982289,
s126-live01,56,0,True,1791621329977163682,6.39384079,0.966396423,0.315470456,0.528572394,True,0.0,0.0,0.0,0.312770434,0.0,0.0,0.0,0.0,0.310350189,0.252135794,0.058214395,0.0,0.0,0.0,0.245076237,0.0,0.0,0.0,0.111101704,0.0,0.0,0.0,0.396981448,0.001889346
s126-live01,57,1,False,1791621336371004472,5.673351851,0.528572394,0.032658897,0.548360886,True,0.0,0.0,0.0,0.030127924,0.0,0.0,0.0,0.0,0.0,0.0,0.0,0.0,0.0,0.0,0.276805068,0.0,0.0,0.0,0.077027882,0.0,0.0,0.0,0.426345365,
s126-live01,58,2,False,1791621342044356323,6.024153948,0.548360886,0.351270319,0.542232359,True,0.0,0.0,0.0,0.346732699,0.0,0.0,0.0,0.0,0.344479439,0.286627969,0.05785147,0.0,0.0,0.0,0.251529261,0.0,0.0,0.0,0.097864015,0.0,0.0,0.0,0.366619007,0.00127012
s126-live01,59,3,False,1791621348068510271,5.620479595,0.542232359,0.028985732,1.202729231,True,0.0,0.0,0.0,0.024471126,0.0,0.0,0.0,0.0,0.0,0.0,0.0,0.0,0.0,0.0,0.369022592,0.0,0.0,0.0,0.168998951,0.0,0.0,0.0,0.434855672,
s126-live01,60,0,True,1791621353688989866,6.895478135,1.202729231,0.319270559,0.515978504,True,0.0,0.0,0.0,0.317290283,0.0,0.0,0.0,0.0,0.313355357,0.256980439,0.056374918,0.0,0.0,0.0,0.263977246,0.0,0.0,0.0,0.082303104,0.0,0.0,0.0,0.494332368,0.002009572
s126-live01,61,1,False,1791621360584468001,5.647591521,0.515978504,0.058298397,0.440148392,True,0.0,0.0,0.0,0.056086945,0.0,0.0,0.0,0.0,0.0,0.0,0.0,0.0,0.0,0.0,0.174192026,0.0,0.0,0.0,0.067021404,0.0,0.0,0.0,0.441658586,
s126-live01,62,2,False,1791621366232059522,5.773541459,0.440148392,0.339082422,0.507876936,True,0.0,0.0,0.0,0.334377607,0.0,0.0,0.0,0.0,0.331235224,0.274888531,0.056346693,0.0,0.0,0.0,0.249658909,0.0,0.0,0.0,0.080091399,0.0,0.0,0.0,0.405749637,0.001839502
s126-live01,63,3,False,1791621372005600981,5.578677918,0.507876936,0.044249766,0.924948009,True,0.0,0.0,0.0,0.041469022,0.0,0.0,0.0,0.0,0.0,0.0,0.0,0.0,0.0,0.0,0.256510749,0.0,0.0,0.0,0.076810483,0.0,0.0,0.0,0.392272335,
s126-live01,64,0,True,1791621377584278899,6.309432924,0.924948009,0.325327291,0.496438768,True,0.0,0.0,0.0,0.322062116,0.0,0.0,0.0,0.0,0.314021475,0.258796936,0.055224539,0.0,0.0,0.0,0.2515939,0.0,0.0,0.0,0.08997175,0.0,0.0,0.0,0.402371793,0.002973095
s126-live01,65,1,False,1791621383893711823,5.56181976,0.496438768,0.004829048,0.561382928,True,0.0,0.0,0.0,0.001416916,0.0,0.0,0.0,0.0,0.0,0.0,0.0,0.0,0.0,0.0,0.283178334,0.0,0.0,0.0,0.075998713,0.0,0.0,0.0,0.401481639,
s126-live01,66,2,False,1791621389455531583,5.926845159,0.561382928,0.329642138,0.493735021,True,0.0,0.0,0.0,0.327415397,0.0,0.0,0.0,0.0,0.310471801,0.2552128,0.055259001,0.0,0.0,0.0,0.218757335,0.0,0.0,0.0,0.082049678,0.0,0.0,0.0,0.38837113,0.016148139
s126-live01,67,3,False,1791621395382376742,5.540740292,0.493735021,0.054240303,0.891428496,True,0.0,0.0,0.0,0.049465627,0.0,0.0,0.0,0.0,0.0,0.0,0.0,0.0,0.0,0.0,0.265212254,0.0,0.0,0.0,0.072986922,0.0,0.0,0.0,0.338794555,
s126-live01,68,0,True,1791621400923117034,6.284934978,0.891428496,0.312511598,0.524245347,True,0.0,0.0,0.0,0.310140125,0.0,0.0,0.0,0.0,0.305872775,0.250875849,0.054996926,0.0,0.0,0.0,0.247625051,0.0,0.0,0.0,0.086170869,0.0,0.0,0.0,0.383973449,0.003488024
s126-live01,69,1,False,1791621407208052012,5.576344334,0.524245347,0.021429937,0.566179009,True,0.0,0.0,0.0,0.01908258,0.0,0.0,0.0,0.0,0.0,0.0,0.0,0.0,0.0,0.0,0.316471013,0.0,0.0,0.0,0.084516655,0.0,0.0,0.0,0.343449602,
s126-live01,70,2,False,1791621412784396346,5.836748271,0.566179009,0.309270497,0.440940124,True,0.0,0.0,0.0,0.305620629,0.0,0.0,0.0,0.0,0.297677802,0.242293499,0.055384303,0.0,0.0,0.0,0.206350432,0.0,0.0,0.0,0.067746375,0.0,0.0,0.0,0.285424644,0.005832756
s126-live01,71,3,False,1791621418621144617,5.480451164,0.440940124,0.041225588,0.921962046,True,0.0,0.0,0.0,0.038670199,0.0,0.0,0.0,0.0,0.0,0.0,0.0,0.0,0.0,0.0,0.281717733,0.0,0.0,0.0,0.085528266,0.0,0.0,0.0,0.317067504,
s126-live01,72,0,True,1791621424101595781,6.311625727,0.921962046,0.329785299,0.48503365,True,0.0,0.0,0.0,0.32663943,0.0,0.0,0.0,0.0,0.306068711,0.250287623,0.055781088,0.0,0.0,0.0,0.234909214,0.0,0.0,0.0,0.089029131,0.0,0.0,0.0,0.352576248,0.020113078
s126-live01,73,1,False,1791621430413221508,5.495135871,0.48503365,0.033523604,0.553557406,True,0.0,0.0,0.0,0.030363958,0.0,0.0,0.0,0.0,0.0,0.0,0.0,0.0,0.0,0.0,0.301866708,0.0,0.0,0.0,0.070127393,0.0,0.0,0.0,0.326721077,
s126-live01,74,2,False,1791621435908357379,5.886305092,0.553557406,0.35996633,0.422904983,True,0.0,0.0,0.0,0.356895902,0.0,0.0,0.0,0.0,0.310636214,0.255401097,0.055235117,0.0,0.0,0.0,0.174852315,0.0,0.0,0.0,0.068710835,0.0,0.0,0.0,0.345539132,0.045693092
s126-live01,75,3,False,1791621441794662471,5.527810739,0.422904983,0.047261292,0.951784536,True,0.0,0.0,0.0,0.044876625,0.0,0.0,0.0,0.0,0.0,0.0,0.0,0.0,0.0,0.0,0.267986764,0.0,0.0,0.0,0.074599305,0.0,0.0,0.0,0.343035916,
s126-live01,76,0,True,1791621447322473210,6.352612122,0.951784536,0.321046411,0.523303818,True,0.0,0.0,0.0,0.316810921,0.0,0.0,0.0,0.0,0.313255472,0.253868644,0.059386828,0.0,0.0,0.0,0.237228692,0.0,0.0,0.0,0.071627211,0.0,0.0,0.0,0.403067551,0.001851654
s126-live01,77,1,False,1791621453675085332,5.634272416,0.523303818,0.049521934,0.487434966,True,0.0,0.0,0.0,0.047522101,0.0,0.0,0.0,0.0,0.0,0.0,0.0,0.0,0.0,0.0,0.205777898,0.0,0.0,0.0,0.078608936,0.0,0.0,0.0,0.413845565,
s126-live01,78,2,False,1791621459309357748,5.818484907,0.487434966,0.30011244,0.511654019,True,0.0,0.0,0.0,0.297259762,0.0,0.0,0.0,0.0,0.294894952,0.239484809,0.055410143,0.0,0.0,0.0,0.258514907,0.0,0.0,0.0,0.095264976,0.0,0.0,0.0,0.441980408,0.001735616
s126-live01,79,3,False,1791621465127842655,5.655659396,0.511654019,0.062238,1.03352217,True,0.0,0.0,0.0,0.060162725,0.0,0.0,0.0,0.0,0.0,0.0,0.0,0.0,0.0,0.0,0.255195277,0.0,0.0,0.0,0.149506388,0.0,0.0,0.0,0.449072295,
s126-live01,80,0,True,1791621470783502051,6.636604825,1.03352217,0.328718084,0.486947483,True,0.0,0.0,0.0,0.326003676,0.0,0.0,0.0,0.0,0.318319989,0.26163025,0.056689739,0.0,0.0,0.0,0.232172432,0.0,0.0,0.0,0.096088332,0.0,0.0,0.0,0.489508893,0.007209034
s126-live01,81,1,False,1791621477420106876,5.626592101,0.486947483,0.053293838,0.419043485,True,0.0,0.0,0.0,0.050418628,0.0,0.0,0.0,0.0,0.0,0.0,0.0,0.0,0.0,0.0,0.180689306,0.0,0.0,0.0,0.066791525,0.0,0.0,0.0,0.444743063,
s126-live01,82,2,False,1791621483046698977,5.725167547,0.419043485,0.305615364,0.477830232,True,0.0,0.0,0.0,0.302731107,0.0,0.0,0.0,0.0,0.30144656,0.24498908,0.05645748,0.0,0.0,0.0,0.224340929,0.0,0.0,0.0,0.060029711,0.0,0.0,0.0,0.414953754,0.000561266
s126-live01,83,3,False,1791621488771866524,5.527033381,0.477830232,0.031100207,0.911766798,True,0.0,0.0,0.0,0.028822601,0.0,0.0,0.0,0.0,0.0,0.0,0.0,0.0,0.0,0.0,0.254660533,0.0,0.0,0.0,0.071820375,0.0,0.0,0.0,0.461020646,
s126-live01,84,0,True,1791621494298899905,6.209115433,0.911766798,0.313392607,0.508103657,True,0.0,0.0,0.0,0.311208307,0.0,0.0,0.0,0.0,0.307115736,0.251412096,0.05570364,0.0,0.0,0.0,0.232534769,0.0,0.0,0.0,0.063252072,0.0,0.0,0.0,0.391362252,0.003607769
s126-live01,85,1,False,1791621500508015338,5.568155554,0.508103657,0.055491941,0.529429334,True,0.0,0.0,0.0,0.052785669,0.0,0.0,0.0,0.0,0.0,0.0,0.0,0.0,0.0,0.0,0.262301301,0.0,0.0,0.0,0.128361989,0.0,0.0,0.0,0.357798774,
s126-live01,86,2,False,1791621506076170892,5.944653139,0.529429334,0.355399425,0.485245291,True,0.0,0.0,0.0,0.351900812,0.0,0.0,0.0,0.0,0.331203739,0.273812326,0.057391413,0.0,0.0,0.0,0.218433738,0.0,0.0,0.0,0.067357395,0.0,0.0,0.0,0.386621299,0.020276221
s126-live01,87,3,False,1791621512020824031,5.600723645,0.485245291,0.034303393,0.870248743,True,0.0,0.0,0.0,0.032313679,0.0,0.0,0.0,0.0,0.0,0.0,0.0,0.0,0.0,0.0,0.231769217,0.0,0.0,0.0,0.058370796,0.0,0.0,0.0,0.339331867,
s126-live01,88,0,True,1791621517621547676,6.329053391,0.870248743,0.366449554,0.447890774,True,0.0,0.0,0.0,0.362823912,0.0,0.0,0.0,0.0,0.31740677,0.261077116,0.056329654,0.0,0.0,0.0,0.180608063,0.0,0.0,0.0,0.05919241,0.0,0.0,0.0,0.365185695,0.043626062
s126-live01,89,1,False,1791621523950601067,5.497761426,0.447890774,0.044069216,0.545699764,True,0.0,0.0,0.0,0.039925169,0.0,0.0,0.0,0.0,0.0,0.0,0.0,0.0,0.0,0.0,0.261717086,0.0,0.0,0.0,0.070990086,0.0,0.0,0.0,0.340139165,
s126-live01,90,2,False,1791621529448362493,5.918177375,0.545699764,0.306248546,0.52273616,True,0.0,0.0,0.0,0.303963537,0.0,0.0,0.0,0.0,0.300401846,0.24543123,0.054970616,0.0,0.0,0.0,0.240128874,0.0,0.0,0.0,0.082694717,0.0,0.0,0.0,0.406058486,0.002933479
s126-live01,91,3,False,1791621535366539868,5.541642042,0.52273616,0.039730651,0.951968101,True,0.0,0.0,0.0,0.037457584,0.0,0.0,0.0,0.0,0.0,0.0,0.0,0.0,0.0,0.0,0.277297552,0.0,0.0,0.0,0.141736381,0.0,0.0,0.0,0.39263801,
s126-live01,92,0,True,1791621540908181910,6.361899616,0.951968101,0.325818586,0.525161436,True,0.0,0.0,0.0,0.323543165,0.0,0.0,0.0,0.0,0.319195436,0.264172083,0.055023353,0.0,0.0,0.0,0.278305283,0.0,0.0,0.0,0.085158089,0.0,0.0,0.0,0.423680078,0.003805329
s126-live01,93,1,False,1791621547270081526,5.66236273,0.525161436,0.057807902,0.470562686,True,0.0,0.0,0.0,0.054252973,0.0,0.0,0.0,0.0,0.0,0.0,0.0,0.0,0.0,0.0,0.183816847,0.0,0.0,0.0,0.066434361,0.0,0.0,0.0,0.392684084,
s126-live01,94,2,False,1791621552932444256,5.794569043,0.470562686,0.327902398,0.52444265,True,0.0,0.0,0.0,0.323712365,0.0,0.0,0.0,0.0,0.319676161,0.263866841,0.05580932,0.0,0.0,0.0,0.237416478,0.0,0.0,0.0,0.08295881,0.0,0.0,0.0,0.392168528,0.003391721
s126-live01,95,3,False,1791621558727013299,5.602656128,0.52444265,0.063200515,0.872247569,True,0.0,0.0,0.0,0.060623427,0.0,0.0,0.0,0.0,0.0,0.0,0.0,0.0,0.0,0.0,0.194438986,0.0,0.0,0.0,0.070322133,0.0,0.0,0.0,0.394619976,
s126-live01,96,0,True,1791621564329669427,6.281375488,0.872247569,0.316398194,0.522596982,True,0.0,0.0,0.0,0.31329697,0.0,0.0,0.0,0.0,0.309938902,0.255034687,0.054904215,0.0,0.0,0.0,0.245515307,0.0,0.0,0.0,0.067591395,0.0,0.0,0.0,0.44877712,0.002538957
s126-live01,97,1,False,1791621570611044915,5.618603898,0.522596982,0.036800405,0.525880362,True,0.0,0.0,0.0,0.034035293,0.0,0.0,0.0,0.0,0.0,0.0,0.0,0.0,0.0,0.0,0.255693443,0.0,0.0,0.0,0.133995395,0.0,0.0,0.0,0.374093557,
s126-live01,98,2,False,1791621576229648813,5.876680737,0.525880362,0.352029802,0.486438401,True,0.0,0.0,0.0,0.348396146,0.0,0.0,0.0,0.0,0.323333283,0.266262113,0.05707117,0.0,0.0,0.0,0.225608759,0.0,0.0,0.0,0.094822023,0.0,0.0,0.0,0.377785357,0.023903672
s126-live01,99,3,False,1791621582106329550,5.626618763,0.486438401,0.060662267,1.114533292,True,0.0,0.0,0.0,0.057858181,0.0,0.0,0.0,0.0,0.0,0.0,0.0,0.0,0.0,0.0,0.294475148,0.0,0.0,0.0,0.182340674,0.0,0.0,0.0,0.404584119,
s126-live01,100,0,True,1791621587732948313,6.766827872,1.114533292,0.310971187,0.501520261,True,0.0,0.0,0.0,0.307261638,0.0,0.0,0.0,0.0,0.305424131,0.249306105,0.056118026,0.0,0.0,0.0,0.244251305,0.0,0.0,0.0,0.066643878,0.0,0.0,0.0,0.489164797,0.000830904
s126-live01,101,1,False,1791621594499776185,5.532712154,0.501520261,0.00549608,0.575710429,True,0.0,0.0,0.0,0.001791591,0.0,0.0,0.0,0.0,0.0,0.0,0.0,0.0,0.0,0.0,0.31265448,0.0,0.0,0.0,0.099538623,0.0,0.0,0.0,0.444282002,
s126-live01,102,2,False,1791621600032488339,5.914921404,0.575710429,0.309060404,0.52484124,True,0.0,0.0,0.0,0.306810111,0.0,0.0,0.0,0.0,0.302950229,0.247061345,0.055888884,0.0,0.0,0.0,0.26677931,0.0,0.0,0.0,0.093672996,0.0,0.0,0.0,0.468311092,0.00334888
s126-live01,103,3,False,1791621605947409743,5.58366633,0.52484124,0.031948814,0.946246877,True,0.0,0.0,0.0,0.029628569,0.0,0.0,0.0,0.0,0.0,0.0,0.0,0.0,0.0,0.0,0.268397381,0.0,0.0,0.0,0.076382447,0.0,0.0,0.0,0.459850399,
s126-live01,104,0,True,1791621611531076073,6.282100503,0.946246877,0.31793986,0.50810375,True,0.0,0.0,0.0,0.315581213,0.0,0.0,0.0,0.0,0.312410358,0.255408903,0.057001455,0.0,0.0,0.0,0.248393876,0.0,0.0,0.0,0.07339705,0.0,0.0,0.0,0.434958114,0.002730056
s126-live01,105,1,False,1791621617813176576,5.568182936,0.50810375,0.005125693,0.551347826,True,0.0,0.0,0.0,0.001529648,0.0,0.0,0.0,0.0,0.0,0.0,0.0,0.0,0.0,0.0,0.295011882,0.0,0.0,0.0,0.094853022,0.0,0.0,0.0,0.393973325,
s126-live01,106,2,False,1791621623381359512,5.90460035,0.551347826,0.341713636,0.492086084,True,0.0,0.0,0.0,0.338445358,0.0,0.0,0.0,0.0,0.323422226,0.266599198,0.056823028,0.0,0.0,0.0,0.245018339,0.0,0.0,0.0,0.111068276,0.0,0.0,0.0,0.396259782,0.014837503
s126-live01,107,3,False,1791621629285959862,5.563711769,0.492086084,0.039434586,0.946955963,True,0.0,0.0,0.0,0.037212255,0.0,0.0,0.0,0.0,0.0,0.0,0.0,0.0,0.0,0.0,0.284689597,0.0,0.0,0.0,0.070732604,0.0,0.0,0.0,0.347448239,
s126-live01,108,0,True,1791621634849671631,6.357960655,0.946955963,0.33101464,0.494402509,True,0.0,0.0,0.0,0.3290741,0.0,0.0,0.0,0.0,0.30752934,0.251596227,0.055933113,0.0,0.0,0.0,0.219409537,0.0,0.0,0.0,0.074279716,0.0,0.0,0.0,0.377054722,0.020865712
s126-live01,109,1,False,1791621641207632286,5.553351054,0.494402509,0.043719976,0.48362053,True,0.0,0.0,0.0,0.04152121,0.0,0.0,0.0,0.0,0.0,0.0,0.0,0.0,0.0,0.0,0.24952042,0.0,0.0,0.0,0.063401321,0.0,0.0,0.0,0.343320016,
s126-live01,110,2,False,1791621646760983340,5.823411395,0.48362053,0.322327151,0.466944594,True,0.0,0.0,0.0,0.320001446,0.0,0.0,0.0,0.0,0.309941871,0.253113726,0.056828145,0.0,0.0,0.0,0.20931366,0.0,0.0,0.0,0.064905991,0.0,0.0,0.0,0.312547091,0.009271412
s126-live01,111,3,False,1791621652584394735,5.477967794,0.466944594,0.004883347,0.990688455,True,0.0,0.0,0.0,0.001649854,0.0,0.0,0.0,0.0,0.0,0.0,0.0,0.0,0.0,0.0,0.325124678,0.0,0.0,0.0,0.084641636,0.0,0.0,0.0,0.404281919,
s126-live01,112,0,True,1791621658062362529,6.43075618,0.990688455,0.333392238,0.465116163,True,0.0,0.0,0.0,0.329408293,0.0,0.0,0.0,0.0,0.323139201,0.268601256,0.054537945,0.0,0.0,0.0,0.22246247,0.0,0.0,0.0,0.066640642,0.0,0.0,0.0,0.407982375,0.003320897
s126-live01,113,1,False,1791621664493118709,5.521350221,0.465116163,0.039049168,0.507223558,True,0.0,0.0,0.0,0.034461076,0.0,0.0,0.0,0.0,0.0,0.0,0.0,0.0,0.0,0.0,0.250135324,0.0,0.0,0.0,0.063268588,0.0,0.0,0.0,0.297341777,
s126-live01,114,2,False,1791621670014468930,5.857221082,0.507223558,0.325278577,0.466977684,True,0.0,0.0,0.0,0.32324922,0.0,0.0,0.0,0.0,0.293251379,0.239215229,0.05403615,0.0,0.0,0.0,0.188657814,0.0,0.0,0.0,0.063109288,0.0,0.0,0.0,0.335359922,0.028129155
s126-live01,115,3,False,1791621675871690012,5.483538528,0.466977684,0.022409836,0.897660782,True,0.0,0.0,0.0,0.020209727,0.0,0.0,0.0,0.0,0.0,0.0,0.0,0.0,0.0,0.0,0.261853692,0.0,0.0,0.0,0.062203102,0.0,0.0,0.0,0.299795306,
s126-live01,116,0,True,1791621681355228540,6.254114619,0.897660782,0.357389805,0.460802678,True,0.0,0.0,0.0,0.354803139,0.0,0.0,0.0,0.0,0.329684918,0.27114094,0.058543978,0.0,0.0,0.0,0.202247353,0.0,0.0,0.0,0.066664364,0.0,0.0,0.0,0.373603455,0.021563554
s126-live01,117,1,False,1791621687609343159,5.454093383,0.460802678,0.043012602,0.459229223,True,0.0,0.0,0.0,0.040329475,0.0,0.0,0.0,0.0,0.0,0.0,0.0,0.0,0.0,0.0,0.234182605,0.0,0.0,0.0,0.062987396,0.0,0.0,0.0,0.359473641,
s126-live01,118,2,False,1791621693063436542,5.792407591,0.459229223,0.33789224,0.453143089,True,0.0,0.0,0.0,0.333401363,0.0,0.0,0.0,0.0,0.311329964,0.256687446,0.054642518,0.0,0.0,0.0,0.206179335,0.0,0.0,0.0,0.068699973,0.0,0.0,0.0,0.300780099,0.021373025
s126-live01,119,3,False,1791621698855844133,5.515441569,0.453143089,0.027668978,1.192970668,True,0.0,0.0,0.0,0.024436176,0.0,0.0,0.0,0.0,0.0,0.0,0.0,0.0,0.0,0.0,0.369871122,0.0,0.0,0.0,0.16185791,0.0,0.0,0.0,0.354527118,
s126-live01,120,0,True,1791621704371285702,6.823054529,1.192970668,0.303468008,0.475927608,True,0.0,0.0,0.0,0.301490347,0.0,0.0,0.0,0.0,0.298244612,0.243458315,0.054786297,0.0,0.0,0.0,0.216439951,0.0,0.0,0.0,0.065904702,0.0,0.0,0.0,0.489300334,0.002573982
s126-live01,121,1,False,1791621711194340231,5.535384918,0.475927608,0.042399417,0.490979767,True,0.0,0.0,0.0,0.038527834,0.0,0.0,0.0,0.0,0.0,0.0,0.0,0.0,0.0,0.0,0.251554151,0.0,0.0,0.0,0.062563316,0.0,0.0,0.0,0.34809446,
s126-live01,122,2,False,1791621716729725149,5.80963846,0.490979767,0.311267943,0.485593661,True,0.0,0.0,0.0,0.308095646,0.0,0.0,0.0,0.0,0.306418311,0.250882615,0.055535696,0.0,0.0,0.0,0.222619841,0.0,0.0,0.0,0.065030166,0.0,0.0,0.0,0.396405623,0.000317457
s126-live01,123,3,False,1791621722539363609,5.558415837,0.485593661,0.055376296,0.813150516,True,0.0,0.0,0.0,0.053166419,0.0,0.0,0.0,0.0,0.0,0.0,0.0,0.0,0.0,0.0,0.1808565,0.0,0.0,0.0,0.064835428,0.0,0.0,0.0,0.41445446,
s126-live01,124,0,True,1791621728097779446,6.182519124,0.813150516,0.308122069,0.489630134,True,0.0,0.0,0.0,0.30415129,0.0,0.0,0.0,0.0,0.302242691,0.246821662,0.055421029,0.0,0.0,0.0,0.236032707,0.0,0.0,0.0,0.067507154,0.0,0.0,0.0,0.403987167,0.001144863
s126-live01,125,1,False,1791621734280298570,5.605924156,0.489630134,0.045651862,0.475695006,True,0.0,0.0,0.0,0.042637011,0.0,0.0,0.0,0.0,0.0,0.0,0.0,0.0,0.0,0.0,0.241449364,0.0,0.0,0.0,0.073554298,0.0,0.0,0.0,0.359137168,
s126-live01,126,2,False,1791621739886222726,5.802703407,0.475695006,0.318464398,0.450339378,True,0.0,0.0,0.0,0.315700789,0.0,0.0,0.0,0.0,0.30380314,0.248883886,0.054919254,0.0,0.0,0.0,0.200952676,0.0,0.0,0.0,0.062600072,0.0,0.0,0.0,0.33690235,0.01144587
s126-live01,127,3,False,1791621745688926133,5.475023731,0.450339378,0.050868464,0.900413727,True,0.0,0.0,0.0,0.048813308,0.0,0.0,0.0,0.0,0.0,0.0,0.0,0.0,0.0,0.0,0.262964549,0.0,0.0,0.0,0.069433595,0.0,0.0,0.0,0.329760493,
s126-live01,128,0,True,1791621751163949864,6.255494205,0.900413727,0.326393957,0.448636845,True,0.0,0.0,0.0,0.324821399,0.0,0.0,0.0,0.0,0.30722448,0.250296117,0.056928363,0.0,0.0,0.0,0.196213037,0.0,0.0,0.0,0.063918821,0.0,0.0,0.0,0.300307308,0.017002902
s126-live01,129,1,False,1791621757419444069,5.433103631,0.448636845,0.009896095,0.570806441,True,0.0,0.0,0.0,0.007029964,0.0,0.0,0.0,0.0,0.0,0.0,0.0,0.0,0.0,0.0,0.31208014,0.0,0.0,0.0,0.104758751,0.0,0.0,0.0,0.243880226,
s126-live01,130,2,False,1791621762852547700,5.909198187,0.570806441,0.33710073,0.437170829,True,0.0,0.0,0.0,0.332941647,0.0,0.0,0.0,0.0,0.313076801,0.254731415,0.058345386,0.0,0.0,0.0,0.197294256,0.0,0.0,0.0,0.089305001,0.0,0.0,0.0,0.320260144,0.019424628
s126-live01,131,3,False,1791621768761745887,5.526596987,0.437170829,0.05110097,0.803488168,True,0.0,0.0,0.0,0.049032399,0.0,0.0,0.0,0.0,0.0,0.0,0.0,0.0,0.0,0.0,0.165221337,0.0,0.0,0.0,0.063652027,0.0,0.0,0.0,0.403189077,
s126-live01,132,0,True,1791621774288342874,6.195431611,0.803488168,0.356396929,0.465737865,True,0.0,0.0,0.0,0.353647437,0.0,0.0,0.0,0.0,0.327234015,0.269912065,0.05732195,0.0,0.0,0.0,0.218006301,0.0,0.0,0.0,0.072955366,0.0,0.0,0.0,0.351933514,0.025055939
s126-live01,133,1,False,1791621780483774485,5.5657141,0.465737865,0.054548163,0.385158305,True,0.0,0.0,0.0,0.052286899,0.0,0.0,0.0,0.0,0.0,0.0,0.0,0.0,0.0,0.0,0.168776982,0.0,0.0,0.0,0.062191479,0.0,0.0,0.0,0.39607567,
s126-live01,134,2,False,1791621786049488585,5.686498641,0.385158305,0.343515173,0.440306962,True,0.0,0.0,0.0,0.340165022,0.0,0.0,0.0,0.0,0.312118378,0.256957524,0.055160854,0.0,0.0,0.0,0.200411322,0.0,0.0,0.0,0.089373035,0.0,0.0,0.0,0.358349335,0.027497311
s126-live01,135,3,False,1791621791735987226,5.556595069,0.440306962,0.056765922,0.786575347,True,0.0,0.0,0.0,0.054315694,0.0,0.0,0.0,0.0,0.0,0.0,0.0,0.0,0.0,0.0,0.170223169,0.0,0.0,0.0,0.058649766,0.0,0.0,0.0,0.409117865,
s126-live01,136,0,True,1791621797292582295,6.207615743,0.786575347,0.334152766,0.508744541,True,0.0,0.0,0.0,0.330696284,0.0,0.0,0.0,0.0,0.326034166,0.270410783,0.055623383,0.0,0.0,0.0,0.246206576,0.0,0.0,0.0,0.066728942,0.0,0.0,0.0,0.418517892,0.003984314
s126-live01,137,1,False,1791621803500198038,5.614089471,0.508744541,0.046428908,0.512586543,True,0.0,0.0,0.0,0.038531384,0.0,0.0,0.0,0.0,0.0,0.0,0.0,0.0,0.0,0.0,0.251052489,0.0,0.0,0.0,0.129161593,0.0,0.0,0.0,0.354556081,
s126-live01,138,2,False,1791621809114287509,5.870624962,0.512586543,0.344088739,0.487926214,True,0.0,0.0,0.0,0.341518234,0.0,0.0,0.0,0.0,0.322054254,0.264963712,0.057090542,0.0,0.0,0.0,0.222927827,0.0,0.0,0.0,0.105926157,0.0,0.0,0.0,0.384421503,0.018712196
s126-live01,139,3,False,1791621814984912471,5.563883141,0.487926214,0.041258664,1.150400617,True,0.0,0.0,0.0,0.039015395,0.0,0.0,0.0,0.0,0.0,0.0,0.0,0.0,0.0,0.0,0.325671766,0.0,0.0,0.0,0.202683578,0.0,0.0,0.0,0.330043729,
s126-live01,140,0,True,1791621820548795612,6.874240634,1.150400617,0.335921511,0.477628777,True,0.0,0.0,0.0,0.333430847,0.0,0.0,0.0,0.0,0.319052643,0.263756256,0.055296387,0.0,0.0,0.0,0.223430688,0.0,0.0,0.0,0.108768592,0.0,0.0,0.0,0.487091787,0.01287158
s126-live01,141,1,False,1791621827423036246,5.569155214,0.477628777,0.04753093,0.475321684,True,0.0,0.0,0.0,0.043849876,0.0,0.0,0.0,0.0,0.0,0.0,0.0,0.0,0.0,0.0,0.241593159,0.0,0.0,0.0,0.061905588,0.0,0.0,0.0,0.350973109,
s126-live01,142,2,False,1791621832992191460,5.825862244,0.475321684,0.335054977,0.461845963,True,0.0,0.0,0.0,0.328956496,0.0,0.0,0.0,0.0,0.303675705,0.248604664,0.055071041,0.0,0.0,0.0,0.19698337,0.0,0.0,0.0,0.066884502,0.0,0.0,0.0,0.394901269,0.024842015
s126-live01,143,3,False,1791621838818053704,5.484247743,0.461845963,0.038547763,0.948583989,True,0.0,0.0,0.0,0.035704857,0.0,0.0,0.0,0.0,0.0,0.0,0.0,0.0,0.0,0.0,0.304453216,0.0,0.0,0.0,0.099203399,0.0,0.0,0.0,0.349701121,
s126-live01,144,0,True,1791621844302301447,6.244094435,0.948583989,0.316072767,0.498547777,True,0.0,0.0,0.0,0.313823567,0.0,0.0,0.0,0.0,0.309861766,0.252394338,0.057467428,0.0,0.0,0.0,0.245790606,0.0,0.0,0.0,0.071563391,0.0,0.0,0.0,0.414011687,0.003520491
s126-live01,145,1,False,1791621850546395882,5.54707427,0.498547777,0.028613277,0.532059564,True,0.0,0.0,0.0,0.024321024,0.0,0.0,0.0,0.0,0.0,0.0,0.0,0.0,0.0,0.0,0.2716698,0.0,0.0,0.0,0.065711553,0.0,0.0,0.0,0.309924562,
s126-live01,146,2,False,1791621856093470152,5.866161761,0.532059564,0.326921187,0.523943965,True,0.0,0.0,0.0,0.323649564,0.0,0.0,0.0,0.0,0.31713482,0.262287201,0.054847619,0.0,0.0,0.0,0.244308896,0.0,0.0,0.0,0.095836052,0.0,0.0,0.0,0.293979589,0.003071227
s126-live01,147,3,False,1791621861959631913,5.533407164,0.523943965,0.00860786,0.914447652,True,0.0,0.0,0.0,0.005286393,0.0,0.0,0.0,0.0,0.0,0.0,0.0,0.0,0.0,0.0,0.284124981,0.0,0.0,0.0,0.09291602,0.0,0.0,0.0,0.284952428,
s126-live01,148,0,True,1791621867493039077,6.298055175,0.914447652,0.33537938,0.432704211,True,0.0,0.0,0.0,0.33189722,0.0,0.0,0.0,0.0,0.307738813,0.253234159,0.054504654,0.0,0.0,0.0,0.194896486,0.0,0.0,0.0,0.061828298,0.0,0.0,0.0,0.32752648,0.021806143
s126-live01,149,1,False,1791621873791094252,5.504461129,0.432704211,0.046023602,0.465295686,True,0.0,0.0,0.0,0.041988252,0.0,0.0,0.0,0.0,0.0,0.0,0.0,0.0,0.0,0.0,0.229427231,0.0,0.0,0.0,0.06457866,0.0,0.0,0.0,0.375976603,
s126-live01,150,2,False,1791621879295555381,5.724667331,0.465295686,0.321256974,0.425655387,True,0.0,0.0,0.0,0.318889761,0.0,0.0,0.0,0.0,0.296056586,0.241395198,0.054661388,0.0,0.0,0.0,0.188649915,0.0,0.0,0.0,0.061223489,0.0,0.0,0.0,0.378981993,0.022276217
s126-live01,151,3,False,1791621885020222712,5.448727963,0.425655387,0.047242675,0.871933875,True,0.0,0.0,0.0,0.044528279,0.0,0.0,0.0,0.0,0.0,0.0,0.0,0.0,0.0,0.0,0.247868141,0.0,0.0,0.0,0.065660294,0.0,0.0,0.0,0.371253434,
s126-live01,152,0,True,1791621890468950675,6.24025766,0.871933875,0.316730104,0.476743407,True,0.0,0.0,0.0,0.313767191,0.0,0.0,0.0,0.0,0.309167521,0.249360316,0.059807205,0.0,0.0,0.0,0.236796626,0.0,0.0,0.0,0.081389707,0.0,0.0,0.0,0.401269285,0.003736517
s126-live01,153,1,False,1791621896709208335,5.580563486,0.476743407,0.029232971,0.504218859,True,0.0,0.0,0.0,0.026863384,0.0,0.0,0.0,0.0,0.0,0.0,0.0,0.0,0.0,0.0,0.257468043,0.0,0.0,0.0,0.067012186,0.0,0.0,0.0,0.411028668,
s126-live01,154,2,False,1791621902289771821,5.813439035,0.504218859,0.301019823,0.476177214,True,0.0,0.0,0.0,0.29869475,0.0,0.0,0.0,0.0,0.2942338,0.239790223,0.054443577,0.0,0.0,0.0,0.217815202,0.0,0.0,0.0,0.066267996,0.0,0.0,0.0,0.39810063,0.003674501
s126-live01,155,3,False,1791621908103210856,5.47421034,0.476177214,0.022481934,0.878967077,True,0.0,0.0,0.0,0.019770203,0.0,0.0,0.0,0.0,0.0,0.0,0.0,0.0,0.0,0.0,0.270384962,0.0,0.0,0.0,0.083534399,0.0,0.0,0.0,0.349836934,
s126-live01,156,0,True,1791621913577421196,6.286107181,0.878967077,0.323883649,0.42233851,True,0.0,0.0,0.0,0.321914916,0.0,0.0,0.0,0.0,0.303549626,0.248987097,0.054562529,0.0,0.0,0.0,0.190715782,0.0,0.0,0.0,0.063662855,0.0,0.0,0.0,0.379627811,0.017614208
s126-live01,157,1,False,1791621919863528377,5.451434916,0.42233851,0.04021787,0.515420902,True,0.0,0.0,0.0,0.036648707,0.0,0.0,0.0,0.0,0.0,0.0,0.0,0.0,0.0,0.0,0.25948038,0.0,0.0,0.0,0.129882158,0.0,0.0,0.0,0.421697722,
s126-live01,158,2,False,1791621925314963293,5.868224127,0.515420902,0.315987986,0.472807444,True,0.0,0.0,0.0,0.312219488,0.0,0.0,0.0,0.0,0.309848468,0.253509248,0.05633922,0.0,0.0,0.0,0.228893382,0.0,0.0,0.0,0.06907906,0.0,0.0,0.0,0.39367767,0.001586274
s126-live01,159,3,False,1791621931183187420,5.508560811,0.472807444,0.044353748,1.116916355,True,0.0,0.0,0.0,0.041801548,0.0,0.0,0.0,0.0,0.0,0.0,0.0,0.0,0.0,0.0,0.32587576,0.0,0.0,0.0,0.209405618,0.0,0.0,0.0,0.313646539,
s126-live01,160,0,True,1791621936691748231,6.714696471,1.116916355,0.314170964,0.478148492,True,0.0,0.0,0.0,0.3105537,0.0,0.0,0.0,0.0,0.302109599,0.247587768,0.054521831,0.0,0.0,0.0,0.211886904,0.0,0.0,0.0,0.067549643,0.0,0.0,0.0,0.461544084,0.00682144
s126-live01,161,1,False,1791621943406444702,5.538751683,0.478148492,0.026922343,0.468769329,True,0.0,0.0,0.0,0.024784723,0.0,0.0,0.0,0.0,0.0,0.0,0.0,0.0,0.0,0.0,0.244440407,0.0,0.0,0.0,0.062570789,0.0,0.0,0.0,0.40617671,
s126-live01,162,2,False,1791621948945196385,5.785650967,0.468769329,0.342537689,0.464191908,True,0.0,0.0,0.0,0.337756627,0.0,0.0,0.0,0.0,0.312274082,0.256350986,0.055923096,0.0,0.0,0.0,0.214456514,0.0,0.0,0.0,0.07890086,0.0,0.0,0.0,0.368211174,0.024536456
s126-live01,163,3,False,1791621954730847352,5.446910263,0.464191908,0.006130921,0.912526886,True,0.0,0.0,0.0,0.002702463,0.0,0.0,0.0,0.0,0.0,0.0,0.0,0.0,0.0,0.0,0.279498528,0.0,0.0,0.0,0.097607613,0.0,0.0,0.0,0.366359339,
s126-live01,164,0,True,1791621960177757615,6.350677836,0.912526886,0.337325452,0.482775873,True,0.0,0.0,0.0,0.334703311,0.0,0.0,0.0,0.0,0.330264964,0.274216963,0.056048001,0.0,0.0,0.0,0.234603212,0.0,0.0,0.0,0.070708011,0.0,0.0,0.0,0.401943059,0.003985365
s126-live01,165,1,False,1791621966528435451,5.542830209,0.482775873,0.049475169,0.477931969,True,0.0,0.0,0.0,0.044812249,0.0,0.0,0.0,0.0,0.0,0.0,0.0,0.0,0.0,0.0,0.231265342,0.0,0.0,0.0,0.062763219,0.0,0.0,0.0,0.319678511,
s126-live01,166,2,False,1791621972071265660,5.891135612,0.477931969,0.362018027,0.416069832,True,0.0,0.0,0.0,0.36000434,0.0,0.0,0.0,0.0,0.322289801,0.26748027,0.054809531,0.0,0.0,0.0,0.173836093,0.0,0.0,0.0,0.067725852,0.0,0.0,0.0,0.344773465,0.036818103
s126-live01,167,3,False,1791621977962401272,5.465541352,0.416069832,0.031284757,0.945493683,True,0.0,0.0,0.0,0.027749208,0.0,0.0,0.0,0.0,0.0,0.0,0.0,0.0,0.0,0.0,0.296127314,0.0,0.0,0.0,0.076485615,0.0,0.0,0.0,0.312473106,
s126-live01,168,0,True,1791621983427942624,6.322199636,0.945493683,0.313149576,0.479145492,True,0.0,0.0,0.0,0.310546962,0.0,0.0,0.0,0.0,0.306751884,0.252459627,0.054292257,0.0,0.0,0.0,0.235596543,0.0,0.0,0.0,0.073065032,0.0,0.0,0.0,0.362749308,0.003086695
s126-live01,169,1,False,1791621989750142260,5.523833041,0.479145492,0.033250874,0.48402757,True,0.0,0.0,0.0,0.030394101,0.0,0.0,0.0,0.0,0.0,0.0,0.0,0.0,0.0,0.0,0.253053352,0.0,0.0,0.0,0.063914252,0.0,0.0,0.0,0.263275437,
s126-live01,170,2,False,1791621995273975301,5.847628953,0.48402757,0.360461811,0.458944385,True,0.0,0.0,0.0,0.357588197,0.0,0.0,0.0,0.0,0.309108482,0.253869045,0.055239437,0.0,0.0,0.0,0.197979235,0.0,0.0,0.0,0.069753203,0.0,0.0,0.0,0.320569618,0.047958905
s126-live01,171,3,False,1791622001121604254,5.506475602,0.458944385,0.042290785,0.896586051,True,0.0,0.0,0.0,0.038112888,0.0,0.0,0.0,0.0,0.0,0.0,0.0,0.0,0.0,0.0,0.237477627,0.0,0.0,0.0,0.121590181,0.0,0.0,0.0,0.349769951,
s126-live01,172,0,True,1791622006628079856,6.285795939,0.896586051,0.316115356,0.511746682,True,0.0,0.0,0.0,0.313387346,0.0,0.0,0.0,0.0,0.309116213,0.253301304,0.055814909,0.0,0.0,0.0,0.238602721,0.0,0.0,0.0,0.069572072,0.0,0.0,0.0,0.421139732,0.003460368
s126-live01,173,1,False,1791622012913875795,5.544255736,0.511746682,0.040323395,0.570357587,True,0.0,0.0,0.0,0.037665236,0.0,0.0,0.0,0.0,0.0,0.0,0.0,0.0,0.0,0.0,0.290194166,0.0,0.0,0.0,0.07568601,0.0,0.0,0.0,0.355944509,
s126-live01,174,2,False,1791622018458131531,5.874045075,0.570357587,0.334400992,0.461533362,True,0.0,0.0,0.0,0.332312825,0.0,0.0,0.0,0.0,0.305985732,0.249515752,0.05646998,0.0,0.0,0.0,0.19968115,0.0,0.0,0.0,0.065058763,0.0,0.0,0.0,0.350270547,0.02587372
s126-live01,175,3,False,1791622024332176606,5.534233034,0.461533362,0.03670004,0.891863427,True,0.0,0.0,0.0,0.033708364,0.0,0.0,0.0,0.0,0.0,0.0,0.0,0.0,0.0,0.0,0.257491369,0.0,0.0,0.0,0.064867292,0.0,0.0,0.0,0.401217868,
s126-live01,176,0,True,1791622029866409640,6.253554728,0.891863427,0.309537398,0.514937251,True,0.0,0.0,0.0,0.056720721,0.0,0.0,0.0,0.0,0.304352618,0.249037981,0.055314637,0.0,0.0,0.0,0.24017883,0.0,0.0,0.0,0.084309886,0.0,0.0,0.0,0.401812394,0.001238499
s126-live01,177,1,False,1791622036119964368,5.593942923,0.514937251,0.048472268,0.481257428,True,0.0,0.0,0.0,0.045853423,0.0,0.0,0.0,0.0,0.0,0.0,0.0,0.0,0.0,0.0,0.23714927,0.0,0.0,0.0,0.124286146,0.0,0.0,0.0,0.352342868,
s126-live01,178,2,False,1791622041713907291,5.838549826,0.481257428,0.348810242,0.402245495,True,0.0,0.0,0.0,0.345314508,0.0,0.0,0.0,0.0,0.295053025,0.240515801,0.054537224,0.0,0.0,0.0,0.161598117,0.0,0.0,0.0,0.060694664,0.0,0.0,0.0,0.316572295,0.04955788
s126-live01,179,3,False,1791622047552457117,5.452995353,0.402245495,0.042265416,1.086921429,True,0.0,0.0,0.0,0.038142662,0.0,0.0,0.0,0.0,0.0,0.0,0.0,0.0,0.0,0.0,0.315249074,0.0,0.0,0.0,0.143626497,0.0,0.0,0.0,0.316754245,
s126-live01,180,0,True,1791622053005452470,6.753498573,1.086921429,0.320450394,0.495723385,True,0.0,0.0,0.0,0.318387945,0.0,0.0,0.0,0.0,0.316003732,0.260386437,0.055617295,0.0,0.0,0.0,0.224725913,0.0,0.0,0.0,0.063158066,0.0,0.0,0.0,0.397687288,0.001785578
s126-live01,181,1,False,1791622059758951043,5.582073966,0.495723385,0.03017068,0.465067301,True,0.0,0.0,0.0,0.027610374,0.0,0.0,0.0,0.0,0.0,0.0,0.0,0.0,0.0,0.0,0.236624218,0.0,0.0,0.0,0.058284851,0.0,0.0,0.0,0.425627399,
s126-live01,182,2,False,1791622065341025009,5.786485035,0.465067301,0.337174372,0.458448731,True,0.0,0.0,0.0,0.333432515,0.0,0.0,0.0,0.0,0.307155979,0.252289257,0.054866722,0.0,0.0,0.0,0.208827903,0.0,0.0,0.0,0.066116539,0.0,0.0,0.0,0.317448205,0.025615132
s126-live01,183,3,False,1791622071127510044,5.474046271,0.458448731,0.035086203,0.916061346,True,0.0,0.0,0.0,0.031996633,0.0,0.0,0.0,0.0,0.0,0.0,0.0,0.0,0.0,0.0,0.282984932,0.0,0.0,0.0,0.068702662,0.0,0.0,0.0,0.375124901,
s126-live01,184,0,True,1791622076601556315,6.328100627,0.916061346,0.314278902,0.505135355,True,0.0,0.0,0.0,0.31200218,0.0,0.0,0.0,0.0,0.30830129,0.253774788,0.054526502,0.0,0.0,0.0,0.219610929,0.0,0.0,0.0,0.071749953,0.0,0.0,0.0,0.419611159,0.003175943
s126-live01,185,1,False,1791622082929656942,5.612003324,0.505135355,0.034203192,0.48454468,True,0.0,0.0,0.0,0.030555552,0.0,0.0,0.0,0.0,0.0,0.0,0.0,0.0,0.0,0.0,0.250692139,0.0,0.0,0.0,0.065510759,0.0,0.0,0.0,0.275063723,
s126-live01,186,2,False,1791622088541660266,5.809318876,0.48454468,0.312182636,0.450014831,True,0.0,0.0,0.0,0.307971687,0.0,0.0,0.0,0.0,0.295892381,0.240003077,0.055889304,0.0,0.0,0.0,0.20595738,0.0,0.0,0.0,0.067882829,0.0,0.0,0.0,0.289553501,0.009857759
s126-live01,187,3,False,1791622094350979142,5.484125163,0.450014831,0.006569124,0.934686213,True,0.0,0.0,0.0,0.001652718,0.0,0.0,0.0,0.0,0.0,0.0,0.0,0.0,0.0,0.0,0.285506709,0.0,0.0,0.0,0.073005974,0.0,0.0,0.0,0.28752808,
s126-live01,188,0,True,1791622099835104305,6.284554866,0.934686213,0.326920679,0.438017065,True,0.0,0.0,0.0,0.325093132,0.0,0.0,0.0,0.0,0.298752968,0.24272888,0.056024088,0.0,0.0,0.0,0.194579492,0.0,0.0,0.0,0.087013897,0.0,0.0,0.0,0.315443445,0.025454068
s126-live01,189,1,False,1791622106119659171,5.459900062,0.438017065,0.024952234,0.534505886,True,0.0,0.0,0.0,0.020053452,0.0,0.0,0.0,0.0,0.0,0.0,0.0,0.0,0.0,0.0,0.276950255,0.0,0.0,0.0,0.071041048,0.0,0.0,0.0,0.380418003,
s126-live01,190,2,False,1791622111579559233,5.947082896,0.534505886,0.339400275,0.477192171,True,0.0,0.0,0.0,0.334651925,0.0,0.0,0.0,0.0,0.31150235,0.256432768,0.055069582,0.0,0.0,0.0,0.208449052,0.0,0.0,0.0,0.063122617,0.0,0.0,0.0,0.335621759,0.022035189
s126-live01,191,3,False,1791622117526642129,5.548066024,0.477192171,0.043665105,0.844107535,True,0.0,0.0,0.0,0.041664634,0.0,0.0,0.0,0.0,0.0,0.0,0.0,0.0,0.0,0.0,0.220257447,0.0,0.0,0.0,0.060029429,0.0,0.0,0.0,0.334175137,
s126-live01,192,0,True,1791622123074708153,6.198718165,0.844107535,0.339381567,0.399199597,True,0.0,0.0,0.0,0.336389911,0.0,0.0,0.0,0.0,0.293382122,0.237753468,0.055628654,0.0,0.0,0.0,0.16498878,0.0,0.0,0.0,0.056225234,0.0,0.0,0.0,0.312037264,0.041001155
s126-live01,193,1,False,1791622129273426318,5.465817615,0.399199597,0.044989064,0.538005057,True,0.0,0.0,0.0,0.041293955,0.0,0.0,0.0,0.0,0.0,0.0,0.0,0.0,0.0,0.0,0.248222876,0.0,0.0,0.0,0.068446287,0.0,0.0,0.0,0.361937141,
s126-live01,194,2,False,1791622134739243933,5.841829289,0.538005057,0.322689132,0.428465721,True,0.0,0.0,0.0,0.319295951,0.0,0.0,0.0,0.0,0.297027493,0.242895676,0.054131817,0.0,0.0,0.0,0.18618459,0.0,0.0,0.0,0.05931215,0.0,0.0,0.0,0.328823648,0.019298763
s126-live01,195,3,False,1791622140581073222,5.490556219,0.428465721,0.028242612,0.892504873,True,0.0,0.0,0.0,0.0254766,0.0,0.0,0.0,0.0,0.0,0.0,0.0,0.0,0.0,0.0,0.255770267,0.0,0.0,0.0,0.058466649,0.0,0.0,0.0,0.415908945,
s126-live01,196,0,True,1791622146071629441,6.246961623,0.892504873,0.321446833,0.453717073,True,0.0,0.0,0.0,0.318825624,0.0,0.0,0.0,0.0,0.309887545,0.253407743,0.056479802,0.0,0.0,0.0,0.205780819,0.0,0.0,0.0,0.096372272,0.0,0.0,0.0,0.257399119,0.006554306
s126-live01,197,1,False,1791622152318591064,5.528789898,0.453717073,0.045794177,0.459676577,True,0.0,0.0,0.0,0.043134996,0.0,0.0,0.0,0.0,0.0,0.0,0.0,0.0,0.0,0.0,0.223512713,0.0,0.0,0.0,0.067007169,0.0,0.0,0.0,0.346230488,
s126-live01,198,2,False,1791622157847380962,5.818255803,0.459676577,0.34392936,0.46523078,True,0.0,0.0,0.0,0.341391597,0.0,0.0,0.0,0.0,0.317316393,0.262176781,0.055139612,0.0,0.0,0.0,0.204903948,0.0,0.0,0.0,0.099754972,0.0,0.0,0.0,0.341794985,0.023579893
s126-live01,199,3,False,1791622163665636765,5.478318046,0.46523078,0.036438283,1.114000876,True,0.0,0.0,0.0,0.034085067,0.0,0.0,0.0,0.0,0.0,0.0,0.0,0.0,0.0,0.0,0.322986103,0.0,0.0,0.0,0.138675833,0.0,0.0,0.0,0.391719027,
s126-live01,200,0,True,1791622169143954811,6.670466964,1.114000876,0.305172974,0.452375301,True,0.0,0.0,0.0,0.302184675,0.0,0.0,0.0,0.0,0.300119541,0.244175407,0.055944134,0.0,0.0,0.0,0.216406878,0.0,0.0,0.0,0.086118347,0.0,0.0,0.0,0.482381589,0.001501043
s126-live01,201,1,False,1791622175814421775,5.437647084,0.452375301,0.008762197,0.560730192,True,0.0,0.0,0.0,0.005530059,0.0,0.0,0.0,0.0,0.0,0.0,0.0,0.0,0.0,0.0,0.292449536,0.0,0.0,0.0,0.074557236,0.0,0.0,0.0,0.39230166,
s126-live01,202,2,False,1791622181252068859,5.875868062,0.560730192,0.351986224,0.47493438,True,0.0,0.0,0.0,0.347404398,0.0,0.0,0.0,0.0,0.320399255,0.261809647,0.058589608,0.0,0.0,0.0,0.204371323,0.0,0.0,0.0,0.067942998,0.0,0.0,0.0,0.330690708,0.024983081
s126-live01,203,3,False,1791622187127936921,5.487685918,0.47493438,0.031573745,0.957808056,True,0.0,0.0,0.0,0.028506437,0.0,0.0,0.0,0.0,0.0,0.0,0.0,0.0,0.0,0.0,0.294394441,0.0,0.0,0.0,0.094158185,0.0,0.0,0.0,0.37369684,
s126-live01,204,0,True,1791622192615622839,6.378543447,0.957808056,0.361517736,0.461117363,True,0.0,0.0,0.0,0.35815941,0.0,0.0,0.0,0.0,0.312330669,0.25676611,0.055564559,0.0,0.0,0.0,0.184852796,0.0,0.0,0.0,0.071229788,0.0,0.0,0.0,0.348485859,0.042194748
s126-live01,205,1,False,1791622198994166286,5.51641157,0.461117363,0.034398456,0.496358843,True,0.0,0.0,0.0,0.032336759,0.0,0.0,0.0,0.0,0.0,0.0,0.0,0.0,0.0,0.0,0.237520898,0.0,0.0,0.0,0.063631679,0.0,0.0,0.0,0.3969796,
s126-live01,206,2,False,1791622204510577856,5.856295729,0.496358843,0.357691417,0.43803856,True,0.0,0.0,0.0,0.355175977,0.0,0.0,0.0,0.0,0.309304496,0.25348602,0.055818476,0.0,0.0,0.0,0.180613313,0.0,0.0,0.0,0.066015913,0.0,0.0,0.0,0.299276839,0.044250513
s126-live01,207,3,False,1791622210366873585,5.461453969,0.43803856,0.04288819,0.87930197,True,0.0,0.0,0.0,0.04061711,0.0,0.0,0.0,0.0,0.0,0.0,0.0,0.0,0.0,0.0,0.224104798,0.0,0.0,0.0,0.059769636,0.0,0.0,0.0,0.389696582,
s126-live01,208,0,True,1791622215828327554,6.296961871,0.87930197,0.348254879,0.408906574,True,0.0,0.0,0.0,0.345987916,0.0,0.0,0.0,0.0,0.300216794,0.242331211,0.057885583,0.0,0.0,0.0,0.172983984,0.0,0.0,0.0,0.065658901,0.0,0.0,0.0,0.350165792,0.045155314
s126-live01,209,1,False,1791622222125289425,5.469173752,0.408906574,0.039263485,0.456574041,True,0.0,0.0,0.0,0.037025767,0.0,0.0,0.0,0.0,0.0,0.0,0.0,0.0,0.0,0.0,0.237328553,0.0,0.0,0.0,0.124748126,0.0,0.0,0.0,0.362349081,
s126-live01,210,2,False,1791622227594463177,5.816383253,0.456574041,0.322545931,0.446766615,True,0.0,0.0,0.0,0.319532454,0.0,0.0,0.0,0.0,0.296386509,0.241388236,0.054998273,0.0,0.0,0.0,0.198052804,0.0,0.0,0.0,0.066003859,0.0,0.0,0.0,0.315172686,0.02250517
s126-live01,211,3,False,1791622233410846430,12.531861161,0.446766615,0.037742564,0.734376073,True,0.0,0.0,0.0,0.035907403,0.0,0.0,0.0,0.0,0.0,0.0,0.0,0.0,0.0,0.0,0.0,0.0,0.0,0.0,0.056653175,0.0,0.0,0.0,0.35276159,
s126-live01,212,0,True,1791622245942707591,5.503482733,0.734376073,0.048542162,0.389789647,True,0.0,0.0,0.0,0.046386168,0.0,0.0,0.0,0.0,0.0,0.0,0.0,0.0,0.0,0.0,0.147188233,0.0,0.0,0.0,0.060780416,0.0,0.0,0.0,5.575563971,
s126-live01,213,1,False,1791622251446190324,5.558942895,0.389789647,0.306180862,0.480193878,True,0.0,0.0,0.0,0.303297069,0.0,0.0,0.0,0.0,0.300565834,0.233525778,0.067040056,0.0,0.0,0.0,0.224100212,0.0,0.0,0.0,0.06675967,0.0,0.0,0.0,0.743075087,0.001873523
s126-live01,214,2,False,1791622257005133219,5.523965673,0.480193878,0.049237338,0.470703499,True,0.0,0.0,0.0,0.045282612,0.0,0.0,0.0,0.0,0.0,0.0,0.0,0.0,0.0,0.0,0.224846013,0.0,0.0,0.0,0.061530396,0.0,0.0,0.0,0.371906606,
s126-live01,215,3,False,1791622262529098892,5.795530509,0.470703499,0.296577932,0.843481901,True,0.0,0.0,0.0,0.294762448,0.0,0.0,0.0,0.0,0.291443978,0.235535705,0.055908273,0.0,0.0,0.0,0.21810148,0.0,0.0,0.0,0.06292563,0.0,0.0,0.0,0.386650059,0.003138031
s126-live01,216,0,True,1791622268324629401,5.916785343,0.843481901,0.046448013,0.448798354,True,0.0,0.0,0.0,0.042633199,0.0,0.0,0.0,0.0,0.0,0.0,0.0,0.0,0.0,0.0,0.215937991,0.0,0.0,0.0,0.06184153,0.0,0.0,0.0,0.383757799,
s126-live01,217,1,False,1791622274241414744,5.877148736,0.448798354,0.377042109,0.39957444,True,0.0,0.0,0.0,0.373384912,0.0,0.0,0.0,0.0,0.328335499,0.272282545,0.056052954,0.0,0.0,0.0,0.161069944,0.0,0.0,0.0,0.057355815,0.0,0.0,0.0,0.327571242,0.044613644
s126-live01,218,2,False,1791622280118563480,5.436871007,0.39957444,0.046041238,0.48493272,True,0.0,0.0,0.0,0.043539544,0.0,0.0,0.0,0.0,0.0,0.0,0.0,0.0,0.0,0.0,0.252402159,0.0,0.0,0.0,0.128789683,0.0,0.0,0.0,0.335723761,
s126-live01,219,3,False,1791622285555434487,5.872123517,0.48493272,0.364845582,1.058076914,True,0.0,0.0,0.0,0.362618324,0.0,0.0,0.0,0.0,0.308717075,0.250752777,0.057964298,0.0,0.0,0.0,0.262537617,0.0,0.0,0.0,0.14265275,0.0,0.0,0.0,0.350918071,0.05317343
s126-live01,220,0,True,1791622291427558004,6.39094019,1.058076914,0.029001025,0.460973983,True,0.0,0.0,0.0,0.026251995,0.0,0.0,0.0,0.0,0.0,0.0,0.0,0.0,0.0,0.0,0.234368275,0.0,0.0,0.0,0.113800956,0.0,0.0,0.0,0.465890158,
s126-live01,221,1,False,1791622297818498194,5.762709548,0.460973983,0.331556511,0.442219937,True,0.0,0.0,0.0,0.329734425,0.0,0.0,0.0,0.0,0.302368034,0.244098913,0.058269121,0.0,0.0,0.0,0.203156313,0.0,0.0,0.0,0.083359482,0.0,0.0,0.0,0.380983435,0.026581525
s126-live01,222,2,False,1791622303581207742,5.490392105,0.442219937,0.051166195,0.489774869,True,0.0,0.0,0.0,0.047624094,0.0,0.0,0.0,0.0,0.0,0.0,0.0,0.0,0.0,0.0,0.228889101,0.0,0.0,0.0,0.059508061,0.0,0.0,0.0,0.383362698,
s126-live01,223,3,False,1791622309071599847,5.776112385,0.489774869,0.308617173,0.863357463,True,0.0,0.0,0.0,0.305005562,0.0,0.0,0.0,0.0,0.301816865,0.246388546,0.055428319,0.0,0.0,0.0,0.219733944,0.0,0.0,0.0,0.062002682,0.0,0.0,0.0,0.423657238,0.002801929
s126-live01,224,0,True,1791622314847712232,5.924660319,0.863357463,0.047551356,0.449908029,True,0.0,0.0,0.0,0.044281788,0.0,0.0,0.0,0.0,0.0,0.0,0.0,0.0,0.0,0.0,0.216550928,0.0,0.0,0.0,0.060610724,0.0,0.0,0.0,0.345199432,
s126-live01,225,1,False,1791622320772372551,5.75857546,0.449908029,0.330029335,0.457021113,True,0.0,0.0,0.0,0.326104504,0.0,0.0,0.0,0.0,0.299764855,0.244162389,0.055602466,0.0,0.0,0.0,0.222628626,0.0,0.0,0.0,0.100406757,0.0,0.0,0.0,0.33497235,0.025752455
s126-live01,226,2,False,1791622326530948011,5.52035101,0.457021113,0.017952829,0.496574999,True,0.0,0.0,0.0,0.015413654,0.0,0.0,0.0,0.0,0.0,0.0,0.0,0.0,0.0,0.0,0.273575226,0.0,0.0,0.0,0.091111608,0.0,0.0,0.0,0.348992873,
s126-live01,227,3,False,1791622332051299021,5.795705464,0.496574999,0.337416785,0.83267151,True,0.0,0.0,0.0,0.333221826,0.0,0.0,0.0,0.0,0.30455987,0.24889122,0.05566865,0.0,0.0,0.0,0.196459726,0.0,0.0,0.0,0.064923072,0.0,0.0,0.0,0.299732241,0.027522444
s126-live01,228,0,True,1791622337847004485,5.884631614,0.83267151,0.047604476,0.476145881,True,0.0,0.0,0.0,0.043196718,0.0,0.0,0.0,0.0,0.0,0.0,0.0,0.0,0.0,0.0,0.234192929,0.0,0.0,0.0,0.061697597,0.0,0.0,0.0,0.302755095,
s126-live01,229,1,False,1791622343731636099,5.829447016,0.476145881,0.333088243,0.443826636,True,0.0,0.0,0.0,0.330533589,0.0,0.0,0.0,0.0,0.300410746,0.243437282,0.056973464,0.0,0.0,0.0,0.198093527,0.0,0.0,0.0,0.067714461,0.0,0.0,0.0,0.305818565,0.028657879
s126-live01,230,2,False,1791622349561083115,5.437366506,0.443826636,0.048182092,0.49484979,True,0.0,0.0,0.0,0.044267111,0.0,0.0,0.0,0.0,0.0,0.0,0.0,0.0,0.0,0.0,0.257412922,0.0,0.0,0.0,0.065754746,0.0,0.0,0.0,0.334444553,
s126-live01,231,3,False,1791622354998449621,5.85180844,0.49484979,0.351743841,0.88717604,True,0.0,0.0,0.0,0.347568189,0.0,0.0,0.0,0.0,0.319492906,0.262558487,0.056934419,0.0,0.0,0.0,0.236370703,0.0,0.0,0.0,0.085413822,0.0,0.0,0.0,0.323777493,0.027196611
s126-live01,232,0,True,1791622360850258061,5.972650094,0.88717604,0.004128323,0.567628189,True,0.0,0.0,0.0,0.00147304,0.0,0.0,0.0,0.0,0.0,0.0,0.0,0.0,0.0,0.0,0.307270312,0.0,0.0,0.0,0.087047194,0.0,0.0,0.0,0.407320256,
s126-live01,233,1,False,1791622366822908155,5.907795222,0.567628189,0.361018458,0.441500857,True,0.0,0.0,0.0,0.358061708,0.0,0.0,0.0,0.0,0.306841034,0.249984631,0.056856403,0.0,0.0,0.0,0.181249311,0.0,0.0,0.0,0.063019773,0.0,0.0,0.0,0.371799963,0.050814761
s126-live01,234,2,False,1791622372730703377,5.481529696,0.441500857,0.04421906,0.483458213,True,0.0,0.0,0.0,0.039497441,0.0,0.0,0.0,0.0,0.0,0.0,0.0,0.0,0.0,0.0,0.239870962,0.0,0.0,0.0,0.128236897,0.0,0.0,0.0,0.345002742,
s126-live01,235,3,False,1791622378212233073,5.771421312,0.483458213,0.351037819,0.829407722,True,0.0,0.0,0.0,0.347826571,0.0,0.0,0.0,0.0,0.301120646,0.244656661,0.056463985,0.0,0.0,0.0,0.166634728,0.0,0.0,0.0,0.062591837,0.0,0.0,0.0,0.321297817,0.046186779
s126-live01,236,0,True,1791622383983654385,5.873864554,0.829407722,0.035038907,0.523593199,True,0.0,0.0,0.0,0.031947354,0.0,0.0,0.0,0.0,0.0,0.0,0.0,0.0,0.0,0.0,0.276390993,0.0,0.0,0.0,0.088631923,0.0,0.0,0.0,0.326929515,
s126-live01,237,1,False,1791622389857518939,5.793006617,0.523593199,0.304149138,0.45888898,True,0.0,0.0,0.0,0.299271856,0.0,0.0,0.0,0.0,0.294967302,0.239140026,0.055827276,0.0,0.0,0.0,0.214962884,0.0,0.0,0.0,0.064030733,0.0,0.0,0.0,0.408305963,0.00352063
s126-live01,238,2,False,1791622395650525556,5.471659635,0.45888898,0.049438824,0.455937118,True,0.0,0.0,0.0,0.0457674,0.0,0.0,0.0,0.0,0.0,0.0,0.0,0.0,0.0,0.0,0.216437026,0.0,0.0,0.0,0.060140718,0.0,0.0,0.0,0.353387184,
s126-live01,239,3,False,1791622401122185191,5.7443855,0.455937118,0.304260807,1.110603149,True,0.0,0.0,0.0,0.302083743,0.0,0.0,0.0,0.0,0.297815067,0.239939148,0.057875919,0.0,0.0,0.0,0.328227273,0.0,0.0,0.0,0.178890963,0.0,0.0,0.0,0.432694911,0.003835121
s126-live01,240,0,True,1791622406866570691,6.476330018,1.110603149,0.050409109,0.393519546,True,0.0,0.0,0.0,0.046333285,0.0,0.0,0.0,0.0,0.0,0.0,0.0,0.0,0.0,0.0,0.155467808,0.0,0.0,0.0,0.061089762,0.0,0.0,0.0,0.490463237,
s126-live01,241,1,False,1791622413342900709,5.680629271,0.393519546,0.339119533,0.457552992,True,0.0,0.0,0.0,0.335829486,0.0,0.0,0.0,0.0,0.303131732,0.247250554,0.055881178,0.0,0.0,0.0,0.197084303,0.0,0.0,0.0,0.064115381,0.0,0.0,0.0,0.347146326,0.029429569
s126-live01,242,2,False,1791622419023529980,12.622459324,0.457552992,0.043651732,0.347934756,True,0.0,0.0,0.0,0.04101298,0.0,0.0,0.0,0.0,0.0,0.0,0.0,0.0,0.0,0.0,0.0,0.0,0.0,0.0,0.062950961,0.0,0.0,0.0,0.334392082,
s126-live01,243,3,False,1791622431645989304,5.120714748,0.347934756,0.004672446,0.85002991,True,0.0,0.0,0.0,0.001720976,0.0,0.0,0.0,0.0,0.0,0.0,0.0,0.0,0.0,0.0,0.218518155,0.0,0.0,0.0,0.090032725,0.0,0.0,0.0,5.207281947,
s126-live01,244,0,True,1791622436766704052,6.042057799,0.85002991,0.31129565,0.443931153,True,0.0,0.0,0.0,0.308526002,0.0,0.0,0.0,0.0,0.306132441,0.240911862,0.065220579,0.0,0.0,0.0,0.199412689,0.0,0.0,0.0,0.063721209,0.0,0.0,0.0,0.662040579,0.00185611
s126-live01,245,1,False,1791622442808761851,5.4727405,0.443931153,0.033070975,0.487590507,True,0.0,0.0,0.0,0.030580682,0.0,0.0,0.0,0.0,0.0,0.0,0.0,0.0,0.0,0.0,0.26625706,0.0,0.0,0.0,0.066626563,0.0,0.0,0.0,0.227759371,
s126-live01,246,2,False,1791622448281502351,5.843906392,0.487590507,0.31723138,0.423168029,True,0.0,0.0,0.0,0.314997389,0.0,0.0,0.0,0.0,0.292971402,0.239025234,0.053946168,0.0,0.0,0.0,0.189958872,0.0,0.0,0.0,0.084917285,0.0,0.0,0.0,0.342529399,0.021142516
s126-live01,247,3,False,1791622454125408743,5.50144595,0.423168029,0.044318946,0.859344856,True,0.0,0.0,0.0,0.040682889,0.0,0.0,0.0,0.0,0.0,0.0,0.0,0.0,0.0,0.0,0.240655678,0.0,0.0,0.0,0.064688488,0.0,0.0,0.0,0.313254641,
s126-live01,248,0,True,1791622459626854693,6.192770583,0.859344856,0.324070447,0.421794654,True,0.0,0.0,0.0,0.321382263,0.0,0.0,0.0,0.0,0.294152482,0.240054929,0.054097553,0.0,0.0,0.0,0.188162362,0.0,0.0,0.0,0.061066817,0.0,0.0,0.0,0.335364255,0.026860567
s126-live01,249,1,False,1791622465819625276,5.51799546,0.421794654,0.052834567,0.401545719,True,0.0,0.0,0.0,0.050720331,0.0,0.0,0.0,0.0,0.0,0.0,0.0,0.0,0.0,0.0,0.176378635,0.0,0.0,0.0,0.064887742,0.0,0.0,0.0,0.265842578,
