timestamp	mem_available_kib	swap_total_kib	nvme_aer_corrected	root_aer_corrected	nvme_aer_baseline	root_aer_baseline	memory_psi_some	memory_psi_full	io_psi_some	io_psi_full	vmstat	nvme_diskstats	aspm_policy
2026-09-12T23:49:10,092187225-04:00	129321820	0	0	0	0	0	avg10=0.00	avg10=0.00	avg10=2.30	avg10=2.30	pgpgin=2201141,pgpgout=62509,pswpin=0,pswpout=0,	reads=161159,sectors_read=3530338,writes=2355,sectors_written=124882	default [performance] powersave powersupersave 
2026-09-12T23:49:10,154942473-04:00	129300444	0	0	0	0	0	avg10=0.00	avg10=0.00	avg10=2.30	avg10=2.30	pgpgin=2244085,pgpgout=62509,pswpin=0,pswpout=0,	reads=161690,sectors_read=3615554,writes=2355,sectors_written=124882	default [performance] powersave powersupersave 
2026-09-12T23:49:11,182860098-04:00	129236800	0	0	0	0	0	avg10=0.00	avg10=0.00	avg10=3.69	avg10=3.69	pgpgin=2909057,pgpgout=62509,pswpin=0,pswpout=0,	reads=163206,sectors_read=3694002,writes=2355,sectors_written=124882	default [performance] powersave powersupersave 
2026-09-12T23:49:12,215583895-04:00	129247156	0	0	0	0	0	avg10=0.00	avg10=0.00	avg10=3.69	avg10=3.69	pgpgin=3613617,pgpgout=62509,pswpin=0,pswpout=0,	reads=163207,sectors_read=3694010,writes=2355,sectors_written=124882	default [performance] powersave powersupersave 
2026-09-12T23:49:13,246105898-04:00	129244128	0	0	0	0	0	avg10=0.00	avg10=0.00	avg10=10.09	avg10=10.09	pgpgin=4341465,pgpgout=62509,pswpin=0,pswpout=0,	reads=164242,sectors_read=3867738,writes=2355,sectors_written=124882	default [performance] powersave powersupersave 
2026-09-12T23:49:14,269213594-04:00	129014324	0	0	0	0	0	avg10=0.00	avg10=0.00	avg10=10.09	avg10=10.09	pgpgin=4455589,pgpgout=62509,pswpin=0,pswpout=0,	reads=165730,sectors_read=4094290,writes=2355,sectors_written=124882	default [performance] powersave powersupersave 
2026-09-12T23:49:15,291760676-04:00	126892752	0	0	0	0	0	avg10=0.00	avg10=0.00	avg10=8.80	avg10=8.80	pgpgin=4575773,pgpgout=62701,pswpin=0,pswpout=0,	reads=166892,sectors_read=4334658,writes=2357,sectors_written=125266	default [performance] powersave powersupersave 
2026-09-12T23:49:16,311506152-04:00	126732816	0	0	0	0	0	avg10=0.00	avg10=0.00	avg10=8.80	avg10=8.80	pgpgin=4583333,pgpgout=62701,pswpin=0,pswpout=0,	reads=167022,sectors_read=4349778,writes=2357,sectors_written=125266	default [performance] powersave powersupersave 
2026-09-12T23:49:17,334612741-04:00	126614264	0	0	0	0	0	avg10=0.00	avg10=0.00	avg10=7.21	avg10=7.21	pgpgin=4583333,pgpgout=62701,pswpin=0,pswpout=0,	reads=167022,sectors_read=4349778,writes=2357,sectors_written=125266	default [performance] powersave powersupersave 
2026-09-12T23:49:18,359149483-04:00	126555940	0	0	0	0	0	avg10=0.00	avg10=0.00	avg10=7.21	avg10=7.21	pgpgin=4583337,pgpgout=62701,pswpin=0,pswpout=0,	reads=167023,sectors_read=4349786,writes=2357,sectors_written=125266	default [performance] powersave powersupersave 
2026-09-12T23:49:19,385558676-04:00	126536724	0	0	0	0	0	avg10=0.00	avg10=0.00	avg10=5.90	avg10=5.90	pgpgin=4583401,pgpgout=62701,pswpin=0,pswpout=0,	reads=167024,sectors_read=4349914,writes=2357,sectors_written=125266	default [performance] powersave powersupersave 
2026-09-12T23:49:20,409519409-04:00	126509700	0	0	0	0	0	avg10=0.00	avg10=0.00	avg10=5.90	avg10=5.90	pgpgin=4583401,pgpgout=62729,pswpin=0,pswpout=0,	reads=167024,sectors_read=4349914,writes=2359,sectors_written=125322	default [performance] powersave powersupersave 
2026-09-12T23:49:21,435270838-04:00	126533840	0	0	0	0	0	avg10=0.00	avg10=0.00	avg10=4.83	avg10=4.83	pgpgin=4583401,pgpgout=62729,pswpin=0,pswpout=0,	reads=167024,sectors_read=4349914,writes=2359,sectors_written=125322	default [performance] powersave powersupersave 
2026-09-12T23:49:22,459113516-04:00	126496332	0	0	0	0	0	avg10=0.00	avg10=0.00	avg10=4.83	avg10=4.83	pgpgin=4583401,pgpgout=62729,pswpin=0,pswpout=0,	reads=167024,sectors_read=4349914,writes=2359,sectors_written=125322	default [performance] powersave powersupersave 
2026-09-12T23:49:23,483441889-04:00	126515632	0	0	0	0	0	avg10=0.00	avg10=0.00	avg10=3.95	avg10=3.95	pgpgin=4583401,pgpgout=62729,pswpin=0,pswpout=0,	reads=167024,sectors_read=4349914,writes=2359,sectors_written=125322	default [performance] powersave powersupersave 
2026-09-12T23:49:24,510121058-04:00	126575184	0	0	0	0	0	avg10=0.00	avg10=0.00	avg10=3.95	avg10=3.95	pgpgin=4583541,pgpgout=62729,pswpin=0,pswpout=0,	reads=167025,sectors_read=4350170,writes=2359,sectors_written=125322	default [performance] powersave powersupersave 
2026-09-12T23:49:25,536832413-04:00	126532816	0	0	0	0	0	avg10=0.00	avg10=0.00	avg10=3.24	avg10=3.24	pgpgin=4583541,pgpgout=62749,pswpin=0,pswpout=0,	reads=167025,sectors_read=4350170,writes=2361,sectors_written=125362	default [performance] powersave powersupersave 
2026-09-12T23:49:26,563475123-04:00	126673824	0	0	0	0	0	avg10=0.00	avg10=0.00	avg10=3.24	avg10=3.24	pgpgin=4733233,pgpgout=62749,pswpin=0,pswpout=0,	reads=168958,sectors_read=4651218,writes=2361,sectors_written=125362	default [performance] powersave powersupersave 
2026-09-12T23:49:27,587082571-04:00	126688520	0	0	0	0	0	avg10=0.00	avg10=0.00	avg10=4.28	avg10=4.28	pgpgin=4919629,pgpgout=62749,pswpin=0,pswpout=0,	reads=172018,sectors_read=5022666,writes=2361,sectors_written=125362	default [performance] powersave powersupersave 
2026-09-12T23:49:28,610068743-04:00	126470368	0	0	0	0	0	avg10=0.00	avg10=0.00	avg10=4.28	avg10=4.28	pgpgin=5188201,pgpgout=62749,pswpin=0,pswpout=0,	reads=175430,sectors_read=5561458,writes=2361,sectors_written=125362	default [performance] powersave powersupersave 
2026-09-12T23:49:29,632568069-04:00	126403640	0	0	0	0	0	avg10=0.00	avg10=0.00	avg10=5.50	avg10=5.50	pgpgin=5257085,pgpgout=62749,pswpin=0,pswpout=0,	reads=177020,sectors_read=5697154,writes=2361,sectors_written=125362	default [performance] powersave powersupersave 
2026-09-12T23:49:30,656560368-04:00	126351224	0	0	0	0	0	avg10=0.00	avg10=0.00	avg10=5.50	avg10=5.50	pgpgin=5292137,pgpgout=62749,pswpin=0,pswpout=0,	reads=180065,sectors_read=5767386,writes=2361,sectors_written=125362	default [performance] powersave powersupersave 
2026-09-12T23:49:31,679295639-04:00	126326444	0	0	0	0	0	avg10=0.00	avg10=0.00	avg10=8.12	avg10=8.12	pgpgin=5352813,pgpgout=62785,pswpin=0,pswpout=0,	reads=183189,sectors_read=5888610,writes=2363,sectors_written=125434	default [performance] powersave powersupersave 
2026-09-12T23:49:32,703016724-04:00	126234536	0	0	0	0	0	avg10=0.00	avg10=0.00	avg10=8.12	avg10=8.12	pgpgin=5395821,pgpgout=62785,pswpin=0,pswpout=0,	reads=184612,sectors_read=5973490,writes=2363,sectors_written=125434	default [performance] powersave powersupersave 
2026-09-12T23:49:33,726061698-04:00	125972708	0	0	0	0	0	avg10=0.00	avg10=0.00	avg10=8.10	avg10=8.10	pgpgin=5395949,pgpgout=62785,pswpin=0,pswpout=0,	reads=184613,sectors_read=5973746,writes=2363,sectors_written=125434	default [performance] powersave powersupersave 
2026-09-12T23:49:34,749453540-04:00	125842156	0	0	0	0	0	avg10=0.00	avg10=0.00	avg10=8.10	avg10=8.10	pgpgin=5395949,pgpgout=62785,pswpin=0,pswpout=0,	reads=184613,sectors_read=5973746,writes=2363,sectors_written=125434	default [performance] powersave powersupersave 
2026-09-12T23:49:35,773025677-04:00	125819116	0	0	0	0	0	avg10=0.00	avg10=0.00	avg10=6.63	avg10=6.63	pgpgin=5395949,pgpgout=62785,pswpin=0,pswpout=0,	reads=184613,sectors_read=5973746,writes=2363,sectors_written=125434	default [performance] powersave powersupersave 
2026-09-12T23:49:36,796252772-04:00	125780536	0	0	0	0	0	avg10=0.00	avg10=0.00	avg10=6.63	avg10=6.63	pgpgin=5399993,pgpgout=62785,pswpin=0,pswpout=0,	reads=184809,sectors_read=5981834,writes=2363,sectors_written=125434	default [performance] powersave powersupersave 
2026-09-12T23:49:37,820404712-04:00	125675712	0	0	0	0	0	avg10=0.00	avg10=0.00	avg10=5.79	avg10=5.79	pgpgin=5539021,pgpgout=62857,pswpin=0,pswpout=0,	reads=187293,sectors_read=6259642,writes=2365,sectors_written=125578	default [performance] powersave powersupersave 
2026-09-12T23:49:38,844365996-04:00	125544748	0	0	0	0	0	avg10=0.00	avg10=0.00	avg10=5.79	avg10=5.79	pgpgin=5569565,pgpgout=62857,pswpin=0,pswpout=0,	reads=188277,sectors_read=6320730,writes=2365,sectors_written=125578	default [performance] powersave powersupersave 
2026-09-12T23:49:39,868774784-04:00	125408128	0	0	0	0	0	avg10=0.00	avg10=0.00	avg10=5.83	avg10=5.83	pgpgin=5576541,pgpgout=62861,pswpin=0,pswpout=0,	reads=188668,sectors_read=6334682,writes=2366,sectors_written=125586	default [performance] powersave powersupersave 
2026-09-12T23:49:40,892428977-04:00	125305552	0	0	0	0	0	avg10=0.00	avg10=0.00	avg10=5.83	avg10=5.83	pgpgin=5576789,pgpgout=68905,pswpin=0,pswpout=0,	reads=188687,sectors_read=6335178,writes=2439,sectors_written=137442	default [performance] powersave powersupersave 
2026-09-12T23:49:41,916870951-04:00	125268968	0	0	0	0	0	avg10=0.00	avg10=0.00	avg10=5.13	avg10=5.13	pgpgin=5603173,pgpgout=68993,pswpin=0,pswpout=0,	reads=189161,sectors_read=6387946,writes=2444,sectors_written=137618	default [performance] powersave powersupersave 
2026-09-12T23:49:42,939995142-04:00	125095920	0	0	0	0	0	avg10=0.00	avg10=0.00	avg10=5.13	avg10=5.13	pgpgin=5642401,pgpgout=69185,pswpin=0,pswpout=0,	reads=189698,sectors_read=6466402,writes=2451,sectors_written=138002	default [performance] powersave powersupersave 
2026-09-12T23:49:43,963358808-04:00	125096304	0	0	0	0	0	avg10=0.00	avg10=0.00	avg10=4.38	avg10=4.38	pgpgin=5643065,pgpgout=69405,pswpin=0,pswpout=0,	reads=189721,sectors_read=6467730,writes=2454,sectors_written=138442	default [performance] powersave powersupersave 
2026-09-12T23:49:44,986887638-04:00	125150832	0	0	0	0	0	avg10=0.00	avg10=0.00	avg10=4.38	avg10=4.38	pgpgin=5643065,pgpgout=69409,pswpin=0,pswpout=0,	reads=189721,sectors_read=6467730,writes=2455,sectors_written=138450	default [performance] powersave powersupersave 
2026-09-12T23:49:46,010686402-04:00	125253892	0	0	0	0	0	avg10=0.00	avg10=0.00	avg10=3.59	avg10=3.59	pgpgin=5643065,pgpgout=69457,pswpin=0,pswpout=0,	reads=189721,sectors_read=6467730,writes=2462,sectors_written=138546	default [performance] powersave powersupersave 
2026-09-12T23:49:47,034669447-04:00	125332988	0	0	0	0	0	avg10=0.00	avg10=0.00	avg10=2.94	avg10=2.94	pgpgin=5644905,pgpgout=69481,pswpin=0,pswpout=0,	reads=189833,sectors_read=6471410,writes=2467,sectors_written=138594	default [performance] powersave powersupersave 
2026-09-12T23:49:48,058094024-04:00	126055064	0	0	0	0	0	avg10=0.00	avg10=0.00	avg10=2.94	avg10=2.94	pgpgin=5660085,pgpgout=69481,pswpin=0,pswpout=0,	reads=190121,sectors_read=6501770,writes=2467,sectors_written=138594	default [performance] powersave powersupersave 
2026-09-12T23:49:49,081907377-04:00	125976752	0	0	0	0	0	avg10=0.00	avg10=0.00	avg10=2.58	avg10=2.58	pgpgin=5675465,pgpgout=69649,pswpin=0,pswpout=0,	reads=190189,sectors_read=6507002,writes=2469,sectors_written=138930	default [performance] powersave powersupersave 
2026-09-12T23:49:50,106352885-04:00	125784688	0	0	0	0	0	avg10=0.00	avg10=0.00	avg10=2.58	avg10=2.58	pgpgin=5698645,pgpgout=69649,pswpin=0,pswpout=0,	reads=190937,sectors_read=6553362,writes=2469,sectors_written=138930	default [performance] powersave powersupersave 
2026-09-12T23:49:51,130028537-04:00	125491972	0	0	0	0	0	avg10=0.00	avg10=0.00	avg10=2.48	avg10=2.48	pgpgin=5698645,pgpgout=69649,pswpin=0,pswpout=0,	reads=190937,sectors_read=6553362,writes=2469,sectors_written=138930	default [performance] powersave powersupersave 
2026-09-12T23:49:52,154751692-04:00	125345928	0	0	0	0	0	avg10=0.00	avg10=0.00	avg10=2.48	avg10=2.48	pgpgin=5698645,pgpgout=69649,pswpin=0,pswpout=0,	reads=190937,sectors_read=6553362,writes=2469,sectors_written=138930	default [performance] powersave powersupersave 
2026-09-12T23:49:53,178246530-04:00	125316416	0	0	0	0	0	avg10=0.00	avg10=0.00	avg10=2.03	avg10=2.03	pgpgin=5698645,pgpgout=69649,pswpin=0,pswpout=0,	reads=190937,sectors_read=6553362,writes=2469,sectors_written=138930	default [performance] powersave powersupersave 
2026-09-12T23:49:54,201207607-04:00	125255976	0	0	0	0	0	avg10=0.00	avg10=0.00	avg10=2.03	avg10=2.03	pgpgin=5698645,pgpgout=69649,pswpin=0,pswpout=0,	reads=190937,sectors_read=6553362,writes=2469,sectors_written=138930	default [performance] powersave powersupersave 
2026-09-12T23:49:55,224554216-04:00	125100724	0	0	0	0	0	avg10=0.00	avg10=0.00	avg10=1.66	avg10=1.66	pgpgin=5698645,pgpgout=69697,pswpin=0,pswpout=0,	reads=190937,sectors_read=6553362,writes=2471,sectors_written=139026	default [performance] powersave powersupersave 
2026-09-12T23:49:56,247886096-04:00	125566376	0	0	0	0	0	avg10=0.00	avg10=0.00	avg10=1.66	avg10=1.66	pgpgin=5698645,pgpgout=69697,pswpin=0,pswpout=0,	reads=190937,sectors_read=6553362,writes=2471,sectors_written=139026	default [performance] powersave powersupersave 
2026-09-12T23:49:57,271290380-04:00	125884576	0	0	0	0	0	avg10=0.00	avg10=0.00	avg10=1.36	avg10=1.36	pgpgin=5702389,pgpgout=69697,pswpin=0,pswpout=0,	reads=191054,sectors_read=6560850,writes=2471,sectors_written=139026	default [performance] powersave powersupersave 
2026-09-12T23:49:58,294441836-04:00	126623052	0	0	0	0	0	avg10=0.00	avg10=0.00	avg10=1.36	avg10=1.36	pgpgin=5778361,pgpgout=69697,pswpin=0,pswpout=0,	reads=191413,sectors_read=6712794,writes=2471,sectors_written=139026	default [performance] powersave powersupersave 
2026-09-12T23:49:59,317893289-04:00	126237360	0	0	0	0	0	avg10=0.00	avg10=0.00	avg10=1.29	avg10=1.29	pgpgin=5779641,pgpgout=69697,pswpin=0,pswpout=0,	reads=191503,sectors_read=6715354,writes=2471,sectors_written=139026	default [performance] powersave powersupersave 
2026-09-12T23:50:00,342055419-04:00	125347736	0	0	0	0	0	avg10=0.00	avg10=0.00	avg10=1.29	avg10=1.29	pgpgin=5779641,pgpgout=69697,pswpin=0,pswpout=0,	reads=191503,sectors_read=6715354,writes=2471,sectors_written=139026	default [performance] powersave powersupersave 
2026-09-12T23:50:01,366309946-04:00	124512828	0	0	0	0	0	avg10=0.00	avg10=0.00	avg10=1.06	avg10=1.06	pgpgin=5787237,pgpgout=69809,pswpin=0,pswpout=0,	reads=191690,sectors_read=6730546,writes=2473,sectors_written=139250	default [performance] powersave powersupersave 
2026-09-12T23:50:02,391087518-04:00	122292924	0	0	0	0	0	avg10=0.00	avg10=0.00	avg10=1.06	avg10=1.06	pgpgin=5825165,pgpgout=69809,pswpin=0,pswpout=0,	reads=193370,sectors_read=6806402,writes=2473,sectors_written=139250	default [performance] powersave powersupersave 
2026-09-12T23:50:03,414414207-04:00	126677860	0	0	0	0	0	avg10=0.00	avg10=0.00	avg10=1.23	avg10=1.23	pgpgin=5825465,pgpgout=69809,pswpin=0,pswpout=0,	reads=193377,sectors_read=6807002,writes=2473,sectors_written=139250	default [performance] powersave powersupersave 
2026-09-12T23:50:04,437325231-04:00	126558164	0	0	0	0	0	avg10=0.00	avg10=0.00	avg10=1.23	avg10=1.23	pgpgin=5825465,pgpgout=69809,pswpin=0,pswpout=0,	reads=193377,sectors_read=6807002,writes=2473,sectors_written=139250	default [performance] powersave powersupersave 
2026-09-12T23:50:05,462002626-04:00	126722532	0	0	0	0	0	avg10=0.00	avg10=0.00	avg10=1.00	avg10=1.00	pgpgin=5825481,pgpgout=69809,pswpin=0,pswpout=0,	reads=193378,sectors_read=6807034,writes=2473,sectors_written=139250	default [performance] powersave powersupersave 
2026-09-12T23:50:06,523875617-04:00	126586000	0	0	0	0	0	avg10=0.00	avg10=0.00	avg10=1.00	avg10=1.00	pgpgin=5825489,pgpgout=69809,pswpin=0,pswpout=0,	reads=193380,sectors_read=6807050,writes=2473,sectors_written=139250	default [performance] powersave powersupersave 
2026-09-12T23:50:07,582009583-04:00	126413120	0	0	0	0	0	avg10=0.00	avg10=0.00	avg10=0.82	avg10=0.82	pgpgin=5825489,pgpgout=69941,pswpin=0,pswpout=0,	reads=193380,sectors_read=6807050,writes=2477,sectors_written=139514	default [performance] powersave powersupersave 
2026-09-12T23:50:08,642721389-04:00	126337780	0	0	0	0	0	avg10=0.00	avg10=0.00	avg10=0.82	avg10=0.82	pgpgin=5826649,pgpgout=69949,pswpin=0,pswpout=0,	reads=193467,sectors_read=6809370,writes=2479,sectors_written=139530	default [performance] powersave powersupersave 
2026-09-12T23:50:09,693498765-04:00	126311968	0	0	0	0	0	avg10=0.00	avg10=0.00	avg10=0.67	avg10=0.67	pgpgin=5826685,pgpgout=69957,pswpin=0,pswpout=0,	reads=193471,sectors_read=6809442,writes=2481,sectors_written=139546	default [performance] powersave powersupersave 
2026-09-12T23:50:10,744881840-04:00	126224456	0	0	0	0	0	avg10=0.00	avg10=0.00	avg10=0.67	avg10=0.67	pgpgin=5840537,pgpgout=69965,pswpin=0,pswpout=0,	reads=193916,sectors_read=6837146,writes=2483,sectors_written=139562	default [performance] powersave powersupersave 
2026-09-12T23:50:11,796630219-04:00	126133192	0	0	0	0	0	avg10=0.00	avg10=0.00	avg10=0.91	avg10=0.91	pgpgin=5849597,pgpgout=75069,pswpin=0,pswpout=0,	reads=194161,sectors_read=6855266,writes=2496,sectors_written=149770	default [performance] powersave powersupersave 
2026-09-12T23:50:12,855214049-04:00	125822104	0	0	0	0	0	avg10=0.00	avg10=0.00	avg10=0.91	avg10=0.91	pgpgin=5849597,pgpgout=75553,pswpin=0,pswpout=0,	reads=194161,sectors_read=6855266,writes=2500,sectors_written=150122	default [performance] powersave powersupersave 
2026-09-12T23:50:13,913232668-04:00	125608868	0	0	0	0	0	avg10=0.00	avg10=0.00	avg10=0.74	avg10=0.74	pgpgin=5850497,pgpgout=75925,pswpin=0,pswpout=0,	reads=194193,sectors_read=6857066,writes=2583,sectors_written=150866	default [performance] powersave powersupersave 
2026-09-12T23:50:14,965644666-04:00	125465788	0	0	0	0	0	avg10=0.00	avg10=0.00	avg10=0.74	avg10=0.74	pgpgin=5850497,pgpgout=75933,pswpin=0,pswpout=0,	reads=194193,sectors_read=6857066,writes=2585,sectors_written=150882	default [performance] powersave powersupersave 
2026-09-12T23:50:16,014461013-04:00	125207028	0	0	0	0	0	avg10=0.00	avg10=0.00	avg10=0.61	avg10=0.61	pgpgin=5851113,pgpgout=75941,pswpin=0,pswpout=0,	reads=194210,sectors_read=6858298,writes=2587,sectors_written=150898	default [performance] powersave powersupersave 
2026-09-12T23:50:17,073789423-04:00	124955128	0	0	0	0	0	avg10=0.00	avg10=0.00	avg10=0.50	avg10=0.50	pgpgin=5851121,pgpgout=76081,pswpin=0,pswpout=0,	reads=194212,sectors_read=6858314,writes=2591,sectors_written=151178	default [performance] powersave powersupersave 
2026-09-12T23:50:18,133170512-04:00	124879076	0	0	0	0	0	avg10=0.00	avg10=0.00	avg10=0.50	avg10=0.50	pgpgin=5851593,pgpgout=76213,pswpin=0,pswpout=0,	reads=194234,sectors_read=6859258,writes=2595,sectors_written=151442	default [performance] powersave powersupersave 
2026-09-12T23:50:19,186818466-04:00	124839396	0	0	0	0	0	avg10=0.00	avg10=0.00	avg10=0.59	avg10=0.59	pgpgin=5851873,pgpgout=76221,pswpin=0,pswpout=0,	reads=194282,sectors_read=6859818,writes=2597,sectors_written=151458	default [performance] powersave powersupersave 
2026-09-12T23:50:20,237941041-04:00	124735920	0	0	0	0	0	avg10=0.00	avg10=0.00	avg10=0.59	avg10=0.59	pgpgin=5851981,pgpgout=76229,pswpin=0,pswpout=0,	reads=194287,sectors_read=6860034,writes=2599,sectors_written=151474	default [performance] powersave powersupersave 
2026-09-12T23:50:21,290877047-04:00	124537240	0	0	0	0	0	avg10=0.00	avg10=0.00	avg10=0.48	avg10=0.48	pgpgin=5852741,pgpgout=76237,pswpin=0,pswpout=0,	reads=194315,sectors_read=6861554,writes=2601,sectors_written=151490	default [performance] powersave powersupersave 
2026-09-12T23:50:22,342095204-04:00	124305444	0	0	0	0	0	avg10=0.00	avg10=0.00	avg10=0.48	avg10=0.48	pgpgin=5852741,pgpgout=76269,pswpin=0,pswpout=0,	reads=194315,sectors_read=6861554,writes=2605,sectors_written=151554	default [performance] powersave powersupersave 
2026-09-12T23:50:23,404011594-04:00	124240880	0	0	0	0	0	avg10=0.00	avg10=0.00	avg10=0.39	avg10=0.39	pgpgin=5852741,pgpgout=76377,pswpin=0,pswpout=0,	reads=194315,sectors_read=6861554,writes=2609,sectors_written=151770	default [performance] powersave powersupersave 
2026-09-12T23:50:24,457107753-04:00	124210488	0	0	0	0	0	avg10=0.00	avg10=0.00	avg10=0.39	avg10=0.39	pgpgin=5852741,pgpgout=76385,pswpin=0,pswpout=0,	reads=194315,sectors_read=6861554,writes=2611,sectors_written=151786	default [performance] powersave powersupersave 
2026-09-12T23:50:25,511370940-04:00	124084860	0	0	0	0	0	avg10=0.00	avg10=0.00	avg10=0.32	avg10=0.32	pgpgin=5852985,pgpgout=76393,pswpin=0,pswpout=0,	reads=194317,sectors_read=6862042,writes=2613,sectors_written=151802	default [performance] powersave powersupersave 
2026-09-12T23:50:26,565198537-04:00	123631648	0	0	0	0	0	avg10=0.00	avg10=0.00	avg10=0.32	avg10=0.32	pgpgin=5856545,pgpgout=76401,pswpin=0,pswpout=0,	reads=194534,sectors_read=6869162,writes=2615,sectors_written=151818	default [performance] powersave powersupersave 
2026-09-12T23:50:27,621453968-04:00	123147952	0	0	0	0	0	avg10=0.00	avg10=0.00	avg10=0.26	avg10=0.26	pgpgin=5860173,pgpgout=76409,pswpin=0,pswpout=0,	reads=195061,sectors_read=6883586,writes=2617,sectors_written=151834	default [performance] powersave powersupersave 
2026-09-12T23:50:28,683970473-04:00	122986640	0	0	0	0	0	avg10=0.00	avg10=0.00	avg10=0.26	avg10=0.26	pgpgin=5907325,pgpgout=76749,pswpin=0,pswpout=0,	reads=199391,sectors_read=6970722,writes=2621,sectors_written=152514	default [performance] powersave powersupersave 
2026-09-12T23:50:29,738251548-04:00	122936996	0	0	0	0	0	avg10=0.00	avg10=0.00	avg10=0.21	avg10=0.21	pgpgin=5907325,pgpgout=76757,pswpin=0,pswpout=0,	reads=199391,sectors_read=6970722,writes=2623,sectors_written=152530	default [performance] powersave powersupersave 
2026-09-12T23:50:30,789784433-04:00	122703176	0	0	0	0	0	avg10=0.00	avg10=0.00	avg10=0.21	avg10=0.21	pgpgin=5907325,pgpgout=76765,pswpin=0,pswpout=0,	reads=199391,sectors_read=6970722,writes=2625,sectors_written=152546	default [performance] powersave powersupersave 
2026-09-12T23:50:31,846739191-04:00	122194196	0	0	0	0	0	avg10=0.00	avg10=0.00	avg10=0.17	avg10=0.17	pgpgin=5907325,pgpgout=76773,pswpin=0,pswpout=0,	reads=199391,sectors_read=6970722,writes=2627,sectors_written=152562	default [performance] powersave powersupersave 
2026-09-12T23:50:32,909887196-04:00	121775704	0	0	0	0	0	avg10=0.00	avg10=0.00	avg10=0.17	avg10=0.17	pgpgin=5907329,pgpgout=78785,pswpin=0,pswpout=0,	reads=199392,sectors_read=6970730,writes=2642,sectors_written=156586	default [performance] powersave powersupersave 
2026-09-12T23:50:33,973125829-04:00	121756468	0	0	0	0	0	avg10=0.00	avg10=0.00	avg10=0.14	avg10=0.14	pgpgin=5907329,pgpgout=78913,pswpin=0,pswpout=0,	reads=199392,sectors_read=6970730,writes=2646,sectors_written=156842	default [performance] powersave powersupersave 
2026-09-12T23:50:35,038238479-04:00	121670640	0	0	0	0	0	avg10=0.00	avg10=0.00	avg10=0.14	avg10=0.14	pgpgin=5907333,pgpgout=78921,pswpin=0,pswpout=0,	reads=199393,sectors_read=6970738,writes=2648,sectors_written=156858	default [performance] powersave powersupersave 
2026-09-12T23:50:36,094378322-04:00	121277100	0	0	0	0	0	avg10=0.00	avg10=0.00	avg10=0.11	avg10=0.11	pgpgin=5907333,pgpgout=78929,pswpin=0,pswpout=0,	reads=199393,sectors_read=6970738,writes=2650,sectors_written=156874	default [performance] powersave powersupersave 
2026-09-12T23:50:37,151983313-04:00	120765084	0	0	0	0	0	avg10=0.00	avg10=0.00	avg10=0.09	avg10=0.09	pgpgin=5907337,pgpgout=78941,pswpin=0,pswpout=0,	reads=199394,sectors_read=6970746,writes=2653,sectors_written=156898	default [performance] powersave powersupersave 
2026-09-12T23:50:38,214897883-04:00	120543236	0	0	0	0	0	avg10=0.00	avg10=0.00	avg10=0.09	avg10=0.09	pgpgin=5907341,pgpgout=78949,pswpin=0,pswpout=0,	reads=199395,sectors_read=6970754,writes=2655,sectors_written=156914	default [performance] powersave powersupersave 
2026-09-12T23:50:39,270241603-04:00	120500496	0	0	0	0	0	avg10=0.00	avg10=0.00	avg10=0.07	avg10=0.07	pgpgin=5907521,pgpgout=79117,pswpin=0,pswpout=0,	reads=199407,sectors_read=6971114,writes=2659,sectors_written=157250	default [performance] powersave powersupersave 
2026-09-12T23:50:40,324441177-04:00	120384616	0	0	0	0	0	avg10=0.00	avg10=0.00	avg10=0.07	avg10=0.07	pgpgin=5907521,pgpgout=79125,pswpin=0,pswpout=0,	reads=199407,sectors_read=6971114,writes=2661,sectors_written=157266	default [performance] powersave powersupersave 
2026-09-12T23:50:41,380458649-04:00	120178108	0	0	0	0	0	avg10=0.00	avg10=0.00	avg10=0.06	avg10=0.06	pgpgin=5907521,pgpgout=81545,pswpin=0,pswpout=0,	reads=199407,sectors_read=6971114,writes=2685,sectors_written=162106	default [performance] powersave powersupersave 
2026-09-12T23:50:42,438754274-04:00	119782208	0	0	0	0	0	avg10=0.00	avg10=0.00	avg10=0.06	avg10=0.06	pgpgin=5911237,pgpgout=81601,pswpin=0,pswpout=0,	reads=199496,sectors_read=6978546,writes=2691,sectors_written=162218	default [performance] powersave powersupersave 
2026-09-12T23:50:43,495833203-04:00	117806972	0	0	0	0	0	avg10=0.00	avg10=0.00	avg10=0.05	avg10=0.05	pgpgin=5911489,pgpgout=81673,pswpin=0,pswpout=0,	reads=199515,sectors_read=6979050,writes=2693,sectors_written=162234	default [performance] powersave powersupersave 
2026-09-12T23:50:44,549393631-04:00	114020860	0	0	0	0	0	avg10=0.00	avg10=0.00	avg10=0.05	avg10=0.05	pgpgin=5929429,pgpgout=81845,pswpin=0,pswpout=0,	reads=199961,sectors_read=7014930,writes=2698,sectors_written=162578	default [performance] powersave powersupersave 
2026-09-12T23:50:45,612011908-04:00	103727764	0	0	0	0	0	avg10=0.00	avg10=0.00	avg10=0.22	avg10=0.22	pgpgin=5942349,pgpgout=81853,pswpin=0,pswpout=0,	reads=200125,sectors_read=7040770,writes=2700,sectors_written=162594	default [performance] powersave powersupersave 
2026-09-12T23:50:46,672660632-04:00	83002092	0	0	0	0	0	avg10=0.00	avg10=0.00	avg10=0.22	avg10=0.22	pgpgin=5942349,pgpgout=81861,pswpin=0,pswpout=0,	reads=200125,sectors_read=7040770,writes=2702,sectors_written=162610	default [performance] powersave powersupersave 
2026-09-12T23:50:47,749366020-04:00	61918728	0	0	0	0	0	avg10=0.00	avg10=0.00	avg10=0.18	avg10=0.18	pgpgin=5942349,pgpgout=81869,pswpin=0,pswpout=0,	reads=200125,sectors_read=7040770,writes=2704,sectors_written=162626	default [performance] powersave powersupersave 
2026-09-12T23:50:48,811287050-04:00	43790436	0	0	0	0	0	avg10=0.00	avg10=0.00	avg10=0.18	avg10=0.18	pgpgin=5948865,pgpgout=82013,pswpin=0,pswpout=0,	reads=200208,sectors_read=7054314,writes=2708,sectors_written=162914	default [performance] powersave powersupersave 
2026-09-12T23:50:49,871602892-04:00	33244488	0	0	0	0	0	avg10=0.00	avg10=0.00	avg10=0.14	avg10=0.14	pgpgin=5963157,pgpgout=82477,pswpin=0,pswpout=0,	reads=200414,sectors_read=7082386,writes=2784,sectors_written=163842	default [performance] powersave powersupersave 
2026-09-12T23:50:50,955848250-04:00	27184624	0	0	0	0	0	avg10=0.00	avg10=0.00	avg10=0.14	avg10=0.14	pgpgin=6126433,pgpgout=82485,pswpin=0,pswpout=0,	reads=200440,sectors_read=7083202,writes=2786,sectors_written=163858	default [performance] powersave powersupersave 
2026-09-12T23:50:52,044815890-04:00	27229076	0	0	0	0	0	avg10=0.00	avg10=0.00	avg10=1.93	avg10=1.93	pgpgin=6459369,pgpgout=82493,pswpin=0,pswpout=0,	reads=200441,sectors_read=7083458,writes=2788,sectors_written=163874	default [performance] powersave powersupersave 
2026-09-12T23:50:53,186737677-04:00	27340308	0	0	0	0	0	avg10=0.00	avg10=0.00	avg10=9.91	avg10=9.73	pgpgin=6841273,pgpgout=82501,pswpin=0,pswpout=0,	reads=200441,sectors_read=7083458,writes=2790,sectors_written=163890	default [performance] powersave powersupersave 
2026-09-12T23:50:54,320323303-04:00	27315712	0	0	0	0	0	avg10=0.00	avg10=0.00	avg10=9.91	avg10=9.73	pgpgin=7219677,pgpgout=82689,pswpin=0,pswpout=0,	reads=200441,sectors_read=7083458,writes=2794,sectors_written=164266	default [performance] powersave powersupersave 
2026-09-12T23:50:55,456015591-04:00	27281536	0	0	0	0	0	avg10=0.00	avg10=0.00	avg10=15.00	avg10=14.67	pgpgin=7616681,pgpgout=82697,pswpin=0,pswpout=0,	reads=200441,sectors_read=7083458,writes=2796,sectors_written=164282	default [performance] powersave powersupersave 
2026-09-12T23:50:56,593879280-04:00	27329736	0	0	0	0	0	avg10=0.00	avg10=0.00	avg10=15.00	avg10=14.67	pgpgin=7983849,pgpgout=82705,pswpin=0,pswpout=0,	reads=200441,sectors_read=7083458,writes=2798,sectors_written=164298	default [performance] powersave powersupersave 
2026-09-12T23:50:57,738248375-04:00	27368816	0	0	0	0	0	avg10=0.00	avg10=0.00	avg10=19.53	avg10=19.08	pgpgin=8347817,pgpgout=82713,pswpin=0,pswpout=0,	reads=200441,sectors_read=7083458,writes=2800,sectors_written=164314	default [performance] powersave powersupersave 
2026-09-12T23:50:58,865603358-04:00	27356028	0	0	0	0	0	avg10=0.00	avg10=0.00	avg10=19.53	avg10=19.08	pgpgin=8706881,pgpgout=82721,pswpin=0,pswpout=0,	reads=200441,sectors_read=7083458,writes=2802,sectors_written=164330	default [performance] powersave powersupersave 
2026-09-12T23:50:59,996847552-04:00	27357564	0	0	0	0	0	avg10=0.00	avg10=0.00	avg10=23.24	avg10=22.69	pgpgin=9053133,pgpgout=82833,pswpin=0,pswpout=0,	reads=200441,sectors_read=7083458,writes=2806,sectors_written=164554	default [performance] powersave powersupersave 
2026-09-12T23:51:01,105246430-04:00	27357624	0	0	0	0	0	avg10=0.00	avg10=0.00	avg10=27.36	avg10=26.73	pgpgin=9416045,pgpgout=82841,pswpin=0,pswpout=0,	reads=200441,sectors_read=7083458,writes=2808,sectors_written=164570	default [performance] powersave powersupersave 
2026-09-12T23:51:02,243931659-04:00	27357888	0	0	0	0	0	avg10=0.00	avg10=0.00	avg10=27.36	avg10=26.73	pgpgin=9785533,pgpgout=82849,pswpin=0,pswpout=0,	reads=200441,sectors_read=7083458,writes=2810,sectors_written=164586	default [performance] powersave powersupersave 
2026-09-12T23:51:03,369305430-04:00	27346532	0	0	0	0	0	avg10=0.00	avg10=0.00	avg10=31.10	avg10=30.40	pgpgin=10161597,pgpgout=82865,pswpin=0,pswpout=0,	reads=200442,sectors_read=7083466,writes=2813,sectors_written=164618	default [performance] powersave powersupersave 
2026-09-12T23:51:04,512126437-04:00	27374428	0	0	0	0	0	avg10=0.00	avg10=0.00	avg10=31.10	avg10=30.40	pgpgin=10555489,pgpgout=82873,pswpin=0,pswpout=0,	reads=200442,sectors_read=7083466,writes=2815,sectors_written=164634	default [performance] powersave powersupersave 
2026-09-12T23:51:05,656673167-04:00	27366536	0	0	0	0	0	avg10=0.00	avg10=0.00	avg10=32.71	avg10=31.96	pgpgin=10962457,pgpgout=82997,pswpin=0,pswpout=0,	reads=200442,sectors_read=7083466,writes=2819,sectors_written=164882	default [performance] powersave powersupersave 
2026-09-12T23:51:06,765203103-04:00	27365368	0	0	0	0	0	avg10=0.00	avg10=0.00	avg10=32.71	avg10=31.96	pgpgin=11349121,pgpgout=83005,pswpin=0,pswpout=0,	reads=200442,sectors_read=7083466,writes=2821,sectors_written=164898	default [performance] powersave powersupersave 
2026-09-12T23:51:07,886607263-04:00	27362700	0	0	0	0	0	avg10=0.00	avg10=0.00	avg10=34.57	avg10=33.78	pgpgin=11749269,pgpgout=83013,pswpin=0,pswpout=0,	reads=200442,sectors_read=7083466,writes=2823,sectors_written=164914	default [performance] powersave powersupersave 
2026-09-12T23:51:09,032311289-04:00	27347152	0	0	0	0	0	avg10=0.00	avg10=0.00	avg10=34.57	avg10=33.78	pgpgin=12137213,pgpgout=83029,pswpin=0,pswpout=0,	reads=200489,sectors_read=7086434,writes=2827,sectors_written=164946	default [performance] powersave powersupersave 
2026-09-12T23:51:10,172922381-04:00	27333916	0	0	0	0	0	avg10=0.00	avg10=0.00	avg10=36.10	avg10=35.45	pgpgin=12532557,pgpgout=92053,pswpin=0,pswpout=0,	reads=200804,sectors_read=7114194,writes=2865,sectors_written=182994	default [performance] powersave powersupersave 
2026-09-12T23:51:11,318403847-04:00	27221160	0	0	0	0	0	avg10=0.00	avg10=0.00	avg10=36.80	avg10=36.27	pgpgin=12931597,pgpgout=92061,pswpin=0,pswpout=0,	reads=201129,sectors_read=7133898,writes=2867,sectors_written=183010	default [performance] powersave powersupersave 
2026-09-12T23:51:12,464464050-04:00	27273136	0	0	0	0	0	avg10=0.00	avg10=0.00	avg10=36.80	avg10=36.27	pgpgin=13321721,pgpgout=92069,pswpin=0,pswpout=0,	reads=201129,sectors_read=7133898,writes=2869,sectors_written=183026	default [performance] powersave powersupersave 
2026-09-12T23:51:13,614077009-04:00	27325732	0	0	0	0	0	avg10=0.00	avg10=0.00	avg10=38.47	avg10=37.85	pgpgin=13702753,pgpgout=92077,pswpin=0,pswpout=0,	reads=201129,sectors_read=7133898,writes=2871,sectors_written=183042	default [performance] powersave powersupersave 
2026-09-12T23:51:14,765272176-04:00	27348420	0	0	0	0	0	avg10=0.00	avg10=0.00	avg10=38.47	avg10=37.85	pgpgin=14073725,pgpgout=92189,pswpin=0,pswpout=0,	reads=201129,sectors_read=7133898,writes=2873,sectors_written=183058	default [performance] powersave powersupersave 
2026-09-12T23:51:15,903663853-04:00	27350540	0	0	0	0	0	avg10=0.00	avg10=0.00	avg10=39.11	avg10=38.60	pgpgin=14445581,pgpgout=92565,pswpin=0,pswpout=0,	reads=201129,sectors_read=7133898,writes=2877,sectors_written=183810	default [performance] powersave powersupersave 
2026-09-12T23:51:17,051490968-04:00	27382732	0	0	0	0	0	avg10=0.00	avg10=0.00	avg10=39.11	avg10=38.60	pgpgin=14833129,pgpgout=92573,pswpin=0,pswpout=0,	reads=201129,sectors_read=7133898,writes=2879,sectors_written=183826	default [performance] powersave powersupersave 
2026-09-12T23:51:18,184071350-04:00	27377036	0	0	0	0	0	avg10=0.00	avg10=0.00	avg10=40.54	avg10=39.94	pgpgin=15210197,pgpgout=92581,pswpin=0,pswpout=0,	reads=201129,sectors_read=7133898,writes=2881,sectors_written=183842	default [performance] powersave powersupersave 
2026-09-12T23:51:19,344683788-04:00	27378876	0	0	0	0	0	avg10=0.00	avg10=0.00	avg10=41.16	avg10=40.68	pgpgin=15589633,pgpgout=92589,pswpin=0,pswpout=0,	reads=201129,sectors_read=7133898,writes=2883,sectors_written=183858	default [performance] powersave powersupersave 
2026-09-12T23:51:20,497330413-04:00	27381824	0	0	0	0	0	avg10=0.00	avg10=0.00	avg10=41.16	avg10=40.68	pgpgin=15966333,pgpgout=92597,pswpin=0,pswpout=0,	reads=201129,sectors_read=7133898,writes=2885,sectors_written=183874	default [performance] powersave powersupersave 
2026-09-12T23:51:21,658302953-04:00	27377508	0	0	0	0	0	avg10=0.00	avg10=0.00	avg10=43.67	avg10=43.09	pgpgin=16344849,pgpgout=92769,pswpin=0,pswpout=0,	reads=201129,sectors_read=7133898,writes=2889,sectors_written=184218	default [performance] powersave powersupersave 
2026-09-12T23:51:22,824908037-04:00	27402724	0	0	0	0	0	avg10=0.00	avg10=0.00	avg10=43.67	avg10=43.09	pgpgin=16731713,pgpgout=92777,pswpin=0,pswpout=0,	reads=201135,sectors_read=7134178,writes=2891,sectors_written=184234	default [performance] powersave powersupersave 
2026-09-12T23:51:23,966879039-04:00	27443068	0	0	0	0	0	avg10=0.00	avg10=0.00	avg10=43.91	avg10=43.43	pgpgin=17109037,pgpgout=92785,pswpin=0,pswpout=0,	reads=201150,sectors_read=7135746,writes=2893,sectors_written=184250	default [performance] powersave powersupersave 
2026-09-12T23:51:25,112071472-04:00	27418216	0	0	0	0	0	avg10=0.18	avg10=0.18	avg10=43.93	avg10=43.35	pgpgin=17526441,pgpgout=93393,pswpin=0,pswpout=0,	reads=201588,sectors_read=7198922,writes=3017,sectors_written=185466	default [performance] powersave powersupersave 
2026-09-12T23:51:26,266751393-04:00	27424972	0	0	0	0	0	avg10=0.18	avg10=0.18	avg10=43.93	avg10=43.35	pgpgin=17905737,pgpgout=93401,pswpin=0,pswpout=0,	reads=201588,sectors_read=7198922,writes=3019,sectors_written=185482	default [performance] powersave powersupersave 
2026-09-12T23:51:27,418286701-04:00	27434628	0	0	0	0	0	avg10=0.14	avg10=0.14	avg10=43.03	avg10=42.38	pgpgin=18285061,pgpgout=113993,pswpin=0,pswpout=0,	reads=201598,sectors_read=7199554,writes=3065,sectors_written=226666	default [performance] powersave powersupersave 
2026-09-12T23:51:28,570532888-04:00	27286208	0	0	0	0	0	avg10=0.14	avg10=0.14	avg10=43.03	avg10=42.38	pgpgin=18663849,pgpgout=114005,pswpin=0,pswpout=0,	reads=201605,sectors_read=7199970,writes=3068,sectors_written=226690	default [performance] powersave powersupersave 
2026-09-12T23:51:29,722939170-04:00	27432448	0	0	0	0	0	avg10=0.12	avg10=0.12	avg10=42.12	avg10=41.59	pgpgin=19055309,pgpgout=114013,pswpin=0,pswpout=0,	reads=201884,sectors_read=7208322,writes=3070,sectors_written=226706	default [performance] powersave powersupersave 
2026-09-12T23:51:30,872147478-04:00	27424292	0	0	0	0	0	avg10=0.12	avg10=0.12	avg10=42.12	avg10=41.59	pgpgin=19439313,pgpgout=114021,pswpin=0,pswpout=0,	reads=201884,sectors_read=7208322,writes=3072,sectors_written=226722	default [performance] powersave powersupersave 
2026-09-12T23:51:32,025824662-04:00	27422100	0	0	0	0	0	avg10=0.09	avg10=0.09	avg10=42.46	avg10=42.02	pgpgin=19830157,pgpgout=114465,pswpin=0,pswpout=0,	reads=201884,sectors_read=7208322,writes=3076,sectors_written=227610	default [performance] powersave powersupersave 
2026-09-12T23:51:33,171534109-04:00	27436584	0	0	0	0	0	avg10=0.08	avg10=0.08	avg10=43.10	avg10=42.74	pgpgin=20216121,pgpgout=114473,pswpin=0,pswpout=0,	reads=201890,sectors_read=7208370,writes=3078,sectors_written=227626	default [performance] powersave powersupersave 
2026-09-12T23:51:34,317735178-04:00	27457644	0	0	0	0	0	avg10=0.08	avg10=0.08	avg10=43.10	avg10=42.74	pgpgin=20607533,pgpgout=114481,pswpin=0,pswpout=0,	reads=201890,sectors_read=7208370,writes=3080,sectors_written=227642	default [performance] powersave powersupersave 
2026-09-12T23:51:35,464387171-04:00	27476064	0	0	0	0	0	avg10=0.24	avg10=0.24	avg10=44.35	avg10=43.88	pgpgin=20997077,pgpgout=114489,pswpin=0,pswpout=0,	reads=201891,sectors_read=7208626,writes=3082,sectors_written=227658	default [performance] powersave powersupersave 
2026-09-12T23:51:36,605783828-04:00	27459584	0	0	0	0	0	avg10=0.24	avg10=0.24	avg10=44.35	avg10=43.88	pgpgin=21390585,pgpgout=114497,pswpin=0,pswpout=0,	reads=201891,sectors_read=7208626,writes=3084,sectors_written=227674	default [performance] powersave powersupersave 
2026-09-12T23:51:37,753138272-04:00	27462124	0	0	0	0	0	avg10=0.20	avg10=0.20	avg10=44.10	avg10=43.54	pgpgin=21782257,pgpgout=114585,pswpin=0,pswpout=0,	reads=201891,sectors_read=7208626,writes=3088,sectors_written=227850	default [performance] powersave powersupersave 
2026-09-12T23:51:38,913419480-04:00	27464032	0	0	0	0	0	avg10=0.20	avg10=0.20	avg10=44.10	avg10=43.54	pgpgin=22177781,pgpgout=114593,pswpin=0,pswpout=0,	reads=201891,sectors_read=7208626,writes=3090,sectors_written=227866	default [performance] powersave powersupersave 
2026-09-12T23:51:40,067425602-04:00	27463280	0	0	0	0	0	avg10=0.16	avg10=0.16	avg10=44.81	avg10=44.34	pgpgin=22559489,pgpgout=124801,pswpin=0,pswpout=0,	reads=201914,sectors_read=7208810,writes=3112,sectors_written=248282	default [performance] powersave powersupersave 
2026-09-12T23:51:41,205739556-04:00	27459496	0	0	0	0	0	avg10=0.13	avg10=0.13	avg10=44.30	avg10=43.92	pgpgin=22935401,pgpgout=124809,pswpin=0,pswpout=0,	reads=201922,sectors_read=7209498,writes=3114,sectors_written=248298	default [performance] powersave powersupersave 
2026-09-12T23:51:42,360657697-04:00	27458196	0	0	0	0	0	avg10=0.13	avg10=0.13	avg10=44.30	avg10=43.92	pgpgin=23315209,pgpgout=124817,pswpin=0,pswpout=0,	reads=201922,sectors_read=7209498,writes=3116,sectors_written=248314	default [performance] powersave powersupersave 
2026-09-12T23:51:43,510149197-04:00	27401408	0	0	0	0	0	avg10=0.11	avg10=0.11	avg10=44.06	avg10=43.57	pgpgin=23704197,pgpgout=125109,pswpin=0,pswpout=0,	reads=201924,sectors_read=7209514,writes=3126,sectors_written=248898	default [performance] powersave powersupersave 
2026-09-12T23:51:44,669004023-04:00	27416244	0	0	0	0	0	avg10=0.11	avg10=0.11	avg10=44.06	avg10=43.57	pgpgin=24091525,pgpgout=125117,pswpin=0,pswpout=0,	reads=201940,sectors_read=7210898,writes=3128,sectors_written=248914	default [performance] powersave powersupersave 
2026-09-12T23:51:45,823668985-04:00	27485648	0	0	0	0	0	avg10=0.09	avg10=0.09	avg10=43.33	avg10=42.74	pgpgin=24474585,pgpgout=125165,pswpin=0,pswpout=0,	reads=201940,sectors_read=7210898,writes=3130,sectors_written=248930	default [performance] powersave powersupersave 
2026-09-12T23:51:46,965551729-04:00	27475556	0	0	0	0	0	avg10=0.09	avg10=0.09	avg10=43.33	avg10=42.74	pgpgin=24858033,pgpgout=125173,pswpin=0,pswpout=0,	reads=201940,sectors_read=7210898,writes=3132,sectors_written=248946	default [performance] powersave powersupersave 
2026-09-12T23:51:48,102688988-04:00	27474392	0	0	0	0	0	avg10=0.07	avg10=0.07	avg10=43.63	avg10=42.97	pgpgin=25240925,pgpgout=125181,pswpin=0,pswpout=0,	reads=201940,sectors_read=7210898,writes=3134,sectors_written=248962	default [performance] powersave powersupersave 
2026-09-12T23:51:49,244921238-04:00	27480776	0	0	0	0	0	avg10=0.06	avg10=0.06	avg10=43.70	avg10=43.15	pgpgin=25635981,pgpgout=125345,pswpin=0,pswpout=0,	reads=201940,sectors_read=7210898,writes=3138,sectors_written=249290	default [performance] powersave powersupersave 
2026-09-12T23:51:50,400275461-04:00	27471416	0	0	0	0	0	avg10=0.06	avg10=0.06	avg10=43.70	avg10=43.15	pgpgin=26043797,pgpgout=125353,pswpin=0,pswpout=0,	reads=202526,sectors_read=7215810,writes=3140,sectors_written=249306	default [performance] powersave powersupersave 
2026-09-12T23:51:51,551111729-04:00	27484816	0	0	0	0	0	avg10=0.04	avg10=0.04	avg10=44.11	avg10=43.49	pgpgin=26435825,pgpgout=126589,pswpin=0,pswpout=0,	reads=202526,sectors_read=7215810,writes=3150,sectors_written=251778	default [performance] powersave powersupersave 
2026-09-12T23:51:52,695208773-04:00	27497180	0	0	0	0	0	avg10=0.04	avg10=0.04	avg10=44.11	avg10=43.49	pgpgin=26816921,pgpgout=126597,pswpin=0,pswpout=0,	reads=202526,sectors_read=7215810,writes=3152,sectors_written=251794	default [performance] powersave powersupersave 
2026-09-12T23:51:53,845073609-04:00	27488476	0	0	0	0	0	avg10=0.03	avg10=0.03	avg10=44.45	avg10=43.94	pgpgin=27202013,pgpgout=126605,pswpin=0,pswpout=0,	reads=202526,sectors_read=7215810,writes=3154,sectors_written=251810	default [performance] powersave powersupersave 
2026-09-12T23:51:54,997508549-04:00	27473784	0	0	0	0	0	avg10=0.03	avg10=0.03	avg10=44.45	avg10=43.94	pgpgin=27591413,pgpgout=126705,pswpin=0,pswpout=0,	reads=202529,sectors_read=7215834,writes=3158,sectors_written=252010	default [performance] powersave powersupersave 
2026-09-12T23:51:56,205627451-04:00	27486120	0	0	0	0	0	avg10=0.03	avg10=0.03	avg10=44.01	avg10=43.41	pgpgin=27942213,pgpgout=126713,pswpin=0,pswpout=0,	reads=202532,sectors_read=7216050,writes=3160,sectors_written=252026	default [performance] powersave powersupersave 
2026-09-12T23:51:57,453825845-04:00	27505124	0	0	0	0	0	avg10=0.02	avg10=0.02	avg10=44.19	avg10=43.51	pgpgin=28131985,pgpgout=127257,pswpin=0,pswpout=0,	reads=202532,sectors_read=7216050,writes=3262,sectors_written=253114	default [performance] powersave powersupersave 
2026-09-12T23:51:58,723588220-04:00	27470108	0	0	0	0	0	avg10=0.02	avg10=0.02	avg10=44.19	avg10=43.51	pgpgin=28322477,pgpgout=127265,pswpin=0,pswpout=0,	reads=202533,sectors_read=7216058,writes=3264,sectors_written=253130	default [performance] powersave powersupersave 
2026-09-12T23:51:59,989102710-04:00	27475984	0	0	0	0	0	avg10=0.02	avg10=0.02	avg10=45.60	avg10=44.87	pgpgin=28514077,pgpgout=128173,pswpin=0,pswpout=0,	reads=202535,sectors_read=7216074,writes=3276,sectors_written=254946	default [performance] powersave powersupersave 
2026-09-12T23:52:01,236853471-04:00	27493416	0	0	0	0	0	avg10=0.01	avg10=0.01	avg10=44.95	avg10=44.35	pgpgin=28715065,pgpgout=128181,pswpin=0,pswpout=0,	reads=202542,sectors_read=7216322,writes=3278,sectors_written=254962	default [performance] powersave powersupersave 
2026-09-12T23:52:02,489236281-04:00	27476084	0	0	0	0	0	avg10=0.01	avg10=0.01	avg10=44.95	avg10=44.35	pgpgin=28911933,pgpgout=128189,pswpin=0,pswpout=0,	reads=202544,sectors_read=7216338,writes=3280,sectors_written=254978	default [performance] powersave powersupersave 
2026-09-12T23:52:03,733527654-04:00	27461732	0	0	0	0	0	avg10=0.01	avg10=0.01	avg10=45.14	avg10=44.65	pgpgin=29093753,pgpgout=128197,pswpin=0,pswpout=0,	reads=202545,sectors_read=7216346,writes=3282,sectors_written=254994	default [performance] powersave powersupersave 
2026-09-12T23:52:04,895059745-04:00	27497636	0	0	0	0	0	avg10=0.01	avg10=0.01	avg10=45.14	avg10=44.65	pgpgin=29486697,pgpgout=128205,pswpin=0,pswpout=0,	reads=202545,sectors_read=7216346,writes=3284,sectors_written=255010	default [performance] powersave powersupersave 
2026-09-12T23:52:06,042326033-04:00	27481720	0	0	0	0	0	avg10=0.01	avg10=0.01	avg10=45.66	avg10=45.25	pgpgin=29886185,pgpgout=128333,pswpin=0,pswpout=0,	reads=202551,sectors_read=7216450,writes=3288,sectors_written=255266	default [performance] powersave powersupersave 
2026-09-12T23:52:07,194217618-04:00	27486152	0	0	0	0	0	avg10=0.00	avg10=0.00	avg10=45.17	avg10=44.66	pgpgin=30291237,pgpgout=128341,pswpin=0,pswpout=0,	reads=202551,sectors_read=7216450,writes=3290,sectors_written=255282	default [performance] powersave powersupersave 
2026-09-12T23:52:08,345770342-04:00	27450844	0	0	0	0	0	avg10=0.00	avg10=0.00	avg10=45.17	avg10=44.66	pgpgin=30689649,pgpgout=128349,pswpin=0,pswpout=0,	reads=202552,sectors_read=7216458,writes=3292,sectors_written=255298	default [performance] powersave powersupersave 
2026-09-12T23:52:09,504257149-04:00	27339288	0	0	0	0	0	avg10=0.00	avg10=0.00	avg10=44.78	avg10=44.18	pgpgin=31090369,pgpgout=128357,pswpin=0,pswpout=0,	reads=202552,sectors_read=7216458,writes=3294,sectors_written=255314	default [performance] powersave powersupersave 
2026-09-12T23:52:10,651023041-04:00	27450528	0	0	0	0	0	avg10=0.00	avg10=0.00	avg10=44.78	avg10=44.18	pgpgin=31486645,pgpgout=128365,pswpin=0,pswpout=0,	reads=202552,sectors_read=7216458,writes=3296,sectors_written=255330	default [performance] powersave powersupersave 
2026-09-12T23:52:11,794769758-04:00	27469072	0	0	0	0	0	avg10=0.54	avg10=0.54	avg10=44.27	avg10=43.78	pgpgin=31876809,pgpgout=128485,pswpin=0,pswpout=0,	reads=202595,sectors_read=7218154,writes=3300,sectors_written=255570	default [performance] powersave powersupersave 
2026-09-12T23:52:12,941477440-04:00	27363648	0	0	0	0	0	avg10=0.54	avg10=0.54	avg10=44.27	avg10=43.78	pgpgin=32267377,pgpgout=128493,pswpin=0,pswpout=0,	reads=202655,sectors_read=7220938,writes=3302,sectors_written=255586	default [performance] powersave powersupersave 
2026-09-12T23:52:14,084391597-04:00	27573092	0	0	0	0	0	avg10=1.17	avg10=1.17	avg10=43.14	avg10=42.73	pgpgin=32525137,pgpgout=128501,pswpin=0,pswpout=0,	reads=202906,sectors_read=7245442,writes=3304,sectors_written=255602	default [performance] powersave powersupersave 
2026-09-12T23:52:15,231050301-04:00	27570164	0	0	0	0	0	avg10=2.04	avg10=2.04	avg10=42.39	avg10=41.51	pgpgin=32928397,pgpgout=128597,pswpin=0,pswpout=0,	reads=202968,sectors_read=7257978,writes=3309,sectors_written=255794	default [performance] powersave powersupersave 
2026-09-12T23:52:16,356626138-04:00	27560940	0	0	0	0	0	avg10=2.04	avg10=2.04	avg10=42.39	avg10=41.51	pgpgin=33329737,pgpgout=128605,pswpin=0,pswpout=0,	reads=203266,sectors_read=7278434,writes=3311,sectors_written=255810	default [performance] powersave powersupersave 
2026-09-12T23:52:17,512107998-04:00	27545476	0	0	0	0	0	avg10=1.85	avg10=1.85	avg10=43.40	avg10=42.51	pgpgin=33725697,pgpgout=128761,pswpin=0,pswpout=0,	reads=203271,sectors_read=7278970,writes=3315,sectors_written=256042	default [performance] powersave powersupersave 
2026-09-12T23:52:18,664056127-04:00	27515716	0	0	0	0	0	avg10=1.85	avg10=1.85	avg10=43.40	avg10=42.51	pgpgin=34116545,pgpgout=128769,pswpin=0,pswpout=0,	reads=203276,sectors_read=7279426,writes=3317,sectors_written=256058	default [performance] powersave powersupersave 
2026-09-12T23:52:19,817872814-04:00	27552236	0	0	0	0	0	avg10=1.52	avg10=1.52	avg10=44.05	avg10=43.14	pgpgin=34501017,pgpgout=128777,pswpin=0,pswpout=0,	reads=203276,sectors_read=7279426,writes=3319,sectors_written=256074	default [performance] powersave powersupersave 
2026-09-12T23:52:20,965491892-04:00	27567456	0	0	0	0	0	avg10=1.52	avg10=1.52	avg10=44.05	avg10=43.14	pgpgin=34887053,pgpgout=128785,pswpin=0,pswpout=0,	reads=203356,sectors_read=7291314,writes=3321,sectors_written=256090	default [performance] powersave powersupersave 
2026-09-12T23:52:22,123779886-04:00	27546780	0	0	0	0	0	avg10=1.24	avg10=1.24	avg10=44.41	avg10=43.48	pgpgin=35287525,pgpgout=128793,pswpin=0,pswpout=0,	reads=203612,sectors_read=7321370,writes=3323,sectors_written=256106	default [performance] powersave powersupersave 
2026-09-12T23:52:23,281082404-04:00	27537596	0	0	0	0	0	avg10=1.02	avg10=1.02	avg10=44.33	avg10=43.57	pgpgin=35662741,pgpgout=128877,pswpin=0,pswpout=0,	reads=203614,sectors_read=7321842,writes=3327,sectors_written=256274	default [performance] powersave powersupersave 
2026-09-12T23:52:24,432417801-04:00	27540624	0	0	0	0	0	avg10=1.02	avg10=1.02	avg10=44.33	avg10=43.57	pgpgin=36048069,pgpgout=128885,pswpin=0,pswpout=0,	reads=203615,sectors_read=7321970,writes=3329,sectors_written=256290	default [performance] powersave powersupersave 
2026-09-12T23:52:25,590818752-04:00	27544604	0	0	0	0	0	avg10=0.83	avg10=0.83	avg10=45.54	avg10=44.91	pgpgin=36433637,pgpgout=128893,pswpin=0,pswpout=0,	reads=203623,sectors_read=7322378,writes=3331,sectors_written=256306	default [performance] powersave powersupersave 
2026-09-12T23:52:26,741879610-04:00	27576984	0	0	0	0	0	avg10=0.83	avg10=0.83	avg10=45.54	avg10=44.91	pgpgin=36814273,pgpgout=128901,pswpin=0,pswpout=0,	reads=203638,sectors_read=7322978,writes=3333,sectors_written=256322	default [performance] powersave powersupersave 
2026-09-12T23:52:27,896958523-04:00	27529756	0	0	0	0	0	avg10=0.68	avg10=0.68	avg10=45.80	avg10=45.29	pgpgin=37197613,pgpgout=128909,pswpin=0,pswpout=0,	reads=203639,sectors_read=7322986,writes=3335,sectors_written=256338	default [performance] powersave powersupersave 
2026-09-12T23:52:29,042567220-04:00	27548308	0	0	0	0	0	avg10=0.68	avg10=0.68	avg10=45.80	avg10=45.29	pgpgin=37583605,pgpgout=129017,pswpin=0,pswpout=0,	reads=203639,sectors_read=7322986,writes=3339,sectors_written=256554	default [performance] powersave powersupersave 
2026-09-12T23:52:30,196833205-04:00	27572780	0	0	0	0	0	avg10=0.55	avg10=0.55	avg10=46.02	avg10=45.42	pgpgin=37975881,pgpgout=129025,pswpin=0,pswpout=0,	reads=203643,sectors_read=7323354,writes=3341,sectors_written=256570	default [performance] powersave powersupersave 
2026-09-12T23:52:31,344482990-04:00	27550096	0	0	0	0	0	avg10=0.45	avg10=0.45	avg10=45.47	avg10=44.80	pgpgin=38374549,pgpgout=129205,pswpin=0,pswpout=0,	reads=203702,sectors_read=7328258,writes=3381,sectors_written=256930	default [performance] powersave powersupersave 
2026-09-12T23:52:32,473497253-04:00	27554332	0	0	0	0	0	avg10=0.45	avg10=0.45	avg10=45.47	avg10=44.80	pgpgin=38762577,pgpgout=129213,pswpin=0,pswpout=0,	reads=203760,sectors_read=7332930,writes=3383,sectors_written=256946	default [performance] powersave powersupersave 
2026-09-12T23:52:33,626155495-04:00	27552280	0	0	0	0	0	avg10=0.37	avg10=0.37	avg10=44.48	avg10=43.93	pgpgin=39143549,pgpgout=129221,pswpin=0,pswpout=0,	reads=203760,sectors_read=7332930,writes=3385,sectors_written=256962	default [performance] powersave powersupersave 
2026-09-12T23:52:34,768464319-04:00	27550504	0	0	0	0	0	avg10=0.37	avg10=0.37	avg10=44.48	avg10=43.93	pgpgin=39520977,pgpgout=129313,pswpin=0,pswpout=0,	reads=203763,sectors_read=7333178,writes=3389,sectors_written=257146	default [performance] powersave powersupersave 
2026-09-12T23:52:35,915723739-04:00	27568040	0	0	0	0	0	avg10=0.30	avg10=0.30	avg10=45.48	avg10=44.85	pgpgin=39897817,pgpgout=129321,pswpin=0,pswpout=0,	reads=203767,sectors_read=7333602,writes=3391,sectors_written=257162	default [performance] powersave powersupersave 
2026-09-12T23:52:37,057495831-04:00	27578616	0	0	0	0	0	avg10=0.30	avg10=0.30	avg10=45.48	avg10=44.85	pgpgin=40284505,pgpgout=129329,pswpin=0,pswpout=0,	reads=203767,sectors_read=7333602,writes=3393,sectors_written=257178	default [performance] powersave powersupersave 
2026-09-12T23:52:38,224016866-04:00	27555536	0	0	0	0	0	avg10=0.25	avg10=0.25	avg10=45.03	avg10=44.33	pgpgin=40670977,pgpgout=129337,pswpin=0,pswpout=0,	reads=203769,sectors_read=7334106,writes=3395,sectors_written=257194	default [performance] powersave powersupersave 
2026-09-12T23:52:39,374987221-04:00	27600488	0	0	0	0	0	avg10=0.20	avg10=0.20	avg10=44.84	avg10=44.27	pgpgin=41058633,pgpgout=129449,pswpin=0,pswpout=0,	reads=204003,sectors_read=7360242,writes=3400,sectors_written=257418	default [performance] powersave powersupersave 
2026-09-12T23:52:40,524757806-04:00	27565576	0	0	0	0	0	avg10=0.20	avg10=0.20	avg10=44.84	avg10=44.27	pgpgin=41437469,pgpgout=129457,pswpin=0,pswpout=0,	reads=204008,sectors_read=7360778,writes=3402,sectors_written=257434	default [performance] powersave powersupersave 
2026-09-12T23:52:41,675394556-04:00	27582880	0	0	0	0	0	avg10=0.34	avg10=0.34	avg10=44.87	avg10=44.40	pgpgin=41821181,pgpgout=129465,pswpin=0,pswpout=0,	reads=204008,sectors_read=7360778,writes=3404,sectors_written=257450	default [performance] powersave powersupersave 
2026-09-12T23:52:42,826847670-04:00	27570656	0	0	0	0	0	avg10=0.34	avg10=0.34	avg10=44.87	avg10=44.40	pgpgin=42212817,pgpgout=129473,pswpin=0,pswpout=0,	reads=204012,sectors_read=7361090,writes=3406,sectors_written=257466	default [performance] powersave powersupersave 
2026-09-12T23:52:43,991274373-04:00	27570044	0	0	0	0	0	avg10=0.46	avg10=0.46	avg10=44.89	avg10=44.33	pgpgin=42609381,pgpgout=129561,pswpin=0,pswpout=0,	reads=204014,sectors_read=7361274,writes=3410,sectors_written=257642	default [performance] powersave powersupersave 
2026-09-12T23:52:45,134561015-04:00	27573384	0	0	0	0	0	avg10=0.38	avg10=0.38	avg10=46.00	avg10=45.35	pgpgin=42991777,pgpgout=129569,pswpin=0,pswpout=0,	reads=204014,sectors_read=7361274,writes=3412,sectors_written=257658	default [performance] powersave powersupersave 
2026-09-12T23:52:46,274050955-04:00	27583336	0	0	0	0	0	avg10=0.38	avg10=0.38	avg10=46.00	avg10=45.35	pgpgin=43383689,pgpgout=129577,pswpin=0,pswpout=0,	reads=204020,sectors_read=7361322,writes=3414,sectors_written=257674	default [performance] powersave powersupersave 
2026-09-12T23:52:47,423689124-04:00	27566388	0	0	0	0	0	avg10=0.31	avg10=0.31	avg10=45.27	avg10=44.75	pgpgin=43785249,pgpgout=129585,pswpin=0,pswpout=0,	reads=204020,sectors_read=7361322,writes=3416,sectors_written=257690	default [performance] powersave powersupersave 
2026-09-12T23:52:48,569814696-04:00	27545240	0	0	0	0	0	avg10=0.31	avg10=0.31	avg10=45.27	avg10=44.75	pgpgin=44181933,pgpgout=129633,pswpin=0,pswpout=0,	reads=204150,sectors_read=7378610,writes=3418,sectors_written=257706	default [performance] powersave powersupersave 
2026-09-12T23:52:49,708789187-04:00	27518548	0	0	0	0	0	avg10=0.25	avg10=0.25	avg10=45.95	avg10=45.33	pgpgin=44583657,pgpgout=129741,pswpin=0,pswpout=0,	reads=204631,sectors_read=7400362,writes=3423,sectors_written=257922	default [performance] powersave powersupersave 
2026-09-12T23:52:50,860287949-04:00	27534240	0	0	0	0	0	avg10=0.25	avg10=0.25	avg10=45.95	avg10=45.33	pgpgin=44975753,pgpgout=129749,pswpin=0,pswpout=0,	reads=204638,sectors_read=7400482,writes=3425,sectors_written=257938	default [performance] powersave powersupersave 
2026-09-12T23:52:52,004671662-04:00	27560152	0	0	0	0	0	avg10=0.20	avg10=0.20	avg10=45.41	avg10=44.73	pgpgin=45365449,pgpgout=129757,pswpin=0,pswpout=0,	reads=204639,sectors_read=7400498,writes=3427,sectors_written=257954	default [performance] powersave powersupersave 
2026-09-12T23:52:53,147239524-04:00	27539272	0	0	0	0	0	avg10=0.17	avg10=0.17	avg10=44.61	avg10=44.05	pgpgin=45751897,pgpgout=129765,pswpin=0,pswpout=0,	reads=204640,sectors_read=7400754,writes=3429,sectors_written=257970	default [performance] powersave powersupersave 
2026-09-12T23:52:54,293379649-04:00	27527236	0	0	0	0	0	avg10=0.17	avg10=0.17	avg10=44.61	avg10=44.05	pgpgin=46133521,pgpgout=129901,pswpin=0,pswpout=0,	reads=204641,sectors_read=7401010,writes=3433,sectors_written=258242	default [performance] powersave powersupersave 
2026-09-12T23:52:55,436291214-04:00	27541612	0	0	0	0	0	avg10=0.14	avg10=0.14	avg10=45.04	avg10=44.59	pgpgin=46522265,pgpgout=129909,pswpin=0,pswpout=0,	reads=204641,sectors_read=7401010,writes=3435,sectors_written=258258	default [performance] powersave powersupersave 
2026-09-12T23:52:56,584072365-04:00	27546564	0	0	0	0	0	avg10=0.14	avg10=0.14	avg10=45.04	avg10=44.59	pgpgin=46913921,pgpgout=129917,pswpin=0,pswpout=0,	reads=204641,sectors_read=7401010,writes=3437,sectors_written=258274	default [performance] powersave powersupersave 
2026-09-12T23:52:57,727564774-04:00	27564892	0	0	0	0	0	avg10=0.11	avg10=0.11	avg10=45.03	avg10=44.66	pgpgin=47310093,pgpgout=129925,pswpin=0,pswpout=0,	reads=204641,sectors_read=7401010,writes=3439,sectors_written=258290	default [performance] powersave powersupersave 
2026-09-12T23:52:58,867095955-04:00	27528364	0	0	0	0	0	avg10=0.11	avg10=0.11	avg10=45.03	avg10=44.66	pgpgin=47709241,pgpgout=129933,pswpin=0,pswpout=0,	reads=204674,sectors_read=7405674,writes=3441,sectors_written=258306	default [performance] powersave powersupersave 
2026-09-12T23:53:00,014603820-04:00	27543844	0	0	0	0	0	avg10=0.09	avg10=0.09	avg10=43.40	avg10=42.91	pgpgin=48109430,pgpgout=130025,pswpin=0,pswpout=0,	reads=204680,sectors_read=7406618,writes=3445,sectors_written=258490	default [performance] powersave powersupersave 
2026-09-12T23:53:01,154818370-04:00	27529244	0	0	0	0	0	avg10=0.07	avg10=0.07	avg10=42.06	avg10=41.66	pgpgin=48510502,pgpgout=130033,pswpin=0,pswpout=0,	reads=204680,sectors_read=7406618,writes=3447,sectors_written=258506	default [performance] powersave powersupersave 
2026-09-12T23:53:02,293894869-04:00	27530300	0	0	0	0	0	avg10=0.07	avg10=0.07	avg10=42.06	avg10=41.66	pgpgin=48901410,pgpgout=130041,pswpin=0,pswpout=0,	reads=204693,sectors_read=7408282,writes=3449,sectors_written=258522	default [performance] powersave powersupersave 
2026-09-12T23:53:03,438350046-04:00	27521784	0	0	0	0	0	avg10=0.06	avg10=0.06	avg10=40.78	avg10=40.27	pgpgin=49312206,pgpgout=130049,pswpin=0,pswpout=0,	reads=206067,sectors_read=7459058,writes=3451,sectors_written=258538	default [performance] powersave powersupersave 
2026-09-12T23:53:04,593760820-04:00	27543152	0	0	0	0	0	avg10=0.06	avg10=0.06	avg10=40.78	avg10=40.27	pgpgin=49703730,pgpgout=130057,pswpin=0,pswpout=0,	reads=206067,sectors_read=7459058,writes=3453,sectors_written=258554	default [performance] powersave powersupersave 
2026-09-12T23:53:05,750037244-04:00	27500204	0	0	0	0	0	avg10=0.05	avg10=0.05	avg10=41.36	avg10=40.76	pgpgin=50101958,pgpgout=130529,pswpin=0,pswpout=0,	reads=206073,sectors_read=7460266,writes=3481,sectors_written=259498	default [performance] powersave powersupersave 
2026-09-12T23:53:06,899632083-04:00	27545280	0	0	0	0	0	avg10=0.05	avg10=0.05	avg10=41.36	avg10=40.76	pgpgin=50499470,pgpgout=130537,pswpin=0,pswpout=0,	reads=206073,sectors_read=7460266,writes=3483,sectors_written=259514	default [performance] powersave powersupersave 
2026-09-12T23:53:08,067654493-04:00	27537896	0	0	0	0	0	avg10=0.04	avg10=0.04	avg10=42.74	avg10=42.07	pgpgin=50891110,pgpgout=130545,pswpin=0,pswpout=0,	reads=206075,sectors_read=7460282,writes=3485,sectors_written=259530	default [performance] powersave powersupersave 
2026-09-12T23:53:09,217107200-04:00	27525908	0	0	0	0	0	avg10=0.03	avg10=0.03	avg10=42.97	avg10=42.24	pgpgin=51267666,pgpgout=130553,pswpin=0,pswpout=0,	reads=206075,sectors_read=7460282,writes=3487,sectors_written=259546	default [performance] powersave powersupersave 
2026-09-12T23:53:10,378380608-04:00	27556364	0	0	0	0	0	avg10=0.03	avg10=0.03	avg10=42.97	avg10=42.24	pgpgin=51644666,pgpgout=131213,pswpin=0,pswpout=0,	reads=206078,sectors_read=7460586,writes=3496,sectors_written=260866	default [performance] powersave powersupersave 
2026-09-12T23:53:11,538493192-04:00	27551748	0	0	0	0	0	avg10=0.02	avg10=0.02	avg10=42.43	avg10=41.83	pgpgin=52007610,pgpgout=131305,pswpin=0,pswpout=0,	reads=206081,sectors_read=7461050,writes=3500,sectors_written=261050	default [performance] powersave powersupersave 
2026-09-12T23:53:12,701743816-04:00	27550232	0	0	0	0	0	avg10=0.02	avg10=0.02	avg10=42.43	avg10=41.83	pgpgin=52376474,pgpgout=131313,pswpin=0,pswpout=0,	reads=206082,sectors_read=7461290,writes=3502,sectors_written=261066	default [performance] powersave powersupersave 
2026-09-12T23:53:13,872578744-04:00	27537148	0	0	0	0	0	avg10=0.02	avg10=0.02	avg10=42.35	avg10=41.68	pgpgin=52753586,pgpgout=131321,pswpin=0,pswpout=0,	reads=206092,sectors_read=7462666,writes=3504,sectors_written=261082	default [performance] powersave powersupersave 
2026-09-12T23:53:15,026744885-04:00	27547332	0	0	0	0	0	avg10=0.02	avg10=0.02	avg10=42.35	avg10=41.68	pgpgin=53122274,pgpgout=131329,pswpin=0,pswpout=0,	reads=206093,sectors_read=7462922,writes=3506,sectors_written=261098	default [performance] powersave powersupersave 
2026-09-12T23:53:16,178750101-04:00	27562400	0	0	0	0	0	avg10=0.01	avg10=0.01	avg10=41.74	avg10=41.19	pgpgin=53497086,pgpgout=131337,pswpin=0,pswpout=0,	reads=206093,sectors_read=7462922,writes=3508,sectors_written=261114	default [performance] powersave powersupersave 
2026-09-12T23:53:17,344728581-04:00	27572284	0	0	0	0	0	avg10=0.19	avg10=0.19	avg10=42.33	avg10=41.70	pgpgin=53877338,pgpgout=131453,pswpin=0,pswpout=0,	reads=206094,sectors_read=7462930,writes=3512,sectors_written=261346	default [performance] powersave powersupersave 
2026-09-12T23:53:18,496459658-04:00	27557608	0	0	0	0	0	avg10=0.19	avg10=0.19	avg10=42.33	avg10=41.70	pgpgin=54251342,pgpgout=131461,pswpin=0,pswpout=0,	reads=206094,sectors_read=7462930,writes=3514,sectors_written=261362	default [performance] powersave powersupersave 
2026-09-12T23:53:19,665351402-04:00	27536392	0	0	0	0	0	avg10=0.16	avg10=0.16	avg10=42.82	avg10=42.12	pgpgin=54625826,pgpgout=131505,pswpin=0,pswpout=0,	reads=206094,sectors_read=7462930,writes=3516,sectors_written=261378	default [performance] powersave powersupersave 
2026-09-12T23:53:20,822217528-04:00	27371828	0	0	0	0	0	avg10=0.16	avg10=0.16	avg10=42.82	avg10=42.12	pgpgin=55008742,pgpgout=131593,pswpin=0,pswpout=0,	reads=206094,sectors_read=7462930,writes=3521,sectors_written=261554	default [performance] powersave powersupersave 
2026-09-12T23:53:21,992586019-04:00	27419312	0	0	0	0	0	avg10=0.31	avg10=0.31	avg10=43.03	avg10=42.28	pgpgin=55388658,pgpgout=131601,pswpin=0,pswpout=0,	reads=206094,sectors_read=7462930,writes=3523,sectors_written=261570	default [performance] powersave powersupersave 
2026-09-12T23:53:23,154729766-04:00	27519092	0	0	0	0	0	avg10=0.43	avg10=0.43	avg10=43.57	avg10=42.77	pgpgin=55777838,pgpgout=131713,pswpin=0,pswpout=0,	reads=206094,sectors_read=7462930,writes=3527,sectors_written=261794	default [performance] powersave powersupersave 
2026-09-12T23:53:24,308069366-04:00	27500980	0	0	0	0	0	avg10=0.43	avg10=0.43	avg10=43.57	avg10=42.77	pgpgin=56151850,pgpgout=131721,pswpin=0,pswpout=0,	reads=206094,sectors_read=7462930,writes=3529,sectors_written=261810	default [performance] powersave powersupersave 
2026-09-12T23:53:25,458633863-04:00	27489360	0	0	0	0	0	avg10=0.53	avg10=0.53	avg10=43.10	avg10=42.27	pgpgin=56540186,pgpgout=131729,pswpin=0,pswpout=0,	reads=206094,sectors_read=7462930,writes=3531,sectors_written=261826	default [performance] powersave powersupersave 
2026-09-12T23:53:26,632383418-04:00	27471824	0	0	0	0	0	avg10=0.53	avg10=0.53	avg10=43.10	avg10=42.27	pgpgin=56937410,pgpgout=131737,pswpin=0,pswpout=0,	reads=206095,sectors_read=7463186,writes=3533,sectors_written=261842	default [performance] powersave powersupersave 
2026-09-12T23:53:27,791425346-04:00	27477040	0	0	0	0	0	avg10=0.44	avg10=0.44	avg10=43.44	avg10=42.58	pgpgin=57343842,pgpgout=131745,pswpin=0,pswpout=0,	reads=206097,sectors_read=7463698,writes=3535,sectors_written=261858	default [performance] powersave powersupersave 
2026-09-12T23:53:28,957339436-04:00	27514360	0	0	0	0	0	avg10=0.44	avg10=0.44	avg10=43.44	avg10=42.58	pgpgin=57752982,pgpgout=131841,pswpin=0,pswpout=0,	reads=206097,sectors_read=7463698,writes=3539,sectors_written=262050	default [performance] powersave powersupersave 
2026-09-12T23:53:30,115872430-04:00	27480168	0	0	0	0	0	avg10=0.90	avg10=0.90	avg10=43.91	avg10=43.02	pgpgin=58164650,pgpgout=131849,pswpin=0,pswpout=0,	reads=206099,sectors_read=7463970,writes=3541,sectors_written=262066	default [performance] powersave powersupersave 
2026-09-12T23:53:31,272088686-04:00	27482936	0	0	0	0	0	avg10=0.74	avg10=0.74	avg10=43.38	avg10=42.47	pgpgin=58646342,pgpgout=131857,pswpin=0,pswpout=0,	reads=206497,sectors_read=7629450,writes=3543,sectors_written=262082	default [performance] powersave powersupersave 
2026-09-12T23:53:32,427142497-04:00	27482184	0	0	0	0	0	avg10=0.74	avg10=0.74	avg10=43.38	avg10=42.47	pgpgin=59043622,pgpgout=131865,pswpin=0,pswpout=0,	reads=206503,sectors_read=7629994,writes=3545,sectors_written=262098	default [performance] powersave powersupersave 
2026-09-12T23:53:33,576948314-04:00	27480824	0	0	0	0	0	avg10=0.60	avg10=0.60	avg10=43.49	avg10=42.75	pgpgin=59442202,pgpgout=131873,pswpin=0,pswpout=0,	reads=206509,sectors_read=7630042,writes=3547,sectors_written=262114	default [performance] powersave powersupersave 
2026-09-12T23:53:34,710231058-04:00	27455592	0	0	0	0	0	avg10=0.60	avg10=0.60	avg10=43.49	avg10=42.75	pgpgin=59859054,pgpgout=131977,pswpin=0,pswpout=0,	reads=207154,sectors_read=7694170,writes=3551,sectors_written=262322	default [performance] powersave powersupersave 
2026-09-12T23:53:36,062800022-04:00	26929896	0	0	0	0	0	avg10=0.49	avg10=0.49	avg10=42.13	avg10=41.52	pgpgin=60430614,pgpgout=131985,pswpin=0,pswpout=0,	reads=209998,sectors_read=8091634,writes=3553,sectors_written=262338	default [performance] powersave powersupersave 
2026-09-12T23:53:37,219352975-04:00	27239828	0	0	0	0	0	avg10=1.85	avg10=1.85	avg10=39.75	avg10=39.07	pgpgin=60857590,pgpgout=132369,pswpin=0,pswpout=0,	reads=211381,sectors_read=8163802,writes=3618,sectors_written=263106	default [performance] powersave powersupersave 
2026-09-12T23:53:38,373454765-04:00	27269120	0	0	0	0	0	avg10=1.85	avg10=1.85	avg10=39.75	avg10=39.07	pgpgin=61228646,pgpgout=132377,pswpin=0,pswpout=0,	reads=211394,sectors_read=8164034,writes=3620,sectors_written=263122	default [performance] powersave powersupersave 
2026-09-12T23:53:39,523237044-04:00	27240204	0	0	0	0	0	avg10=1.51	avg10=1.51	avg10=41.61	avg10=40.87	pgpgin=61602102,pgpgout=132481,pswpin=0,pswpout=0,	reads=211458,sectors_read=8168138,writes=3624,sectors_written=263330	default [performance] powersave powersupersave 
2026-09-12T23:53:40,674217725-04:00	27261080	0	0	0	0	0	avg10=1.51	avg10=1.51	avg10=41.61	avg10=40.87	pgpgin=61980342,pgpgout=132489,pswpin=0,pswpout=0,	reads=211472,sectors_read=8168458,writes=3626,sectors_written=263346	default [performance] powersave powersupersave 
2026-09-12T23:53:41,831845840-04:00	27257972	0	0	0	0	0	avg10=1.24	avg10=1.24	avg10=43.67	avg10=42.89	pgpgin=62361826,pgpgout=132497,pswpin=0,pswpout=0,	reads=211477,sectors_read=8168682,writes=3628,sectors_written=263362	default [performance] powersave powersupersave 
2026-09-12T23:53:42,990237277-04:00	27271140	0	0	0	0	0	avg10=1.24	avg10=1.24	avg10=43.67	avg10=42.89	pgpgin=62741394,pgpgout=132505,pswpin=0,pswpout=0,	reads=211500,sectors_read=8169946,writes=3630,sectors_written=263378	default [performance] powersave powersupersave 
2026-09-12T23:53:44,148340693-04:00	27048176	0	0	0	0	0	avg10=1.01	avg10=1.01	avg10=45.18	avg10=44.17	pgpgin=63123866,pgpgout=132513,pswpin=0,pswpout=0,	reads=211543,sectors_read=8171338,writes=3632,sectors_written=263394	default [performance] powersave powersupersave 
2026-09-12T23:53:45,311926350-04:00	27255020	0	0	0	0	0	avg10=0.83	avg10=0.83	avg10=45.69	avg10=44.50	pgpgin=63513050,pgpgout=132613,pswpin=0,pswpout=0,	reads=211719,sectors_read=8181458,writes=3636,sectors_written=263594	default [performance] powersave powersupersave 
2026-09-12T23:53:46,468545932-04:00	27083324	0	0	0	0	0	avg10=0.83	avg10=0.83	avg10=45.69	avg10=44.50	pgpgin=63939422,pgpgout=132621,pswpin=0,pswpout=0,	reads=212805,sectors_read=8249450,writes=3638,sectors_written=263610	default [performance] powersave powersupersave 
2026-09-12T23:53:47,602440613-04:00	27020920	0	0	0	0	0	avg10=0.68	avg10=0.68	avg10=45.02	avg10=44.05	pgpgin=64354734,pgpgout=132629,pswpin=0,pswpout=0,	reads=213606,sectors_read=8286466,writes=3640,sectors_written=263626	default [performance] powersave powersupersave 
2026-09-12T23:53:48,705254247-04:00	27499256	0	0	0	0	0	avg10=0.68	avg10=0.68	avg10=45.02	avg10=44.05	pgpgin=64807242,pgpgout=132653,pswpin=0,pswpout=0,	reads=214960,sectors_read=8402562,writes=3643,sectors_written=263674	default [performance] powersave powersupersave 
2026-09-12T23:53:49,837113543-04:00	27536128	0	0	0	0	0	avg10=0.55	avg10=0.55	avg10=42.66	avg10=41.68	pgpgin=65170902,pgpgout=132661,pswpin=0,pswpout=0,	reads=215633,sectors_read=8412562,writes=3645,sectors_written=263690	default [performance] powersave powersupersave 
2026-09-12T23:53:50,993658446-04:00	27519332	0	0	0	0	0	avg10=0.55	avg10=0.55	avg10=42.66	avg10=41.68	pgpgin=65535714,pgpgout=132893,pswpin=0,pswpout=0,	reads=215698,sectors_read=8415258,writes=3649,sectors_written=264074	default [performance] powersave powersupersave 
2026-09-12T23:53:52,124585957-04:00	27475432	0	0	0	0	0	avg10=0.45	avg10=0.45	avg10=42.36	avg10=41.38	pgpgin=65893014,pgpgout=132901,pswpin=0,pswpout=0,	reads=215698,sectors_read=8415258,writes=3651,sectors_written=264090	default [performance] powersave powersupersave 
2026-09-12T23:53:53,256750275-04:00	27486468	0	0	0	0	0	avg10=0.37	avg10=0.37	avg10=41.93	avg10=41.13	pgpgin=66263214,pgpgout=132909,pswpin=0,pswpout=0,	reads=215698,sectors_read=8415258,writes=3653,sectors_written=264106	default [performance] powersave powersupersave 
2026-09-12T23:53:54,401835207-04:00	27518408	0	0	0	0	0	avg10=0.37	avg10=0.37	avg10=41.93	avg10=41.13	pgpgin=66647250,pgpgout=132917,pswpin=0,pswpout=0,	reads=215699,sectors_read=8415266,writes=3655,sectors_written=264122	default [performance] powersave powersupersave 
2026-09-12T23:53:55,536429975-04:00	27518188	0	0	0	0	0	avg10=0.30	avg10=0.30	avg10=40.67	avg10=39.83	pgpgin=67031190,pgpgout=132925,pswpin=0,pswpout=0,	reads=215715,sectors_read=8416202,writes=3657,sectors_written=264138	default [performance] powersave powersupersave 
2026-09-12T23:53:56,651827333-04:00	27514392	0	0	0	0	0	avg10=0.30	avg10=0.30	avg10=40.67	avg10=39.83	pgpgin=67407142,pgpgout=133021,pswpin=0,pswpout=0,	reads=215715,sectors_read=8416202,writes=3661,sectors_written=264330	default [performance] powersave powersupersave 
2026-09-12T23:53:57,788671323-04:00	27536208	0	0	0	0	0	avg10=0.25	avg10=0.25	avg10=41.46	avg10=40.59	pgpgin=67789154,pgpgout=133029,pswpin=0,pswpout=0,	reads=215718,sectors_read=8416226,writes=3663,sectors_written=264346	default [performance] powersave powersupersave 
2026-09-12T23:53:58,933073313-04:00	27521964	0	0	0	0	0	avg10=0.25	avg10=0.25	avg10=41.46	avg10=40.59	pgpgin=68161146,pgpgout=133037,pswpin=0,pswpout=0,	reads=215718,sectors_read=8416226,writes=3665,sectors_written=264362	default [performance] powersave powersupersave 
2026-09-12T23:54:00,067702494-04:00	27527072	0	0	0	0	0	avg10=0.20	avg10=0.20	avg10=41.74	avg10=40.84	pgpgin=68527638,pgpgout=133045,pswpin=0,pswpout=0,	reads=215718,sectors_read=8416226,writes=3667,sectors_written=264378	default [performance] powersave powersupersave 
2026-09-12T23:54:01,215236240-04:00	27534036	0	0	0	0	0	avg10=0.16	avg10=0.16	avg10=40.88	avg10=39.97	pgpgin=68890254,pgpgout=133053,pswpin=0,pswpout=0,	reads=215718,sectors_read=8416226,writes=3669,sectors_written=264394	default [performance] powersave powersupersave 
2026-09-12T23:54:02,361930238-04:00	27437892	0	0	0	0	0	avg10=0.16	avg10=0.16	avg10=40.88	avg10=39.97	pgpgin=69255258,pgpgout=133169,pswpin=0,pswpout=0,	reads=215739,sectors_read=8417658,writes=3673,sectors_written=264626	default [performance] powersave powersupersave 
2026-09-12T23:54:03,469988902-04:00	27516316	0	0	0	0	0	avg10=0.31	avg10=0.31	avg10=39.99	avg10=39.25	pgpgin=69635622,pgpgout=133177,pswpin=0,pswpout=0,	reads=215741,sectors_read=8417890,writes=3675,sectors_written=264642	default [performance] powersave powersupersave 
2026-09-12T23:54:04,575083663-04:00	27508772	0	0	0	0	0	avg10=0.31	avg10=0.31	avg10=39.99	avg10=39.25	pgpgin=70005134,pgpgout=133185,pswpin=0,pswpout=0,	reads=215748,sectors_read=8418674,writes=3677,sectors_written=264658	default [performance] powersave powersupersave 
2026-09-12T23:54:05,688324076-04:00	27514720	0	0	0	0	0	avg10=0.44	avg10=0.44	avg10=40.36	avg10=39.56	pgpgin=70365522,pgpgout=133193,pswpin=0,pswpout=0,	reads=215749,sectors_read=8418930,writes=3679,sectors_written=264674	default [performance] powersave powersupersave 
2026-09-12T23:54:06,832118797-04:00	27527368	0	0	0	0	0	avg10=0.44	avg10=0.44	avg10=40.36	avg10=39.56	pgpgin=70741110,pgpgout=133201,pswpin=0,pswpout=0,	reads=215749,sectors_read=8418930,writes=3681,sectors_written=264690	default [performance] powersave powersupersave 
2026-09-12T23:54:07,964119833-04:00	27515528	0	0	0	0	0	avg10=0.54	avg10=0.54	avg10=41.38	avg10=40.18	pgpgin=71107178,pgpgout=133293,pswpin=0,pswpout=0,	reads=215750,sectors_read=8418938,writes=3685,sectors_written=264874	default [performance] powersave powersupersave 
2026-09-12T23:54:09,083275820-04:00	27506568	0	0	0	0	0	avg10=0.54	avg10=0.54	avg10=41.38	avg10=40.18	pgpgin=71480638,pgpgout=133301,pswpin=0,pswpout=0,	reads=215751,sectors_read=8418946,writes=3687,sectors_written=264890	default [performance] powersave powersupersave 
2026-09-12T23:54:10,208095843-04:00	27514568	0	0	0	0	0	avg10=0.44	avg10=0.44	avg10=40.22	avg10=39.06	pgpgin=71842782,pgpgout=133309,pswpin=0,pswpout=0,	reads=215751,sectors_read=8418946,writes=3689,sectors_written=264906	default [performance] powersave powersupersave 
2026-09-12T23:54:11,341770264-04:00	27531424	0	0	0	0	0	avg10=0.36	avg10=0.36	avg10=40.72	avg10=39.59	pgpgin=72226434,pgpgout=133485,pswpin=0,pswpout=0,	reads=215751,sectors_read=8418946,writes=3732,sectors_written=265258	default [performance] powersave powersupersave 
2026-09-12T23:54:12,489934733-04:00	27525208	0	0	0	0	0	avg10=0.36	avg10=0.36	avg10=40.72	avg10=39.59	pgpgin=72601098,pgpgout=133493,pswpin=0,pswpout=0,	reads=215751,sectors_read=8418946,writes=3734,sectors_written=265274	default [performance] powersave powersupersave 
2026-09-12T23:54:13,627708873-04:00	27533936	0	0	0	0	0	avg10=0.29	avg10=0.29	avg10=41.14	avg10=40.21	pgpgin=72968330,pgpgout=133597,pswpin=0,pswpout=0,	reads=215827,sectors_read=8424946,writes=3738,sectors_written=265482	default [performance] powersave powersupersave 
2026-09-12T23:54:14,751677421-04:00	27508500	0	0	0	0	0	avg10=0.29	avg10=0.29	avg10=41.14	avg10=40.21	pgpgin=73346566,pgpgout=133605,pswpin=0,pswpout=0,	reads=215836,sectors_read=8425466,writes=3740,sectors_written=265498	default [performance] powersave powersupersave 
2026-09-12T23:54:15,877471571-04:00	27517980	0	0	0	0	0	avg10=0.24	avg10=0.24	avg10=40.93	avg10=39.99	pgpgin=73739266,pgpgout=133613,pswpin=0,pswpout=0,	reads=215836,sectors_read=8425466,writes=3742,sectors_written=265514	default [performance] powersave powersupersave 
2026-09-12T23:54:17,007265827-04:00	27522236	0	0	0	0	0	avg10=0.24	avg10=0.24	avg10=40.93	avg10=39.99	pgpgin=74137766,pgpgout=133621,pswpin=0,pswpout=0,	reads=215836,sectors_read=8425466,writes=3744,sectors_written=265530	default [performance] powersave powersupersave 
2026-09-12T23:54:18,115238844-04:00	27530772	0	0	0	0	0	avg10=0.19	avg10=0.19	avg10=40.58	avg10=39.81	pgpgin=74541870,pgpgout=133629,pswpin=0,pswpout=0,	reads=215836,sectors_read=8425466,writes=3746,sectors_written=265546	default [performance] powersave powersupersave 
2026-09-12T23:54:19,244436475-04:00	27510336	0	0	0	0	0	avg10=0.16	avg10=0.16	avg10=40.47	avg10=39.66	pgpgin=74948366,pgpgout=133713,pswpin=0,pswpout=0,	reads=215836,sectors_read=8425466,writes=3750,sectors_written=265714	default [performance] powersave powersupersave 
2026-09-12T23:54:20,373232771-04:00	27539596	0	0	0	0	0	avg10=0.16	avg10=0.16	avg10=40.47	avg10=39.66	pgpgin=75320922,pgpgout=133721,pswpin=0,pswpout=0,	reads=215836,sectors_read=8425466,writes=3752,sectors_written=265730	default [performance] powersave powersupersave 
2026-09-12T23:54:21,496706080-04:00	27527104	0	0	0	0	0	avg10=0.13	avg10=0.13	avg10=41.11	avg10=40.27	pgpgin=75671934,pgpgout=133749,pswpin=0,pswpout=0,	reads=215837,sectors_read=8425474,writes=3756,sectors_written=265786	default [performance] powersave powersupersave 
2026-09-12T23:54:22,621793509-04:00	27515776	0	0	0	0	0	avg10=0.13	avg10=0.13	avg10=41.11	avg10=40.27	pgpgin=76055726,pgpgout=133797,pswpin=0,pswpout=0,	reads=215837,sectors_read=8425474,writes=3758,sectors_written=265802	default [performance] powersave powersupersave 
2026-09-12T23:54:23,744664422-04:00	27534764	0	0	0	0	0	avg10=0.10	avg10=0.10	avg10=41.09	avg10=40.22	pgpgin=76429850,pgpgout=133805,pswpin=0,pswpout=0,	reads=215837,sectors_read=8425474,writes=3760,sectors_written=265818	default [performance] powersave powersupersave 
2026-09-12T23:54:24,878807568-04:00	27517756	0	0	0	0	0	avg10=0.10	avg10=0.10	avg10=41.09	avg10=40.22	pgpgin=76826546,pgpgout=133909,pswpin=0,pswpout=0,	reads=215838,sectors_read=8425602,writes=3764,sectors_written=266026	default [performance] powersave powersupersave 
2026-09-12T23:54:26,023678832-04:00	27514172	0	0	0	0	0	avg10=0.08	avg10=0.08	avg10=40.35	avg10=39.63	pgpgin=77201762,pgpgout=133917,pswpin=0,pswpout=0,	reads=215838,sectors_read=8425602,writes=3766,sectors_written=266042	default [performance] powersave powersupersave 
2026-09-12T23:54:27,144386932-04:00	27476888	0	0	0	0	0	avg10=0.08	avg10=0.08	avg10=40.35	avg10=39.63	pgpgin=77576870,pgpgout=133925,pswpin=0,pswpout=0,	reads=215838,sectors_read=8425602,writes=3768,sectors_written=266058	default [performance] powersave powersupersave 
2026-09-12T23:54:28,280328316-04:00	27528892	0	0	0	0	0	avg10=0.07	avg10=0.07	avg10=40.28	avg10=39.52	pgpgin=77976930,pgpgout=133933,pswpin=0,pswpout=0,	reads=215838,sectors_read=8425602,writes=3770,sectors_written=266074	default [performance] powersave powersupersave 
2026-09-12T23:54:29,415627768-04:00	27531340	0	0	0	0	0	avg10=0.05	avg10=0.05	avg10=40.23	avg10=39.42	pgpgin=78357446,pgpgout=133941,pswpin=0,pswpout=0,	reads=215838,sectors_read=8425602,writes=3772,sectors_written=266090	default [performance] powersave powersupersave 
2026-09-12T23:54:30,553696864-04:00	27548180	0	0	0	0	0	avg10=0.05	avg10=0.05	avg10=40.23	avg10=39.42	pgpgin=78748518,pgpgout=134033,pswpin=0,pswpout=0,	reads=215838,sectors_read=8425602,writes=3776,sectors_written=266274	default [performance] powersave powersupersave 
2026-09-12T23:54:31,689732672-04:00	27510864	0	0	0	0	0	avg10=0.04	avg10=0.04	avg10=39.83	avg10=39.16	pgpgin=79161294,pgpgout=134041,pswpin=0,pswpout=0,	reads=215838,sectors_read=8425602,writes=3778,sectors_written=266290	default [performance] powersave powersupersave 
2026-09-12T23:54:32,824304541-04:00	27524292	0	0	0	0	0	avg10=0.04	avg10=0.04	avg10=39.83	avg10=39.16	pgpgin=79544002,pgpgout=134049,pswpin=0,pswpout=0,	reads=215838,sectors_read=8425602,writes=3780,sectors_written=266306	default [performance] powersave powersupersave 
2026-09-12T23:54:33,967371543-04:00	27509548	0	0	0	0	0	avg10=0.03	avg10=0.03	avg10=40.04	avg10=39.50	pgpgin=79915374,pgpgout=134057,pswpin=0,pswpout=0,	reads=215838,sectors_read=8425602,writes=3782,sectors_written=266322	default [performance] powersave powersupersave 
2026-09-12T23:54:35,110877231-04:00	27513224	0	0	0	0	0	avg10=0.03	avg10=0.03	avg10=40.04	avg10=39.50	pgpgin=80308894,pgpgout=134065,pswpin=0,pswpout=0,	reads=215838,sectors_read=8425602,writes=3784,sectors_written=266338	default [performance] powersave powersupersave 
2026-09-12T23:54:36,286293227-04:00	27555076	0	0	0	0	0	avg10=0.03	avg10=0.03	avg10=40.21	avg10=39.77	pgpgin=80507838,pgpgout=134161,pswpin=0,pswpout=0,	reads=215838,sectors_read=8425602,writes=3788,sectors_written=266530	default [performance] powersave powersupersave 
2026-09-12T23:54:37,530486457-04:00	27507264	0	0	0	0	0	avg10=0.02	avg10=0.02	avg10=42.71	avg10=42.16	pgpgin=80687910,pgpgout=134169,pswpin=0,pswpout=0,	reads=215838,sectors_read=8425602,writes=3790,sectors_written=266546	default [performance] powersave powersupersave 
2026-09-12T23:54:38,748927726-04:00	27518100	0	0	0	0	0	avg10=0.02	avg10=0.02	avg10=42.71	avg10=42.16	pgpgin=80869502,pgpgout=134177,pswpin=0,pswpout=0,	reads=215838,sectors_read=8425602,writes=3792,sectors_written=266562	default [performance] powersave powersupersave 
2026-09-12T23:54:39,937879793-04:00	27526260	0	0	0	0	0	avg10=0.02	avg10=0.02	avg10=44.57	avg10=43.94	pgpgin=81051498,pgpgout=134185,pswpin=0,pswpout=0,	reads=215838,sectors_read=8425602,writes=3794,sectors_written=266578	default [performance] powersave powersupersave 
2026-09-12T23:54:41,189979564-04:00	27530088	0	0	0	0	0	avg10=0.01	avg10=0.01	avg10=45.55	avg10=44.86	pgpgin=81251006,pgpgout=134193,pswpin=0,pswpout=0,	reads=215838,sectors_read=8425602,writes=3796,sectors_written=266594	default [performance] powersave powersupersave 
2026-09-12T23:54:42,437132181-04:00	27514396	0	0	0	0	0	avg10=0.01	avg10=0.01	avg10=45.55	avg10=44.86	pgpgin=81444678,pgpgout=134301,pswpin=0,pswpout=0,	reads=215838,sectors_read=8425602,writes=3800,sectors_written=266810	default [performance] powersave powersupersave 
2026-09-12T23:54:43,640059340-04:00	27506356	0	0	0	0	0	avg10=0.01	avg10=0.01	avg10=46.00	avg10=45.25	pgpgin=81685986,pgpgout=134309,pswpin=0,pswpout=0,	reads=215848,sectors_read=8426530,writes=3802,sectors_written=266826	default [performance] powersave powersupersave 
2026-09-12T23:54:44,783314219-04:00	27486148	0	0	0	0	0	avg10=0.01	avg10=0.01	avg10=46.00	avg10=45.25	pgpgin=82049610,pgpgout=134317,pswpin=0,pswpout=0,	reads=215849,sectors_read=8426538,writes=3804,sectors_written=266842	default [performance] powersave powersupersave 
2026-09-12T23:54:45,923371716-04:00	27354860	0	0	0	0	0	avg10=0.01	avg10=0.01	avg10=44.55	avg10=43.75	pgpgin=82433230,pgpgout=134325,pswpin=0,pswpout=0,	reads=215849,sectors_read=8426538,writes=3806,sectors_written=266858	default [performance] powersave powersupersave 
2026-09-12T23:54:47,054628012-04:00	27499164	0	0	0	0	0	avg10=0.01	avg10=0.01	avg10=44.55	avg10=43.75	pgpgin=82827410,pgpgout=134405,pswpin=0,pswpout=0,	reads=215849,sectors_read=8426538,writes=3826,sectors_written=267018	default [performance] powersave powersupersave 
2026-09-12T23:54:48,193329294-04:00	27494296	0	0	0	0	0	avg10=0.00	avg10=0.00	avg10=44.08	avg10=43.43	pgpgin=83220350,pgpgout=134517,pswpin=0,pswpout=0,	reads=215849,sectors_read=8426538,writes=3830,sectors_written=267242	default [performance] powersave powersupersave 
2026-09-12T23:54:49,314894454-04:00	27499084	0	0	0	0	0	avg10=0.00	avg10=0.00	avg10=43.89	avg10=43.17	pgpgin=83598830,pgpgout=134525,pswpin=0,pswpout=0,	reads=215849,sectors_read=8426538,writes=3832,sectors_written=267258	default [performance] powersave powersupersave 
2026-09-12T23:54:50,458182626-04:00	27482628	0	0	0	0	0	avg10=0.00	avg10=0.00	avg10=43.89	avg10=43.17	pgpgin=83985590,pgpgout=134533,pswpin=0,pswpout=0,	reads=215849,sectors_read=8426538,writes=3834,sectors_written=267274	default [performance] powersave powersupersave 
2026-09-12T23:54:51,588211702-04:00	26999856	0	0	0	0	0	avg10=0.18	avg10=0.18	avg10=42.82	avg10=42.05	pgpgin=84378922,pgpgout=134541,pswpin=0,pswpout=0,	reads=215849,sectors_read=8426538,writes=3836,sectors_written=267290	default [performance] powersave powersupersave 
2026-09-12T23:54:52,731844064-04:00	27124632	0	0	0	0	0	avg10=0.18	avg10=0.18	avg10=42.82	avg10=42.05	pgpgin=84775378,pgpgout=134549,pswpin=0,pswpout=0,	reads=215849,sectors_read=8426538,writes=3838,sectors_written=267306	default [performance] powersave powersupersave 
2026-09-12T23:54:53,863645686-04:00	27522064	0	0	0	0	0	avg10=0.51	avg10=0.51	avg10=41.58	avg10=40.77	pgpgin=85162274,pgpgout=134701,pswpin=0,pswpout=0,	reads=215853,sectors_read=8426858,writes=3842,sectors_written=267506	default [performance] powersave powersupersave 
2026-09-12T23:54:54,973532704-04:00	27514904	0	0	0	0	0	avg10=0.51	avg10=0.51	avg10=41.58	avg10=40.77	pgpgin=85526786,pgpgout=134709,pswpin=0,pswpout=0,	reads=215853,sectors_read=8426858,writes=3844,sectors_written=267522	default [performance] powersave powersupersave 
2026-09-12T23:54:56,110286032-04:00	27520792	0	0	0	0	0	avg10=0.78	avg10=0.78	avg10=41.48	avg10=40.63	pgpgin=85918790,pgpgout=134717,pswpin=0,pswpout=0,	reads=215933,sectors_read=8430842,writes=3846,sectors_written=267538	default [performance] powersave powersupersave 
2026-09-12T23:54:57,242276014-04:00	27520252	0	0	0	0	0	avg10=0.64	avg10=0.64	avg10=41.03	avg10=40.34	pgpgin=86293322,pgpgout=134725,pswpin=0,pswpout=0,	reads=215938,sectors_read=8430890,writes=3848,sectors_written=267554	default [performance] powersave powersupersave 
2026-09-12T23:54:58,381869909-04:00	27505356	0	0	0	0	0	avg10=0.64	avg10=0.64	avg10=41.03	avg10=40.34	pgpgin=86687934,pgpgout=134869,pswpin=0,pswpout=0,	reads=216037,sectors_read=8443322,writes=3853,sectors_written=267842	default [performance] powersave powersupersave 
2026-09-12T23:54:59,527969810-04:00	27473664	0	0	0	0	0	avg10=0.70	avg10=0.70	avg10=41.75	avg10=41.00	pgpgin=87078618,pgpgout=134877,pswpin=0,pswpout=0,	reads=216037,sectors_read=8443322,writes=3855,sectors_written=267858	default [performance] powersave powersupersave 
2026-09-12T23:55:00,679357935-04:00	27401956	0	0	0	0	0	avg10=0.70	avg10=0.70	avg10=41.75	avg10=41.00	pgpgin=87472738,pgpgout=134885,pswpin=0,pswpout=0,	reads=216038,sectors_read=8443330,writes=3857,sectors_written=267874	default [performance] powersave powersupersave 
2026-09-12T23:55:02,182071412-04:00	27556260	0	0	0	0	0	avg10=0.76	avg10=0.76	avg10=41.97	avg10=41.18	pgpgin=87813426,pgpgout=134893,pswpin=0,pswpout=0,	reads=216349,sectors_read=8460682,writes=3859,sectors_written=267890	default [performance] powersave powersupersave 
2026-09-12T23:55:03,305686129-04:00	27494668	0	0	0	0	0	avg10=2.25	avg10=2.25	avg10=40.89	avg10=40.06	pgpgin=88230758,pgpgout=135005,pswpin=0,pswpout=0,	reads=217408,sectors_read=8544394,writes=3863,sectors_written=268114	default [performance] powersave powersupersave 
2026-09-12T23:55:04,463017926-04:00	27530164	0	0	0	0	0	avg10=2.25	avg10=2.25	avg10=40.89	avg10=40.06	pgpgin=88614558,pgpgout=135013,pswpin=0,pswpout=0,	reads=217431,sectors_read=8545026,writes=3865,sectors_written=268130	default [performance] powersave powersupersave 
2026-09-12T23:55:05,599416340-04:00	27489880	0	0	0	0	0	avg10=1.84	avg10=1.84	avg10=40.37	avg10=39.50	pgpgin=89037314,pgpgout=145237,pswpin=0,pswpout=0,	reads=222504,sectors_read=8680874,writes=3889,sectors_written=288578	default [performance] powersave powersupersave 
2026-09-12T23:55:06,740991627-04:00	27448516	0	0	0	0	0	avg10=1.84	avg10=1.84	avg10=40.37	avg10=39.50	pgpgin=89429230,pgpgout=145249,pswpin=0,pswpout=0,	reads=223407,sectors_read=8760730,writes=3892,sectors_written=288602	default [performance] powersave powersupersave 
2026-09-12T23:55:07,883607183-04:00	27521552	0	0	0	0	0	avg10=1.51	avg10=1.51	avg10=38.85	avg10=37.96	pgpgin=89792550,pgpgout=145257,pswpin=0,pswpout=0,	reads=223752,sectors_read=8770690,writes=3894,sectors_written=288618	default [performance] powersave powersupersave 
2026-09-12T23:55:09,033656327-04:00	27515784	0	0	0	0	0	avg10=1.51	avg10=1.51	avg10=38.85	avg10=37.96	pgpgin=90155950,pgpgout=145585,pswpin=0,pswpout=0,	reads=223770,sectors_read=8771242,writes=3898,sectors_written=289274	default [performance] powersave powersupersave 
2026-09-12T23:55:10,170109860-04:00	27510520	0	0	0	0	0	avg10=1.41	avg10=1.41	avg10=38.69	avg10=37.79	pgpgin=90540102,pgpgout=145593,pswpin=0,pswpout=0,	reads=223775,sectors_read=8771282,writes=3900,sectors_written=289290	default [performance] powersave powersupersave 
2026-09-12T23:55:11,303989067-04:00	27515724	0	0	0	0	0	avg10=1.16	avg10=1.16	avg10=37.66	avg10=36.92	pgpgin=90923698,pgpgout=145601,pswpin=0,pswpout=0,	reads=223775,sectors_read=8771282,writes=3902,sectors_written=289306	default [performance] powersave powersupersave 
2026-09-12T23:55:12,445890219-04:00	27513148	0	0	0	0	0	avg10=1.16	avg10=1.16	avg10=37.66	avg10=36.92	pgpgin=91298494,pgpgout=145609,pswpin=0,pswpout=0,	reads=223775,sectors_read=8771282,writes=3904,sectors_written=289322	default [performance] powersave powersupersave 
2026-09-12T23:55:13,567527518-04:00	27381180	0	0	0	0	0	avg10=1.13	avg10=1.13	avg10=37.90	avg10=37.11	pgpgin=91659490,pgpgout=145617,pswpin=0,pswpout=0,	reads=223896,sectors_read=8781802,writes=3906,sectors_written=289338	default [performance] powersave powersupersave 
2026-09-12T23:55:14,694452205-04:00	27523872	0	0	0	0	0	avg10=1.13	avg10=1.13	avg10=37.90	avg10=37.11	pgpgin=92047560,pgpgout=145709,pswpin=0,pswpout=0,	reads=223905,sectors_read=8782834,writes=3910,sectors_written=289522	default [performance] powersave powersupersave 
2026-09-12T23:55:15,827516035-04:00	27506132	0	0	0	0	0	avg10=0.92	avg10=0.92	avg10=37.19	avg10=36.37	pgpgin=92426628,pgpgout=145717,pswpin=0,pswpout=0,	reads=223905,sectors_read=8782834,writes=3912,sectors_written=289538	default [performance] powersave powersupersave 
2026-09-12T23:55:16,964044777-04:00	27518776	0	0	0	0	0	avg10=0.92	avg10=0.92	avg10=37.19	avg10=36.37	pgpgin=92810860,pgpgout=145725,pswpin=0,pswpout=0,	reads=223908,sectors_read=8782986,writes=3914,sectors_written=289554	default [performance] powersave powersupersave 
2026-09-12T23:55:18,087540016-04:00	27523292	0	0	0	0	0	avg10=0.75	avg10=0.75	avg10=38.06	avg10=37.21	pgpgin=93215836,pgpgout=145733,pswpin=0,pswpout=0,	reads=223908,sectors_read=8782986,writes=3916,sectors_written=289570	default [performance] powersave powersupersave 
2026-09-12T23:55:19,218141447-04:00	27310264	0	0	0	0	0	avg10=0.62	avg10=0.62	avg10=38.41	avg10=37.53	pgpgin=93622484,pgpgout=145741,pswpin=0,pswpout=0,	reads=223911,sectors_read=8783250,writes=3918,sectors_written=289586	default [performance] powersave powersupersave 
2026-09-12T23:55:20,345229367-04:00	27522240	0	0	0	0	0	avg10=0.62	avg10=0.62	avg10=38.41	avg10=37.53	pgpgin=93999512,pgpgout=145849,pswpin=0,pswpout=0,	reads=223920,sectors_read=8783522,writes=3922,sectors_written=289802	default [performance] powersave powersupersave 
2026-09-12T23:55:21,427862497-04:00	27495176	0	0	0	0	0	avg10=0.50	avg10=0.50	avg10=38.70	avg10=37.80	pgpgin=94271504,pgpgout=145857,pswpin=0,pswpout=0,	reads=223948,sectors_read=8785578,writes=3924,sectors_written=289818	default [performance] powersave powersupersave 
2026-09-12T23:55:22,534278475-04:00	27446856	0	0	0	0	0	avg10=0.50	avg10=0.50	avg10=38.70	avg10=37.80	pgpgin=94585292,pgpgout=146209,pswpin=0,pswpout=0,	reads=223963,sectors_read=8785922,writes=4000,sectors_written=290522	default [performance] powersave powersupersave 
2026-09-12T23:55:23,653530652-04:00	27464892	0	0	0	0	0	avg10=0.41	avg10=0.41	avg10=39.66	avg10=38.92	pgpgin=94935468,pgpgout=146217,pswpin=0,pswpout=0,	reads=224085,sectors_read=8791098,writes=4002,sectors_written=290538	default [performance] powersave powersupersave 
2026-09-12T23:55:24,797060443-04:00	27499416	0	0	0	0	0	avg10=0.41	avg10=0.41	avg10=39.66	avg10=38.92	pgpgin=95302212,pgpgout=146265,pswpin=0,pswpout=0,	reads=224097,sectors_read=8791634,writes=4004,sectors_written=290554	default [performance] powersave powersupersave 
2026-09-12T23:55:25,936574166-04:00	27528640	0	0	0	0	0	avg10=0.33	avg10=0.33	avg10=39.90	avg10=39.11	pgpgin=95660400,pgpgout=146365,pswpin=0,pswpout=0,	reads=224105,sectors_read=8792594,writes=4008,sectors_written=290754	default [performance] powersave powersupersave 
2026-09-12T23:55:27,083795282-04:00	27449736	0	0	0	0	0	avg10=0.33	avg10=0.33	avg10=39.90	avg10=39.11	pgpgin=96036804,pgpgout=146373,pswpin=0,pswpout=0,	reads=224105,sectors_read=8792594,writes=4010,sectors_written=290770	default [performance] powersave powersupersave 
2026-09-12T23:55:28,230953658-04:00	27502180	0	0	0	0	0	avg10=0.27	avg10=0.27	avg10=39.01	avg10=38.19	pgpgin=96408272,pgpgout=146381,pswpin=0,pswpout=0,	reads=224127,sectors_read=8794490,writes=4012,sectors_written=290786	default [performance] powersave powersupersave 
2026-09-12T23:55:29,378602206-04:00	27522892	0	0	0	0	0	avg10=0.40	avg10=0.40	avg10=38.29	avg10=37.61	pgpgin=96781736,pgpgout=146389,pswpin=0,pswpout=0,	reads=224141,sectors_read=8795098,writes=4014,sectors_written=290802	default [performance] powersave powersupersave 
2026-09-12T23:55:30,483349455-04:00	27473872	0	0	0	0	0	avg10=0.40	avg10=0.40	avg10=38.29	avg10=37.61	pgpgin=97116176,pgpgout=146397,pswpin=0,pswpout=0,	reads=224165,sectors_read=8796506,writes=4016,sectors_written=290818	default [performance] powersave powersupersave 
2026-09-12T23:55:31,586957882-04:00	27496524	0	0	0	0	0	avg10=0.33	avg10=0.33	avg10=38.60	avg10=38.04	pgpgin=97458068,pgpgout=146521,pswpin=0,pswpout=0,	reads=224165,sectors_read=8796506,writes=4020,sectors_written=291066	default [performance] powersave powersupersave 
2026-09-12T23:55:32,702124082-04:00	27504364	0	0	0	0	0	avg10=0.33	avg10=0.33	avg10=38.60	avg10=38.04	pgpgin=97823424,pgpgout=146613,pswpin=0,pswpout=0,	reads=224166,sectors_read=8796514,writes=4024,sectors_written=291250	default [performance] powersave powersupersave 
2026-09-12T23:55:33,835880845-04:00	27495716	0	0	0	0	0	avg10=0.45	avg10=0.45	avg10=38.12	avg10=37.49	pgpgin=98182612,pgpgout=147049,pswpin=0,pswpout=0,	reads=224166,sectors_read=8796514,writes=4065,sectors_written=292122	default [performance] powersave powersupersave 
2026-09-12T23:55:34,965615101-04:00	27460920	0	0	0	0	0	avg10=0.45	avg10=0.45	avg10=38.12	avg10=37.49	pgpgin=98554748,pgpgout=147057,pswpin=0,pswpout=0,	reads=224169,sectors_read=8796666,writes=4067,sectors_written=292138	default [performance] powersave powersupersave 
2026-09-12T23:55:36,098459861-04:00	27467416	0	0	0	0	0	avg10=0.55	avg10=0.55	avg10=38.46	avg10=37.76	pgpgin=98955528,pgpgout=147065,pswpin=0,pswpout=0,	reads=224169,sectors_read=8796666,writes=4069,sectors_written=292154	default [performance] powersave powersupersave 
2026-09-12T23:55:37,238142735-04:00	27460092	0	0	0	0	0	avg10=0.45	avg10=0.45	avg10=39.28	avg10=38.53	pgpgin=99357784,pgpgout=147181,pswpin=0,pswpout=0,	reads=224169,sectors_read=8796666,writes=4073,sectors_written=292386	default [performance] powersave powersupersave 
2026-09-12T23:55:38,374666209-04:00	27415844	0	0	0	0	0	avg10=0.45	avg10=0.45	avg10=39.28	avg10=38.53	pgpgin=99738696,pgpgout=147249,pswpin=0,pswpout=0,	reads=224170,sectors_read=8796674,writes=4079,sectors_written=292522	default [performance] powersave powersupersave 
2026-09-12T23:55:39,487924048-04:00	27510268	0	0	0	0	0	avg10=0.37	avg10=0.37	avg10=38.87	avg10=38.07	pgpgin=100109148,pgpgout=147257,pswpin=0,pswpout=0,	reads=224171,sectors_read=8796922,writes=4081,sectors_written=292538	default [performance] powersave powersupersave 
2026-09-12T23:55:40,598242168-04:00	27502944	0	0	0	0	0	avg10=0.37	avg10=0.37	avg10=38.87	avg10=38.07	pgpgin=100474088,pgpgout=147265,pswpin=0,pswpout=0,	reads=224171,sectors_read=8796922,writes=4083,sectors_written=292554	default [performance] powersave powersupersave 
2026-09-12T23:55:41,727664005-04:00	27508224	0	0	0	0	0	avg10=0.30	avg10=0.30	avg10=39.98	avg10=39.32	pgpgin=100859204,pgpgout=147273,pswpin=0,pswpout=0,	reads=224196,sectors_read=8799610,writes=4085,sectors_written=292570	default [performance] powersave powersupersave 
2026-09-12T23:55:42,885493017-04:00	27496992	0	0	0	0	0	avg10=0.30	avg10=0.30	avg10=39.98	avg10=39.32	pgpgin=101270772,pgpgout=147373,pswpin=0,pswpout=0,	reads=224202,sectors_read=8799698,writes=4089,sectors_written=292770	default [performance] powersave powersupersave 
2026-09-12T23:55:44,009539227-04:00	27506972	0	0	0	0	0	avg10=0.24	avg10=0.24	avg10=40.16	avg10=39.45	pgpgin=101663952,pgpgout=147473,pswpin=0,pswpout=0,	reads=224296,sectors_read=8810698,writes=4099,sectors_written=292970	default [performance] powersave powersupersave 
2026-09-12T23:55:45,142811044-04:00	27486016	0	0	0	0	0	avg10=0.24	avg10=0.24	avg10=40.16	avg10=39.45	pgpgin=102043320,pgpgout=147481,pswpin=0,pswpout=0,	reads=224296,sectors_read=8810698,writes=4101,sectors_written=292986	default [performance] powersave powersupersave 
2026-09-12T23:55:46,279098808-04:00	27489080	0	0	0	0	0	avg10=0.20	avg10=0.20	avg10=40.13	avg10=39.36	pgpgin=102421724,pgpgout=147489,pswpin=0,pswpout=0,	reads=224296,sectors_read=8810698,writes=4103,sectors_written=293002	default [performance] powersave powersupersave 
2026-09-12T23:55:47,422687981-04:00	27482200	0	0	0	0	0	avg10=0.16	avg10=0.16	avg10=39.93	avg10=39.12	pgpgin=102789868,pgpgout=147497,pswpin=0,pswpout=0,	reads=224296,sectors_read=8810698,writes=4105,sectors_written=293018	default [performance] powersave powersupersave 
2026-09-12T23:55:48,561097484-04:00	27478400	0	0	0	0	0	avg10=0.16	avg10=0.16	avg10=39.93	avg10=39.12	pgpgin=103165764,pgpgout=147505,pswpin=0,pswpout=0,	reads=224296,sectors_read=8810698,writes=4107,sectors_written=293034	default [performance] powersave powersupersave 
2026-09-12T23:55:49,716375785-04:00	27507172	0	0	0	0	0	avg10=0.13	avg10=0.13	avg10=40.84	avg10=40.00	pgpgin=103545656,pgpgout=147605,pswpin=0,pswpout=0,	reads=224308,sectors_read=8812314,writes=4111,sectors_written=293234	default [performance] powersave powersupersave 
2026-09-12T23:55:50,839425352-04:00	27487824	0	0	0	0	0	avg10=0.13	avg10=0.13	avg10=40.84	avg10=40.00	pgpgin=103921192,pgpgout=147613,pswpin=0,pswpout=0,	reads=224895,sectors_read=8817418,writes=4113,sectors_written=293250	default [performance] powersave powersupersave 
2026-09-12T23:55:51,943941299-04:00	27431608	0	0	0	0	0	avg10=0.11	avg10=0.11	avg10=40.33	avg10=39.64	pgpgin=104295164,pgpgout=147621,pswpin=0,pswpout=0,	reads=224896,sectors_read=8817674,writes=4115,sectors_written=293266	default [performance] powersave powersupersave 
2026-09-12T23:55:53,069610017-04:00	27515128	0	0	0	0	0	avg10=0.11	avg10=0.11	avg10=40.33	avg10=39.64	pgpgin=104680712,pgpgout=147629,pswpin=0,pswpout=0,	reads=224899,sectors_read=8817778,writes=4117,sectors_written=293282	default [performance] powersave powersupersave 
2026-09-12T23:55:54,203145169-04:00	27503308	0	0	0	0	0	avg10=0.09	avg10=0.09	avg10=41.17	avg10=40.43	pgpgin=105066172,pgpgout=147637,pswpin=0,pswpout=0,	reads=224899,sectors_read=8817778,writes=4119,sectors_written=293298	default [performance] powersave powersupersave 
2026-09-12T23:55:55,331511661-04:00	27479416	0	0	0	0	0	avg10=0.07	avg10=0.07	avg10=42.59	avg10=41.80	pgpgin=105431280,pgpgout=147729,pswpin=0,pswpout=0,	reads=224899,sectors_read=8817778,writes=4123,sectors_written=293482	default [performance] powersave powersupersave 
2026-09-12T23:55:56,477475246-04:00	27517312	0	0	0	0	0	avg10=0.07	avg10=0.07	avg10=42.59	avg10=41.80	pgpgin=105802848,pgpgout=147773,pswpin=0,pswpout=0,	reads=224899,sectors_read=8817778,writes=4125,sectors_written=293498	default [performance] powersave powersupersave 
2026-09-12T23:55:57,620275799-04:00	27488804	0	0	0	0	0	avg10=0.06	avg10=0.06	avg10=42.66	avg10=41.83	pgpgin=106166120,pgpgout=147781,pswpin=0,pswpout=0,	reads=224899,sectors_read=8817778,writes=4127,sectors_written=293514	default [performance] powersave powersupersave 
2026-09-12T23:55:58,769208541-04:00	27484068	0	0	0	0	0	avg10=0.06	avg10=0.06	avg10=42.66	avg10=41.83	pgpgin=106530576,pgpgout=147929,pswpin=0,pswpout=0,	reads=224899,sectors_read=8817778,writes=4162,sectors_written=293810	default [performance] powersave powersupersave 
2026-09-12T23:55:59,901614991-04:00	27473248	0	0	0	0	0	avg10=0.04	avg10=0.04	avg10=42.36	avg10=41.50	pgpgin=106892076,pgpgout=147937,pswpin=0,pswpout=0,	reads=224902,sectors_read=8818002,writes=4164,sectors_written=293826	default [performance] powersave powersupersave 
2026-09-12T23:56:01,036799347-04:00	27502804	0	0	0	0	0	avg10=0.04	avg10=0.04	avg10=42.36	avg10=41.50	pgpgin=107254404,pgpgout=148037,pswpin=0,pswpout=0,	reads=224903,sectors_read=8818258,writes=4168,sectors_written=294026	default [performance] powersave powersupersave 
2026-09-12T23:56:02,136960808-04:00	27535260	0	0	0	0	0	avg10=0.03	avg10=0.03	avg10=42.66	avg10=41.77	pgpgin=107619904,pgpgout=148045,pswpin=0,pswpout=0,	reads=224903,sectors_read=8818258,writes=4170,sectors_written=294042	default [performance] powersave powersupersave 
2026-09-12T23:56:03,259489728-04:00	27510776	0	0	0	0	0	avg10=0.03	avg10=0.03	avg10=42.90	avg10=42.17	pgpgin=107998488,pgpgout=148053,pswpin=0,pswpout=0,	reads=224903,sectors_read=8818258,writes=4172,sectors_written=294058	default [performance] powersave powersupersave 
2026-09-12T23:56:04,396242093-04:00	27500920	0	0	0	0	0	avg10=0.03	avg10=0.03	avg10=42.90	avg10=42.17	pgpgin=108366828,pgpgout=148061,pswpin=0,pswpout=0,	reads=224903,sectors_read=8818258,writes=4174,sectors_written=294074	default [performance] powersave powersupersave 
2026-09-12T23:56:05,543481153-04:00	27512012	0	0	0	0	0	avg10=0.02	avg10=0.02	avg10=43.28	avg10=42.50	pgpgin=108736132,pgpgout=148069,pswpin=0,pswpout=0,	reads=224903,sectors_read=8818258,writes=4176,sectors_written=294090	default [performance] powersave powersupersave 
2026-09-12T23:56:06,687272619-04:00	27501180	0	0	0	0	0	avg10=0.02	avg10=0.02	avg10=43.28	avg10=42.50	pgpgin=109103564,pgpgout=148157,pswpin=0,pswpout=0,	reads=224903,sectors_read=8818258,writes=4180,sectors_written=294266	default [performance] powersave powersupersave 
2026-09-12T23:56:07,848459375-04:00	27482248	0	0	0	0	0	avg10=0.02	avg10=0.02	avg10=43.59	avg10=42.77	pgpgin=109459356,pgpgout=148169,pswpin=0,pswpout=0,	reads=224957,sectors_read=8822538,writes=4183,sectors_written=294290	default [performance] powersave powersupersave 
2026-09-12T23:56:08,988675130-04:00	27485564	0	0	0	0	0	avg10=0.02	avg10=0.02	avg10=43.59	avg10=42.77	pgpgin=109733392,pgpgout=148177,pswpin=0,pswpout=0,	reads=224957,sectors_read=8822538,writes=4185,sectors_written=294306	default [performance] powersave powersupersave 
2026-09-12T23:56:10,124423343-04:00	27449376	0	0	0	0	0	avg10=0.01	avg10=0.01	avg10=44.75	avg10=43.90	pgpgin=109989848,pgpgout=148349,pswpin=0,pswpout=0,	reads=224968,sectors_read=8822762,writes=4190,sectors_written=294650	default [performance] powersave powersupersave 
2026-09-12T23:56:11,257969102-04:00	27390156	0	0	0	0	0	avg10=0.01	avg10=0.01	avg10=45.88	avg10=45.01	pgpgin=110265624,pgpgout=148357,pswpin=0,pswpout=0,	reads=224984,sectors_read=8823954,writes=4192,sectors_written=294666	default [performance] powersave powersupersave 
2026-09-12T23:56:12,373364372-04:00	27437748	0	0	0	0	0	avg10=0.01	avg10=0.01	avg10=45.88	avg10=45.01	pgpgin=110614844,pgpgout=148365,pswpin=0,pswpout=0,	reads=224984,sectors_read=8823954,writes=4194,sectors_written=294682	default [performance] powersave powersupersave 
2026-09-12T23:56:13,507137265-04:00	27231684	0	0	0	0	0	avg10=0.01	avg10=0.01	avg10=44.63	avg10=43.92	pgpgin=110994968,pgpgout=148373,pswpin=0,pswpout=0,	reads=224993,sectors_read=8824762,writes=4196,sectors_written=294698	default [performance] powersave powersupersave 
2026-09-12T23:56:14,660874657-04:00	27462772	0	0	0	0	0	avg10=0.01	avg10=0.01	avg10=44.63	avg10=43.92	pgpgin=111363992,pgpgout=148381,pswpin=0,pswpout=0,	reads=224993,sectors_read=8824762,writes=4198,sectors_written=294714	default [performance] powersave powersupersave 
2026-09-12T23:56:15,800137122-04:00	27447544	0	0	0	0	0	avg10=0.00	avg10=0.00	avg10=43.43	avg10=42.66	pgpgin=111737420,pgpgout=148509,pswpin=0,pswpout=0,	reads=225050,sectors_read=8828066,writes=4202,sectors_written=294970	default [performance] powersave powersupersave 
2026-09-12T23:56:16,957344745-04:00	26989296	0	0	0	0	0	avg10=0.00	avg10=0.00	avg10=43.43	avg10=42.66	pgpgin=112071144,pgpgout=148517,pswpin=0,pswpout=0,	reads=225053,sectors_read=8828562,writes=4204,sectors_written=294986	default [performance] powersave powersupersave 
2026-09-12T23:56:18,104292117-04:00	26965772	0	0	0	0	0	avg10=2.18	avg10=2.18	avg10=40.82	avg10=40.19	pgpgin=112464232,pgpgout=148525,pswpin=0,pswpout=0,	reads=225053,sectors_read=8828562,writes=4206,sectors_written=295002	default [performance] powersave powersupersave 
2026-09-12T23:56:19,241375310-04:00	26964724	0	0	0	0	0	avg10=5.04	avg10=5.04	avg10=39.40	avg10=38.70	pgpgin=112855062,pgpgout=148533,pswpin=0,pswpout=0,	reads=225070,sectors_read=8830274,writes=4208,sectors_written=295018	default [performance] powersave powersupersave 
2026-09-12T23:56:20,377897094-04:00	26986728	0	0	0	0	0	avg10=5.04	avg10=5.04	avg10=39.40	avg10=38.70	pgpgin=113243146,pgpgout=148541,pswpin=0,pswpout=0,	reads=225086,sectors_read=8831122,writes=4210,sectors_written=295034	default [performance] powersave powersupersave 
2026-09-12T23:56:21,537854003-04:00	27452792	0	0	0	0	0	avg10=4.13	avg10=4.13	avg10=39.51	avg10=38.76	pgpgin=113635398,pgpgout=148665,pswpin=0,pswpout=0,	reads=225098,sectors_read=8831482,writes=4214,sectors_written=295282	default [performance] powersave powersupersave 
2026-09-12T23:56:22,661128663-04:00	27471128	0	0	0	0	0	avg10=4.13	avg10=4.13	avg10=39.51	avg10=38.76	pgpgin=114008698,pgpgout=148673,pswpin=0,pswpout=0,	reads=225099,sectors_read=8831738,writes=4216,sectors_written=295298	default [performance] powersave powersupersave 
2026-09-12T23:56:23,788523724-04:00	27447536	0	0	0	0	0	avg10=3.38	avg10=3.38	avg10=40.86	avg10=40.07	pgpgin=114395294,pgpgout=148681,pswpin=0,pswpout=0,	reads=225106,sectors_read=8832370,writes=4218,sectors_written=295314	default [performance] powersave powersupersave 
2026-09-12T23:56:24,907568809-04:00	27498212	0	0	0	0	0	avg10=3.38	avg10=3.38	avg10=40.86	avg10=40.07	pgpgin=114780466,pgpgout=148689,pswpin=0,pswpout=0,	reads=225106,sectors_read=8832370,writes=4220,sectors_written=295330	default [performance] powersave powersupersave 
2026-09-12T23:56:26,023367096-04:00	27499728	0	0	0	0	0	avg10=2.77	avg10=2.77	avg10=40.16	avg10=39.33	pgpgin=115154358,pgpgout=148705,pswpin=0,pswpout=0,	reads=225108,sectors_read=8832394,writes=4223,sectors_written=295362	default [performance] powersave powersupersave 
2026-09-12T23:56:27,137454451-04:00	27497820	0	0	0	0	0	avg10=2.77	avg10=2.77	avg10=40.16	avg10=39.33	pgpgin=115554442,pgpgout=148853,pswpin=0,pswpout=0,	reads=225108,sectors_read=8832394,writes=4227,sectors_written=295658	default [performance] powersave powersupersave 
2026-09-12T23:56:28,229886842-04:00	27501416	0	0	0	0	0	avg10=2.26	avg10=2.26	avg10=40.31	avg10=39.45	pgpgin=115932858,pgpgout=148901,pswpin=0,pswpout=0,	reads=225108,sectors_read=8832394,writes=4229,sectors_written=295674	default [performance] powersave powersupersave 
2026-09-12T23:56:29,363782933-04:00	27517376	0	0	0	0	0	avg10=1.85	avg10=1.85	avg10=40.07	avg10=39.37	pgpgin=116307450,pgpgout=148909,pswpin=0,pswpout=0,	reads=225108,sectors_read=8832394,writes=4231,sectors_written=295690	default [performance] powersave powersupersave 
2026-09-12T23:56:30,502725276-04:00	27501964	0	0	0	0	0	avg10=1.85	avg10=1.85	avg10=40.07	avg10=39.37	pgpgin=116686682,pgpgout=148917,pswpin=0,pswpout=0,	reads=225108,sectors_read=8832394,writes=4233,sectors_written=295706	default [performance] powersave powersupersave 
2026-09-12T23:56:31,639777686-04:00	27493572	0	0	0	0	0	avg10=1.52	avg10=1.52	avg10=39.88	avg10=39.12	pgpgin=117064534,pgpgout=148925,pswpin=0,pswpout=0,	reads=225108,sectors_read=8832394,writes=4235,sectors_written=295722	default [performance] powersave powersupersave 
2026-09-12T23:56:32,762066623-04:00	27509752	0	0	0	0	0	avg10=1.52	avg10=1.52	avg10=39.88	avg10=39.12	pgpgin=117447290,pgpgout=149021,pswpin=0,pswpout=0,	reads=225108,sectors_read=8832394,writes=4239,sectors_written=295914	default [performance] powersave powersupersave 
2026-09-12T23:56:33,898097850-04:00	27489608	0	0	0	0	0	avg10=1.24	avg10=1.24	avg10=39.90	avg10=39.28	pgpgin=117832454,pgpgout=149197,pswpin=0,pswpout=0,	reads=225108,sectors_read=8832394,writes=4275,sectors_written=296266	default [performance] powersave powersupersave 
2026-09-12T23:56:35,030217317-04:00	27506952	0	0	0	0	0	avg10=1.24	avg10=1.24	avg10=39.90	avg10=39.28	pgpgin=118212542,pgpgout=149205,pswpin=0,pswpout=0,	reads=225108,sectors_read=8832394,writes=4277,sectors_written=296282	default [performance] powersave powersupersave 
2026-09-12T23:56:36,152402861-04:00	27495208	0	0	0	0	0	avg10=1.01	avg10=1.01	avg10=40.82	avg10=40.13	pgpgin=118598410,pgpgout=149213,pswpin=0,pswpout=0,	reads=225108,sectors_read=8832394,writes=4279,sectors_written=296298	default [performance] powersave powersupersave 
2026-09-12T23:56:37,269827671-04:00	27495292	0	0	0	0	0	avg10=0.83	avg10=0.83	avg10=41.22	avg10=40.47	pgpgin=118976078,pgpgout=149221,pswpin=0,pswpout=0,	reads=225108,sectors_read=8832394,writes=4281,sectors_written=296314	default [performance] powersave powersupersave 
2026-09-12T23:56:38,403121307-04:00	27506940	0	0	0	0	0	avg10=0.83	avg10=0.83	avg10=41.22	avg10=40.47	pgpgin=119361710,pgpgout=149297,pswpin=0,pswpout=0,	reads=225108,sectors_read=8832394,writes=4285,sectors_written=296466	default [performance] powersave powersupersave 
2026-09-12T23:56:39,540789195-04:00	27477824	0	0	0	0	0	avg10=0.68	avg10=0.68	avg10=41.36	avg10=40.57	pgpgin=119744758,pgpgout=149305,pswpin=0,pswpout=0,	reads=225108,sectors_read=8832394,writes=4287,sectors_written=296482	default [performance] powersave powersupersave 
2026-09-12T23:56:40,663224679-04:00	27494924	0	0	0	0	0	avg10=0.68	avg10=0.68	avg10=41.36	avg10=40.57	pgpgin=120123534,pgpgout=149313,pswpin=0,pswpout=0,	reads=225108,sectors_read=8832394,writes=4289,sectors_written=296498	default [performance] powersave powersupersave 
2026-09-12T23:56:41,803998217-04:00	27484840	0	0	0	0	0	avg10=0.55	avg10=0.55	avg10=40.93	avg10=40.28	pgpgin=120514522,pgpgout=149321,pswpin=0,pswpout=0,	reads=225108,sectors_read=8832394,writes=4291,sectors_written=296514	default [performance] powersave powersupersave 
2026-09-12T23:56:42,930803026-04:00	27474764	0	0	0	0	0	avg10=0.55	avg10=0.55	avg10=40.93	avg10=40.28	pgpgin=120907642,pgpgout=149329,pswpin=0,pswpout=0,	reads=225108,sectors_read=8832394,writes=4293,sectors_written=296530	default [performance] powersave powersupersave 
2026-09-12T23:56:44,052620183-04:00	27471420	0	0	0	0	0	avg10=0.45	avg10=0.45	avg10=40.76	avg10=40.05	pgpgin=121295942,pgpgout=149445,pswpin=0,pswpout=0,	reads=225110,sectors_read=8832410,writes=4299,sectors_written=296762	default [performance] powersave powersupersave 
2026-09-12T23:56:45,176946774-04:00	27493800	0	0	0	0	0	avg10=0.45	avg10=0.45	avg10=40.76	avg10=40.05	pgpgin=121656922,pgpgout=149453,pswpin=0,pswpout=0,	reads=225110,sectors_read=8832410,writes=4301,sectors_written=296778	default [performance] powersave powersupersave 
2026-09-12T23:56:46,324057106-04:00	27492348	0	0	0	0	0	avg10=0.37	avg10=0.37	avg10=40.26	avg10=39.68	pgpgin=122029770,pgpgout=149461,pswpin=0,pswpout=0,	reads=225110,sectors_read=8832410,writes=4303,sectors_written=296794	default [performance] powersave powersupersave 
2026-09-12T23:56:47,468873151-04:00	27499180	0	0	0	0	0	avg10=0.30	avg10=0.30	avg10=40.21	avg10=39.55	pgpgin=122394674,pgpgout=149469,pswpin=0,pswpout=0,	reads=225110,sectors_read=8832410,writes=4305,sectors_written=296810	default [performance] powersave powersupersave 
2026-09-12T23:56:48,611780289-04:00	27499952	0	0	0	0	0	avg10=0.30	avg10=0.30	avg10=40.21	avg10=39.55	pgpgin=122762678,pgpgout=149477,pswpin=0,pswpout=0,	reads=225110,sectors_read=8832410,writes=4307,sectors_written=296826	default [performance] powersave powersupersave 
2026-09-12T23:56:49,764618831-04:00	27506184	0	0	0	0	0	avg10=0.25	avg10=0.25	avg10=41.26	avg10=40.54	pgpgin=123131886,pgpgout=149609,pswpin=0,pswpout=0,	reads=225110,sectors_read=8832410,writes=4311,sectors_written=297090	default [performance] powersave powersupersave 
2026-09-12T23:56:50,881682452-04:00	27506660	0	0	0	0	0	avg10=0.25	avg10=0.25	avg10=41.26	avg10=40.54	pgpgin=123498322,pgpgout=149617,pswpin=0,pswpout=0,	reads=225110,sectors_read=8832410,writes=4313,sectors_written=297106	default [performance] powersave powersupersave 
2026-09-12T23:56:52,025183944-04:00	27497172	0	0	0	0	0	avg10=0.20	avg10=0.20	avg10=41.75	avg10=41.16	pgpgin=123863666,pgpgout=149625,pswpin=0,pswpout=0,	reads=225110,sectors_read=8832410,writes=4315,sectors_written=297122	default [performance] powersave powersupersave 
2026-09-12T23:56:53,140134573-04:00	27488144	0	0	0	0	0	avg10=0.20	avg10=0.20	avg10=41.75	avg10=41.16	pgpgin=124208450,pgpgout=149633,pswpin=0,pswpout=0,	reads=225115,sectors_read=8832458,writes=4317,sectors_written=297138	default [performance] powersave powersupersave 
2026-09-12T23:56:54,284416691-04:00	27480768	0	0	0	0	0	avg10=0.16	avg10=0.16	avg10=42.16	avg10=41.68	pgpgin=124575530,pgpgout=149641,pswpin=0,pswpout=0,	reads=225115,sectors_read=8832458,writes=4319,sectors_written=297154	default [performance] powersave powersupersave 
2026-09-12T23:56:55,430037396-04:00	27470440	0	0	0	0	0	avg10=0.13	avg10=0.13	avg10=41.95	avg10=41.37	pgpgin=124945906,pgpgout=149725,pswpin=0,pswpout=0,	reads=225115,sectors_read=8832458,writes=4323,sectors_written=297322	default [performance] powersave powersupersave 
2026-09-12T23:56:56,553536455-04:00	27491584	0	0	0	0	0	avg10=0.13	avg10=0.13	avg10=41.95	avg10=41.37	pgpgin=125316618,pgpgout=149733,pswpin=0,pswpout=0,	reads=225117,sectors_read=8832610,writes=4325,sectors_written=297338	default [performance] powersave powersupersave 
2026-09-12T23:56:57,687370242-04:00	27460220	0	0	0	0	0	avg10=0.11	avg10=0.11	avg10=41.05	avg10=40.40	pgpgin=125693974,pgpgout=149741,pswpin=0,pswpout=0,	reads=225117,sectors_read=8832610,writes=4327,sectors_written=297354	default [performance] powersave powersupersave 
2026-09-12T23:56:58,815550242-04:00	27471384	0	0	0	0	0	avg10=0.11	avg10=0.11	avg10=41.05	avg10=40.40	pgpgin=126079506,pgpgout=149789,pswpin=0,pswpout=0,	reads=225117,sectors_read=8832610,writes=4329,sectors_written=297370	default [performance] powersave powersupersave 
2026-09-12T23:56:59,927989019-04:00	27453820	0	0	0	0	0	avg10=0.09	avg10=0.09	avg10=41.04	avg10=40.51	pgpgin=126454178,pgpgout=149797,pswpin=0,pswpout=0,	reads=225117,sectors_read=8832610,writes=4331,sectors_written=297386	default [performance] powersave powersupersave 
2026-09-12T23:57:01,053157721-04:00	27493640	0	0	0	0	0	avg10=0.09	avg10=0.09	avg10=41.04	avg10=40.51	pgpgin=126829638,pgpgout=149881,pswpin=0,pswpout=0,	reads=225117,sectors_read=8832610,writes=4335,sectors_written=297554	default [performance] powersave powersupersave 
2026-09-12T23:57:02,181097855-04:00	27424772	0	0	0	0	0	avg10=0.07	avg10=0.07	avg10=42.30	avg10=41.68	pgpgin=127212226,pgpgout=149889,pswpin=0,pswpout=0,	reads=225118,sectors_read=8832618,writes=4337,sectors_written=297570	default [performance] powersave powersupersave 
2026-09-12T23:57:03,311272121-04:00	27426540	0	0	0	0	0	avg10=0.06	avg10=0.06	avg10=41.16	avg10=40.65	pgpgin=127607286,pgpgout=149897,pswpin=0,pswpout=0,	reads=225118,sectors_read=8832618,writes=4339,sectors_written=297586	default [performance] powersave powersupersave 
2026-09-12T23:57:04,440696292-04:00	27476204	0	0	0	0	0	avg10=0.06	avg10=0.06	avg10=41.16	avg10=40.65	pgpgin=127988990,pgpgout=149905,pswpin=0,pswpout=0,	reads=225118,sectors_read=8832618,writes=4341,sectors_written=297602	default [performance] powersave powersupersave 
2026-09-12T23:57:05,570205053-04:00	27465640	0	0	0	0	0	avg10=0.04	avg10=0.04	avg10=40.77	avg10=40.35	pgpgin=128370530,pgpgout=149913,pswpin=0,pswpout=0,	reads=225118,sectors_read=8832618,writes=4343,sectors_written=297618	default [performance] powersave powersupersave 
2026-09-12T23:57:06,673265460-04:00	27481876	0	0	0	0	0	avg10=0.04	avg10=0.04	avg10=40.77	avg10=40.35	pgpgin=128761086,pgpgout=149989,pswpin=0,pswpout=0,	reads=225119,sectors_read=8832626,writes=4347,sectors_written=297770	default [performance] powersave powersupersave 
2026-09-12T23:57:07,814620527-04:00	27465336	0	0	0	0	0	avg10=0.04	avg10=0.04	avg10=41.53	avg10=41.19	pgpgin=129156030,pgpgout=149997,pswpin=0,pswpout=0,	reads=225119,sectors_read=8832626,writes=4349,sectors_written=297786	default [performance] powersave powersupersave 
2026-09-12T23:57:08,930148666-04:00	27449216	0	0	0	0	0	avg10=0.04	avg10=0.04	avg10=41.53	avg10=41.19	pgpgin=129525078,pgpgout=150005,pswpin=0,pswpout=0,	reads=225119,sectors_read=8832626,writes=4351,sectors_written=297802	default [performance] powersave powersupersave 
2026-09-12T23:57:10,064738867-04:00	27479480	0	0	0	0	0	avg10=0.03	avg10=0.03	avg10=41.25	avg10=40.61	pgpgin=129902386,pgpgout=150113,pswpin=0,pswpout=0,	reads=225119,sectors_read=8832626,writes=4375,sectors_written=298018	default [performance] powersave powersupersave 
2026-09-12T23:57:11,198490226-04:00	27480328	0	0	0	0	0	avg10=0.03	avg10=0.03	avg10=41.25	avg10=40.61	pgpgin=130289574,pgpgout=150121,pswpin=0,pswpout=0,	reads=225119,sectors_read=8832626,writes=4377,sectors_written=298034	default [performance] powersave powersupersave 
2026-09-12T23:57:12,351096143-04:00	27478432	0	0	0	0	0	avg10=0.02	avg10=0.02	avg10=41.39	avg10=40.68	pgpgin=130675126,pgpgout=150205,pswpin=0,pswpout=0,	reads=225119,sectors_read=8832626,writes=4381,sectors_written=298202	default [performance] powersave powersupersave 
2026-09-12T23:57:13,488094582-04:00	27483820	0	0	0	0	0	avg10=0.02	avg10=0.02	avg10=41.14	avg10=40.38	pgpgin=131053034,pgpgout=150213,pswpin=0,pswpout=0,	reads=225120,sectors_read=8832634,writes=4383,sectors_written=298218	default [performance] powersave powersupersave 
2026-09-12T23:57:14,628891454-04:00	27487148	0	0	0	0	0	avg10=0.02	avg10=0.02	avg10=41.14	avg10=40.38	pgpgin=131434634,pgpgout=150221,pswpin=0,pswpout=0,	reads=225120,sectors_read=8832634,writes=4385,sectors_written=298234	default [performance] powersave powersupersave 
2026-09-12T23:57:15,755398830-04:00	27472232	0	0	0	0	0	avg10=0.01	avg10=0.01	avg10=40.39	avg10=39.76	pgpgin=131822230,pgpgout=150229,pswpin=0,pswpout=0,	reads=225120,sectors_read=8832634,writes=4387,sectors_written=298250	default [performance] powersave powersupersave 
2026-09-12T23:57:16,884120541-04:00	27465604	0	0	0	0	0	avg10=0.01	avg10=0.01	avg10=40.39	avg10=39.76	pgpgin=132216070,pgpgout=150237,pswpin=0,pswpout=0,	reads=225120,sectors_read=8832634,writes=4389,sectors_written=298266	default [performance] powersave powersupersave 
2026-09-12T23:57:18,026095147-04:00	27463760	0	0	0	0	0	avg10=0.01	avg10=0.01	avg10=41.40	avg10=40.71	pgpgin=132599786,pgpgout=150329,pswpin=0,pswpout=0,	reads=225120,sectors_read=8832634,writes=4393,sectors_written=298450	default [performance] powersave powersupersave 
2026-09-12T23:57:19,161736873-04:00	27474340	0	0	0	0	0	avg10=0.01	avg10=0.01	avg10=41.40	avg10=40.71	pgpgin=132979085,pgpgout=150337,pswpin=0,pswpout=0,	reads=225135,sectors_read=8834594,writes=4395,sectors_written=298466	default [performance] powersave powersupersave 
2026-09-12T23:57:20,296720236-04:00	27492776	0	0	0	0	0	avg10=0.01	avg10=0.01	avg10=41.33	avg10=40.58	pgpgin=133371877,pgpgout=150345,pswpin=0,pswpout=0,	reads=225135,sectors_read=8834594,writes=4397,sectors_written=298482	default [performance] powersave powersupersave 
2026-09-12T23:57:21,417150708-04:00	27464000	0	0	0	0	0	avg10=0.00	avg10=0.00	avg10=40.91	avg10=40.11	pgpgin=133756581,pgpgout=150353,pswpin=0,pswpout=0,	reads=225135,sectors_read=8834594,writes=4399,sectors_written=298498	default [performance] powersave powersupersave 
2026-09-12T23:57:22,549172322-04:00	27495040	0	0	0	0	0	avg10=0.00	avg10=0.00	avg10=40.91	avg10=40.11	pgpgin=134143333,pgpgout=150361,pswpin=0,pswpout=0,	reads=225135,sectors_read=8834594,writes=4401,sectors_written=298514	default [performance] powersave powersupersave 
2026-09-12T23:57:23,714565974-04:00	27338940	0	0	0	0	0	avg10=0.00	avg10=0.00	avg10=41.47	avg10=40.64	pgpgin=134384013,pgpgout=150449,pswpin=0,pswpout=0,	reads=225136,sectors_read=8834810,writes=4405,sectors_written=298690	default [performance] powersave powersupersave 
2026-09-12T23:57:24,923133504-04:00	27452700	0	0	0	0	0	avg10=0.00	avg10=0.00	avg10=41.47	avg10=40.64	pgpgin=134570873,pgpgout=150457,pswpin=0,pswpout=0,	reads=225136,sectors_read=8834810,writes=4407,sectors_written=298706	default [performance] powersave powersupersave 
2026-09-12T23:57:26,187033005-04:00	27491212	0	0	0	0	0	avg10=0.00	avg10=0.00	avg10=42.83	avg10=41.79	pgpgin=134761173,pgpgout=150465,pswpin=0,pswpout=0,	reads=225136,sectors_read=8834810,writes=4409,sectors_written=298722	default [performance] powersave powersupersave 
2026-09-12T23:57:27,433567932-04:00	27445868	0	0	0	0	0	avg10=0.00	avg10=0.00	avg10=43.58	avg10=42.37	pgpgin=134957773,pgpgout=150473,pswpin=0,pswpout=0,	reads=225137,sectors_read=8834954,writes=4411,sectors_written=298738	default [performance] powersave powersupersave 
2026-09-12T23:57:28,628953926-04:00	27453488	0	0	0	0	0	avg10=0.00	avg10=0.00	avg10=43.58	avg10=42.37	pgpgin=135152201,pgpgout=150481,pswpin=0,pswpout=0,	reads=225137,sectors_read=8834954,writes=4413,sectors_written=298754	default [performance] powersave powersupersave 
2026-09-12T23:57:29,856782939-04:00	27438352	0	0	0	0	0	avg10=0.00	avg10=0.00	avg10=45.29	avg10=44.11	pgpgin=135345489,pgpgout=150605,pswpin=0,pswpout=0,	reads=225137,sectors_read=8834954,writes=4417,sectors_written=298898	default [performance] powersave powersupersave 
2026-09-12T23:57:31,017982948-04:00	27481500	0	0	0	0	0	avg10=0.00	avg10=0.00	avg10=45.29	avg10=44.11	pgpgin=135568209,pgpgout=150613,pswpin=0,pswpout=0,	reads=225137,sectors_read=8834954,writes=4419,sectors_written=298914	default [performance] powersave powersupersave 
2026-09-12T23:57:32,156544804-04:00	27465580	0	0	0	0	0	avg10=0.00	avg10=0.00	avg10=44.87	avg10=43.73	pgpgin=135959605,pgpgout=150621,pswpin=0,pswpout=0,	reads=225137,sectors_read=8834954,writes=4421,sectors_written=298930	default [performance] powersave powersupersave 
2026-09-12T23:57:33,309550441-04:00	27470256	0	0	0	0	0	avg10=0.00	avg10=0.00	avg10=44.17	avg10=43.05	pgpgin=136352793,pgpgout=150629,pswpin=0,pswpout=0,	reads=225137,sectors_read=8834954,writes=4423,sectors_written=298946	default [performance] powersave powersupersave 
2026-09-12T23:57:34,444074508-04:00	27463676	0	0	0	0	0	avg10=0.00	avg10=0.00	avg10=44.17	avg10=43.05	pgpgin=136723693,pgpgout=150637,pswpin=0,pswpout=0,	reads=225137,sectors_read=8834954,writes=4425,sectors_written=298962	default [performance] powersave powersupersave 
2026-09-12T23:57:35,575949219-04:00	27441376	0	0	0	0	0	avg10=0.00	avg10=0.00	avg10=43.78	avg10=42.68	pgpgin=137114973,pgpgout=150745,pswpin=0,pswpout=0,	reads=225137,sectors_read=8834954,writes=4429,sectors_written=299178	default [performance] powersave powersupersave 
2026-09-12T23:57:36,718877767-04:00	27333756	0	0	0	0	0	avg10=0.00	avg10=0.00	avg10=43.78	avg10=42.68	pgpgin=137501405,pgpgout=150753,pswpin=0,pswpout=0,	reads=225137,sectors_read=8834954,writes=4431,sectors_written=299194	default [performance] powersave powersupersave 
2026-09-12T23:57:37,858652461-04:00	27223228	0	0	0	0	0	avg10=0.00	avg10=0.00	avg10=44.54	avg10=43.46	pgpgin=137873565,pgpgout=150761,pswpin=0,pswpout=0,	reads=225172,sectors_read=8835938,writes=4433,sectors_written=299210	default [performance] powersave powersupersave 
2026-09-12T23:57:39,001826095-04:00	27212240	0	0	0	0	0	avg10=0.00	avg10=0.00	avg10=44.54	avg10=43.46	pgpgin=138261385,pgpgout=150769,pswpin=0,pswpout=0,	reads=225176,sectors_read=8835986,writes=4435,sectors_written=299226	default [performance] powersave powersupersave 
2026-09-12T23:57:40,162561488-04:00	27331180	0	0	0	0	0	avg10=1.63	avg10=1.63	avg10=43.17	avg10=42.29	pgpgin=138662017,pgpgout=150777,pswpin=0,pswpout=0,	reads=225346,sectors_read=8854490,writes=4437,sectors_written=299242	default [performance] powersave powersupersave 
2026-09-12T23:57:41,293635657-04:00	27277448	0	0	0	0	0	avg10=1.51	avg10=1.51	avg10=42.24	avg10=41.33	pgpgin=139049797,pgpgout=150877,pswpin=0,pswpout=0,	reads=225347,sectors_read=8854498,writes=4441,sectors_written=299442	default [performance] powersave powersupersave 
2026-09-12T23:57:42,468988581-04:00	27284840	0	0	0	0	0	avg10=1.51	avg10=1.51	avg10=42.24	avg10=41.33	pgpgin=139420041,pgpgout=150885,pswpin=0,pswpout=0,	reads=225347,sectors_read=8854498,writes=4443,sectors_written=299458	default [performance] powersave powersupersave 
2026-09-12T23:57:43,623471136-04:00	27273056	0	0	0	0	0	avg10=1.24	avg10=1.24	avg10=42.19	avg10=41.27	pgpgin=139808765,pgpgout=150893,pswpin=0,pswpout=0,	reads=225370,sectors_read=8855658,writes=4445,sectors_written=299474	default [performance] powersave powersupersave 
2026-09-12T23:57:44,747375106-04:00	27275040	0	0	0	0	0	avg10=1.24	avg10=1.24	avg10=42.19	avg10=41.27	pgpgin=140190001,pgpgout=150901,pswpin=0,pswpout=0,	reads=225370,sectors_read=8855658,writes=4447,sectors_written=299490	default [performance] powersave powersupersave 
2026-09-12T23:57:45,889996476-04:00	27288284	0	0	0	0	0	avg10=1.01	avg10=1.01	avg10=43.06	avg10=42.13	pgpgin=140579409,pgpgout=150977,pswpin=0,pswpout=0,	reads=225371,sectors_read=8855914,writes=4463,sectors_written=299642	default [performance] powersave powersupersave 
2026-09-12T23:57:47,026241618-04:00	27272948	0	0	0	0	0	avg10=1.01	avg10=1.01	avg10=43.06	avg10=42.13	pgpgin=140973909,pgpgout=151077,pswpin=0,pswpout=0,	reads=225437,sectors_read=8861042,writes=4467,sectors_written=299842	default [performance] powersave powersupersave 
2026-09-12T23:57:48,164747243-04:00	27279272	0	0	0	0	0	avg10=0.83	avg10=0.83	avg10=43.41	avg10=42.46	pgpgin=141359745,pgpgout=151085,pswpin=0,pswpout=0,	reads=225438,sectors_read=8861050,writes=4469,sectors_written=299858	default [performance] powersave powersupersave 
2026-09-12T23:57:49,311992143-04:00	27281444	0	0	0	0	0	avg10=0.68	avg10=0.68	avg10=42.61	avg10=41.84	pgpgin=141742029,pgpgout=151093,pswpin=0,pswpout=0,	reads=225438,sectors_read=8861050,writes=4471,sectors_written=299874	default [performance] powersave powersupersave 
2026-09-12T23:57:50,442636508-04:00	27280820	0	0	0	0	0	avg10=0.68	avg10=0.68	avg10=42.61	avg10=41.84	pgpgin=142114561,pgpgout=151101,pswpin=0,pswpout=0,	reads=225445,sectors_read=8861202,writes=4473,sectors_written=299890	default [performance] powersave powersupersave 
2026-09-12T23:57:51,569319315-04:00	27287716	0	0	0	0	0	avg10=0.55	avg10=0.55	avg10=42.86	avg10=42.23	pgpgin=142483185,pgpgout=151109,pswpin=0,pswpout=0,	reads=225445,sectors_read=8861202,writes=4475,sectors_written=299906	default [performance] powersave powersupersave 
2026-09-12T23:57:52,696593361-04:00	27282732	0	0	0	0	0	avg10=0.55	avg10=0.55	avg10=42.86	avg10=42.23	pgpgin=142850593,pgpgout=151225,pswpin=0,pswpout=0,	reads=225445,sectors_read=8861202,writes=4479,sectors_written=300138	default [performance] powersave powersupersave 
2026-09-12T23:57:53,841097753-04:00	27288652	0	0	0	0	0	avg10=0.45	avg10=0.45	avg10=42.34	avg10=41.64	pgpgin=143233077,pgpgout=151233,pswpin=0,pswpout=0,	reads=225449,sectors_read=8861290,writes=4481,sectors_written=300154	default [performance] powersave powersupersave 
2026-09-12T23:57:54,977121406-04:00	27285588	0	0	0	0	0	avg10=0.45	avg10=0.45	avg10=42.34	avg10=41.64	pgpgin=143607813,pgpgout=151241,pswpin=0,pswpout=0,	reads=225449,sectors_read=8861290,writes=4483,sectors_written=300170	default [performance] powersave powersupersave 
2026-09-12T23:57:56,108934494-04:00	27287496	0	0	0	0	0	avg10=0.37	avg10=0.37	avg10=42.28	avg10=41.71	pgpgin=143980765,pgpgout=151249,pswpin=0,pswpout=0,	reads=225449,sectors_read=8861290,writes=4485,sectors_written=300186	default [performance] powersave powersupersave 
2026-09-12T23:57:57,256066224-04:00	27291876	0	0	0	0	0	avg10=0.37	avg10=0.37	avg10=42.28	avg10=41.71	pgpgin=144339989,pgpgout=151257,pswpin=0,pswpout=0,	reads=225449,sectors_read=8861290,writes=4487,sectors_written=300202	default [performance] powersave powersupersave 
2026-09-12T23:57:58,395731474-04:00	27278864	0	0	0	0	0	avg10=0.30	avg10=0.30	avg10=42.41	avg10=41.76	pgpgin=144726893,pgpgout=151349,pswpin=0,pswpout=0,	reads=225449,sectors_read=8861290,writes=4491,sectors_written=300386	default [performance] powersave powersupersave 
2026-09-12T23:57:59,519780738-04:00	27284992	0	0	0	0	0	avg10=0.25	avg10=0.25	avg10=41.61	avg10=41.08	pgpgin=145096893,pgpgout=151357,pswpin=0,pswpout=0,	reads=225449,sectors_read=8861290,writes=4493,sectors_written=300402	default [performance] powersave powersupersave 
2026-09-12T23:58:00,648080959-04:00	27293180	0	0	0	0	0	avg10=0.25	avg10=0.25	avg10=41.61	avg10=41.08	pgpgin=145458473,pgpgout=151365,pswpin=0,pswpout=0,	reads=225449,sectors_read=8861290,writes=4495,sectors_written=300418	default [performance] powersave powersupersave 
2026-09-12T23:58:01,787824240-04:00	27289732	0	0	0	0	0	avg10=0.20	avg10=0.20	avg10=42.22	avg10=41.60	pgpgin=145824013,pgpgout=151413,pswpin=0,pswpout=0,	reads=225455,sectors_read=8861386,writes=4497,sectors_written=300434	default [performance] powersave powersupersave 
2026-09-12T23:58:02,929547182-04:00	27285184	0	0	0	0	0	avg10=0.20	avg10=0.20	avg10=42.22	avg10=41.60	pgpgin=146206145,pgpgout=151421,pswpin=0,pswpout=0,	reads=225463,sectors_read=8861738,writes=4499,sectors_written=300450	default [performance] powersave powersupersave 
2026-09-12T23:58:04,057398519-04:00	27299868	0	0	0	0	0	avg10=0.16	avg10=0.16	avg10=42.18	avg10=41.49	pgpgin=146601593,pgpgout=151497,pswpin=0,pswpout=0,	reads=225463,sectors_read=8861738,writes=4503,sectors_written=300602	default [performance] powersave powersupersave 
2026-09-12T23:58:05,183034852-04:00	27284384	0	0	0	0	0	avg10=0.16	avg10=0.16	avg10=42.18	avg10=41.49	pgpgin=146974489,pgpgout=151505,pswpin=0,pswpout=0,	reads=225463,sectors_read=8861738,writes=4505,sectors_written=300618	default [performance] powersave powersupersave 
2026-09-12T23:58:06,310640530-04:00	27289828	0	0	0	0	0	avg10=0.13	avg10=0.13	avg10=41.79	avg10=41.04	pgpgin=147372673,pgpgout=151513,pswpin=0,pswpout=0,	reads=225463,sectors_read=8861738,writes=4507,sectors_written=300634	default [performance] powersave powersupersave 
2026-09-12T23:58:07,428073957-04:00	27292632	0	0	0	0	0	avg10=0.11	avg10=0.11	avg10=42.00	avg10=41.39	pgpgin=147755165,pgpgout=151521,pswpin=0,pswpout=0,	reads=225463,sectors_read=8861738,writes=4509,sectors_written=300650	default [performance] powersave powersupersave 
2026-09-12T23:58:08,568423868-04:00	27291364	0	0	0	0	0	avg10=0.11	avg10=0.11	avg10=42.00	avg10=41.39	pgpgin=148143445,pgpgout=151529,pswpin=0,pswpout=0,	reads=225463,sectors_read=8861738,writes=4511,sectors_written=300666	default [performance] powersave powersupersave 
2026-09-12T23:58:09,692231541-04:00	27262020	0	0	0	0	0	avg10=0.09	avg10=0.09	avg10=42.37	avg10=41.68	pgpgin=148530381,pgpgout=151629,pswpin=0,pswpout=0,	reads=225463,sectors_read=8861738,writes=4515,sectors_written=300866	default [performance] powersave powersupersave 
2026-09-12T23:58:10,847068134-04:00	27267020	0	0	0	0	0	avg10=0.09	avg10=0.09	avg10=42.37	avg10=41.68	pgpgin=148917021,pgpgout=151637,pswpin=0,pswpout=0,	reads=225485,sectors_read=8863146,writes=4517,sectors_written=300882	default [performance] powersave powersupersave 
2026-09-12T23:58:11,982323604-04:00	27260604	0	0	0	0	0	avg10=0.07	avg10=0.07	avg10=42.30	avg10=41.56	pgpgin=149298109,pgpgout=151645,pswpin=0,pswpout=0,	reads=225485,sectors_read=8863146,writes=4519,sectors_written=300898	default [performance] powersave powersupersave 
2026-09-12T23:58:13,109884198-04:00	27482648	0	0	0	0	0	avg10=0.07	avg10=0.07	avg10=42.30	avg10=41.56	pgpgin=149672065,pgpgout=151653,pswpin=0,pswpout=0,	reads=225485,sectors_read=8863146,writes=4521,sectors_written=300914	default [performance] powersave powersupersave 
2026-09-12T23:58:14,254384669-04:00	27434280	0	0	0	0	0	avg10=0.06	avg10=0.06	avg10=42.06	avg10=41.28	pgpgin=150066285,pgpgout=151661,pswpin=0,pswpout=0,	reads=225489,sectors_read=8863642,writes=4523,sectors_written=300930	default [performance] powersave powersupersave 
2026-09-12T23:58:15,380927179-04:00	27426220	0	0	0	0	0	avg10=0.04	avg10=0.04	avg10=42.59	avg10=41.77	pgpgin=150441085,pgpgout=151753,pswpin=0,pswpout=0,	reads=225509,sectors_read=8864394,writes=4527,sectors_written=301114	default [performance] powersave powersupersave 
2026-09-12T23:58:16,511472224-04:00	27459696	0	0	0	0	0	avg10=0.04	avg10=0.04	avg10=42.59	avg10=41.77	pgpgin=150825657,pgpgout=151761,pswpin=0,pswpout=0,	reads=225509,sectors_read=8864394,writes=4529,sectors_written=301130	default [performance] powersave powersupersave 
2026-09-12T23:58:17,644718627-04:00	27472140	0	0	0	0	0	avg10=0.04	avg10=0.04	avg10=42.48	avg10=41.45	pgpgin=151212469,pgpgout=151769,pswpin=0,pswpout=0,	reads=225509,sectors_read=8864394,writes=4531,sectors_written=301146	default [performance] powersave powersupersave 
2026-09-12T23:58:18,791423500-04:00	27472072	0	0	0	0	0	avg10=0.04	avg10=0.04	avg10=42.48	avg10=41.45	pgpgin=151598721,pgpgout=151777,pswpin=0,pswpout=0,	reads=225513,sectors_read=8864450,writes=4533,sectors_written=301162	default [performance] powersave powersupersave 
2026-09-12T23:58:19,930476308-04:00	27470676	0	0	0	0	0	avg10=0.03	avg10=0.03	avg10=42.76	avg10=41.73	pgpgin=151977985,pgpgout=151785,pswpin=0,pswpout=0,	reads=225513,sectors_read=8864450,writes=4535,sectors_written=301178	default [performance] powersave powersupersave 
2026-09-12T23:58:21,049596204-04:00	27449156	0	0	0	0	0	avg10=0.03	avg10=0.03	avg10=42.76	avg10=41.73	pgpgin=152369197,pgpgout=151941,pswpin=0,pswpout=0,	reads=226105,sectors_read=8894234,writes=4540,sectors_written=301490	default [performance] powersave powersupersave 
2026-09-12T23:58:22,146190147-04:00	27451156	0	0	0	0	0	avg10=0.02	avg10=0.02	avg10=41.53	avg10=40.69	pgpgin=152755901,pgpgout=152041,pswpin=0,pswpout=0,	reads=226109,sectors_read=8894290,writes=4561,sectors_written=301690	default [performance] powersave powersupersave 
2026-09-12T23:58:23,259458407-04:00	27425392	0	0	0	0	0	avg10=0.02	avg10=0.02	avg10=41.53	avg10=40.69	pgpgin=153117693,pgpgout=152049,pswpin=0,pswpout=0,	reads=226121,sectors_read=8894946,writes=4563,sectors_written=301706	default [performance] powersave powersupersave 
2026-09-12T23:58:24,402559190-04:00	27436872	0	0	0	0	0	avg10=0.02	avg10=0.02	avg10=41.80	avg10=40.93	pgpgin=153506901,pgpgout=152057,pswpin=0,pswpout=0,	reads=226121,sectors_read=8894946,writes=4565,sectors_written=301722	default [performance] powersave powersupersave 
2026-09-12T23:58:25,537430416-04:00	27434216	0	0	0	0	0	avg10=0.01	avg10=0.01	avg10=41.83	avg10=40.94	pgpgin=153892149,pgpgout=152173,pswpin=0,pswpout=0,	reads=226121,sectors_read=8894946,writes=4569,sectors_written=301954	default [performance] powersave powersupersave 
2026-09-12T23:58:26,675029504-04:00	27443720	0	0	0	0	0	avg10=0.01	avg10=0.01	avg10=41.83	avg10=40.94	pgpgin=154279129,pgpgout=152181,pswpin=0,pswpout=0,	reads=226129,sectors_read=8895362,writes=4571,sectors_written=301970	default [performance] powersave powersupersave 
2026-09-12T23:58:27,795033987-04:00	27473864	0	0	0	0	0	avg10=0.01	avg10=0.01	avg10=40.96	avg10=40.04	pgpgin=154670781,pgpgout=152189,pswpin=0,pswpout=0,	reads=226131,sectors_read=8895378,writes=4573,sectors_written=301986	default [performance] powersave powersupersave 
2026-09-12T23:58:28,916380600-04:00	27439508	0	0	0	0	0	avg10=0.01	avg10=0.01	avg10=40.96	avg10=40.04	pgpgin=155059277,pgpgout=152197,pswpin=0,pswpout=0,	reads=226131,sectors_read=8895378,writes=4575,sectors_written=302002	default [performance] powersave powersupersave 
2026-09-12T23:58:30,056900363-04:00	27407632	0	0	0	0	0	avg10=0.01	avg10=0.01	avg10=40.24	avg10=39.31	pgpgin=155450437,pgpgout=152205,pswpin=0,pswpout=0,	reads=226131,sectors_read=8895378,writes=4577,sectors_written=302018	default [performance] powersave powersupersave 
2026-09-12T23:58:31,190034804-04:00	27434440	0	0	0	0	0	avg10=0.01	avg10=0.01	avg10=40.24	avg10=39.31	pgpgin=155838653,pgpgout=152309,pswpin=0,pswpout=0,	reads=226131,sectors_read=8895378,writes=4581,sectors_written=302226	default [performance] powersave powersupersave 
2026-09-12T23:58:32,337757192-04:00	27459848	0	0	0	0	0	avg10=0.00	avg10=0.00	avg10=40.92	avg10=39.98	pgpgin=156229693,pgpgout=152317,pswpin=0,pswpout=0,	reads=226292,sectors_read=8905434,writes=4583,sectors_written=302242	default [performance] powersave powersupersave 
2026-09-12T23:58:33,480537972-04:00	27441936	0	0	0	0	0	avg10=0.00	avg10=0.00	avg10=41.48	avg10=40.52	pgpgin=156602681,pgpgout=152361,pswpin=0,pswpout=0,	reads=226344,sectors_read=8907002,writes=4585,sectors_written=302258	default [performance] powersave powersupersave 
2026-09-12T23:58:34,607873905-04:00	27441220	0	0	0	0	0	avg10=0.00	avg10=0.00	avg10=41.48	avg10=40.52	pgpgin=157030121,pgpgout=162585,pswpin=0,pswpout=0,	reads=231661,sectors_read=9053890,writes=4609,sectors_written=322706	default [performance] powersave powersupersave 
2026-09-12T23:58:35,718599174-04:00	27377936	0	0	0	0	0	avg10=0.00	avg10=0.00	avg10=39.76	avg10=38.80	pgpgin=157366597,pgpgout=162597,pswpin=0,pswpout=0,	reads=232841,sectors_read=9130434,writes=4612,sectors_written=322730	default [performance] powersave powersupersave 
2026-09-12T23:58:36,839137882-04:00	27395532	0	0	0	0	0	avg10=0.00	avg10=0.00	avg10=39.76	avg10=38.80	pgpgin=157643909,pgpgout=162893,pswpin=0,pswpout=0,	reads=232841,sectors_read=9130434,writes=4616,sectors_written=323322	default [performance] powersave powersupersave 
2026-09-12T23:58:37,970141892-04:00	27417304	0	0	0	0	0	avg10=0.00	avg10=0.00	avg10=41.25	avg10=40.46	pgpgin=157918729,pgpgout=162901,pswpin=0,pswpout=0,	reads=232888,sectors_read=9132442,writes=4618,sectors_written=323338	default [performance] powersave powersupersave 
2026-09-12T23:58:39,122105201-04:00	27445036	0	0	0	0	0	avg10=0.00	avg10=0.00	avg10=41.25	avg10=40.46	pgpgin=158236669,pgpgout=162909,pswpin=0,pswpout=0,	reads=232897,sectors_read=9132570,writes=4620,sectors_written=323354	default [performance] powersave powersupersave 
2026-09-12T23:58:40,262332019-04:00	27466916	0	0	0	0	0	avg10=0.00	avg10=0.00	avg10=42.47	avg10=41.65	pgpgin=158594649,pgpgout=162917,pswpin=0,pswpout=0,	reads=232903,sectors_read=9132618,writes=4622,sectors_written=323370	default [performance] powersave powersupersave 
2026-09-12T23:58:41,400827253-04:00	27428360	0	0	0	0	0	avg10=0.00	avg10=0.00	avg10=42.02	avg10=41.35	pgpgin=158979553,pgpgout=162925,pswpin=0,pswpout=0,	reads=232903,sectors_read=9132618,writes=4624,sectors_written=323386	default [performance] powersave powersupersave 
2026-09-12T23:58:42,530929107-04:00	27423044	0	0	0	0	0	avg10=0.00	avg10=0.00	avg10=42.02	avg10=41.35	pgpgin=159386417,pgpgout=163029,pswpin=0,pswpout=0,	reads=233238,sectors_read=9161770,writes=4628,sectors_written=323594	default [performance] powersave powersupersave 
2026-09-12T23:58:43,640607133-04:00	27423560	0	0	0	0	0	avg10=0.18	avg10=0.18	avg10=41.29	avg10=40.74	pgpgin=159773245,pgpgout=163037,pswpin=0,pswpout=0,	reads=233246,sectors_read=9162530,writes=4630,sectors_written=323610	default [performance] powersave powersupersave 
2026-09-12T23:58:44,792602160-04:00	27424036	0	0	0	0	0	avg10=0.18	avg10=0.18	avg10=41.29	avg10=40.74	pgpgin=160148581,pgpgout=163045,pswpin=0,pswpout=0,	reads=233257,sectors_read=9163162,writes=4632,sectors_written=323626	default [performance] powersave powersupersave 
2026-09-12T23:58:45,924629155-04:00	27479456	0	0	0	0	0	avg10=0.14	avg10=0.14	avg10=40.88	avg10=40.42	pgpgin=160539829,pgpgout=163053,pswpin=0,pswpout=0,	reads=233257,sectors_read=9163162,writes=4634,sectors_written=323642	default [performance] powersave powersupersave 
2026-09-12T23:58:47,051712632-04:00	27450712	0	0	0	0	0	avg10=0.14	avg10=0.14	avg10=40.88	avg10=40.42	pgpgin=160908301,pgpgout=163061,pswpin=0,pswpout=0,	reads=233257,sectors_read=9163162,writes=4636,sectors_written=323658	default [performance] powersave powersupersave 
2026-09-12T23:58:48,195836102-04:00	27428276	0	0	0	0	0	avg10=0.12	avg10=0.12	avg10=41.08	avg10=40.53	pgpgin=161288761,pgpgout=163149,pswpin=0,pswpout=0,	reads=233257,sectors_read=9163162,writes=4641,sectors_written=323834	default [performance] powersave powersupersave 
2026-09-12T23:58:49,350265496-04:00	27439312	0	0	0	0	0	avg10=0.10	avg10=0.10	avg10=41.79	avg10=40.97	pgpgin=161669773,pgpgout=163157,pswpin=0,pswpout=0,	reads=233257,sectors_read=9163162,writes=4643,sectors_written=323850	default [performance] powersave powersupersave 
2026-09-12T23:58:50,496328742-04:00	27216956	0	0	0	0	0	avg10=0.10	avg10=0.10	avg10=41.79	avg10=40.97	pgpgin=162042425,pgpgout=163165,pswpin=0,pswpout=0,	reads=233265,sectors_read=9163506,writes=4645,sectors_written=323866	default [performance] powersave powersupersave 
2026-09-12T23:58:51,634547651-04:00	27224472	0	0	0	0	0	avg10=0.08	avg10=0.08	avg10=42.19	avg10=41.16	pgpgin=162415289,pgpgout=163173,pswpin=0,pswpout=0,	reads=233265,sectors_read=9163506,writes=4647,sectors_written=323882	default [performance] powersave powersupersave 
2026-09-12T23:58:52,779988595-04:00	27253084	0	0	0	0	0	avg10=0.08	avg10=0.08	avg10=42.19	avg10=41.16	pgpgin=162776521,pgpgout=163269,pswpin=0,pswpout=0,	reads=233266,sectors_read=9163514,writes=4651,sectors_written=324074	default [performance] powersave powersupersave 
2026-09-12T23:58:53,937402249-04:00	27253808	0	0	0	0	0	avg10=0.06	avg10=0.06	avg10=41.79	avg10=40.95	pgpgin=163157289,pgpgout=163373,pswpin=0,pswpout=0,	reads=233266,sectors_read=9163514,writes=4655,sectors_written=324282	default [performance] powersave powersupersave 
2026-09-12T23:58:55,081319906-04:00	27297536	0	0	0	0	0	avg10=0.06	avg10=0.06	avg10=41.79	avg10=40.95	pgpgin=163558889,pgpgout=163381,pswpin=0,pswpout=0,	reads=233270,sectors_read=9163554,writes=4657,sectors_written=324298	default [performance] powersave powersupersave 
2026-09-12T23:58:56,194843788-04:00	27377272	0	0	0	0	0	avg10=0.05	avg10=0.05	avg10=42.37	avg10=41.50	pgpgin=163934389,pgpgout=163389,pswpin=0,pswpout=0,	reads=233270,sectors_read=9163554,writes=4659,sectors_written=324314	default [performance] powersave powersupersave 
2026-09-12T23:58:57,342743257-04:00	27406524	0	0	0	0	0	avg10=0.04	avg10=0.04	avg10=42.12	avg10=41.23	pgpgin=164317381,pgpgout=163689,pswpin=0,pswpout=0,	reads=233270,sectors_read=9163554,writes=4726,sectors_written=324914	default [performance] powersave powersupersave 
2026-09-12T23:58:58,477722368-04:00	27376804	0	0	0	0	0	avg10=0.04	avg10=0.04	avg10=42.12	avg10=41.23	pgpgin=164681113,pgpgout=163697,pswpin=0,pswpout=0,	reads=233276,sectors_read=9163650,writes=4728,sectors_written=324930	default [performance] powersave powersupersave 
2026-09-12T23:58:59,652227965-04:00	27425188	0	0	0	0	0	avg10=0.03	avg10=0.03	avg10=41.19	avg10=40.46	pgpgin=165056013,pgpgout=163773,pswpin=0,pswpout=0,	reads=233276,sectors_read=9163650,writes=4732,sectors_written=325082	default [performance] powersave powersupersave 
2026-09-12T23:59:00,813084158-04:00	27390648	0	0	0	0	0	avg10=0.03	avg10=0.03	avg10=41.19	avg10=40.46	pgpgin=165430793,pgpgout=163781,pswpin=0,pswpout=0,	reads=233317,sectors_read=9164226,writes=4734,sectors_written=325098	default [performance] powersave powersupersave 
2026-09-12T23:59:01,943222638-04:00	27377216	0	0	0	0	0	avg10=1.11	avg10=1.11	avg10=39.89	avg10=39.29	pgpgin=165819109,pgpgout=163877,pswpin=0,pswpout=0,	reads=233689,sectors_read=9196786,writes=4739,sectors_written=325290	default [performance] powersave powersupersave 
2026-09-12T23:59:03,066993546-04:00	27327960	0	0	0	0	0	avg10=1.11	avg10=1.11	avg10=39.89	avg10=39.29	pgpgin=166221649,pgpgout=163885,pswpin=0,pswpout=0,	reads=233698,sectors_read=9196858,writes=4741,sectors_written=325306	default [performance] powersave powersupersave 
2026-09-12T23:59:04,187833952-04:00	27320856	0	0	0	0	0	avg10=1.63	avg10=1.63	avg10=39.73	avg10=39.05	pgpgin=166598277,pgpgout=163893,pswpin=0,pswpout=0,	reads=233698,sectors_read=9196858,writes=4743,sectors_written=325322	default [performance] powersave powersupersave 
2026-09-12T23:59:05,299599070-04:00	27329708	0	0	0	0	0	avg10=1.63	avg10=1.63	avg10=39.73	avg10=39.05	pgpgin=166982561,pgpgout=163941,pswpin=0,pswpout=0,	reads=233699,sectors_read=9196866,writes=4745,sectors_written=325338	default [performance] powersave powersupersave 
2026-09-12T23:59:06,443725389-04:00	27324792	0	0	0	0	0	avg10=1.34	avg10=1.34	avg10=39.78	avg10=39.04	pgpgin=167383597,pgpgout=164061,pswpin=0,pswpout=0,	reads=233699,sectors_read=9196866,writes=4749,sectors_written=325578	default [performance] powersave powersupersave 
2026-09-12T23:59:07,560932121-04:00	27317340	0	0	0	0	0	avg10=1.09	avg10=1.09	avg10=40.90	avg10=39.76	pgpgin=167779805,pgpgout=164213,pswpin=0,pswpout=0,	reads=233700,sectors_read=9196874,writes=4756,sectors_written=325882	default [performance] powersave powersupersave 
2026-09-12T23:59:08,677503992-04:00	27323568	0	0	0	0	0	avg10=1.09	avg10=1.09	avg10=40.90	avg10=39.76	pgpgin=168172297,pgpgout=164221,pswpin=0,pswpout=0,	reads=233700,sectors_read=9196874,writes=4758,sectors_written=325898	default [performance] powersave powersupersave 
2026-09-12T23:59:09,808464691-04:00	27320872	0	0	0	0	0	avg10=0.89	avg10=0.89	avg10=41.46	avg10=40.35	pgpgin=168568601,pgpgout=164229,pswpin=0,pswpout=0,	reads=233700,sectors_read=9196874,writes=4760,sectors_written=325914	default [performance] powersave powersupersave 
2026-09-12T23:59:10,936892539-04:00	27306068	0	0	0	0	0	avg10=0.89	avg10=0.89	avg10=41.46	avg10=40.35	pgpgin=168954905,pgpgout=164237,pswpin=0,pswpout=0,	reads=233700,sectors_read=9196874,writes=4762,sectors_written=325930	default [performance] powersave powersupersave 
2026-09-12T23:59:12,059560000-04:00	27314008	0	0	0	0	0	avg10=0.73	avg10=0.73	avg10=41.56	avg10=40.64	pgpgin=169326489,pgpgout=164357,pswpin=0,pswpout=0,	reads=233700,sectors_read=9196874,writes=4766,sectors_written=326170	default [performance] powersave powersupersave 
2026-09-12T23:59:13,165572896-04:00	27318488	0	0	0	0	0	avg10=0.73	avg10=0.73	avg10=41.56	avg10=40.64	pgpgin=169685861,pgpgout=164365,pswpin=0,pswpout=0,	reads=233760,sectors_read=9201578,writes=4768,sectors_written=326186	default [performance] powersave powersupersave 
2026-09-12T23:59:14,305854493-04:00	27313928	0	0	0	0	0	avg10=0.60	avg10=0.60	avg10=43.09	avg10=42.16	pgpgin=170061689,pgpgout=164373,pswpin=0,pswpout=0,	reads=233778,sectors_read=9203042,writes=4770,sectors_written=326202	default [performance] powersave powersupersave 
2026-09-12T23:59:15,453456067-04:00	27316292	0	0	0	0	0	avg10=0.49	avg10=0.49	avg10=42.71	avg10=41.77	pgpgin=170436637,pgpgout=164381,pswpin=0,pswpout=0,	reads=233780,sectors_read=9203434,writes=4772,sectors_written=326218	default [performance] powersave powersupersave 
2026-09-12T23:59:16,591674344-04:00	27311088	0	0	0	0	0	avg10=0.49	avg10=0.49	avg10=42.71	avg10=41.77	pgpgin=170810241,pgpgout=164389,pswpin=0,pswpout=0,	reads=233780,sectors_read=9203434,writes=4774,sectors_written=326234	default [performance] powersave powersupersave 
2026-09-12T23:59:17,726506485-04:00	27307812	0	0	0	0	0	avg10=0.40	avg10=0.40	avg10=41.67	avg10=40.90	pgpgin=171210365,pgpgout=164477,pswpin=0,pswpout=0,	reads=233780,sectors_read=9203434,writes=4778,sectors_written=326410	default [performance] powersave powersupersave 
2026-09-12T23:59:18,851397933-04:00	27303688	0	0	0	0	0	avg10=0.40	avg10=0.40	avg10=41.67	avg10=40.90	pgpgin=171586521,pgpgout=164485,pswpin=0,pswpout=0,	reads=233780,sectors_read=9203434,writes=4780,sectors_written=326426	default [performance] powersave powersupersave 
2026-09-12T23:59:19,992906565-04:00	27298984	0	0	0	0	0	avg10=0.33	avg10=0.33	avg10=42.82	avg10=42.19	pgpgin=171960369,pgpgout=164493,pswpin=0,pswpout=0,	reads=233780,sectors_read=9203434,writes=4782,sectors_written=326442	default [performance] powersave powersupersave 
2026-09-12T23:59:21,105293402-04:00	27294128	0	0	0	0	0	avg10=0.33	avg10=0.33	avg10=42.82	avg10=42.19	pgpgin=172350697,pgpgout=164501,pswpin=0,pswpout=0,	reads=233780,sectors_read=9203434,writes=4784,sectors_written=326458	default [performance] powersave powersupersave 
2026-09-12T23:59:22,237402631-04:00	27300624	0	0	0	0	0	avg10=0.27	avg10=0.27	avg10=42.31	avg10=41.61	pgpgin=172729473,pgpgout=164509,pswpin=0,pswpout=0,	reads=233780,sectors_read=9203434,writes=4786,sectors_written=326474	default [performance] powersave powersupersave 
2026-09-12T23:59:23,374835312-04:00	27299772	0	0	0	0	0	avg10=0.22	avg10=0.22	avg10=41.89	avg10=41.32	pgpgin=173102129,pgpgout=164593,pswpin=0,pswpout=0,	reads=233780,sectors_read=9203434,writes=4790,sectors_written=326642	default [performance] powersave powersupersave 
2026-09-12T23:59:24,500218036-04:00	27301192	0	0	0	0	0	avg10=0.22	avg10=0.22	avg10=41.89	avg10=41.32	pgpgin=173476997,pgpgout=164601,pswpin=0,pswpout=0,	reads=233780,sectors_read=9203434,writes=4792,sectors_written=326658	default [performance] powersave powersupersave 
2026-09-12T23:59:25,643357433-04:00	27296236	0	0	0	0	0	avg10=0.18	avg10=0.18	avg10=41.55	avg10=41.08	pgpgin=173839657,pgpgout=164609,pswpin=0,pswpout=0,	reads=233780,sectors_read=9203434,writes=4794,sectors_written=326674	default [performance] powersave powersupersave 
2026-09-12T23:59:26,799078018-04:00	27285456	0	0	0	0	0	avg10=0.18	avg10=0.18	avg10=41.55	avg10=41.08	pgpgin=174209889,pgpgout=164617,pswpin=0,pswpout=0,	reads=233780,sectors_read=9203434,writes=4796,sectors_written=326690	default [performance] powersave powersupersave 
2026-09-12T23:59:27,912487886-04:00	27291780	0	0	0	0	0	avg10=0.14	avg10=0.14	avg10=42.35	avg10=41.79	pgpgin=174565201,pgpgout=164625,pswpin=0,pswpout=0,	reads=233780,sectors_read=9203434,writes=4798,sectors_written=326706	default [performance] powersave powersupersave 
2026-09-12T23:59:29,030498907-04:00	27270400	0	0	0	0	0	avg10=0.14	avg10=0.14	avg10=42.35	avg10=41.79	pgpgin=174911381,pgpgout=164725,pswpin=0,pswpout=0,	reads=233780,sectors_read=9203434,writes=4802,sectors_written=326906	default [performance] powersave powersupersave 
2026-09-12T23:59:30,180911927-04:00	27440184	0	0	0	0	0	avg10=0.12	avg10=0.12	avg10=42.65	avg10=42.19	pgpgin=175284141,pgpgout=164733,pswpin=0,pswpout=0,	reads=233780,sectors_read=9203434,writes=4804,sectors_written=326922	default [performance] powersave powersupersave 
2026-09-12T23:59:31,317530010-04:00	27466320	0	0	0	0	0	avg10=0.12	avg10=0.12	avg10=42.65	avg10=42.19	pgpgin=175661897,pgpgout=164741,pswpin=0,pswpout=0,	reads=233780,sectors_read=9203434,writes=4806,sectors_written=326938	default [performance] powersave powersupersave 
2026-09-12T23:59:32,447480730-04:00	27474812	0	0	0	0	0	avg10=0.09	avg10=0.09	avg10=43.07	avg10=42.70	pgpgin=176054457,pgpgout=165161,pswpin=0,pswpout=0,	reads=233780,sectors_read=9203434,writes=4840,sectors_written=327778	default [performance] powersave powersupersave 
2026-09-12T23:59:33,583527244-04:00	27468976	0	0	0	0	0	avg10=0.08	avg10=0.08	avg10=43.42	avg10=42.93	pgpgin=176444037,pgpgout=165261,pswpin=0,pswpout=0,	reads=233780,sectors_read=9203434,writes=4861,sectors_written=327978	default [performance] powersave powersupersave 
2026-09-12T23:59:34,698837711-04:00	27454956	0	0	0	0	0	avg10=0.08	avg10=0.08	avg10=43.42	avg10=42.93	pgpgin=176824717,pgpgout=165353,pswpin=0,pswpout=0,	reads=233780,sectors_read=9203434,writes=4865,sectors_written=328162	default [performance] powersave powersupersave 
2026-09-12T23:59:35,816943759-04:00	27466836	0	0	0	0	0	avg10=0.06	avg10=0.06	avg10=43.16	avg10=42.58	pgpgin=177181689,pgpgout=165361,pswpin=0,pswpout=0,	reads=233780,sectors_read=9203434,writes=4867,sectors_written=328178	default [performance] powersave powersupersave 
2026-09-12T23:59:36,932953026-04:00	27456344	0	0	0	0	0	avg10=0.06	avg10=0.06	avg10=43.16	avg10=42.58	pgpgin=177551881,pgpgout=165421,pswpin=0,pswpout=0,	reads=233786,sectors_read=9203602,writes=4869,sectors_written=328194	default [performance] powersave powersupersave 
2026-09-12T23:59:38,073337733-04:00	27480588	0	0	0	0	0	avg10=0.05	avg10=0.05	avg10=43.68	avg10=43.20	pgpgin=177927725,pgpgout=165429,pswpin=0,pswpout=0,	reads=233808,sectors_read=9204506,writes=4871,sectors_written=328210	default [performance] powersave powersupersave 
2026-09-12T23:59:39,208599865-04:00	27331500	0	0	0	0	0	avg10=0.05	avg10=0.05	avg10=43.68	avg10=43.20	pgpgin=178306601,pgpgout=165437,pswpin=0,pswpout=0,	reads=233812,sectors_read=9204546,writes=4873,sectors_written=328226	default [performance] powersave powersupersave 
2026-09-12T23:59:40,349864232-04:00	27495124	0	0	0	0	0	avg10=0.22	avg10=0.22	avg10=42.83	avg10=42.44	pgpgin=178687409,pgpgout=165525,pswpin=0,pswpout=0,	reads=233828,sectors_read=9207082,writes=4877,sectors_written=328402	default [performance] powersave powersupersave 
2026-09-12T23:59:41,474797162-04:00	27449176	0	0	0	0	0	avg10=0.18	avg10=0.18	avg10=41.95	avg10=41.45	pgpgin=179072585,pgpgout=165533,pswpin=0,pswpout=0,	reads=233926,sectors_read=9222626,writes=4879,sectors_written=328418	default [performance] powersave powersupersave 
2026-09-12T23:59:42,616633193-04:00	27475808	0	0	0	0	0	avg10=0.18	avg10=0.18	avg10=41.95	avg10=41.45	pgpgin=179461057,pgpgout=165541,pswpin=0,pswpout=0,	reads=233970,sectors_read=9225466,writes=4881,sectors_written=328434	default [performance] powersave powersupersave 
2026-09-12T23:59:43,739964374-04:00	27482924	0	0	0	0	0	avg10=0.15	avg10=0.15	avg10=41.78	avg10=41.19	pgpgin=179813137,pgpgout=165549,pswpin=0,pswpout=0,	reads=233986,sectors_read=9226570,writes=4883,sectors_written=328450	default [performance] powersave powersupersave 
2026-09-12T23:59:44,887296573-04:00	27468844	0	0	0	0	0	avg10=0.15	avg10=0.15	avg10=41.78	avg10=41.19	pgpgin=180174465,pgpgout=165557,pswpin=0,pswpout=0,	reads=233986,sectors_read=9226570,writes=4885,sectors_written=328466	default [performance] powersave powersupersave 
2026-09-12T23:59:46,040952813-04:00	27448608	0	0	0	0	0	avg10=0.12	avg10=0.12	avg10=42.18	avg10=41.51	pgpgin=180539029,pgpgout=165661,pswpin=0,pswpout=0,	reads=233986,sectors_read=9226570,writes=4889,sectors_written=328674	default [performance] powersave powersupersave 
2026-09-12T23:59:47,170097521-04:00	27446704	0	0	0	0	0	avg10=0.12	avg10=0.12	avg10=42.18	avg10=41.51	pgpgin=180919925,pgpgout=165669,pswpin=0,pswpout=0,	reads=233986,sectors_read=9226570,writes=4891,sectors_written=328690	default [performance] powersave powersupersave 
2026-09-12T23:59:48,318338953-04:00	27441328	0	0	0	0	0	avg10=0.10	avg10=0.10	avg10=41.60	avg10=41.06	pgpgin=181310061,pgpgout=165677,pswpin=0,pswpout=0,	reads=233986,sectors_read=9226570,writes=4893,sectors_written=328706	default [performance] powersave powersupersave 
2026-09-12T23:59:49,430086945-04:00	27436652	0	0	0	0	0	avg10=0.08	avg10=0.08	avg10=41.86	avg10=41.23	pgpgin=181703465,pgpgout=165685,pswpin=0,pswpout=0,	reads=233986,sectors_read=9226570,writes=4895,sectors_written=328722	default [performance] powersave powersupersave 
2026-09-12T23:59:50,586367678-04:00	27437244	0	0	0	0	0	avg10=0.08	avg10=0.08	avg10=41.86	avg10=41.23	pgpgin=182108301,pgpgout=165693,pswpin=0,pswpout=0,	reads=234568,sectors_read=9231226,writes=4897,sectors_written=328738	default [performance] powersave powersupersave 
2026-09-12T23:59:51,704547587-04:00	27453140	0	0	0	0	0	avg10=0.06	avg10=0.06	avg10=42.42	avg10=41.73	pgpgin=182465205,pgpgout=165785,pswpin=0,pswpout=0,	reads=234568,sectors_read=9231226,writes=4901,sectors_written=328922	default [performance] powersave powersupersave 
2026-09-12T23:59:52,839496593-04:00	27414600	0	0	0	0	0	avg10=0.06	avg10=0.06	avg10=42.42	avg10=41.73	pgpgin=182829821,pgpgout=165793,pswpin=0,pswpout=0,	reads=234568,sectors_read=9231226,writes=4903,sectors_written=328938	default [performance] powersave powersupersave 
2026-09-12T23:59:53,975185309-04:00	27440068	0	0	0	0	0	avg10=0.05	avg10=0.05	avg10=42.17	avg10=41.41	pgpgin=183200849,pgpgout=165801,pswpin=0,pswpout=0,	reads=234568,sectors_read=9231226,writes=4905,sectors_written=328954	default [performance] powersave powersupersave 
2026-09-12T23:59:55,095596726-04:00	27435228	0	0	0	0	0	avg10=0.05	avg10=0.05	avg10=42.17	avg10=41.41	pgpgin=183571105,pgpgout=165809,pswpin=0,pswpout=0,	reads=234572,sectors_read=9231426,writes=4907,sectors_written=328970	default [performance] powersave powersupersave 
2026-09-12T23:59:56,226911038-04:00	27445376	0	0	0	0	0	avg10=0.04	avg10=0.04	avg10=42.13	avg10=41.52	pgpgin=183942569,pgpgout=165817,pswpin=0,pswpout=0,	reads=234572,sectors_read=9231426,writes=4909,sectors_written=328986	default [performance] powersave powersupersave 
2026-09-12T23:59:57,359496470-04:00	27466536	0	0	0	0	0	avg10=0.03	avg10=0.03	avg10=42.47	avg10=41.79	pgpgin=184319485,pgpgout=165909,pswpin=0,pswpout=0,	reads=234636,sectors_read=9236730,writes=4913,sectors_written=329170	default [performance] powersave powersupersave 
2026-09-12T23:59:58,476660070-04:00	27462164	0	0	0	0	0	avg10=0.03	avg10=0.03	avg10=42.47	avg10=41.79	pgpgin=184692625,pgpgout=165917,pswpin=0,pswpout=0,	reads=234773,sectors_read=9244882,writes=4915,sectors_written=329186	default [performance] powersave powersupersave 
2026-09-12T23:59:59,596264193-04:00	27497836	0	0	0	0	0	avg10=0.02	avg10=0.02	avg10=42.20	avg10=41.46	pgpgin=185063653,pgpgout=165925,pswpin=0,pswpout=0,	reads=234773,sectors_read=9244882,writes=4917,sectors_written=329202	default [performance] powersave powersupersave 
2026-09-13T00:00:00,716261968-04:00	27460572	0	0	0	0	0	avg10=0.02	avg10=0.02	avg10=42.20	avg10=41.46	pgpgin=185504181,pgpgout=166633,pswpin=0,pswpout=0,	reads=235870,sectors_read=9346386,writes=4934,sectors_written=330618	default [performance] powersave powersupersave 
2026-09-13T00:00:01,851026950-04:00	27466496	0	0	0	0	0	avg10=0.02	avg10=0.02	avg10=41.62	avg10=41.02	pgpgin=186052673,pgpgout=173025,pswpin=0,pswpout=0,	reads=237026,sectors_read=9631506,writes=4950,sectors_written=343402	default [performance] powersave powersupersave 
2026-09-13T00:00:02,980887260-04:00	27457424	0	0	0	0	0	avg10=0.02	avg10=0.02	avg10=41.62	avg10=41.02	pgpgin=186498869,pgpgout=178665,pswpin=0,pswpout=0,	reads=237392,sectors_read=9705130,writes=4970,sectors_written=354682	default [performance] powersave powersupersave 
2026-09-13T00:00:04,108677699-04:00	27445300	0	0	0	0	0	avg10=0.01	avg10=0.01	avg10=39.88	avg10=39.38	pgpgin=186949560,pgpgout=178841,pswpin=0,pswpout=0,	reads=237932,sectors_read=9772354,writes=4975,sectors_written=355034	default [performance] powersave powersupersave 
2026-09-13T00:00:05,244538981-04:00	27456520	0	0	0	0	0	avg10=0.01	avg10=0.01	avg10=39.88	avg10=39.38	pgpgin=187376850,pgpgout=178849,pswpin=0,pswpout=0,	reads=238213,sectors_read=9800650,writes=4977,sectors_written=355050	default [performance] powersave powersupersave 
2026-09-13T00:00:06,391675950-04:00	27462328	0	0	0	0	0	avg10=0.01	avg10=0.01	avg10=38.09	avg10=37.50	pgpgin=187808294,pgpgout=178857,pswpin=0,pswpout=0,	reads=238834,sectors_read=9873482,writes=4979,sectors_written=355066	default [performance] powersave powersupersave 
2026-09-13T00:00:07,536857050-04:00	27438296	0	0	0	0	0	avg10=0.01	avg10=0.01	avg10=39.88	avg10=39.22	pgpgin=188221835,pgpgout=178865,pswpin=0,pswpout=0,	reads=239149,sectors_read=9898290,writes=4981,sectors_written=355082	default [performance] powersave powersupersave 
2026-09-13T00:00:08,670235062-04:00	27402636	0	0	0	0	0	avg10=0.01	avg10=0.01	avg10=39.88	avg10=39.22	pgpgin=188603851,pgpgout=179209,pswpin=0,pswpout=0,	reads=239149,sectors_read=9898290,writes=4985,sectors_written=355682	default [performance] powersave powersupersave 
2026-09-13T00:00:09,809656210-04:00	27460292	0	0	0	0	0	avg10=0.01	avg10=0.01	avg10=42.08	avg10=41.17	pgpgin=188977579,pgpgout=180245,pswpin=0,pswpout=0,	reads=239149,sectors_read=9898290,writes=5180,sectors_written=357754	default [performance] powersave powersupersave 
2026-09-13T00:00:10,945731021-04:00	27476560	0	0	0	0	0	avg10=0.01	avg10=0.01	avg10=42.08	avg10=41.17	pgpgin=189361503,pgpgout=180253,pswpin=0,pswpout=0,	reads=239149,sectors_read=9898290,writes=5182,sectors_written=357770	default [performance] powersave powersupersave 
2026-09-13T00:00:12,101098644-04:00	27446812	0	0	0	0	0	avg10=0.00	avg10=0.00	avg10=44.42	avg10=42.95	pgpgin=189762627,pgpgout=180261,pswpin=0,pswpout=0,	reads=239149,sectors_read=9898290,writes=5184,sectors_written=357786	default [performance] powersave powersupersave 
2026-09-13T00:00:13,230834769-04:00	27344188	0	0	0	0	0	avg10=0.00	avg10=0.00	avg10=44.42	avg10=42.95	pgpgin=190206575,pgpgout=180269,pswpin=0,pswpout=0,	reads=240462,sectors_read=9995954,writes=5186,sectors_written=357802	default [performance] powersave powersupersave 
2026-09-13T00:00:14,329355433-04:00	27244628	0	0	0	0	0	avg10=0.18	avg10=0.18	avg10=45.07	avg10=42.60	pgpgin=190470271,pgpgout=180337,pswpin=0,pswpout=0,	reads=240471,sectors_read=9996794,writes=5190,sectors_written=357938	default [performance] powersave powersupersave 
2026-09-13T00:00:15,409391618-04:00	27285240	0	0	0	0	0	avg10=0.15	avg10=0.15	avg10=45.78	avg10=43.21	pgpgin=190756983,pgpgout=180345,pswpin=0,pswpout=0,	reads=240481,sectors_read=9997370,writes=5192,sectors_written=357954	default [performance] powersave powersupersave 
2026-09-13T00:00:16,481635558-04:00	27154640	0	0	0	0	0	avg10=0.15	avg10=0.15	avg10=45.78	avg10=43.21	pgpgin=191038987,pgpgout=180353,pswpin=0,pswpout=0,	reads=240484,sectors_read=9997594,writes=5194,sectors_written=357970	default [performance] powersave powersupersave 
2026-09-13T00:00:17,561753978-04:00	27261500	0	0	0	0	0	avg10=0.12	avg10=0.12	avg10=44.91	avg10=42.81	pgpgin=191323731,pgpgout=180361,pswpin=0,pswpout=0,	reads=240484,sectors_read=9997594,writes=5196,sectors_written=357986	default [performance] powersave powersupersave 
2026-09-13T00:00:18,643575282-04:00	27092940	0	0	0	0	0	avg10=0.12	avg10=0.12	avg10=44.91	avg10=42.81	pgpgin=191598606,pgpgout=180737,pswpin=0,pswpout=0,	reads=240534,sectors_read=9999946,writes=5218,sectors_written=358738	default [performance] powersave powersupersave 
2026-09-13T00:00:19,722166790-04:00	27287604	0	0	0	0	0	avg10=0.10	avg10=0.10	avg10=45.83	avg10=44.11	pgpgin=191870066,pgpgout=180745,pswpin=0,pswpout=0,	reads=240534,sectors_read=9999946,writes=5220,sectors_written=358754	default [performance] powersave powersupersave 
2026-09-13T00:00:20,805474553-04:00	27290600	0	0	0	0	0	avg10=0.10	avg10=0.10	avg10=45.83	avg10=44.11	pgpgin=192133818,pgpgout=180753,pswpin=0,pswpout=0,	reads=240535,sectors_read=9999962,writes=5222,sectors_written=358770	default [performance] powersave powersupersave 
2026-09-13T00:00:21,889584425-04:00	27299040	0	0	0	0	0	avg10=0.08	avg10=0.08	avg10=47.67	avg10=46.27	pgpgin=192394502,pgpgout=180761,pswpin=0,pswpout=0,	reads=240535,sectors_read=9999962,writes=5224,sectors_written=358786	default [performance] powersave powersupersave 
2026-09-13T00:00:22,963531768-04:00	27285532	0	0	0	0	0	avg10=0.08	avg10=0.08	avg10=47.67	avg10=46.27	pgpgin=192660438,pgpgout=180885,pswpin=0,pswpout=0,	reads=240543,sectors_read=10000242,writes=5228,sectors_written=359034	default [performance] powersave powersupersave 
2026-09-13T00:00:24,041191507-04:00	27292864	0	0	0	0	0	avg10=0.06	avg10=0.06	avg10=47.55	avg10=46.22	pgpgin=192929134,pgpgout=180893,pswpin=0,pswpout=0,	reads=240543,sectors_read=10000242,writes=5230,sectors_written=359050	default [performance] powersave powersupersave 
2026-09-13T00:00:25,119231720-04:00	27308680	0	0	0	0	0	avg10=0.06	avg10=0.06	avg10=47.55	avg10=46.22	pgpgin=193201130,pgpgout=180901,pswpin=0,pswpout=0,	reads=240546,sectors_read=10000314,writes=5232,sectors_written=359066	default [performance] powersave powersupersave 
2026-09-13T00:00:26,193257066-04:00	27295712	0	0	0	0	0	avg10=0.05	avg10=0.05	avg10=49.08	avg10=47.99	pgpgin=193466754,pgpgout=180909,pswpin=0,pswpout=0,	reads=240546,sectors_read=10000314,writes=5234,sectors_written=359082	default [performance] powersave powersupersave 
2026-09-13T00:00:27,287262626-04:00	26902292	0	0	0	0	0	avg10=0.05	avg10=0.05	avg10=49.08	avg10=47.99	pgpgin=193729250,pgpgout=180917,pswpin=0,pswpout=0,	reads=240560,sectors_read=10000450,writes=5236,sectors_written=359098	default [performance] powersave powersupersave 
2026-09-13T00:00:28,373683200-04:00	27359984	0	0	0	0	0	avg10=0.22	avg10=0.22	avg10=50.15	avg10=49.26	pgpgin=194006978,pgpgout=185453,pswpin=0,pswpout=0,	reads=240593,sectors_read=10001666,writes=5456,sectors_written=368066	default [performance] powersave powersupersave 
2026-09-13T00:00:29,458013793-04:00	27354556	0	0	0	0	0	avg10=0.18	avg10=0.18	avg10=49.58	avg10=48.85	pgpgin=194281462,pgpgout=185461,pswpin=0,pswpout=0,	reads=240593,sectors_read=10001666,writes=5458,sectors_written=368082	default [performance] powersave powersupersave 
2026-09-13T00:00:30,536746196-04:00	27337908	0	0	0	0	0	avg10=0.18	avg10=0.18	avg10=49.58	avg10=48.85	pgpgin=194549858,pgpgout=185469,pswpin=0,pswpout=0,	reads=240593,sectors_read=10001666,writes=5460,sectors_written=368098	default [performance] powersave powersupersave 
2026-09-13T00:00:31,611760084-04:00	27359764	0	0	0	0	0	avg10=0.15	avg10=0.15	avg10=48.93	avg10=48.33	pgpgin=194822066,pgpgout=185477,pswpin=0,pswpout=0,	reads=240610,sectors_read=10002314,writes=5462,sectors_written=368114	default [performance] powersave powersupersave 
2026-09-13T00:00:32,688789146-04:00	27357740	0	0	0	0	0	avg10=0.15	avg10=0.15	avg10=48.93	avg10=48.33	pgpgin=195092230,pgpgout=185601,pswpin=0,pswpout=0,	reads=240659,sectors_read=10005466,writes=5467,sectors_written=368362	default [performance] powersave powersupersave 
2026-09-13T00:00:33,773247719-04:00	27350384	0	0	0	0	0	avg10=0.12	avg10=0.12	avg10=48.76	avg10=48.27	pgpgin=195352810,pgpgout=185609,pswpin=0,pswpout=0,	reads=240666,sectors_read=10005522,writes=5469,sectors_written=368378	default [performance] powersave powersupersave 
2026-09-13T00:00:34,849753078-04:00	27328976	0	0	0	0	0	avg10=0.12	avg10=0.12	avg10=48.76	avg10=48.27	pgpgin=195611382,pgpgout=185617,pswpin=0,pswpout=0,	reads=240666,sectors_read=10005522,writes=5471,sectors_written=368394	default [performance] powersave powersupersave 
2026-09-13T00:00:35,927847447-04:00	27332268	0	0	0	0	0	avg10=0.28	avg10=0.28	avg10=49.35	avg10=48.94	pgpgin=195864042,pgpgout=185625,pswpin=0,pswpout=0,	reads=240666,sectors_read=10005522,writes=5473,sectors_written=368410	default [performance] powersave powersupersave 
2026-09-13T00:00:37,014216080-04:00	27355464	0	0	0	0	0	avg10=0.28	avg10=0.28	avg10=49.35	avg10=48.94	pgpgin=196129854,pgpgout=185757,pswpin=0,pswpout=0,	reads=240666,sectors_read=10005522,writes=5477,sectors_written=368674	default [performance] powersave powersupersave 
2026-09-13T00:00:38,095089030-04:00	27356260	0	0	0	0	0	avg10=0.23	avg10=0.23	avg10=50.01	avg10=49.50	pgpgin=196404946,pgpgout=185765,pswpin=0,pswpout=0,	reads=240666,sectors_read=10005522,writes=5479,sectors_written=368690	default [performance] powersave powersupersave 
2026-09-13T00:00:39,167478848-04:00	27351732	0	0	0	0	0	avg10=0.23	avg10=0.23	avg10=50.01	avg10=49.50	pgpgin=196681174,pgpgout=185773,pswpin=0,pswpout=0,	reads=241381,sectors_read=10013106,writes=5481,sectors_written=368706	default [performance] powersave powersupersave 
2026-09-13T00:00:40,242272785-04:00	27366232	0	0	0	0	0	avg10=0.18	avg10=0.18	avg10=50.55	avg10=49.95	pgpgin=196943822,pgpgout=185781,pswpin=0,pswpout=0,	reads=241381,sectors_read=10013106,writes=5483,sectors_written=368722	default [performance] powersave powersupersave 
2026-09-13T00:00:41,337981119-04:00	26803496	0	0	0	0	0	avg10=0.18	avg10=0.18	avg10=50.55	avg10=49.95	pgpgin=197255138,pgpgout=185789,pswpin=0,pswpout=0,	reads=241381,sectors_read=10013106,writes=5485,sectors_written=368738	default [performance] powersave powersupersave 
2026-09-13T00:00:42,463875734-04:00	26792852	0	0	0	0	0	avg10=0.33	avg10=0.33	avg10=50.63	avg10=50.14	pgpgin=197646118,pgpgout=185909,pswpin=0,pswpout=0,	reads=241381,sectors_read=10013106,writes=5489,sectors_written=368978	default [performance] powersave powersupersave 
2026-09-13T00:00:43,599177874-04:00	27372844	0	0	0	0	0	avg10=0.45	avg10=0.45	avg10=48.34	avg10=47.76	pgpgin=198044513,pgpgout=185917,pswpin=0,pswpout=0,	reads=241394,sectors_read=10014786,writes=5491,sectors_written=368994	default [performance] powersave powersupersave 
2026-09-13T00:00:44,732892502-04:00	27334512	0	0	0	0	0	avg10=0.45	avg10=0.45	avg10=48.34	avg10=47.76	pgpgin=198441675,pgpgout=185925,pswpin=0,pswpout=0,	reads=241444,sectors_read=10019362,writes=5493,sectors_written=369010	default [performance] powersave powersupersave 
2026-09-13T00:00:45,851596875-04:00	27321372	0	0	0	0	0	avg10=0.55	avg10=0.55	avg10=45.56	avg10=45.08	pgpgin=198817419,pgpgout=185933,pswpin=0,pswpout=0,	reads=241444,sectors_read=10019362,writes=5495,sectors_written=369026	default [performance] powersave powersupersave 
2026-09-13T00:00:46,950592376-04:00	27345848	0	0	0	0	0	avg10=0.55	avg10=0.55	avg10=45.56	avg10=45.08	pgpgin=199113063,pgpgout=185941,pswpin=0,pswpout=0,	reads=241444,sectors_read=10019362,writes=5497,sectors_written=369042	default [performance] powersave powersupersave 
2026-09-13T00:00:48,045535988-04:00	27119916	0	0	0	0	0	avg10=0.63	avg10=0.63	avg10=46.36	avg10=45.97	pgpgin=199400071,pgpgout=186041,pswpin=0,pswpout=0,	reads=241444,sectors_read=10019362,writes=5501,sectors_written=369242	default [performance] powersave powersupersave 
2026-09-13T00:00:49,185959008-04:00	27354884	0	0	0	0	0	avg10=0.63	avg10=0.63	avg10=46.36	avg10=45.97	pgpgin=199751915,pgpgout=186049,pswpin=0,pswpout=0,	reads=241455,sectors_read=10020074,writes=5503,sectors_written=369258	default [performance] powersave powersupersave 
2026-09-13T00:00:50,326894631-04:00	26796420	0	0	0	0	0	avg10=0.70	avg10=0.70	avg10=45.93	avg10=45.43	pgpgin=200110423,pgpgout=186057,pswpin=0,pswpout=0,	reads=241518,sectors_read=10024250,writes=5505,sectors_written=369274	default [performance] powersave powersupersave 
2026-09-13T00:00:51,466166775-04:00	26751780	0	0	0	0	0	avg10=1.29	avg10=1.29	avg10=45.40	avg10=44.81	pgpgin=200382715,pgpgout=186065,pswpin=0,pswpout=0,	reads=241594,sectors_read=10038698,writes=5507,sectors_written=369290	default [performance] powersave powersupersave 
2026-09-13T00:00:52,571773795-04:00	27339724	0	0	0	0	0	avg10=1.29	avg10=1.29	avg10=45.40	avg10=44.81	pgpgin=200617863,pgpgout=186073,pswpin=0,pswpout=0,	reads=241594,sectors_read=10038698,writes=5509,sectors_written=369306	default [performance] powersave powersupersave 
2026-09-13T00:00:53,655446588-04:00	27354092	0	0	0	0	0	avg10=1.06	avg10=1.06	avg10=48.23	avg10=47.74	pgpgin=200887855,pgpgout=186157,pswpin=0,pswpout=0,	reads=241594,sectors_read=10038698,writes=5513,sectors_written=369474	default [performance] powersave powersupersave 
2026-09-13T00:00:54,736473608-04:00	27327108	0	0	0	0	0	avg10=1.06	avg10=1.06	avg10=48.23	avg10=47.74	pgpgin=201150215,pgpgout=186165,pswpin=0,pswpout=0,	reads=241594,sectors_read=10038698,writes=5515,sectors_written=369490	default [performance] powersave powersupersave 
2026-09-13T00:00:55,809478087-04:00	27363628	0	0	0	0	0	avg10=0.87	avg10=0.87	avg10=49.09	avg10=48.69	pgpgin=201413011,pgpgout=186173,pswpin=0,pswpout=0,	reads=241599,sectors_read=10038802,writes=5517,sectors_written=369506	default [performance] powersave powersupersave 
2026-09-13T00:00:56,887267456-04:00	27374564	0	0	0	0	0	avg10=0.87	avg10=0.87	avg10=49.09	avg10=48.69	pgpgin=201675267,pgpgout=186181,pswpin=0,pswpout=0,	reads=241601,sectors_read=10038818,writes=5519,sectors_written=369522	default [performance] powersave powersupersave 
2026-09-13T00:00:57,962659444-04:00	27347856	0	0	0	0	0	avg10=0.71	avg10=0.71	avg10=49.62	avg10=49.29	pgpgin=201947263,pgpgout=186189,pswpin=0,pswpout=0,	reads=241601,sectors_read=10038818,writes=5521,sectors_written=369538	default [performance] powersave powersupersave 
2026-09-13T00:00:59,047062264-04:00	27341080	0	0	0	0	0	avg10=0.71	avg10=0.71	avg10=49.62	avg10=49.29	pgpgin=202213775,pgpgout=186313,pswpin=0,pswpout=0,	reads=241602,sectors_read=10038826,writes=5525,sectors_written=369706	default [performance] powersave powersupersave 
2026-09-13T00:01:00,123604054-04:00	27308768	0	0	0	0	0	avg10=0.58	avg10=0.58	avg10=51.32	avg10=51.05	pgpgin=202476939,pgpgout=186321,pswpin=0,pswpout=0,	reads=241602,sectors_read=10038826,writes=5527,sectors_written=369722	default [performance] powersave powersupersave 
2026-09-13T00:01:01,203204901-04:00	27387288	0	0	0	0	0	avg10=0.58	avg10=0.58	avg10=51.32	avg10=51.05	pgpgin=202746343,pgpgout=186329,pswpin=0,pswpout=0,	reads=241602,sectors_read=10038826,writes=5529,sectors_written=369738	default [performance] powersave powersupersave 
2026-09-13T00:01:02,279553311-04:00	27269948	0	0	0	0	0	avg10=0.47	avg10=0.47	avg10=50.90	avg10=50.68	pgpgin=203022999,pgpgout=186809,pswpin=0,pswpout=0,	reads=241602,sectors_read=10038826,writes=5574,sectors_written=370698	default [performance] powersave powersupersave 
2026-09-13T00:01:03,355627720-04:00	27341216	0	0	0	0	0	avg10=0.47	avg10=0.47	avg10=50.90	avg10=50.68	pgpgin=203278715,pgpgout=187157,pswpin=0,pswpout=0,	reads=241602,sectors_read=10038826,writes=5628,sectors_written=371394	default [performance] powersave powersupersave 
2026-09-13T00:01:04,441831060-04:00	27329688	0	0	0	0	0	avg10=0.39	avg10=0.39	avg10=50.73	avg10=50.55	pgpgin=203535191,pgpgout=187165,pswpin=0,pswpout=0,	reads=241640,sectors_read=10040986,writes=5630,sectors_written=371410	default [performance] powersave powersupersave 
2026-09-13T00:01:05,522312237-04:00	27355720	0	0	0	0	0	avg10=0.31	avg10=0.31	avg10=50.05	avg10=49.91	pgpgin=203810683,pgpgout=187173,pswpin=0,pswpout=0,	reads=241640,sectors_read=10040986,writes=5632,sectors_written=371426	default [performance] powersave powersupersave 
2026-09-13T00:01:06,596702976-04:00	27313908	0	0	0	0	0	avg10=0.31	avg10=0.31	avg10=50.05	avg10=49.91	pgpgin=204075451,pgpgout=187181,pswpin=0,pswpout=0,	reads=241640,sectors_read=10040986,writes=5634,sectors_written=371442	default [performance] powersave powersupersave 
2026-09-13T00:01:07,672951592-04:00	27257676	0	0	0	0	0	avg10=0.26	avg10=0.26	avg10=51.31	avg10=51.19	pgpgin=204345979,pgpgout=187189,pswpin=0,pswpout=0,	reads=241640,sectors_read=10040986,writes=5636,sectors_written=371458	default [performance] powersave powersupersave 
2026-09-13T00:01:08,747436617-04:00	27354228	0	0	0	0	0	avg10=0.26	avg10=0.26	avg10=51.31	avg10=51.19	pgpgin=204614223,pgpgout=187321,pswpin=0,pswpout=0,	reads=241640,sectors_read=10040986,writes=5640,sectors_written=371722	default [performance] powersave powersupersave 
2026-09-13T00:01:09,820445689-04:00	27341552	0	0	0	0	0	avg10=0.21	avg10=0.21	avg10=51.98	avg10=51.88	pgpgin=204869399,pgpgout=187329,pswpin=0,pswpout=0,	reads=241640,sectors_read=10040986,writes=5642,sectors_written=371738	default [performance] powersave powersupersave 
2026-09-13T00:01:10,898104220-04:00	27311664	0	0	0	0	0	avg10=0.21	avg10=0.21	avg10=51.98	avg10=51.88	pgpgin=205146555,pgpgout=187337,pswpin=0,pswpout=0,	reads=241640,sectors_read=10040986,writes=5644,sectors_written=371754	default [performance] powersave powersupersave 
2026-09-13T00:01:11,973291314-04:00	27319136	0	0	0	0	0	avg10=0.17	avg10=0.17	avg10=52.89	avg10=52.63	pgpgin=205413847,pgpgout=187349,pswpin=0,pswpout=0,	reads=241640,sectors_read=10040986,writes=5647,sectors_written=371778	default [performance] powersave powersupersave 
2026-09-13T00:01:13,051836556-04:00	27327612	0	0	0	0	0	avg10=0.17	avg10=0.17	avg10=52.89	avg10=52.63	pgpgin=205683407,pgpgout=187357,pswpin=0,pswpout=0,	reads=241640,sectors_read=10040986,writes=5649,sectors_written=371794	default [performance] powersave powersupersave 
2026-09-13T00:01:14,131592548-04:00	27347040	0	0	0	0	0	avg10=0.14	avg10=0.14	avg10=52.00	avg10=51.79	pgpgin=205938715,pgpgout=187449,pswpin=0,pswpout=0,	reads=241655,sectors_read=10042082,writes=5653,sectors_written=371978	default [performance] powersave powersupersave 
2026-09-13T00:01:15,208027837-04:00	27361824	0	0	0	0	0	avg10=0.14	avg10=0.14	avg10=52.00	avg10=51.79	pgpgin=206190239,pgpgout=187457,pswpin=0,pswpout=0,	reads=241655,sectors_read=10042082,writes=5655,sectors_written=371994	default [performance] powersave powersupersave 
2026-09-13T00:01:16,295427186-04:00	27346496	0	0	0	0	0	avg10=0.11	avg10=0.11	avg10=52.00	avg10=51.83	pgpgin=206458051,pgpgout=187465,pswpin=0,pswpout=0,	reads=241655,sectors_read=10042082,writes=5657,sectors_written=372010	default [performance] powersave powersupersave 
2026-09-13T00:01:17,368445940-04:00	27335584	0	0	0	0	0	avg10=0.11	avg10=0.11	avg10=52.00	avg10=51.83	pgpgin=206723931,pgpgout=187473,pswpin=0,pswpout=0,	reads=241673,sectors_read=10042754,writes=5659,sectors_written=372026	default [performance] powersave powersupersave 
2026-09-13T00:01:18,455104059-04:00	27340460	0	0	0	0	0	avg10=0.09	avg10=0.09	avg10=51.82	avg10=51.67	pgpgin=207003839,pgpgout=187481,pswpin=0,pswpout=0,	reads=241673,sectors_read=10042754,writes=5661,sectors_written=372042	default [performance] powersave powersupersave 
2026-09-13T00:01:19,539874223-04:00	27331140	0	0	0	0	0	avg10=0.07	avg10=0.07	avg10=52.03	avg10=51.91	pgpgin=207266067,pgpgout=187581,pswpin=0,pswpout=0,	reads=241673,sectors_read=10042754,writes=5665,sectors_written=372242	default [performance] powersave powersupersave 
2026-09-13T00:01:20,619010851-04:00	27333144	0	0	0	0	0	avg10=0.07	avg10=0.07	avg10=52.03	avg10=51.91	pgpgin=207527455,pgpgout=187589,pswpin=0,pswpout=0,	reads=241673,sectors_read=10042754,writes=5667,sectors_written=372258	default [performance] powersave powersupersave 
2026-09-13T00:01:21,693897187-04:00	27318776	0	0	0	0	0	avg10=0.06	avg10=0.06	avg10=53.84	avg10=53.74	pgpgin=207788995,pgpgout=187597,pswpin=0,pswpout=0,	reads=241673,sectors_read=10042754,writes=5669,sectors_written=372274	default [performance] powersave powersupersave 
2026-09-13T00:01:22,781550582-04:00	27351788	0	0	0	0	0	avg10=0.06	avg10=0.06	avg10=53.84	avg10=53.74	pgpgin=208054607,pgpgout=187605,pswpin=0,pswpout=0,	reads=241674,sectors_read=10042762,writes=5671,sectors_written=372290	default [performance] powersave powersupersave 
2026-09-13T00:01:23,855905350-04:00	27347716	0	0	0	0	0	avg10=0.05	avg10=0.05	avg10=52.05	avg10=51.97	pgpgin=208321935,pgpgout=187613,pswpin=0,pswpout=0,	reads=241674,sectors_read=10042762,writes=5673,sectors_written=372306	default [performance] powersave powersupersave 
2026-09-13T00:01:24,939683309-04:00	27323328	0	0	0	0	0	avg10=0.05	avg10=0.05	avg10=52.05	avg10=51.97	pgpgin=208582163,pgpgout=187721,pswpin=0,pswpout=0,	reads=241674,sectors_read=10042762,writes=5677,sectors_written=372522	default [performance] powersave powersupersave 
2026-09-13T00:01:26,015865562-04:00	27338964	0	0	0	0	0	avg10=0.04	avg10=0.04	avg10=52.77	avg10=52.70	pgpgin=208848075,pgpgout=187729,pswpin=0,pswpout=0,	reads=241674,sectors_read=10042762,writes=5679,sectors_written=372538	default [performance] powersave powersupersave 
2026-09-13T00:01:27,093489004-04:00	27330900	0	0	0	0	0	avg10=0.04	avg10=0.04	avg10=52.77	avg10=52.70	pgpgin=209110947,pgpgout=187737,pswpin=0,pswpout=0,	reads=241674,sectors_read=10042762,writes=5681,sectors_written=372554	default [performance] powersave powersupersave 
2026-09-13T00:01:28,173692270-04:00	27348124	0	0	0	0	0	avg10=0.03	avg10=0.03	avg10=52.81	avg10=52.76	pgpgin=209368079,pgpgout=187745,pswpin=0,pswpout=0,	reads=241674,sectors_read=10042762,writes=5683,sectors_written=372570	default [performance] powersave powersupersave 
2026-09-13T00:01:29,248516310-04:00	27317744	0	0	0	0	0	avg10=0.03	avg10=0.03	avg10=52.81	avg10=52.76	pgpgin=209657487,pgpgout=187753,pswpin=0,pswpout=0,	reads=241674,sectors_read=10042762,writes=5685,sectors_written=372586	default [performance] powersave powersupersave 
2026-09-13T00:01:30,330272013-04:00	27355620	0	0	0	0	0	avg10=0.02	avg10=0.02	avg10=51.57	avg10=51.53	pgpgin=209927243,pgpgout=187889,pswpin=0,pswpout=0,	reads=241674,sectors_read=10042762,writes=5689,sectors_written=372754	default [performance] powersave powersupersave 
2026-09-13T00:01:31,411546954-04:00	27338220	0	0	0	0	0	avg10=0.02	avg10=0.02	avg10=50.20	avg10=50.17	pgpgin=210193327,pgpgout=187897,pswpin=0,pswpout=0,	reads=241674,sectors_read=10042762,writes=5691,sectors_written=372770	default [performance] powersave powersupersave 
2026-09-13T00:01:32,489327264-04:00	27322964	0	0	0	0	0	avg10=0.02	avg10=0.02	avg10=50.20	avg10=50.17	pgpgin=210453479,pgpgout=187905,pswpin=0,pswpout=0,	reads=241674,sectors_read=10042762,writes=5693,sectors_written=372786	default [performance] powersave powersupersave 
2026-09-13T00:01:33,573629705-04:00	27326348	0	0	0	0	0	avg10=0.01	avg10=0.01	avg10=49.80	avg10=49.59	pgpgin=210719847,pgpgout=187913,pswpin=0,pswpout=0,	reads=241674,sectors_read=10042762,writes=5695,sectors_written=372802	default [performance] powersave powersupersave 
2026-09-13T00:01:34,652721329-04:00	27346000	0	0	0	0	0	avg10=0.01	avg10=0.01	avg10=49.80	avg10=49.59	pgpgin=210987475,pgpgout=187921,pswpin=0,pswpout=0,	reads=241674,sectors_read=10042762,writes=5697,sectors_written=372818	default [performance] powersave powersupersave 
2026-09-13T00:01:35,742431502-04:00	27238360	0	0	0	0	0	avg10=0.01	avg10=0.01	avg10=50.20	avg10=50.03	pgpgin=211255203,pgpgout=188013,pswpin=0,pswpout=0,	reads=241674,sectors_read=10042762,writes=5701,sectors_written=373002	default [performance] powersave powersupersave 
2026-09-13T00:01:36,816851197-04:00	27337948	0	0	0	0	0	avg10=0.01	avg10=0.01	avg10=50.20	avg10=50.03	pgpgin=211535355,pgpgout=188021,pswpin=0,pswpout=0,	reads=241674,sectors_read=10042762,writes=5703,sectors_written=373018	default [performance] powersave powersupersave 
2026-09-13T00:01:37,892048917-04:00	27340148	0	0	0	0	0	avg10=0.01	avg10=0.01	avg10=51.43	avg10=51.29	pgpgin=211794579,pgpgout=188029,pswpin=0,pswpout=0,	reads=241674,sectors_read=10042762,writes=5705,sectors_written=373034	default [performance] powersave powersupersave 
2026-09-13T00:01:39,009017764-04:00	27332868	0	0	0	0	0	avg10=0.01	avg10=0.01	avg10=51.43	avg10=51.29	pgpgin=212054259,pgpgout=188037,pswpin=0,pswpout=0,	reads=241674,sectors_read=10042762,writes=5707,sectors_written=373050	default [performance] powersave powersupersave 
2026-09-13T00:01:40,091689233-04:00	27313136	0	0	0	0	0	avg10=0.00	avg10=0.00	avg10=52.80	avg10=52.69	pgpgin=212313411,pgpgout=188153,pswpin=0,pswpout=0,	reads=241674,sectors_read=10042762,writes=5733,sectors_written=373282	default [performance] powersave powersupersave 
2026-09-13T00:01:41,180068122-04:00	27326132	0	0	0	0	0	avg10=0.00	avg10=0.00	avg10=52.80	avg10=52.69	pgpgin=212593479,pgpgout=188221,pswpin=0,pswpout=0,	reads=241674,sectors_read=10042762,writes=5737,sectors_written=373418	default [performance] powersave powersupersave 
2026-09-13T00:01:42,258770014-04:00	27317960	0	0	0	0	0	avg10=0.00	avg10=0.00	avg10=53.38	avg10=53.29	pgpgin=212861859,pgpgout=188229,pswpin=0,pswpout=0,	reads=241674,sectors_read=10042762,writes=5739,sectors_written=373434	default [performance] powersave powersupersave 
2026-09-13T00:01:43,333150991-04:00	27320368	0	0	0	0	0	avg10=0.00	avg10=0.00	avg10=53.38	avg10=53.29	pgpgin=213130455,pgpgout=188237,pswpin=0,pswpout=0,	reads=241683,sectors_read=10043698,writes=5741,sectors_written=373450	default [performance] powersave powersupersave 
2026-09-13T00:01:44,410085479-04:00	27297192	0	0	0	0	0	avg10=0.00	avg10=0.00	avg10=53.31	avg10=53.23	pgpgin=213378903,pgpgout=188245,pswpin=0,pswpout=0,	reads=241684,sectors_read=10043706,writes=5743,sectors_written=373466	default [performance] powersave powersupersave 
2026-09-13T00:01:45,479037443-04:00	27313568	0	0	0	0	0	avg10=0.00	avg10=0.00	avg10=51.62	avg10=51.56	pgpgin=213620915,pgpgout=188253,pswpin=0,pswpout=0,	reads=241684,sectors_read=10043706,writes=5745,sectors_written=373482	default [performance] powersave powersupersave 
2026-09-13T00:01:46,566115036-04:00	27305568	0	0	0	0	0	avg10=0.00	avg10=0.00	avg10=51.62	avg10=51.56	pgpgin=213868851,pgpgout=188345,pswpin=0,pswpout=0,	reads=241684,sectors_read=10043706,writes=5749,sectors_written=373666	default [performance] powersave powersupersave 
2026-09-13T00:01:47,646911010-04:00	27329868	0	0	0	0	0	avg10=0.00	avg10=0.00	avg10=50.42	avg10=50.37	pgpgin=214125243,pgpgout=188353,pswpin=0,pswpout=0,	reads=241684,sectors_read=10043706,writes=5751,sectors_written=373682	default [performance] powersave powersupersave 
2026-09-13T00:01:48,719783352-04:00	27335464	0	0	0	0	0	avg10=0.00	avg10=0.00	avg10=50.42	avg10=50.37	pgpgin=214377687,pgpgout=188361,pswpin=0,pswpout=0,	reads=241684,sectors_read=10043706,writes=5753,sectors_written=373698	default [performance] powersave powersupersave 
2026-09-13T00:01:49,787873491-04:00	27332344	0	0	0	0	0	avg10=0.00	avg10=0.00	avg10=51.61	avg10=51.57	pgpgin=214625387,pgpgout=188369,pswpin=0,pswpout=0,	reads=241684,sectors_read=10043706,writes=5755,sectors_written=373714	default [performance] powersave powersupersave 
2026-09-13T00:01:50,861367219-04:00	27326796	0	0	0	0	0	avg10=0.00	avg10=0.00	avg10=51.61	avg10=51.57	pgpgin=214892967,pgpgout=188377,pswpin=0,pswpout=0,	reads=242268,sectors_read=10048610,writes=5757,sectors_written=373730	default [performance] powersave powersupersave 
2026-09-13T00:01:51,933691029-04:00	27322328	0	0	0	0	0	avg10=0.00	avg10=0.00	avg10=51.50	avg10=51.47	pgpgin=215155079,pgpgout=188465,pswpin=0,pswpout=0,	reads=242268,sectors_read=10048610,writes=5761,sectors_written=373906	default [performance] powersave powersupersave 
2026-09-13T00:01:53,003555703-04:00	27319600	0	0	0	0	0	avg10=0.00	avg10=0.00	avg10=51.50	avg10=51.47	pgpgin=215396751,pgpgout=188473,pswpin=0,pswpout=0,	reads=242268,sectors_read=10048610,writes=5763,sectors_written=373922	default [performance] powersave powersupersave 
2026-09-13T00:01:54,069639033-04:00	27309540	0	0	0	0	0	avg10=0.00	avg10=0.00	avg10=51.59	avg10=51.56	pgpgin=215641991,pgpgout=188481,pswpin=0,pswpout=0,	reads=242268,sectors_read=10048610,writes=5765,sectors_written=373938	default [performance] powersave powersupersave 
2026-09-13T00:01:55,143846449-04:00	27330212	0	0	0	0	0	avg10=0.00	avg10=0.00	avg10=51.59	avg10=51.56	pgpgin=215896071,pgpgout=188489,pswpin=0,pswpout=0,	reads=242268,sectors_read=10048610,writes=5767,sectors_written=373954	default [performance] powersave powersupersave 
2026-09-13T00:01:56,220711044-04:00	27315008	0	0	0	0	0	avg10=0.00	avg10=0.00	avg10=51.66	avg10=51.46	pgpgin=216143655,pgpgout=188497,pswpin=0,pswpout=0,	reads=242268,sectors_read=10048610,writes=5769,sectors_written=373970	default [performance] powersave powersupersave 
2026-09-13T00:01:57,304021660-04:00	27329864	0	0	0	0	0	avg10=0.00	avg10=0.00	avg10=51.66	avg10=51.46	pgpgin=216392511,pgpgout=188581,pswpin=0,pswpout=0,	reads=242268,sectors_read=10048610,writes=5773,sectors_written=374138	default [performance] powersave powersupersave 
2026-09-13T00:01:58,384292392-04:00	27311300	0	0	0	0	0	avg10=0.00	avg10=0.00	avg10=49.91	avg10=49.74	pgpgin=216647427,pgpgout=188589,pswpin=0,pswpout=0,	reads=242268,sectors_read=10048610,writes=5775,sectors_written=374154	default [performance] powersave powersupersave 
2026-09-13T00:01:59,453534781-04:00	27312808	0	0	0	0	0	avg10=0.00	avg10=0.00	avg10=49.38	avg10=49.25	pgpgin=216903067,pgpgout=188597,pswpin=0,pswpout=0,	reads=242268,sectors_read=10048610,writes=5777,sectors_written=374170	default [performance] powersave powersupersave 
2026-09-13T00:02:00,571865178-04:00	27300696	0	0	0	0	0	avg10=0.00	avg10=0.00	avg10=49.38	avg10=49.25	pgpgin=217214159,pgpgout=188605,pswpin=0,pswpout=0,	reads=242268,sectors_read=10048610,writes=5779,sectors_written=374186	default [performance] powersave powersupersave 
2026-09-13T00:02:01,731951301-04:00	27332140	0	0	0	0	0	avg10=0.00	avg10=0.00	avg10=47.68	avg10=47.57	pgpgin=217603615,pgpgout=188665,pswpin=0,pswpout=0,	reads=242269,sectors_read=10048618,writes=5781,sectors_written=374202	default [performance] powersave powersupersave 
2026-09-13T00:02:02,896271153-04:00	27314072	0	0	0	0	0	avg10=0.00	avg10=0.00	avg10=47.68	avg10=47.57	pgpgin=217995419,pgpgout=188761,pswpin=0,pswpout=0,	reads=242269,sectors_read=10048618,writes=5785,sectors_written=374394	default [performance] powersave powersupersave 
2026-09-13T00:02:04,155143565-04:00	27320128	0	0	0	0	0	avg10=0.00	avg10=0.00	avg10=48.28	avg10=48.19	pgpgin=218196379,pgpgout=188769,pswpin=0,pswpout=0,	reads=242269,sectors_read=10048618,writes=5787,sectors_written=374410	default [performance] powersave powersupersave 
2026-09-13T00:02:05,338654581-04:00	27316460	0	0	0	0	0	avg10=0.00	avg10=0.00	avg10=48.28	avg10=48.19	pgpgin=218365051,pgpgout=188777,pswpin=0,pswpout=0,	reads=242269,sectors_read=10048618,writes=5789,sectors_written=374426	default [performance] powersave powersupersave 
2026-09-13T00:02:06,433772907-04:00	27338012	0	0	0	0	0	avg10=0.00	avg10=0.00	avg10=50.59	avg10=50.51	pgpgin=218475643,pgpgout=188785,pswpin=0,pswpout=0,	reads=242269,sectors_read=10048618,writes=5791,sectors_written=374442	default [performance] powersave powersupersave 
2026-09-13T00:02:07,634075724-04:00	27340968	0	0	0	0	0	avg10=0.00	avg10=0.00	avg10=51.38	avg10=51.32	pgpgin=218638347,pgpgout=188793,pswpin=0,pswpout=0,	reads=242269,sectors_read=10048618,writes=5793,sectors_written=374458	default [performance] powersave powersupersave 
2026-09-13T00:02:08,880721552-04:00	27355500	0	0	0	0	0	avg10=0.00	avg10=0.00	avg10=51.38	avg10=51.32	pgpgin=218833507,pgpgout=188897,pswpin=0,pswpout=0,	reads=242269,sectors_read=10048618,writes=5797,sectors_written=374666	default [performance] powersave powersupersave 
2026-09-13T00:02:10,140344817-04:00	27327992	0	0	0	0	0	avg10=0.00	avg10=0.00	avg10=51.86	avg10=51.81	pgpgin=219028595,pgpgout=188905,pswpin=0,pswpout=0,	reads=242269,sectors_read=10048618,writes=5799,sectors_written=374682	default [performance] powersave powersupersave 
2026-09-13T00:02:11,375263900-04:00	27315932	0	0	0	0	0	avg10=0.00	avg10=0.00	avg10=51.86	avg10=51.81	pgpgin=219364375,pgpgout=188913,pswpin=0,pswpout=0,	reads=242453,sectors_read=10067562,writes=5801,sectors_written=374698	default [performance] powersave powersupersave 
2026-09-13T00:02:12,454554659-04:00	26959352	0	0	0	0	0	avg10=0.00	avg10=0.00	avg10=52.25	avg10=52.02	pgpgin=219435999,pgpgout=188977,pswpin=0,pswpout=0,	reads=244456,sectors_read=10156170,writes=5817,sectors_written=374826	default [performance] powersave powersupersave 
2026-09-13T00:02:13,512047471-04:00	26966296	0	0	0	0	0	avg10=0.00	avg10=0.00	avg10=44.59	avg10=44.41	pgpgin=220340283,pgpgout=188985,pswpin=0,pswpout=0,	reads=277834,sectors_read=11967458,writes=5819,sectors_written=374842	default [performance] powersave powersupersave 
2026-09-13T00:02:14,569470509-04:00	26740264	0	0	0	0	0	avg10=0.00	avg10=0.00	avg10=44.59	avg10=44.41	pgpgin=220683891,pgpgout=189613,pswpin=0,pswpout=0,	reads=289454,sectors_read=12651162,writes=5871,sectors_written=376098	default [performance] powersave powersupersave 
2026-09-13T00:02:15,624812340-04:00	26372928	0	0	0	0	0	avg10=0.18	avg10=0.18	avg10=37.60	avg10=37.45	pgpgin=220726911,pgpgout=189897,pswpin=0,pswpout=0,	reads=290774,sectors_read=12739226,writes=5894,sectors_written=376666	default [performance] powersave powersupersave 
2026-09-13T00:02:16,683254537-04:00	25795604	0	0	0	0	0	avg10=0.18	avg10=0.18	avg10=37.60	avg10=37.45	pgpgin=220805399,pgpgout=189905,pswpin=0,pswpout=0,	reads=293183,sectors_read=12893642,writes=5896,sectors_written=376682	default [performance] powersave powersupersave 
2026-09-13T00:02:17,738843298-04:00	25530572	0	0	0	0	0	avg10=0.14	avg10=0.14	avg10=31.33	avg10=31.21	pgpgin=220811279,pgpgout=189929,pswpin=0,pswpout=0,	reads=293485,sectors_read=12905402,writes=5902,sectors_written=376730	default [performance] powersave powersupersave 
2026-09-13T00:02:18,794440094-04:00	25593240	0	0	0	0	0	avg10=0.14	avg10=0.14	avg10=31.33	avg10=31.21	pgpgin=220811331,pgpgout=189937,pswpin=0,pswpout=0,	reads=293492,sectors_read=12905506,writes=5904,sectors_written=376746	default [performance] powersave powersupersave 
2026-09-13T00:02:19,849887350-04:00	25954148	0	0	0	0	0	avg10=0.12	avg10=0.12	avg10=25.83	avg10=25.73	pgpgin=220863631,pgpgout=190585,pswpin=0,pswpout=0,	reads=294756,sectors_read=13010106,writes=5936,sectors_written=378042	default [performance] powersave powersupersave 
2026-09-13T00:02:20,908388132-04:00	25826872	0	0	0	0	0	avg10=0.12	avg10=0.12	avg10=25.83	avg10=25.73	pgpgin=220887259,pgpgout=190957,pswpin=0,pswpout=0,	reads=295326,sectors_read=13056130,writes=5974,sectors_written=378786	default [performance] powersave powersupersave 
2026-09-13T00:02:21,967045962-04:00	25293876	0	0	0	0	0	avg10=0.09	avg10=0.09	avg10=21.33	avg10=21.25	pgpgin=220887259,pgpgout=190965,pswpin=0,pswpout=0,	reads=295326,sectors_read=13056130,writes=5976,sectors_written=378802	default [performance] powersave powersupersave 
2026-09-13T00:02:23,024904610-04:00	25383192	0	0	0	0	0	avg10=0.09	avg10=0.09	avg10=21.33	avg10=21.25	pgpgin=220887259,pgpgout=190989,pswpin=0,pswpout=0,	reads=295326,sectors_read=13056130,writes=5982,sectors_written=378850	default [performance] powersave powersupersave 
2026-09-13T00:02:24,077873522-04:00	25137980	0	0	0	0	0	avg10=0.08	avg10=0.08	avg10=17.47	avg10=17.40	pgpgin=220887259,pgpgout=191173,pswpin=0,pswpout=0,	reads=295326,sectors_read=13056130,writes=5992,sectors_written=379218	default [performance] powersave powersupersave 
2026-09-13T00:02:25,127337030-04:00	26094748	0	0	0	0	0	avg10=0.08	avg10=0.08	avg10=17.47	avg10=17.40	pgpgin=220887263,pgpgout=191981,pswpin=0,pswpout=0,	reads=295327,sectors_read=13056138,writes=6052,sectors_written=380834	default [performance] powersave powersupersave 
2026-09-13T00:02:26,182878713-04:00	25435440	0	0	0	0	0	avg10=0.06	avg10=0.06	avg10=14.30	avg10=14.25	pgpgin=220887263,pgpgout=191989,pswpin=0,pswpout=0,	reads=295327,sectors_read=13056138,writes=6054,sectors_written=380850	default [performance] powersave powersupersave 
2026-09-13T00:02:27,237936898-04:00	25199972	0	0	0	0	0	avg10=0.06	avg10=0.06	avg10=14.30	avg10=14.25	pgpgin=220887263,pgpgout=192013,pswpin=0,pswpout=0,	reads=295327,sectors_read=13056138,writes=6060,sectors_written=380898	default [performance] powersave powersupersave 
2026-09-13T00:02:28,296710675-04:00	25377108	0	0	0	0	0	avg10=0.05	avg10=0.05	avg10=11.71	avg10=11.67	pgpgin=220887263,pgpgout=192021,pswpin=0,pswpout=0,	reads=295327,sectors_read=13056138,writes=6062,sectors_written=380914	default [performance] powersave powersupersave 
2026-09-13T00:02:29,353074634-04:00	24936444	0	0	0	0	0	avg10=0.05	avg10=0.05	avg10=11.71	avg10=11.67	pgpgin=220887263,pgpgout=192753,pswpin=0,pswpout=0,	reads=295327,sectors_read=13056138,writes=6109,sectors_written=382378	default [performance] powersave powersupersave 
2026-09-13T00:02:30,410349905-04:00	24729284	0	0	0	0	0	avg10=0.04	avg10=0.04	avg10=9.59	avg10=9.55	pgpgin=220887263,pgpgout=193109,pswpin=0,pswpout=0,	reads=295327,sectors_read=13056138,writes=6132,sectors_written=383090	default [performance] powersave powersupersave 
2026-09-13T00:02:31,462347485-04:00	25294792	0	0	0	0	0	avg10=0.03	avg10=0.03	avg10=7.85	avg10=7.82	pgpgin=220887263,pgpgout=193133,pswpin=0,pswpout=0,	reads=295327,sectors_read=13056138,writes=6138,sectors_written=383138	default [performance] powersave powersupersave 
2026-09-13T00:02:32,519405583-04:00	25159508	0	0	0	0	0	avg10=0.03	avg10=0.03	avg10=7.85	avg10=7.82	pgpgin=220887263,pgpgout=193141,pswpin=0,pswpout=0,	reads=295327,sectors_read=13056138,writes=6140,sectors_written=383154	default [performance] powersave powersupersave 
2026-09-13T00:02:33,572856009-04:00	25022816	0	0	0	0	0	avg10=0.02	avg10=0.02	avg10=6.43	avg10=6.40	pgpgin=220887263,pgpgout=196093,pswpin=0,pswpout=0,	reads=295327,sectors_read=13056138,writes=6176,sectors_written=383762	default [performance] powersave powersupersave 
2026-09-13T00:02:34,636127398-04:00	25015040	0	0	0	0	0	avg10=0.02	avg10=0.02	avg10=6.43	avg10=6.40	pgpgin=220887263,pgpgout=197025,pswpin=0,pswpout=0,	reads=295327,sectors_read=13056138,writes=6210,sectors_written=385626	default [performance] powersave powersupersave 
2026-09-13T00:02:35,695611590-04:00	24880720	0	0	0	0	0	avg10=0.02	avg10=0.02	avg10=5.26	avg10=5.24	pgpgin=220887263,pgpgout=197033,pswpin=0,pswpout=0,	reads=295327,sectors_read=13056138,writes=6212,sectors_written=385642	default [performance] powersave powersupersave 
2026-09-13T00:02:36,751109534-04:00	24883748	0	0	0	0	0	avg10=0.02	avg10=0.02	avg10=5.26	avg10=5.24	pgpgin=220887263,pgpgout=197057,pswpin=0,pswpout=0,	reads=295327,sectors_read=13056138,writes=6218,sectors_written=385690	default [performance] powersave powersupersave 
2026-09-13T00:02:37,804734146-04:00	24963468	0	0	0	0	0	avg10=0.01	avg10=0.01	avg10=4.31	avg10=4.29	pgpgin=220887263,pgpgout=197289,pswpin=0,pswpout=0,	reads=295327,sectors_read=13056138,writes=6236,sectors_written=386154	default [performance] powersave powersupersave 
2026-09-13T00:02:38,861462729-04:00	25585808	0	0	0	0	0	avg10=0.01	avg10=0.01	avg10=4.31	avg10=4.29	pgpgin=220903565,pgpgout=197949,pswpin=0,pswpout=0,	reads=295406,sectors_read=13067642,writes=6274,sectors_written=387474	default [performance] powersave powersupersave 
2026-09-13T00:02:39,919862697-04:00	25133916	0	0	0	0	0	avg10=0.19	avg10=0.19	avg10=3.53	avg10=3.51	pgpgin=220903573,pgpgout=201321,pswpin=0,pswpout=0,	reads=295408,sectors_read=13067658,writes=6293,sectors_written=394218	default [performance] powersave powersupersave 
2026-09-13T00:02:40,975396973-04:00	24846824	0	0	0	0	0	avg10=0.19	avg10=0.19	avg10=3.53	avg10=3.51	pgpgin=220903573,pgpgout=201329,pswpin=0,pswpout=0,	reads=295408,sectors_read=13067658,writes=6295,sectors_written=394234	default [performance] powersave powersupersave 
2026-09-13T00:02:42,034057452-04:00	24973652	0	0	0	0	0	avg10=0.16	avg10=0.16	avg10=2.89	avg10=2.87	pgpgin=220903833,pgpgout=201353,pswpin=0,pswpout=0,	reads=295417,sectors_read=13068178,writes=6301,sectors_written=394282	default [performance] powersave powersupersave 
2026-09-13T00:02:43,092171159-04:00	24846756	0	0	0	0	0	avg10=0.16	avg10=0.16	avg10=2.89	avg10=2.87	pgpgin=220903833,pgpgout=201457,pswpin=0,pswpout=0,	reads=295417,sectors_read=13068178,writes=6305,sectors_written=394490	default [performance] powersave powersupersave 
2026-09-13T00:02:44,149938678-04:00	25424240	0	0	0	0	0	avg10=0.13	avg10=0.13	avg10=2.36	avg10=2.35	pgpgin=220903833,pgpgout=201877,pswpin=0,pswpout=0,	reads=295417,sectors_read=13068178,writes=6348,sectors_written=395330	default [performance] powersave powersupersave 
2026-09-13T00:02:45,214212923-04:00	25547284	0	0	0	0	0	avg10=0.13	avg10=0.13	avg10=2.36	avg10=2.35	pgpgin=220903925,pgpgout=202357,pswpin=0,pswpout=0,	reads=295420,sectors_read=13068362,writes=6398,sectors_written=396290	default [performance] powersave powersupersave 
2026-09-13T00:02:46,271186362-04:00	25506208	0	0	0	0	0	avg10=0.10	avg10=0.10	avg10=1.93	avg10=1.93	pgpgin=220903933,pgpgout=203617,pswpin=0,pswpout=0,	reads=295422,sectors_read=13068378,writes=6412,sectors_written=398810	default [performance] powersave powersupersave 
2026-09-13T00:02:47,325546015-04:00	25504456	0	0	0	0	0	avg10=0.10	avg10=0.10	avg10=1.93	avg10=1.93	pgpgin=220903933,pgpgout=203625,pswpin=0,pswpout=0,	reads=295422,sectors_read=13068378,writes=6414,sectors_written=398826	default [performance] powersave powersupersave 
2026-09-13T00:02:48,383446138-04:00	25382248	0	0	0	0	0	avg10=0.08	avg10=0.08	avg10=1.58	avg10=1.58	pgpgin=220903933,pgpgout=203633,pswpin=0,pswpout=0,	reads=295422,sectors_read=13068378,writes=6416,sectors_written=398842	default [performance] powersave powersupersave 
2026-09-13T00:02:49,440140102-04:00	25232644	0	0	0	0	0	avg10=0.08	avg10=0.07	avg10=1.29	avg10=1.29	pgpgin=220903945,pgpgout=203641,pswpin=0,pswpout=0,	reads=295424,sectors_read=13068402,writes=6418,sectors_written=398858	default [performance] powersave powersupersave 
2026-09-13T00:02:50,501297831-04:00	25204712	0	0	0	0	0	avg10=0.07	avg10=0.07	avg10=1.29	avg10=1.29	pgpgin=220903945,pgpgout=203773,pswpin=0,pswpout=0,	reads=295424,sectors_read=13068402,writes=6422,sectors_written=399122	default [performance] powersave powersupersave 
2026-09-13T00:02:51,558509289-04:00	25194196	0	0	0	0	0	avg10=0.05	avg10=0.05	avg10=1.06	avg10=1.05	pgpgin=220903945,pgpgout=203781,pswpin=0,pswpout=0,	reads=295424,sectors_read=13068402,writes=6424,sectors_written=399138	default [performance] powersave powersupersave 
2026-09-13T00:02:52,615264989-04:00	25192708	0	0	0	0	0	avg10=0.05	avg10=0.05	avg10=1.06	avg10=1.05	pgpgin=220903945,pgpgout=203789,pswpin=0,pswpout=0,	reads=295424,sectors_read=13068402,writes=6426,sectors_written=399154	default [performance] powersave powersupersave 
2026-09-13T00:02:53,670934535-04:00	25190956	0	0	0	0	0	avg10=0.04	avg10=0.04	avg10=0.87	avg10=0.86	pgpgin=220903945,pgpgout=203797,pswpin=0,pswpout=0,	reads=295424,sectors_read=13068402,writes=6428,sectors_written=399170	default [performance] powersave powersupersave 
2026-09-13T00:02:54,727589811-04:00	25189484	0	0	0	0	0	avg10=0.04	avg10=0.04	avg10=0.87	avg10=0.86	pgpgin=220903945,pgpgout=203805,pswpin=0,pswpout=0,	reads=295424,sectors_read=13068402,writes=6430,sectors_written=399186	default [performance] powersave powersupersave 
2026-09-13T00:02:55,783750103-04:00	25190324	0	0	0	0	0	avg10=0.03	avg10=0.03	avg10=0.71	avg10=0.70	pgpgin=220904353,pgpgout=204413,pswpin=0,pswpout=0,	reads=295424,sectors_read=13068402,writes=6444,sectors_written=400402	default [performance] powersave powersupersave 
2026-09-13T00:02:56,841796215-04:00	24656044	0	0	0	0	0	avg10=0.03	avg10=0.03	avg10=0.71	avg10=0.70	pgpgin=220904353,pgpgout=207577,pswpin=0,pswpout=0,	reads=295424,sectors_read=13068402,writes=6461,sectors_written=406730	default [performance] powersave powersupersave 
2026-09-13T00:02:57,898551461-04:00	24265616	0	0	0	0	0	avg10=0.03	avg10=0.03	avg10=0.58	avg10=0.58	pgpgin=220904353,pgpgout=207585,pswpin=0,pswpout=0,	reads=295424,sectors_read=13068402,writes=6463,sectors_written=406746	default [performance] powersave powersupersave 
2026-09-13T00:02:58,956847981-04:00	24625524	0	0	0	0	0	avg10=0.03	avg10=0.03	avg10=0.58	avg10=0.58	pgpgin=220904353,pgpgout=207609,pswpin=0,pswpout=0,	reads=295424,sectors_read=13068402,writes=6469,sectors_written=406794	default [performance] powersave powersupersave 
2026-09-13T00:03:00,014318603-04:00	24159632	0	0	0	0	0	avg10=0.02	avg10=0.02	avg10=0.47	avg10=0.47	pgpgin=220904353,pgpgout=207777,pswpin=0,pswpout=0,	reads=295424,sectors_read=13068402,writes=6475,sectors_written=407130	default [performance] powersave powersupersave 
2026-09-13T00:03:01,066846853-04:00	24627108	0	0	0	0	0	avg10=0.02	avg10=0.02	avg10=0.47	avg10=0.47	pgpgin=220904353,pgpgout=208461,pswpin=0,pswpout=0,	reads=295424,sectors_read=13068402,writes=6519,sectors_written=408498	default [performance] powersave powersupersave 
2026-09-13T00:03:02,124123774-04:00	24628716	0	0	0	0	0	avg10=0.02	avg10=0.02	avg10=0.39	avg10=0.38	pgpgin=220904353,pgpgout=208469,pswpin=0,pswpout=0,	reads=295424,sectors_read=13068402,writes=6521,sectors_written=408514	default [performance] powersave powersupersave 
2026-09-13T00:03:03,180436663-04:00	24632832	0	0	0	0	0	avg10=0.02	avg10=0.02	avg10=0.39	avg10=0.38	pgpgin=220904353,pgpgout=208477,pswpin=0,pswpout=0,	reads=295424,sectors_read=13068402,writes=6523,sectors_written=408530	default [performance] powersave powersupersave 
2026-09-13T00:03:04,236312626-04:00	24642984	0	0	0	0	0	avg10=0.01	avg10=0.01	avg10=0.31	avg10=0.31	pgpgin=220904353,pgpgout=208485,pswpin=0,pswpout=0,	reads=295424,sectors_read=13068402,writes=6525,sectors_written=408546	default [performance] powersave powersupersave 
2026-09-13T00:03:05,294279925-04:00	24645484	0	0	0	0	0	avg10=0.01	avg10=0.01	avg10=0.31	avg10=0.31	pgpgin=220904353,pgpgout=210065,pswpin=0,pswpout=0,	reads=295424,sectors_read=13068402,writes=6527,sectors_written=408562	default [performance] powersave powersupersave 
2026-09-13T00:03:06,351952298-04:00	24650172	0	0	0	0	0	avg10=0.01	avg10=0.01	avg10=0.26	avg10=0.26	pgpgin=220904449,pgpgout=210317,pswpin=0,pswpout=0,	reads=295424,sectors_read=13068402,writes=6532,sectors_written=409066	default [performance] powersave powersupersave 
2026-09-13T00:03:07,409553527-04:00	24672688	0	0	0	0	0	avg10=0.01	avg10=0.01	avg10=0.26	avg10=0.26	pgpgin=220904449,pgpgout=210325,pswpin=0,pswpout=0,	reads=295424,sectors_read=13068402,writes=6534,sectors_written=409082	default [performance] powersave powersupersave 
2026-09-13T00:03:08,464511691-04:00	24673944	0	0	0	0	0	avg10=0.01	avg10=0.01	avg10=0.21	avg10=0.21	pgpgin=220904449,pgpgout=210333,pswpin=0,pswpout=0,	reads=295424,sectors_read=13068402,writes=6536,sectors_written=409098	default [performance] powersave powersupersave 
2026-09-13T00:03:09,519830118-04:00	24682444	0	0	0	0	0	avg10=0.00	avg10=0.00	avg10=0.17	avg10=0.17	pgpgin=220904449,pgpgout=210341,pswpin=0,pswpout=0,	reads=295424,sectors_read=13068402,writes=6538,sectors_written=409114	default [performance] powersave powersupersave 
2026-09-13T00:03:10,574764156-04:00	24683468	0	0	0	0	0	avg10=0.00	avg10=0.00	avg10=0.17	avg10=0.17	pgpgin=220904449,pgpgout=210349,pswpin=0,pswpout=0,	reads=295424,sectors_read=13068402,writes=6540,sectors_written=409130	default [performance] powersave powersupersave 
2026-09-13T00:03:11,638603791-04:00	24703792	0	0	0	0	0	avg10=0.00	avg10=0.00	avg10=0.14	avg10=0.14	pgpgin=220904449,pgpgout=210465,pswpin=0,pswpout=0,	reads=295424,sectors_read=13068402,writes=6544,sectors_written=409362	default [performance] powersave powersupersave 
2026-09-13T00:03:12,691536990-04:00	24586368	0	0	0	0	0	avg10=0.00	avg10=0.00	avg10=0.14	avg10=0.14	pgpgin=220905401,pgpgout=210649,pswpin=0,pswpout=0,	reads=295435,sectors_read=13070306,writes=6560,sectors_written=409730	default [performance] powersave powersupersave 
2026-09-13T00:03:13,747191317-04:00	24040060	0	0	0	0	0	avg10=0.00	avg10=0.00	avg10=0.11	avg10=0.11	pgpgin=220905401,pgpgout=210657,pswpin=0,pswpout=0,	reads=295435,sectors_read=13070306,writes=6562,sectors_written=409746	default [performance] powersave powersupersave 
2026-09-13T00:03:14,805204091-04:00	24344512	0	0	0	0	0	avg10=0.00	avg10=0.00	avg10=0.11	avg10=0.11	pgpgin=220905401,pgpgout=210681,pswpin=0,pswpout=0,	reads=295435,sectors_read=13070306,writes=6568,sectors_written=409794	default [performance] powersave powersupersave 
2026-09-13T00:03:15,862086991-04:00	24122764	0	0	0	0	0	avg10=0.00	avg10=0.00	avg10=0.09	avg10=0.09	pgpgin=220905401,pgpgout=210689,pswpin=0,pswpout=0,	reads=295435,sectors_read=13070306,writes=6570,sectors_written=409810	default [performance] powersave powersupersave 
2026-09-13T00:03:16,920214646-04:00	24160444	0	0	0	0	0	avg10=0.00	avg10=0.00	avg10=0.09	avg10=0.09	pgpgin=220909081,pgpgout=211429,pswpin=0,pswpout=0,	reads=295488,sectors_read=13077666,writes=6639,sectors_written=411290	default [performance] powersave powersupersave 
2026-09-13T00:03:17,980140408-04:00	23686652	0	0	0	0	0	avg10=0.00	avg10=0.00	avg10=0.07	avg10=0.07	pgpgin=220917385,pgpgout=212253,pswpin=0,pswpout=0,	reads=295577,sectors_read=13094274,writes=6713,sectors_written=412938	default [performance] powersave powersupersave 
2026-09-13T00:03:19,033142117-04:00	22572948	0	0	0	0	0	avg10=0.00	avg10=0.00	avg10=0.07	avg10=0.07	pgpgin=220950013,pgpgout=212681,pswpin=0,pswpout=0,	reads=296069,sectors_read=13158218,writes=6739,sectors_written=413794	default [performance] powersave powersupersave 
2026-09-13T00:03:20,090696080-04:00	21827108	0	0	0	0	0	avg10=0.00	avg10=0.00	avg10=0.06	avg10=0.06	pgpgin=220950013,pgpgout=212689,pswpin=0,pswpout=0,	reads=296069,sectors_read=13158218,writes=6741,sectors_written=413810	default [performance] powersave powersupersave 
2026-09-13T00:03:21,147186626-04:00	22113500	0	0	0	0	0	avg10=0.00	avg10=0.00	avg10=0.06	avg10=0.06	pgpgin=220950013,pgpgout=212713,pswpin=0,pswpout=0,	reads=296069,sectors_read=13158218,writes=6747,sectors_written=413858	default [performance] powersave powersupersave 
2026-09-13T00:03:22,203877636-04:00	21633748	0	0	0	0	0	avg10=0.00	avg10=0.00	avg10=0.05	avg10=0.05	pgpgin=220950241,pgpgout=213097,pswpin=0,pswpout=0,	reads=296077,sectors_read=13158674,writes=6751,sectors_written=414626	default [performance] powersave powersupersave 
2026-09-13T00:03:23,259643423-04:00	22199304	0	0	0	0	0	avg10=0.00	avg10=0.00	avg10=0.05	avg10=0.05	pgpgin=220950241,pgpgout=213441,pswpin=0,pswpout=0,	reads=296077,sectors_read=13158674,writes=6793,sectors_written=415314	default [performance] powersave powersupersave 
2026-09-13T00:03:24,316929138-04:00	22198376	0	0	0	0	0	avg10=0.00	avg10=0.00	avg10=0.04	avg10=0.04	pgpgin=220951609,pgpgout=213977,pswpin=0,pswpout=0,	reads=296098,sectors_read=13161330,writes=6807,sectors_written=416386	default [performance] powersave powersupersave 
2026-09-13T00:03:25,374901266-04:00	22344940	0	0	0	0	0	avg10=0.00	avg10=0.00	avg10=0.04	avg10=0.04	pgpgin=220951625,pgpgout=217105,pswpin=0,pswpout=0,	reads=296100,sectors_read=13161362,writes=6824,sectors_written=422642	default [performance] powersave powersupersave 
2026-09-13T00:03:26,429558877-04:00	22340220	0	0	0	0	0	avg10=0.00	avg10=0.00	avg10=0.03	avg10=0.03	pgpgin=220951625,pgpgout=217113,pswpin=0,pswpout=0,	reads=296100,sectors_read=13161362,writes=6826,sectors_written=422658	default [performance] powersave powersupersave 
2026-09-13T00:03:27,495929126-04:00	22289588	0	0	0	0	0	avg10=0.00	avg10=0.00	avg10=0.02	avg10=0.02	pgpgin=220951625,pgpgout=217325,pswpin=0,pswpout=0,	reads=296100,sectors_read=13161362,writes=6830,sectors_written=423082	default [performance] powersave powersupersave 
2026-09-13T00:03:28,553103210-04:00	22264228	0	0	0	0	0	avg10=0.00	avg10=0.00	avg10=0.02	avg10=0.02	pgpgin=220951625,pgpgout=217333,pswpin=0,pswpout=0,	reads=296100,sectors_read=13161362,writes=6832,sectors_written=423098	default [performance] powersave powersupersave 
2026-09-13T00:03:29,608672393-04:00	22013892	0	0	0	0	0	avg10=0.00	avg10=0.00	avg10=0.02	avg10=0.02	pgpgin=220951625,pgpgout=217341,pswpin=0,pswpout=0,	reads=296100,sectors_read=13161362,writes=6834,sectors_written=423114	default [performance] powersave powersupersave 
2026-09-13T00:03:30,666380478-04:00	21957576	0	0	0	0	0	avg10=0.00	avg10=0.00	avg10=0.02	avg10=0.02	pgpgin=220951625,pgpgout=217349,pswpin=0,pswpout=0,	reads=296100,sectors_read=13161362,writes=6836,sectors_written=423130	default [performance] powersave powersupersave 
2026-09-13T00:03:31,723808648-04:00	21957932	0	0	0	0	0	avg10=0.00	avg10=0.00	avg10=0.01	avg10=0.01	pgpgin=220951625,pgpgout=217409,pswpin=0,pswpout=0,	reads=296100,sectors_read=13161362,writes=6839,sectors_written=423250	default [performance] powersave powersupersave 
2026-09-13T00:03:32,780029191-04:00	21955480	0	0	0	0	0	avg10=0.00	avg10=0.00	avg10=0.01	avg10=0.01	pgpgin=220951625,pgpgout=217513,pswpin=0,pswpout=0,	reads=296100,sectors_read=13161362,writes=6843,sectors_written=423458	default [performance] powersave powersupersave 
2026-09-13T00:03:33,835454169-04:00	21963212	0	0	0	0	0	avg10=0.00	avg10=0.00	avg10=0.01	avg10=0.01	pgpgin=220951625,pgpgout=217521,pswpin=0,pswpout=0,	reads=296100,sectors_read=13161362,writes=6845,sectors_written=423474	default [performance] powersave powersupersave 
2026-09-13T00:03:34,891949685-04:00	21959296	0	0	0	0	0	avg10=0.00	avg10=0.00	avg10=0.01	avg10=0.01	pgpgin=220951625,pgpgout=217529,pswpin=0,pswpout=0,	reads=296100,sectors_read=13161362,writes=6847,sectors_written=423490	default [performance] powersave powersupersave 
2026-09-13T00:03:35,948061699-04:00	21959968	0	0	0	0	0	avg10=0.00	avg10=0.00	avg10=0.01	avg10=0.01	pgpgin=220951625,pgpgout=217537,pswpin=0,pswpout=0,	reads=296100,sectors_read=13161362,writes=6849,sectors_written=423506	default [performance] powersave powersupersave 
2026-09-13T00:03:37,003995210-04:00	21895764	0	0	0	0	0	avg10=0.00	avg10=0.00	avg10=0.01	avg10=0.01	pgpgin=220951625,pgpgout=223505,pswpin=0,pswpout=0,	reads=296100,sectors_read=13161362,writes=6860,sectors_written=424338	default [performance] powersave powersupersave 
2026-09-13T00:03:38,068497132-04:00	21894256	0	0	0	0	0	avg10=0.00	avg10=0.00	avg10=0.00	avg10=0.00	pgpgin=220951629,pgpgout=226829,pswpin=0,pswpout=0,	reads=296101,sectors_read=13161370,writes=6879,sectors_written=430986	default [performance] powersave powersupersave 
2026-09-13T00:03:39,123948776-04:00	21878140	0	0	0	0	0	avg10=0.00	avg10=0.00	avg10=0.00	avg10=0.00	pgpgin=220951629,pgpgout=226837,pswpin=0,pswpout=0,	reads=296101,sectors_read=13161370,writes=6881,sectors_written=431002	default [performance] powersave powersupersave 
2026-09-13T00:03:40,179369840-04:00	21878096	0	0	0	0	0	avg10=0.00	avg10=0.00	avg10=0.00	avg10=0.00	pgpgin=220951629,pgpgout=226845,pswpin=0,pswpout=0,	reads=296101,sectors_read=13161370,writes=6883,sectors_written=431018	default [performance] powersave powersupersave 
2026-09-13T00:03:41,235921929-04:00	21879036	0	0	0	0	0	avg10=0.00	avg10=0.00	avg10=0.00	avg10=0.00	pgpgin=220951629,pgpgout=226853,pswpin=0,pswpout=0,	reads=296101,sectors_read=13161370,writes=6885,sectors_written=431034	default [performance] powersave powersupersave 
2026-09-13T00:03:42,292640251-04:00	21882096	0	0	0	0	0	avg10=0.00	avg10=0.00	avg10=0.00	avg10=0.00	pgpgin=220951629,pgpgout=226861,pswpin=0,pswpout=0,	reads=296101,sectors_read=13161370,writes=6887,sectors_written=431050	default [performance] powersave powersupersave 
2026-09-13T00:03:43,359420671-04:00	21875728	0	0	0	0	0	avg10=0.00	avg10=0.00	avg10=0.00	avg10=0.00	pgpgin=220952209,pgpgout=226953,pswpin=0,pswpout=0,	reads=296101,sectors_read=13161370,writes=6891,sectors_written=431234	default [performance] powersave powersupersave 
2026-09-13T00:03:44,417201325-04:00	21882744	0	0	0	0	0	avg10=0.00	avg10=0.00	avg10=0.00	avg10=0.00	pgpgin=220952209,pgpgout=226961,pswpin=0,pswpout=0,	reads=296101,sectors_read=13161370,writes=6893,sectors_written=431250	default [performance] powersave powersupersave 
2026-09-13T00:03:45,474729933-04:00	21875708	0	0	0	0	0	avg10=0.00	avg10=0.00	avg10=0.00	avg10=0.00	pgpgin=220952209,pgpgout=226969,pswpin=0,pswpout=0,	reads=296101,sectors_read=13161370,writes=6895,sectors_written=431266	default [performance] powersave powersupersave 
2026-09-13T00:03:46,532595899-04:00	21880512	0	0	0	0	0	avg10=0.00	avg10=0.00	avg10=0.00	avg10=0.00	pgpgin=220952209,pgpgout=226977,pswpin=0,pswpout=0,	reads=296101,sectors_read=13161370,writes=6897,sectors_written=431282	default [performance] powersave powersupersave 
2026-09-13T00:03:47,588583575-04:00	21891280	0	0	0	0	0	avg10=0.00	avg10=0.00	avg10=0.00	avg10=0.00	pgpgin=220952209,pgpgout=227345,pswpin=0,pswpout=0,	reads=296101,sectors_read=13161370,writes=6953,sectors_written=432018	default [performance] powersave powersupersave 
2026-09-13T00:03:48,647240610-04:00	21862860	0	0	0	0	0	avg10=0.00	avg10=0.00	avg10=0.00	avg10=0.00	pgpgin=220957765,pgpgout=227481,pswpin=0,pswpout=0,	reads=296162,sectors_read=13172482,writes=6957,sectors_written=432290	default [performance] powersave powersupersave 
2026-09-13T00:03:49,715110792-04:00	21217704	0	0	0	0	0	avg10=0.00	avg10=0.00	avg10=0.00	avg10=0.00	pgpgin=220957785,pgpgout=227489,pswpin=0,pswpout=0,	reads=296166,sectors_read=13172522,writes=6959,sectors_written=432306	default [performance] powersave powersupersave 
2026-09-13T00:03:50,770518847-04:00	20696236	0	0	0	0	0	avg10=0.00	avg10=0.00	avg10=0.00	avg10=0.00	pgpgin=220957905,pgpgout=227513,pswpin=0,pswpout=0,	reads=296179,sectors_read=13172762,writes=6965,sectors_written=432354	default [performance] powersave powersupersave 
2026-09-13T00:03:51,828993829-04:00	20432156	0	0	0	0	0	avg10=0.00	avg10=0.00	avg10=0.00	avg10=0.00	pgpgin=220957905,pgpgout=227521,pswpin=0,pswpout=0,	reads=296179,sectors_read=13172762,writes=6967,sectors_written=432370	default [performance] powersave powersupersave 
2026-09-13T00:03:52,885373932-04:00	20378804	0	0	0	0	0	avg10=0.00	avg10=0.00	avg10=0.00	avg10=0.00	pgpgin=220957905,pgpgout=229273,pswpin=0,pswpout=0,	reads=296179,sectors_read=13172762,writes=7003,sectors_written=435874	default [performance] powersave powersupersave 
2026-09-13T00:03:53,941825943-04:00	20449728	0	0	0	0	0	avg10=0.00	avg10=0.00	avg10=0.00	avg10=0.00	pgpgin=220959149,pgpgout=229817,pswpin=0,pswpout=0,	reads=296213,sectors_read=13175250,writes=7033,sectors_written=436962	default [performance] powersave powersupersave 
2026-09-13T00:03:55,002267168-04:00	20210668	0	0	0	0	0	avg10=0.00	avg10=0.00	avg10=0.00	avg10=0.00	pgpgin=220959149,pgpgout=229825,pswpin=0,pswpout=0,	reads=296213,sectors_read=13175250,writes=7035,sectors_written=436978	default [performance] powersave powersupersave 
2026-09-13T00:03:56,061766786-04:00	20343004	0	0	0	0	0	avg10=0.00	avg10=0.00	avg10=0.00	avg10=0.00	pgpgin=220959149,pgpgout=229849,pswpin=0,pswpout=0,	reads=296213,sectors_read=13175250,writes=7041,sectors_written=437026	default [performance] powersave powersupersave 
2026-09-13T00:03:57,118695514-04:00	20224320	0	0	0	0	0	avg10=0.00	avg10=0.00	avg10=0.00	avg10=0.00	pgpgin=220959149,pgpgout=229857,pswpin=0,pswpout=0,	reads=296213,sectors_read=13175250,writes=7043,sectors_written=437042	default [performance] powersave powersupersave 
2026-09-13T00:03:58,176293528-04:00	20459132	0	0	0	0	0	avg10=0.00	avg10=0.00	avg10=0.00	avg10=0.00	pgpgin=220959189,pgpgout=230377,pswpin=0,pswpout=0,	reads=296213,sectors_read=13175250,writes=7089,sectors_written=438082	default [performance] powersave powersupersave 
2026-09-13T00:03:59,231303917-04:00	20199400	0	0	0	0	0	avg10=0.00	avg10=0.00	avg10=0.00	avg10=0.00	pgpgin=220961477,pgpgout=231081,pswpin=0,pswpout=0,	reads=296330,sectors_read=13179818,writes=7114,sectors_written=439490	default [performance] powersave powersupersave 
2026-09-13T00:04:00,283505908-04:00	20086264	0	0	0	0	0	avg10=0.00	avg10=0.00	avg10=0.00	avg10=0.00	pgpgin=220961477,pgpgout=231089,pswpin=0,pswpout=0,	reads=296330,sectors_read=13179818,writes=7116,sectors_written=439506	default [performance] powersave powersupersave 
2026-09-13T00:04:01,341021837-04:00	20548960	0	0	0	0	0	avg10=0.00	avg10=0.00	avg10=0.00	avg10=0.00	pgpgin=220961581,pgpgout=231337,pswpin=0,pswpout=0,	reads=296337,sectors_read=13180026,writes=7128,sectors_written=440002	default [performance] powersave powersupersave 
2026-09-13T00:04:02,398483302-04:00	20223936	0	0	0	0	0	avg10=0.00	avg10=0.00	avg10=0.00	avg10=0.00	pgpgin=220961581,pgpgout=231345,pswpin=0,pswpout=0,	reads=296337,sectors_read=13180026,writes=7130,sectors_written=440018	default [performance] powersave powersupersave 
2026-09-13T00:04:03,452598473-04:00	20728224	0	0	0	0	0	avg10=0.00	avg10=0.00	avg10=0.00	avg10=0.00	pgpgin=220961589,pgpgout=231785,pswpin=0,pswpout=0,	reads=296339,sectors_read=13180042,writes=7174,sectors_written=440898	default [performance] powersave powersupersave 
2026-09-13T00:04:04,511357256-04:00	20360384	0	0	0	0	0	avg10=0.00	avg10=0.00	avg10=0.00	avg10=0.00	pgpgin=220961693,pgpgout=232093,pswpin=0,pswpout=0,	reads=296339,sectors_read=13180042,writes=7198,sectors_written=441514	default [performance] powersave powersupersave 
2026-09-13T00:04:05,567384468-04:00	20641120	0	0	0	0	0	avg10=0.00	avg10=0.00	avg10=0.00	avg10=0.00	pgpgin=220961693,pgpgout=232117,pswpin=0,pswpout=0,	reads=296339,sectors_read=13180042,writes=7204,sectors_written=441562	default [performance] powersave powersupersave 
2026-09-13T00:04:06,629818244-04:00	20166512	0	0	0	0	0	avg10=0.00	avg10=0.00	avg10=0.00	avg10=0.00	pgpgin=220961693,pgpgout=232401,pswpin=0,pswpout=0,	reads=296339,sectors_read=13180042,writes=7208,sectors_written=442130	default [performance] powersave powersupersave 
2026-09-13T00:04:07,681331217-04:00	20630812	0	0	0	0	0	avg10=0.00	avg10=0.00	avg10=0.00	avg10=0.00	pgpgin=220961693,pgpgout=232697,pswpin=0,pswpout=0,	reads=296339,sectors_read=13180042,writes=7242,sectors_written=442722	default [performance] powersave powersupersave 
2026-09-13T00:04:08,733618983-04:00	20779140	0	0	0	0	0	avg10=0.00	avg10=0.00	avg10=0.00	avg10=0.00	pgpgin=220986761,pgpgout=235137,pswpin=0,pswpout=0,	reads=296374,sectors_read=13183442,writes=7312,sectors_written=444250	default [performance] powersave powersupersave 
2026-09-13T00:04:09,783921641-04:00	20810696	0	0	0	0	0	avg10=0.00	avg10=0.00	avg10=0.00	avg10=0.00	pgpgin=220986773,pgpgout=236741,pswpin=0,pswpout=0,	reads=296377,sectors_read=13183466,writes=7347,sectors_written=447458	default [performance] powersave powersupersave 
2026-09-13T00:04:10,835468606-04:00	20840752	0	0	0	0	0	avg10=0.00	avg10=0.00	avg10=0.00	avg10=0.00	pgpgin=220987309,pgpgout=237157,pswpin=0,pswpout=0,	reads=296377,sectors_read=13183466,writes=7358,sectors_written=448290	default [performance] powersave powersupersave 
2026-09-13T00:04:11,896079476-04:00	20886504	0	0	0	0	0	avg10=0.00	avg10=0.00	avg10=0.00	avg10=0.00	pgpgin=220987317,pgpgout=238641,pswpin=0,pswpout=0,	reads=296379,sectors_read=13183482,writes=7374,sectors_written=451258	default [performance] powersave powersupersave 
2026-09-13T00:04:12,953547911-04:00	20932184	0	0	0	0	0	avg10=0.00	avg10=0.00	avg10=0.00	avg10=0.00	pgpgin=220987933,pgpgout=239393,pswpin=0,pswpout=0,	reads=296404,sectors_read=13184570,writes=7385,sectors_written=452762	default [performance] powersave powersupersave 
2026-09-13T00:04:14,009612100-04:00	20507104	0	0	0	0	0	avg10=0.00	avg10=0.00	avg10=0.00	avg10=0.00	pgpgin=220987933,pgpgout=239749,pswpin=0,pswpout=0,	reads=296404,sectors_read=13184570,writes=7399,sectors_written=453474	default [performance] powersave powersupersave 
2026-09-13T00:04:15,064813116-04:00	20789960	0	0	0	0	0	avg10=0.00	avg10=0.00	avg10=0.00	avg10=0.00	pgpgin=220987933,pgpgout=239773,pswpin=0,pswpout=0,	reads=296404,sectors_read=13184570,writes=7405,sectors_written=453522	default [performance] powersave powersupersave 
2026-09-13T00:04:16,121507521-04:00	20304036	0	0	0	0	0	avg10=0.00	avg10=0.00	avg10=0.00	avg10=0.00	pgpgin=220987933,pgpgout=239781,pswpin=0,pswpout=0,	reads=296404,sectors_read=13184570,writes=7407,sectors_written=453538	default [performance] powersave powersupersave 
2026-09-13T00:04:17,170874933-04:00	20575960	0	0	0	0	0	avg10=0.00	avg10=0.00	avg10=0.00	avg10=0.00	pgpgin=220987933,pgpgout=240357,pswpin=0,pswpout=0,	reads=296404,sectors_read=13184570,writes=7445,sectors_written=454698	default [performance] powersave powersupersave 
2026-09-13T00:04:18,225795821-04:00	20647444	0	0	0	0	0	avg10=0.00	avg10=0.00	avg10=0.00	avg10=0.00	pgpgin=220988153,pgpgout=241153,pswpin=0,pswpout=0,	reads=296410,sectors_read=13185010,writes=7477,sectors_written=456282	default [performance] powersave powersupersave 
2026-09-13T00:04:19,279959852-04:00	20256604	0	0	0	0	0	avg10=0.00	avg10=0.00	avg10=0.00	avg10=0.00	pgpgin=220988153,pgpgout=241481,pswpin=0,pswpout=0,	reads=296410,sectors_read=13185010,writes=7536,sectors_written=456938	default [performance] powersave powersupersave 
2026-09-13T00:04:20,337692769-04:00	20475580	0	0	0	0	0	avg10=0.00	avg10=0.00	avg10=0.00	avg10=0.00	pgpgin=220988153,pgpgout=241505,pswpin=0,pswpout=0,	reads=296410,sectors_read=13185010,writes=7542,sectors_written=456986	default [performance] powersave powersupersave 
2026-09-13T00:04:21,394994897-04:00	20440892	0	0	0	0	0	avg10=0.00	avg10=0.00	avg10=0.00	avg10=0.00	pgpgin=220988917,pgpgout=241665,pswpin=0,pswpout=0,	reads=296450,sectors_read=13186538,writes=7549,sectors_written=457306	default [performance] powersave powersupersave 
2026-09-13T00:04:22,450530001-04:00	20409024	0	0	0	0	0	avg10=0.00	avg10=0.00	avg10=0.00	avg10=0.00	pgpgin=220998913,pgpgout=242321,pswpin=0,pswpout=0,	reads=296547,sectors_read=13206514,writes=7591,sectors_written=458618	default [performance] powersave powersupersave 
2026-09-13T00:04:23,511567699-04:00	19657948	0	0	0	0	0	avg10=0.00	avg10=0.00	avg10=0.00	avg10=0.00	pgpgin=220998949,pgpgout=242913,pswpin=0,pswpout=0,	reads=296550,sectors_read=13206586,writes=7617,sectors_written=459802	default [performance] powersave powersupersave 
2026-09-13T00:04:24,566243712-04:00	19887820	0	0	0	0	0	avg10=0.00	avg10=0.00	avg10=0.00	avg10=0.00	pgpgin=220999137,pgpgout=242937,pswpin=0,pswpout=0,	reads=296568,sectors_read=13206962,writes=7623,sectors_written=459850	default [performance] powersave powersupersave 
2026-09-13T00:04:25,624249786-04:00	19410172	0	0	0	0	0	avg10=0.00	avg10=0.00	avg10=0.00	avg10=0.00	pgpgin=220999145,pgpgout=242945,pswpin=0,pswpout=0,	reads=296569,sectors_read=13206978,writes=7625,sectors_written=459866	default [performance] powersave powersupersave 
2026-09-13T00:04:26,678233684-04:00	19874988	0	0	0	0	0	avg10=0.00	avg10=0.00	avg10=0.00	avg10=0.00	pgpgin=220999145,pgpgout=243217,pswpin=0,pswpout=0,	reads=296569,sectors_read=13206978,writes=7657,sectors_written=460410	default [performance] powersave powersupersave 
2026-09-13T00:04:27,733462242-04:00	19913312	0	0	0	0	0	avg10=0.00	avg10=0.00	avg10=0.00	avg10=0.00	pgpgin=221001241,pgpgout=245953,pswpin=0,pswpout=0,	reads=296589,sectors_read=13208418,writes=7695,sectors_written=465882	default [performance] powersave powersupersave 
2026-09-13T00:04:28,790105447-04:00	19366924	0	0	0	0	0	avg10=0.00	avg10=0.00	avg10=0.00	avg10=0.00	pgpgin=221001241,pgpgout=246009,pswpin=0,pswpout=0,	reads=296589,sectors_read=13208418,writes=7698,sectors_written=465994	default [performance] powersave powersupersave 
2026-09-13T00:04:29,844982672-04:00	19777300	0	0	0	0	0	avg10=0.00	avg10=0.00	avg10=0.00	avg10=0.00	pgpgin=221001241,pgpgout=246033,pswpin=0,pswpout=0,	reads=296589,sectors_read=13208418,writes=7704,sectors_written=466042	default [performance] powersave powersupersave 
2026-09-13T00:04:30,903591426-04:00	19560880	0	0	0	0	0	avg10=0.00	avg10=0.00	avg10=0.00	avg10=0.00	pgpgin=221001241,pgpgout=246041,pswpin=0,pswpout=0,	reads=296589,sectors_read=13208418,writes=7706,sectors_written=466058	default [performance] powersave powersupersave 
2026-09-13T00:04:31,961830837-04:00	20095316	0	0	0	0	0	avg10=0.00	avg10=0.00	avg10=0.00	avg10=0.00	pgpgin=221001241,pgpgout=246773,pswpin=0,pswpout=0,	reads=296589,sectors_read=13208418,writes=7752,sectors_written=467522	default [performance] powersave powersupersave 
2026-09-13T00:04:33,020669804-04:00	20176748	0	0	0	0	0	avg10=0.00	avg10=0.00	avg10=0.00	avg10=0.00	pgpgin=221001285,pgpgout=246833,pswpin=0,pswpout=0,	reads=296598,sectors_read=13208506,writes=7755,sectors_written=467642	default [performance] powersave powersupersave 
2026-09-13T00:04:34,076650015-04:00	20143888	0	0	0	0	0	avg10=0.00	avg10=0.00	avg10=0.00	avg10=0.00	pgpgin=221002005,pgpgout=246889,pswpin=0,pswpout=0,	reads=296598,sectors_read=13208506,writes=7758,sectors_written=467754	default [performance] powersave powersupersave 
2026-09-13T00:04:35,130147192-04:00	20148948	0	0	0	0	0	avg10=0.00	avg10=0.00	avg10=0.00	avg10=0.00	pgpgin=221002005,pgpgout=246897,pswpin=0,pswpout=0,	reads=296598,sectors_read=13208506,writes=7760,sectors_written=467770	default [performance] powersave powersupersave 
2026-09-13T00:04:36,187789048-04:00	20125116	0	0	0	0	0	avg10=0.00	avg10=0.00	avg10=0.00	avg10=0.00	pgpgin=221002189,pgpgout=247577,pswpin=0,pswpout=0,	reads=296604,sectors_read=13208850,writes=7783,sectors_written=469130	default [performance] powersave powersupersave 
2026-09-13T00:04:37,244994361-04:00	20083136	0	0	0	0	0	avg10=0.00	avg10=0.00	avg10=0.00	avg10=0.00	pgpgin=221002485,pgpgout=249121,pswpin=0,pswpout=0,	reads=296611,sectors_read=13209418,writes=7808,sectors_written=472218	default [performance] powersave powersupersave 
2026-09-13T00:04:38,301962933-04:00	20088228	0	0	0	0	0	avg10=0.00	avg10=0.00	avg10=0.00	avg10=0.00	pgpgin=221002549,pgpgout=250677,pswpin=0,pswpout=0,	reads=296611,sectors_read=13209418,writes=7832,sectors_written=475330	default [performance] powersave powersupersave 
2026-09-13T00:04:39,359115787-04:00	20096308	0	0	0	0	0	avg10=0.00	avg10=0.00	avg10=0.00	avg10=0.00	pgpgin=221002549,pgpgout=255961,pswpin=0,pswpout=0,	reads=296611,sectors_read=13209418,writes=7843,sectors_written=476138	default [performance] powersave powersupersave 
2026-09-13T00:04:40,416749519-04:00	20097620	0	0	0	0	0	avg10=0.00	avg10=0.00	avg10=0.00	avg10=0.00	pgpgin=221002549,pgpgout=257061,pswpin=0,pswpout=0,	reads=296611,sectors_read=13209418,writes=7857,sectors_written=478338	default [performance] powersave powersupersave 
2026-09-13T00:04:41,471429653-04:00	19804316	0	0	0	0	0	avg10=0.00	avg10=0.00	avg10=0.00	avg10=0.00	pgpgin=221002689,pgpgout=257225,pswpin=0,pswpout=0,	reads=296611,sectors_read=13209418,writes=7880,sectors_written=478666	default [performance] powersave powersupersave 
2026-09-13T00:04:42,539664457-04:00	19198004	0	0	0	0	0	avg10=0.00	avg10=0.00	avg10=0.00	avg10=0.00	pgpgin=221002689,pgpgout=257541,pswpin=0,pswpout=0,	reads=296611,sectors_read=13209418,writes=7884,sectors_written=479298	default [performance] powersave powersupersave 
2026-09-13T00:04:43,604389402-04:00	19539032	0	0	0	0	0	avg10=0.00	avg10=0.00	avg10=0.00	avg10=0.00	pgpgin=221002717,pgpgout=258749,pswpin=0,pswpout=0,	reads=296618,sectors_read=13209474,writes=7899,sectors_written=481714	default [performance] powersave powersupersave 
2026-09-13T00:04:44,658494843-04:00	19331292	0	0	0	0	0	avg10=0.00	avg10=0.00	avg10=0.00	avg10=0.00	pgpgin=221002717,pgpgout=258757,pswpin=0,pswpout=0,	reads=296618,sectors_read=13209474,writes=7901,sectors_written=481730	default [performance] powersave powersupersave 
2026-09-13T00:04:45,716032141-04:00	19980836	0	0	0	0	0	avg10=0.00	avg10=0.00	avg10=0.00	avg10=0.00	pgpgin=221003325,pgpgout=259349,pswpin=0,pswpout=0,	reads=296642,sectors_read=13210682,writes=7963,sectors_written=482946	default [performance] powersave powersupersave 
2026-09-13T00:04:46,776246157-04:00	19416936	0	0	0	0	0	avg10=0.00	avg10=0.00	avg10=0.00	avg10=0.00	pgpgin=221003325,pgpgout=259405,pswpin=0,pswpout=0,	reads=296642,sectors_read=13210682,writes=7969,sectors_written=483026	default [performance] powersave powersupersave 
2026-09-13T00:04:47,831717823-04:00	19673972	0	0	0	0	0	avg10=0.00	avg10=0.00	avg10=0.00	avg10=0.00	pgpgin=221003325,pgpgout=259725,pswpin=0,pswpout=0,	reads=296642,sectors_read=13210682,writes=7977,sectors_written=483666	default [performance] powersave powersupersave 
2026-09-13T00:04:48,887296652-04:00	19211816	0	0	0	0	0	avg10=0.00	avg10=0.00	avg10=0.00	avg10=0.00	pgpgin=221003325,pgpgout=259785,pswpin=0,pswpout=0,	reads=296642,sectors_read=13210682,writes=7980,sectors_written=483786	default [performance] powersave powersupersave 
2026-09-13T00:04:49,940537843-04:00	19687760	0	0	0	0	0	avg10=0.00	avg10=0.00	avg10=0.00	avg10=0.00	pgpgin=221003325,pgpgout=260113,pswpin=0,pswpout=0,	reads=296642,sectors_read=13210682,writes=8022,sectors_written=484442	default [performance] powersave powersupersave 
2026-09-13T00:04:50,996260784-04:00	19519052	0	0	0	0	0	avg10=0.00	avg10=0.00	avg10=0.00	avg10=0.00	pgpgin=221003337,pgpgout=260433,pswpin=0,pswpout=0,	reads=296642,sectors_read=13210682,writes=8048,sectors_written=485082	default [performance] powersave powersupersave 
2026-09-13T00:04:52,054699632-04:00	19008440	0	0	0	0	0	avg10=0.00	avg10=0.00	avg10=0.00	avg10=0.00	pgpgin=221003337,pgpgout=260449,pswpin=0,pswpout=0,	reads=296642,sectors_read=13210682,writes=8052,sectors_written=485114	default [performance] powersave powersupersave 
2026-09-13T00:04:53,113604423-04:00	19324468	0	0	0	0	0	avg10=0.00	avg10=0.00	avg10=0.00	avg10=0.00	pgpgin=221003337,pgpgout=260925,pswpin=0,pswpout=0,	reads=296642,sectors_read=13210682,writes=8092,sectors_written=486066	default [performance] powersave powersupersave 
2026-09-13T00:04:54,169495598-04:00	19771240	0	0	0	0	0	avg10=0.00	avg10=0.00	avg10=0.00	avg10=0.00	pgpgin=221003337,pgpgout=261209,pswpin=0,pswpout=0,	reads=296642,sectors_read=13210682,writes=8115,sectors_written=486634	default [performance] powersave powersupersave 
2026-09-13T00:04:55,225523907-04:00	19627592	0	0	0	0	0	avg10=0.00	avg10=0.00	avg10=0.00	avg10=0.00	pgpgin=221003813,pgpgout=261721,pswpin=0,pswpout=0,	reads=296650,sectors_read=13211634,writes=8161,sectors_written=487658	default [performance] powersave powersupersave 
2026-09-13T00:04:56,284994975-04:00	19061272	0	0	0	0	0	avg10=0.00	avg10=0.00	avg10=0.00	avg10=0.00	pgpgin=221003813,pgpgout=261729,pswpin=0,pswpout=0,	reads=296650,sectors_read=13211634,writes=8163,sectors_written=487674	default [performance] powersave powersupersave 
2026-09-13T00:04:57,342924897-04:00	19436256	0	0	0	0	0	avg10=0.00	avg10=0.00	avg10=0.00	avg10=0.00	pgpgin=221003813,pgpgout=261753,pswpin=0,pswpout=0,	reads=296650,sectors_read=13211634,writes=8169,sectors_written=487722	default [performance] powersave powersupersave 
2026-09-13T00:04:58,396500430-04:00	19697432	0	0	0	0	0	avg10=0.00	avg10=0.00	avg10=0.00	avg10=0.00	pgpgin=221003813,pgpgout=262225,pswpin=0,pswpout=0,	reads=296650,sectors_read=13211634,writes=8177,sectors_written=488666	default [performance] powersave powersupersave 
2026-09-13T00:04:59,451189271-04:00	20010512	0	0	0	0	0	avg10=0.00	avg10=0.00	avg10=0.00	avg10=0.00	pgpgin=221003821,pgpgout=263029,pswpin=0,pswpout=0,	reads=296651,sectors_read=13211642,writes=8270,sectors_written=490274	default [performance] powersave powersupersave 
2026-09-13T00:05:00,506818406-04:00	19386640	0	0	0	0	0	avg10=0.00	avg10=0.00	avg10=0.00	avg10=0.00	pgpgin=221003821,pgpgout=263133,pswpin=0,pswpout=0,	reads=296651,sectors_read=13211642,writes=8284,sectors_written=490482	default [performance] powersave powersupersave 
2026-09-13T00:05:01,565977511-04:00	19635812	0	0	0	0	0	avg10=0.00	avg10=0.00	avg10=0.00	avg10=0.00	pgpgin=221007129,pgpgout=263429,pswpin=0,pswpout=0,	reads=296805,sectors_read=13218258,writes=8293,sectors_written=491074	default [performance] powersave powersupersave 
2026-09-13T00:05:02,625997622-04:00	19171292	0	0	0	0	0	avg10=0.00	avg10=0.00	avg10=0.00	avg10=0.00	pgpgin=221007129,pgpgout=263437,pswpin=0,pswpout=0,	reads=296805,sectors_read=13218258,writes=8295,sectors_written=491090	default [performance] powersave powersupersave 
2026-09-13T00:05:03,680955383-04:00	19743124	0	0	0	0	0	avg10=0.00	avg10=0.00	avg10=0.00	avg10=0.00	pgpgin=221007129,pgpgout=263733,pswpin=0,pswpout=0,	reads=296805,sectors_read=13218258,writes=8333,sectors_written=491682	default [performance] powersave powersupersave 
2026-09-13T00:05:04,737636160-04:00	19493848	0	0	0	0	0	avg10=0.00	avg10=0.00	avg10=0.00	avg10=0.00	pgpgin=221007137,pgpgout=264173,pswpin=0,pswpout=0,	reads=296807,sectors_read=13218274,writes=8364,sectors_written=492562	default [performance] powersave powersupersave 
2026-09-13T00:05:05,795443819-04:00	18955236	0	0	0	0	0	avg10=0.00	avg10=0.00	avg10=0.00	avg10=0.00	pgpgin=221007137,pgpgout=264181,pswpin=0,pswpout=0,	reads=296807,sectors_read=13218274,writes=8366,sectors_written=492578	default [performance] powersave powersupersave 
2026-09-13T00:05:06,859462366-04:00	19301148	0	0	0	0	0	avg10=0.00	avg10=0.00	avg10=0.00	avg10=0.00	pgpgin=221007137,pgpgout=264469,pswpin=0,pswpout=0,	reads=296807,sectors_read=13218274,writes=8374,sectors_written=493154	default [performance] powersave powersupersave 
2026-09-13T00:05:07,915042087-04:00	19765436	0	0	0	0	0	avg10=0.00	avg10=0.00	avg10=0.00	avg10=0.00	pgpgin=221007137,pgpgout=264713,pswpin=0,pswpout=0,	reads=296807,sectors_read=13218274,writes=8395,sectors_written=493642	default [performance] powersave powersupersave 
2026-09-13T00:05:08,968674993-04:00	19685032	0	0	0	0	0	avg10=0.00	avg10=0.00	avg10=0.00	avg10=0.00	pgpgin=221007145,pgpgout=265157,pswpin=0,pswpout=0,	reads=296809,sectors_read=13218290,writes=8442,sectors_written=494530	default [performance] powersave powersupersave 
2026-09-13T00:05:10,024741738-04:00	19146556	0	0	0	0	0	avg10=0.00	avg10=0.00	avg10=0.00	avg10=0.00	pgpgin=221007145,pgpgout=266369,pswpin=0,pswpout=0,	reads=296809,sectors_read=13218290,writes=8444,sectors_written=494546	default [performance] powersave powersupersave 
2026-09-13T00:05:11,083365925-04:00	19510408	0	0	0	0	0	avg10=0.00	avg10=0.00	avg10=0.00	avg10=0.00	pgpgin=221007145,pgpgout=266393,pswpin=0,pswpout=0,	reads=296809,sectors_read=13218290,writes=8450,sectors_written=494594	default [performance] powersave powersupersave 
2026-09-13T00:05:12,138373507-04:00	19585756	0	0	0	0	0	avg10=0.00	avg10=0.00	avg10=0.00	avg10=0.00	pgpgin=221007145,pgpgout=266853,pswpin=0,pswpout=0,	reads=296809,sectors_read=13218290,writes=8458,sectors_written=495514	default [performance] powersave powersupersave 
2026-09-13T00:05:13,190720773-04:00	19874308	0	0	0	0	0	avg10=0.00	avg10=0.00	avg10=0.00	avg10=0.00	pgpgin=221007205,pgpgout=267357,pswpin=0,pswpout=0,	reads=296811,sectors_read=13218410,writes=8520,sectors_written=496522	default [performance] powersave powersupersave 
2026-09-13T00:05:14,246806286-04:00	19269416	0	0	0	0	0	avg10=0.00	avg10=0.00	avg10=0.00	avg10=0.00	pgpgin=221007634,pgpgout=267365,pswpin=0,pswpout=0,	reads=296813,sectors_read=13218626,writes=8522,sectors_written=496538	default [performance] powersave powersupersave 
2026-09-13T00:05:15,301305414-04:00	19576560	0	0	0	0	0	avg10=0.00	avg10=0.00	avg10=0.00	avg10=0.00	pgpgin=221007634,pgpgout=267389,pswpin=0,pswpout=0,	reads=296813,sectors_read=13218626,writes=8528,sectors_written=496586	default [performance] powersave powersupersave 
2026-09-13T00:05:16,357171177-04:00	19136308	0	0	0	0	0	avg10=0.00	avg10=0.00	avg10=0.00	avg10=0.00	pgpgin=221007634,pgpgout=267397,pswpin=0,pswpout=0,	reads=296813,sectors_read=13218626,writes=8530,sectors_written=496602	default [performance] powersave powersupersave 
2026-09-13T00:05:17,407888227-04:00	19722080	0	0	0	0	0	avg10=0.00	avg10=0.00	avg10=0.00	avg10=0.00	pgpgin=221007638,pgpgout=268009,pswpin=0,pswpout=0,	reads=296814,sectors_read=13218634,writes=8574,sectors_written=497826	default [performance] powersave powersupersave 
2026-09-13T00:05:18,461216643-04:00	19501120	0	0	0	0	0	avg10=0.00	avg10=0.00	avg10=0.00	avg10=0.00	pgpgin=221007674,pgpgout=268389,pswpin=0,pswpout=0,	reads=296815,sectors_read=13218698,writes=8600,sectors_written=498586	default [performance] powersave powersupersave 
2026-09-13T00:05:19,516701042-04:00	19607584	0	0	0	0	0	avg10=0.00	avg10=0.00	avg10=0.00	avg10=0.00	pgpgin=221007674,pgpgout=268409,pswpin=0,pswpout=0,	reads=296815,sectors_read=13218698,writes=8605,sectors_written=498626	default [performance] powersave powersupersave 
2026-09-13T00:05:20,570024934-04:00	19278228	0	0	0	0	0	avg10=0.00	avg10=0.00	avg10=0.00	avg10=0.00	pgpgin=221007674,pgpgout=268421,pswpin=0,pswpout=0,	reads=296815,sectors_read=13218698,writes=8608,sectors_written=498650	default [performance] powersave powersupersave 
2026-09-13T00:05:21,624164155-04:00	19683568	0	0	0	0	0	avg10=0.00	avg10=0.00	avg10=0.00	avg10=0.00	pgpgin=221007674,pgpgout=268665,pswpin=0,pswpout=0,	reads=296815,sectors_read=13218698,writes=8633,sectors_written=499138	default [performance] powersave powersupersave 
2026-09-13T00:05:22,680973321-04:00	19593176	0	0	0	0	0	avg10=0.00	avg10=0.00	avg10=0.00	avg10=0.00	pgpgin=221007674,pgpgout=269329,pswpin=0,pswpout=0,	reads=296815,sectors_read=13218698,writes=8671,sectors_written=500466	default [performance] powersave powersupersave 
2026-09-13T00:05:23,737773021-04:00	19067364	0	0	0	0	0	avg10=0.00	avg10=0.00	avg10=0.00	avg10=0.00	pgpgin=221007674,pgpgout=269569,pswpin=0,pswpout=0,	reads=296815,sectors_read=13218698,writes=8720,sectors_written=500946	default [performance] powersave powersupersave 
2026-09-13T00:05:24,790788116-04:00	19437512	0	0	0	0	0	avg10=0.00	avg10=0.00	avg10=0.00	avg10=0.00	pgpgin=221007674,pgpgout=269641,pswpin=0,pswpout=0,	reads=296815,sectors_read=13218698,writes=8727,sectors_written=501090	default [performance] powersave powersupersave 
2026-09-13T00:05:25,846382426-04:00	19709052	0	0	0	0	0	avg10=0.00	avg10=0.00	avg10=0.00	avg10=0.00	pgpgin=221007674,pgpgout=269833,pswpin=0,pswpout=0,	reads=296815,sectors_read=13218698,writes=8735,sectors_written=501474	default [performance] powersave powersupersave 
2026-09-13T00:05:26,903894139-04:00	19936188	0	0	0	0	0	avg10=0.00	avg10=0.00	avg10=0.00	avg10=0.00	pgpgin=221009138,pgpgout=270137,pswpin=0,pswpout=0,	reads=296830,sectors_read=13220650,writes=8774,sectors_written=502082	default [performance] powersave powersupersave 
2026-09-13T00:05:27,958725214-04:00	19938228	0	0	0	0	0	avg10=0.00	avg10=0.00	avg10=0.00	avg10=0.00	pgpgin=221060262,pgpgout=272769,pswpin=0,pswpout=0,	reads=297805,sectors_read=13317082,writes=8799,sectors_written=507346	default [performance] powersave powersupersave 
2026-09-13T00:05:29,018305644-04:00	19849984	0	0	0	0	0	avg10=0.00	avg10=0.00	avg10=0.00	avg10=0.00	pgpgin=221060262,pgpgout=272777,pswpin=0,pswpout=0,	reads=297805,sectors_read=13317082,writes=8801,sectors_written=507362	default [performance] powersave powersupersave 
2026-09-13T00:05:30,074977594-04:00	19780940	0	0	0	0	0	avg10=0.00	avg10=0.00	avg10=0.00	avg10=0.00	pgpgin=221060262,pgpgout=272881,pswpin=0,pswpout=0,	reads=297805,sectors_read=13317082,writes=8804,sectors_written=507570	default [performance] powersave powersupersave 
2026-09-13T00:05:31,131933112-04:00	19725712	0	0	0	0	0	avg10=0.00	avg10=0.00	avg10=0.00	avg10=0.00	pgpgin=221060262,pgpgout=272889,pswpin=0,pswpout=0,	reads=297805,sectors_read=13317082,writes=8806,sectors_written=507586	default [performance] powersave powersupersave 
2026-09-13T00:05:32,196258338-04:00	19751080	0	0	0	0	0	avg10=0.00	avg10=0.00	avg10=0.00	avg10=0.00	pgpgin=221060266,pgpgout=275953,pswpin=0,pswpout=0,	reads=297806,sectors_read=13317090,writes=8862,sectors_written=513714	default [performance] powersave powersupersave 
2026-09-13T00:05:33,253400719-04:00	19751920	0	0	0	0	0	avg10=0.00	avg10=0.00	avg10=0.00	avg10=0.00	pgpgin=221060266,pgpgout=275961,pswpin=0,pswpout=0,	reads=297806,sectors_read=13317090,writes=8864,sectors_written=513730	default [performance] powersave powersupersave 
2026-09-13T00:05:34,312035745-04:00	19751972	0	0	0	0	0	avg10=0.00	avg10=0.00	avg10=0.00	avg10=0.00	pgpgin=221060266,pgpgout=275969,pswpin=0,pswpout=0,	reads=297806,sectors_read=13317090,writes=8866,sectors_written=513746	default [performance] powersave powersupersave 
2026-09-13T00:05:35,368646648-04:00	19757504	0	0	0	0	0	avg10=0.00	avg10=0.00	avg10=0.00	avg10=0.00	pgpgin=221060266,pgpgout=276025,pswpin=0,pswpout=0,	reads=297806,sectors_read=13317090,writes=8869,sectors_written=513858	default [performance] powersave powersupersave 
2026-09-13T00:05:36,425690898-04:00	19301044	0	0	0	0	0	avg10=0.00	avg10=0.00	avg10=0.00	avg10=0.00	pgpgin=221060550,pgpgout=276333,pswpin=0,pswpout=0,	reads=297811,sectors_read=13317658,writes=8892,sectors_written=514474	default [performance] powersave powersupersave 
2026-09-13T00:05:37,490792378-04:00	18774648	0	0	0	0	0	avg10=0.00	avg10=0.00	avg10=0.00	avg10=0.00	pgpgin=221060550,pgpgout=276577,pswpin=0,pswpout=0,	reads=297811,sectors_read=13317658,writes=8896,sectors_written=514962	default [performance] powersave powersupersave 
2026-09-13T00:05:38,547704246-04:00	19092496	0	0	0	0	0	avg10=0.00	avg10=0.00	avg10=0.00	avg10=0.00	pgpgin=221060550,pgpgout=276601,pswpin=0,pswpout=0,	reads=297811,sectors_read=13317658,writes=8902,sectors_written=515010	default [performance] powersave powersupersave 
2026-09-13T00:05:39,596952866-04:00	19472988	0	0	0	0	0	avg10=0.00	avg10=0.00	avg10=0.00	avg10=0.00	pgpgin=221060550,pgpgout=276821,pswpin=0,pswpout=0,	reads=297811,sectors_read=13317658,writes=8922,sectors_written=515458	default [performance] powersave powersupersave 
2026-09-13T00:05:40,652607947-04:00	19515920	0	0	0	0	0	avg10=0.00	avg10=0.00	avg10=0.00	avg10=0.00	pgpgin=221060554,pgpgout=277633,pswpin=0,pswpout=0,	reads=297812,sectors_read=13317666,writes=8971,sectors_written=517074	default [performance] powersave powersupersave 
2026-09-13T00:05:41,710224080-04:00	18929024	0	0	0	0	0	avg10=0.00	avg10=0.00	avg10=0.00	avg10=0.00	pgpgin=221060554,pgpgout=279565,pswpin=0,pswpout=0,	reads=297812,sectors_read=13317666,writes=8973,sectors_written=517090	default [performance] powersave powersupersave 
2026-09-13T00:05:42,768753046-04:00	19237588	0	0	0	0	0	avg10=0.00	avg10=0.00	avg10=0.00	avg10=0.00	pgpgin=221060554,pgpgout=279849,pswpin=0,pswpout=0,	reads=297812,sectors_read=13317666,writes=8981,sectors_written=517658	default [performance] powersave powersupersave 
2026-09-13T00:05:43,826124148-04:00	18973272	0	0	0	0	0	avg10=0.00	avg10=0.00	avg10=0.00	avg10=0.00	pgpgin=221067322,pgpgout=279857,pswpin=0,pswpout=0,	reads=297864,sectors_read=13323562,writes=8983,sectors_written=517674	default [performance] powersave powersupersave 
2026-09-13T00:05:44,880280165-04:00	19327808	0	0	0	0	0	avg10=0.00	avg10=0.00	avg10=0.00	avg10=0.00	pgpgin=221067322,pgpgout=280265,pswpin=0,pswpout=0,	reads=297864,sectors_read=13323562,writes=9026,sectors_written=518490	default [performance] powersave powersupersave 
2026-09-13T00:05:45,941514056-04:00	19106364	0	0	0	0	0	avg10=0.00	avg10=0.00	avg10=0.00	avg10=0.00	pgpgin=221068242,pgpgout=281197,pswpin=0,pswpout=0,	reads=297882,sectors_read=13325402,writes=9052,sectors_written=520354	default [performance] powersave powersupersave 
2026-09-13T00:05:46,999562817-04:00	18603768	0	0	0	0	0	avg10=0.00	avg10=0.00	avg10=0.00	avg10=0.00	pgpgin=221068242,pgpgout=281213,pswpin=0,pswpout=0,	reads=297882,sectors_read=13325402,writes=9056,sectors_written=520386	default [performance] powersave powersupersave 
2026-09-13T00:05:48,065517906-04:00	18922196	0	0	0	0	0	avg10=0.00	avg10=0.00	avg10=0.00	avg10=0.00	pgpgin=221068242,pgpgout=281489,pswpin=0,pswpout=0,	reads=297882,sectors_read=13325402,writes=9062,sectors_written=520938	default [performance] powersave powersupersave 
2026-09-13T00:05:49,120522764-04:00	19379876	0	0	0	0	0	avg10=0.00	avg10=0.00	avg10=0.00	avg10=0.00	pgpgin=221068498,pgpgout=281733,pswpin=0,pswpout=0,	reads=297894,sectors_read=13325914,writes=9083,sectors_written=521426	default [performance] powersave powersupersave 
2026-09-13T00:05:50,177338869-04:00	19557740	0	0	0	0	0	avg10=0.00	avg10=0.00	avg10=0.00	avg10=0.00	pgpgin=221070826,pgpgout=282033,pswpin=0,pswpout=0,	reads=298476,sectors_read=13330570,writes=9110,sectors_written=522026	default [performance] powersave powersupersave 
2026-09-13T00:05:51,236060206-04:00	19185828	0	0	0	0	0	avg10=0.00	avg10=0.00	avg10=0.00	avg10=0.00	pgpgin=221071046,pgpgout=282193,pswpin=0,pswpout=0,	reads=298481,sectors_read=13331010,writes=9126,sectors_written=522346	default [performance] powersave powersupersave 
2026-09-13T00:05:52,294234833-04:00	18660544	0	0	0	0	0	avg10=0.00	avg10=0.00	avg10=0.00	avg10=0.00	pgpgin=221071046,pgpgout=282201,pswpin=0,pswpout=0,	reads=298481,sectors_read=13331010,writes=9128,sectors_written=522362	default [performance] powersave powersupersave 
2026-09-13T00:05:53,361228177-04:00	18976408	0	0	0	0	0	avg10=0.00	avg10=0.00	avg10=0.00	avg10=0.00	pgpgin=221071046,pgpgout=282493,pswpin=0,pswpout=0,	reads=298481,sectors_read=13331010,writes=9136,sectors_written=522946	default [performance] powersave powersupersave 
2026-09-13T00:05:54,415267917-04:00	19393284	0	0	0	0	0	avg10=0.00	avg10=0.00	avg10=0.00	avg10=0.00	pgpgin=221071046,pgpgout=282741,pswpin=0,pswpout=0,	reads=298481,sectors_read=13331010,writes=9158,sectors_written=523442	default [performance] powersave powersupersave 
2026-09-13T00:05:55,469896435-04:00	19300904	0	0	0	0	0	avg10=0.00	avg10=0.00	avg10=0.00	avg10=0.00	pgpgin=221071050,pgpgout=283265,pswpin=0,pswpout=0,	reads=298482,sectors_read=13331018,writes=9205,sectors_written=524490	default [performance] powersave powersupersave 
2026-09-13T00:05:56,526658394-04:00	18757640	0	0	0	0	0	avg10=0.00	avg10=0.00	avg10=0.00	avg10=0.00	pgpgin=221071050,pgpgout=283273,pswpin=0,pswpout=0,	reads=298482,sectors_read=13331018,writes=9207,sectors_written=524506	default [performance] powersave powersupersave 
2026-09-13T00:05:57,583565968-04:00	19158252	0	0	0	0	0	avg10=0.00	avg10=0.00	avg10=0.00	avg10=0.00	pgpgin=221071050,pgpgout=283297,pswpin=0,pswpout=0,	reads=298482,sectors_read=13331018,writes=9213,sectors_written=524554	default [performance] powersave powersupersave 
2026-09-13T00:05:58,639385339-04:00	19552908	0	0	0	0	0	avg10=0.00	avg10=0.00	avg10=0.00	avg10=0.00	pgpgin=221071050,pgpgout=283885,pswpin=0,pswpout=0,	reads=298482,sectors_read=13331018,writes=9253,sectors_written=525730	default [performance] powersave powersupersave 
2026-09-13T00:05:59,693428744-04:00	19447660	0	0	0	0	0	avg10=0.00	avg10=0.00	avg10=0.00	avg10=0.00	pgpgin=221071050,pgpgout=284317,pswpin=0,pswpout=0,	reads=298482,sectors_read=13331018,writes=9303,sectors_written=526594	default [performance] powersave powersupersave 
2026-09-13T00:06:00,752071783-04:00	18888952	0	0	0	0	0	avg10=0.00	avg10=0.00	avg10=0.00	avg10=0.00	pgpgin=221077726,pgpgout=285789,pswpin=0,pswpout=0,	reads=298584,sectors_read=13344298,writes=9360,sectors_written=529538	default [performance] powersave powersupersave 
2026-09-13T00:06:01,810619332-04:00	18289908	0	0	0	0	0	avg10=0.00	avg10=0.00	avg10=0.00	avg10=0.00	pgpgin=221077726,pgpgout=285797,pswpin=0,pswpout=0,	reads=298584,sectors_read=13344298,writes=9362,sectors_written=529554	default [performance] powersave powersupersave 
2026-09-13T00:06:02,878019728-04:00	18634912	0	0	0	0	0	avg10=0.00	avg10=0.00	avg10=0.00	avg10=0.00	pgpgin=221077750,pgpgout=285821,pswpin=0,pswpout=0,	reads=298590,sectors_read=13344346,writes=9368,sectors_written=529602	default [performance] powersave powersupersave 
2026-09-13T00:06:03,933004601-04:00	18416736	0	0	0	0	0	avg10=0.00	avg10=0.00	avg10=0.00	avg10=0.00	pgpgin=221077750,pgpgout=286141,pswpin=0,pswpout=0,	reads=298590,sectors_read=13344346,writes=9372,sectors_written=530242	default [performance] powersave powersupersave 
2026-09-13T00:06:04,990692474-04:00	18991292	0	0	0	0	0	avg10=0.00	avg10=0.00	avg10=0.00	avg10=0.00	pgpgin=221077934,pgpgout=286685,pswpin=0,pswpout=0,	reads=298595,sectors_read=13344634,writes=9426,sectors_written=531330	default [performance] powersave powersupersave 
2026-09-13T00:06:06,046558395-04:00	18532492	0	0	0	0	0	avg10=0.00	avg10=0.00	avg10=0.00	avg10=0.00	pgpgin=221077934,pgpgout=286873,pswpin=0,pswpout=0,	reads=298595,sectors_read=13344634,writes=9440,sectors_written=531706	default [performance] powersave powersupersave 
2026-09-13T00:06:07,102925506-04:00	18798608	0	0	0	0	0	avg10=0.00	avg10=0.00	avg10=0.00	avg10=0.00	pgpgin=221077934,pgpgout=286897,pswpin=0,pswpout=0,	reads=298595,sectors_read=13344634,writes=9446,sectors_written=531754	default [performance] powersave powersupersave 
2026-09-13T00:06:08,159532525-04:00	18311228	0	0	0	0	0	avg10=0.00	avg10=0.00	avg10=0.00	avg10=0.00	pgpgin=221077934,pgpgout=286905,pswpin=0,pswpout=0,	reads=298595,sectors_read=13344634,writes=9448,sectors_written=531770	default [performance] powersave powersupersave 
2026-09-13T00:06:09,213552757-04:00	18766836	0	0	0	0	0	avg10=0.00	avg10=0.00	avg10=0.00	avg10=0.00	pgpgin=221077934,pgpgout=287505,pswpin=0,pswpout=0,	reads=298595,sectors_read=13344634,writes=9492,sectors_written=532970	default [performance] powersave powersupersave 
2026-09-13T00:06:10,269674596-04:00	18687024	0	0	0	0	0	avg10=0.00	avg10=0.00	avg10=0.00	avg10=0.00	pgpgin=221077962,pgpgout=287825,pswpin=0,pswpout=0,	reads=298595,sectors_read=13344634,writes=9518,sectors_written=533610	default [performance] powersave powersupersave 
2026-09-13T00:06:11,326856623-04:00	18149852	0	0	0	0	0	avg10=0.00	avg10=0.00	avg10=0.00	avg10=0.00	pgpgin=221077962,pgpgout=287881,pswpin=0,pswpout=0,	reads=298595,sectors_read=13344634,writes=9521,sectors_written=533722	default [performance] powersave powersupersave 
2026-09-13T00:06:12,383903050-04:00	18499012	0	0	0	0	0	avg10=0.00	avg10=0.00	avg10=0.00	avg10=0.00	pgpgin=221077962,pgpgout=288777,pswpin=0,pswpout=0,	reads=298595,sectors_read=13344634,writes=9527,sectors_written=533770	default [performance] powersave powersupersave 
2026-09-13T00:06:13,440992743-04:00	18945496	0	0	0	0	0	avg10=0.00	avg10=0.00	avg10=0.00	avg10=0.00	pgpgin=221077962,pgpgout=288977,pswpin=0,pswpout=0,	reads=298595,sectors_read=13344634,writes=9541,sectors_written=534170	default [performance] powersave powersupersave 
2026-09-13T00:06:14,492034656-04:00	18861252	0	0	0	0	0	avg10=0.00	avg10=0.00	avg10=0.00	avg10=0.00	pgpgin=221077970,pgpgout=290005,pswpin=0,pswpout=0,	reads=298597,sectors_read=13344650,writes=9618,sectors_written=536226	default [performance] powersave powersupersave 
2026-09-13T00:06:15,550863566-04:00	18350704	0	0	0	0	0	avg10=0.00	avg10=0.00	avg10=0.00	avg10=0.00	pgpgin=221077970,pgpgout=290065,pswpin=0,pswpout=0,	reads=298597,sectors_read=13344650,writes=9621,sectors_written=536346	default [performance] powersave powersupersave 
2026-09-13T00:06:16,607740157-04:00	18730012	0	0	0	0	0	avg10=0.00	avg10=0.00	avg10=0.00	avg10=0.00	pgpgin=221077970,pgpgout=290089,pswpin=0,pswpout=0,	reads=298597,sectors_read=13344650,writes=9627,sectors_written=536394	default [performance] powersave powersupersave 
2026-09-13T00:06:17,664350690-04:00	18256564	0	0	0	0	0	avg10=0.00	avg10=0.00	avg10=0.00	avg10=0.00	pgpgin=221077970,pgpgout=290097,pswpin=0,pswpout=0,	reads=298597,sectors_read=13344650,writes=9629,sectors_written=536410	default [performance] powersave powersupersave 
2026-09-13T00:06:18,720948551-04:00	18804524	0	0	0	0	0	avg10=0.00	avg10=0.00	avg10=0.00	avg10=0.00	pgpgin=221077970,pgpgout=290441,pswpin=0,pswpout=0,	reads=298597,sectors_read=13344650,writes=9671,sectors_written=537098	default [performance] powersave powersupersave 
2026-09-13T00:06:19,774763818-04:00	18590312	0	0	0	0	0	avg10=0.00	avg10=0.00	avg10=0.00	avg10=0.00	pgpgin=221077970,pgpgout=290929,pswpin=0,pswpout=0,	reads=298597,sectors_read=13344650,writes=9692,sectors_written=538074	default [performance] powersave powersupersave 
2026-09-13T00:06:20,828419145-04:00	18864316	0	0	0	0	0	avg10=0.00	avg10=0.00	avg10=0.00	avg10=0.00	pgpgin=221077970,pgpgout=291001,pswpin=0,pswpout=0,	reads=298597,sectors_read=13344650,writes=9699,sectors_written=538218	default [performance] powersave powersupersave 
2026-09-13T00:06:21,886213358-04:00	18360304	0	0	0	0	0	avg10=0.00	avg10=0.00	avg10=0.00	avg10=0.00	pgpgin=221077970,pgpgout=291009,pswpin=0,pswpout=0,	reads=298597,sectors_read=13344650,writes=9701,sectors_written=538234	default [performance] powersave powersupersave 
2026-09-13T00:06:22,940459155-04:00	18860808	0	0	0	0	0	avg10=0.00	avg10=0.00	avg10=0.00	avg10=0.00	pgpgin=221077970,pgpgout=291285,pswpin=0,pswpout=0,	reads=298597,sectors_read=13344650,writes=9734,sectors_written=538786	default [performance] powersave powersupersave 
2026-09-13T00:06:23,993033856-04:00	18942584	0	0	0	0	0	avg10=0.00	avg10=0.00	avg10=0.00	avg10=0.00	pgpgin=221077970,pgpgout=293877,pswpin=0,pswpout=0,	reads=298597,sectors_read=13344650,writes=9769,sectors_written=543970	default [performance] powersave powersupersave 
2026-09-13T00:06:25,051441546-04:00	18949312	0	0	0	0	0	avg10=0.00	avg10=0.00	avg10=0.00	avg10=0.00	pgpgin=221077970,pgpgout=294117,pswpin=0,pswpout=0,	reads=298597,sectors_read=13344650,writes=9773,sectors_written=544450	default [performance] powersave powersupersave 
2026-09-13T00:06:26,109076431-04:00	18919296	0	0	0	0	0	avg10=0.00	avg10=0.00	avg10=0.00	avg10=0.00	pgpgin=221077970,pgpgout=294173,pswpin=0,pswpout=0,	reads=298597,sectors_read=13344650,writes=9776,sectors_written=544562	default [performance] powersave powersupersave 
2026-09-13T00:06:27,165844473-04:00	18868732	0	0	0	0	0	avg10=0.00	avg10=0.00	avg10=0.00	avg10=0.00	pgpgin=221077970,pgpgout=294181,pswpin=0,pswpout=0,	reads=298597,sectors_read=13344650,writes=9778,sectors_written=544578	default [performance] powersave powersupersave 
2026-09-13T00:06:28,223002115-04:00	18879868	0	0	0	0	0	avg10=0.00	avg10=0.00	avg10=0.00	avg10=0.00	pgpgin=221078018,pgpgout=296417,pswpin=0,pswpout=0,	reads=298597,sectors_read=13344650,writes=9798,sectors_written=549050	default [performance] powersave powersupersave 
2026-09-13T00:06:29,287591131-04:00	18889892	0	0	0	0	0	avg10=0.00	avg10=0.00	avg10=0.00	avg10=0.00	pgpgin=221078018,pgpgout=296849,pswpin=0,pswpout=0,	reads=298597,sectors_read=13344650,writes=9846,sectors_written=549914	default [performance] powersave powersupersave 
2026-09-13T00:06:30,354014328-04:00	18894824	0	0	0	0	0	avg10=0.00	avg10=0.00	avg10=0.00	avg10=0.00	pgpgin=221078018,pgpgout=297053,pswpin=0,pswpout=0,	reads=298597,sectors_read=13344650,writes=9850,sectors_written=550322	default [performance] powersave powersupersave 
2026-09-13T00:06:31,408992960-04:00	18916096	0	0	0	0	0	avg10=0.00	avg10=0.00	avg10=0.00	avg10=0.00	pgpgin=221078018,pgpgout=297061,pswpin=0,pswpout=0,	reads=298597,sectors_read=13344650,writes=9852,sectors_written=550338	default [performance] powersave powersupersave 
2026-09-13T00:06:32,463894060-04:00	18580080	0	0	0	0	0	avg10=0.00	avg10=0.00	avg10=0.00	avg10=0.00	pgpgin=221078262,pgpgout=297793,pswpin=0,pswpout=0,	reads=298600,sectors_read=13344978,writes=9889,sectors_written=551802	default [performance] powersave powersupersave 
2026-09-13T00:06:33,523847867-04:00	18019512	0	0	0	0	0	avg10=0.00	avg10=0.00	avg10=0.00	avg10=0.00	pgpgin=221078262,pgpgout=297801,pswpin=0,pswpout=0,	reads=298600,sectors_read=13344978,writes=9891,sectors_written=551818	default [performance] powersave powersupersave 
2026-09-13T00:06:34,579026508-04:00	18371156	0	0	0	0	0	avg10=0.00	avg10=0.00	avg10=0.00	avg10=0.00	pgpgin=221078262,pgpgout=297873,pswpin=0,pswpout=0,	reads=298600,sectors_read=13344978,writes=9898,sectors_written=551962	default [performance] powersave powersupersave 
2026-09-13T00:06:35,633979269-04:00	18755484	0	0	0	0	0	avg10=0.00	avg10=0.00	avg10=0.00	avg10=0.00	pgpgin=221078262,pgpgout=298321,pswpin=0,pswpout=0,	reads=298600,sectors_read=13344978,writes=9909,sectors_written=552858	default [performance] powersave powersupersave 
2026-09-13T00:06:36,691066571-04:00	18696024	0	0	0	0	0	avg10=0.00	avg10=0.00	avg10=0.00	avg10=0.00	pgpgin=221078638,pgpgout=298633,pswpin=0,pswpout=0,	reads=298623,sectors_read=13345730,writes=9947,sectors_written=553482	default [performance] powersave powersupersave 
2026-09-13T00:06:37,747675655-04:00	18370720	0	0	0	0	0	avg10=0.00	avg10=0.00	avg10=0.00	avg10=0.00	pgpgin=221078638,pgpgout=299313,pswpin=0,pswpout=0,	reads=298623,sectors_read=13345730,writes=9970,sectors_written=554842	default [performance] powersave powersupersave 
2026-09-13T00:06:38,804778432-04:00	18496496	0	0	0	0	0	avg10=0.00	avg10=0.00	avg10=0.00	avg10=0.00	pgpgin=221078638,pgpgout=299337,pswpin=0,pswpout=0,	reads=298623,sectors_read=13345730,writes=9976,sectors_written=554890	default [performance] powersave powersupersave 
2026-09-13T00:06:39,859982475-04:00	18196164	0	0	0	0	0	avg10=0.00	avg10=0.00	avg10=0.00	avg10=0.00	pgpgin=221078642,pgpgout=299441,pswpin=0,pswpout=0,	reads=298624,sectors_read=13345738,writes=9979,sectors_written=555098	default [performance] powersave powersupersave 
2026-09-13T00:06:40,916568413-04:00	18652740	0	0	0	0	0	avg10=0.00	avg10=0.00	avg10=0.00	avg10=0.00	pgpgin=221078642,pgpgout=299981,pswpin=0,pswpout=0,	reads=298624,sectors_read=13345738,writes=10003,sectors_written=556178	default [performance] powersave powersupersave 
2026-09-13T00:06:41,969637758-04:00	18581652	0	0	0	0	0	avg10=0.00	avg10=0.00	avg10=0.00	avg10=0.00	pgpgin=221078706,pgpgout=301345,pswpin=0,pswpout=0,	reads=298626,sectors_read=13345866,writes=10049,sectors_written=558906	default [performance] powersave powersupersave 
2026-09-13T00:06:43,023572084-04:00	18036944	0	0	0	0	0	avg10=0.00	avg10=0.00	avg10=0.00	avg10=0.00	pgpgin=221078706,pgpgout=301353,pswpin=0,pswpout=0,	reads=298626,sectors_read=13345866,writes=10051,sectors_written=558922	default [performance] powersave powersupersave 
2026-09-13T00:06:44,081202595-04:00	18399140	0	0	0	0	0	avg10=0.00	avg10=0.00	avg10=0.00	avg10=0.00	pgpgin=221078706,pgpgout=303537,pswpin=0,pswpout=0,	reads=298626,sectors_read=13345866,writes=10057,sectors_written=558970	default [performance] powersave powersupersave 
2026-09-13T00:06:45,138148638-04:00	18223300	0	0	0	0	0	avg10=0.00	avg10=0.00	avg10=0.00	avg10=0.00	pgpgin=221078778,pgpgout=303545,pswpin=0,pswpout=0,	reads=298632,sectors_read=13346010,writes=10059,sectors_written=558986	default [performance] powersave powersupersave 
2026-09-13T00:06:46,194747115-04:00	18853812	0	0	0	0	0	avg10=0.00	avg10=0.00	avg10=0.00	avg10=0.00	pgpgin=221078778,pgpgout=304341,pswpin=0,pswpout=0,	reads=298632,sectors_read=13346010,writes=10106,sectors_written=560578	default [performance] powersave powersupersave 
2026-09-13T00:06:47,252738585-04:00	18380660	0	0	0	0	0	avg10=0.00	avg10=0.00	avg10=0.00	avg10=0.00	pgpgin=221078786,pgpgout=304625,pswpin=0,pswpout=0,	reads=298634,sectors_read=13346026,writes=10129,sectors_written=561146	default [performance] powersave powersupersave 
2026-09-13T00:06:48,308109215-04:00	18659952	0	0	0	0	0	avg10=0.00	avg10=0.00	avg10=0.00	avg10=0.00	pgpgin=221078786,pgpgout=304649,pswpin=0,pswpout=0,	reads=298634,sectors_read=13346026,writes=10135,sectors_written=561194	default [performance] powersave powersupersave 
2026-09-13T00:06:49,361931877-04:00	18176284	0	0	0	0	0	avg10=0.00	avg10=0.00	avg10=0.00	avg10=0.00	pgpgin=221078786,pgpgout=304657,pswpin=0,pswpout=0,	reads=298634,sectors_read=13346026,writes=10137,sectors_written=561210	default [performance] powersave powersupersave 
2026-09-13T00:06:50,418151412-04:00	18620856	0	0	0	0	0	avg10=0.00	avg10=0.00	avg10=0.00	avg10=0.00	pgpgin=221078786,pgpgout=304973,pswpin=0,pswpout=0,	reads=298634,sectors_read=13346026,writes=10165,sectors_written=561842	default [performance] powersave powersupersave 
2026-09-13T00:06:51,473621070-04:00	18544788	0	0	0	0	0	avg10=0.00	avg10=0.00	avg10=0.00	avg10=0.00	pgpgin=221078786,pgpgout=305573,pswpin=0,pswpout=0,	reads=298634,sectors_read=13346026,writes=10208,sectors_written=563042	default [performance] powersave powersupersave 
2026-09-13T00:06:52,531495056-04:00	18020256	0	0	0	0	0	avg10=0.00	avg10=0.00	avg10=0.00	avg10=0.00	pgpgin=221078786,pgpgout=305581,pswpin=0,pswpout=0,	reads=298634,sectors_read=13346026,writes=10210,sectors_written=563058	default [performance] powersave powersupersave 
2026-09-13T00:06:53,587807776-04:00	18347452	0	0	0	0	0	avg10=0.00	avg10=0.00	avg10=0.00	avg10=0.00	pgpgin=221078786,pgpgout=305605,pswpin=0,pswpout=0,	reads=298634,sectors_read=13346026,writes=10216,sectors_written=563106	default [performance] powersave powersupersave 
2026-09-13T00:06:54,647489031-04:00	18749912	0	0	0	0	0	avg10=0.00	avg10=0.00	avg10=0.00	avg10=0.00	pgpgin=221078786,pgpgout=305785,pswpin=0,pswpout=0,	reads=298634,sectors_read=13346026,writes=10225,sectors_written=563466	default [performance] powersave powersupersave 
2026-09-13T00:06:55,698353864-04:00	18650264	0	0	0	0	0	avg10=0.00	avg10=0.00	avg10=0.00	avg10=0.00	pgpgin=221078786,pgpgout=306621,pswpin=0,pswpout=0,	reads=298634,sectors_read=13346026,writes=10287,sectors_written=565138	default [performance] powersave powersupersave 
2026-09-13T00:06:56,754787467-04:00	18172328	0	0	0	0	0	avg10=0.00	avg10=0.00	avg10=0.00	avg10=0.00	pgpgin=221078786,pgpgout=306629,pswpin=0,pswpout=0,	reads=298634,sectors_read=13346026,writes=10289,sectors_written=565154	default [performance] powersave powersupersave 
2026-09-13T00:06:57,810063764-04:00	18517400	0	0	0	0	0	avg10=0.00	avg10=0.00	avg10=0.00	avg10=0.00	pgpgin=221078786,pgpgout=306653,pswpin=0,pswpout=0,	reads=298634,sectors_read=13346026,writes=10295,sectors_written=565202	default [performance] powersave powersupersave 
2026-09-13T00:06:58,869083821-04:00	18197024	0	0	0	0	0	avg10=0.00	avg10=0.00	avg10=0.00	avg10=0.00	pgpgin=221079394,pgpgout=306661,pswpin=0,pswpout=0,	reads=298637,sectors_read=13346466,writes=10297,sectors_written=565218	default [performance] powersave powersupersave 
2026-09-13T00:06:59,925609039-04:00	18645904	0	0	0	0	0	avg10=0.00	avg10=0.00	avg10=0.00	avg10=0.00	pgpgin=221079394,pgpgout=307005,pswpin=0,pswpout=0,	reads=298637,sectors_read=13346466,writes=10339,sectors_written=565906	default [performance] powersave powersupersave 
2026-09-13T00:07:00,982965858-04:00	18728300	0	0	0	0	0	avg10=0.00	avg10=0.00	avg10=0.00	avg10=0.00	pgpgin=221079562,pgpgout=309049,pswpin=0,pswpout=0,	reads=298640,sectors_read=13346762,writes=10415,sectors_written=569994	default [performance] powersave powersupersave 
2026-09-13T00:07:02,033554001-04:00	18727156	0	0	0	0	0	avg10=0.00	avg10=0.00	avg10=0.00	avg10=0.00	pgpgin=221079562,pgpgout=309161,pswpin=0,pswpout=0,	reads=298640,sectors_read=13346762,writes=10427,sectors_written=570218	default [performance] powersave powersupersave 
2026-09-13T00:07:03,084922539-04:00	18408076	0	0	0	0	0	avg10=0.00	avg10=0.00	avg10=0.00	avg10=0.00	pgpgin=221083006,pgpgout=309685,pswpin=0,pswpout=0,	reads=298827,sectors_read=13353650,writes=10457,sectors_written=571266	default [performance] powersave powersupersave 
2026-09-13T00:07:04,134652327-04:00	17958756	0	0	0	0	0	avg10=0.00	avg10=0.00	avg10=0.00	avg10=0.00	pgpgin=221084554,pgpgout=309705,pswpin=0,pswpout=0,	reads=298902,sectors_read=13356746,writes=10462,sectors_written=571306	default [performance] powersave powersupersave 
2026-09-13T00:07:05,188790730-04:00	18208768	0	0	0	0	0	avg10=0.00	avg10=0.00	avg10=0.00	avg10=0.00	pgpgin=221084554,pgpgout=310017,pswpin=0,pswpout=0,	reads=298902,sectors_read=13356746,writes=10523,sectors_written=571930	default [performance] powersave powersupersave 
2026-09-13T00:07:06,244967467-04:00	18696120	0	0	0	0	0	avg10=0.00	avg10=0.00	avg10=0.00	avg10=0.00	pgpgin=221084554,pgpgout=310845,pswpin=0,pswpout=0,	reads=298902,sectors_read=13356746,writes=10547,sectors_written=573586	default [performance] powersave powersupersave 
2026-09-13T00:07:07,300132215-04:00	18600680	0	0	0	0	0	avg10=0.00	avg10=0.00	avg10=0.00	avg10=0.00	pgpgin=221084554,pgpgout=311349,pswpin=0,pswpout=0,	reads=298902,sectors_read=13356746,writes=10594,sectors_written=574594	default [performance] powersave powersupersave 
2026-09-13T00:07:08,359642148-04:00	18043900	0	0	0	0	0	avg10=0.00	avg10=0.00	avg10=0.00	avg10=0.00	pgpgin=221084554,pgpgout=311357,pswpin=0,pswpout=0,	reads=298902,sectors_read=13356746,writes=10596,sectors_written=574610	default [performance] powersave powersupersave 
2026-09-13T00:07:09,414784124-04:00	18422672	0	0	0	0	0	avg10=0.00	avg10=0.00	avg10=0.00	avg10=0.00	pgpgin=221084554,pgpgout=311381,pswpin=0,pswpout=0,	reads=298902,sectors_read=13356746,writes=10602,sectors_written=574658	default [performance] powersave powersupersave 
2026-09-13T00:07:10,469804239-04:00	18226600	0	0	0	0	0	avg10=0.00	avg10=0.00	avg10=0.00	avg10=0.00	pgpgin=221084554,pgpgout=311441,pswpin=0,pswpout=0,	reads=298902,sectors_read=13356746,writes=10605,sectors_written=574778	default [performance] powersave powersupersave 
2026-09-13T00:07:11,525559819-04:00	18751968	0	0	0	0	0	avg10=0.00	avg10=0.00	avg10=0.00	avg10=0.00	pgpgin=221084554,pgpgout=312557,pswpin=0,pswpout=0,	reads=298902,sectors_read=13356746,writes=10659,sectors_written=577010	default [performance] powersave powersupersave 
2026-09-13T00:07:12,581139296-04:00	18375384	0	0	0	0	0	avg10=0.00	avg10=0.00	avg10=0.00	avg10=0.00	pgpgin=221084554,pgpgout=314465,pswpin=0,pswpout=0,	reads=298902,sectors_read=13356746,writes=10675,sectors_written=580826	default [performance] powersave powersupersave 
2026-09-13T00:07:13,634638436-04:00	18497904	0	0	0	0	0	avg10=0.00	avg10=0.00	avg10=0.00	avg10=0.00	pgpgin=221084554,pgpgout=314485,pswpin=0,pswpout=0,	reads=298902,sectors_read=13356746,writes=10680,sectors_written=580866	default [performance] powersave powersupersave 
2026-09-13T00:07:14,688143815-04:00	18168172	0	0	0	0	0	avg10=0.00	avg10=0.00	avg10=0.00	avg10=0.00	pgpgin=221084554,pgpgout=314497,pswpin=0,pswpout=0,	reads=298902,sectors_read=13356746,writes=10683,sectors_written=580890	default [performance] powersave powersupersave 
2026-09-13T00:07:15,744289784-04:00	18643432	0	0	0	0	0	avg10=0.00	avg10=0.00	avg10=0.00	avg10=0.00	pgpgin=221084554,pgpgout=320193,pswpin=0,pswpout=0,	reads=298902,sectors_read=13356746,writes=10708,sectors_written=581538	default [performance] powersave powersupersave 
2026-09-13T00:07:16,799946195-04:00	18806256	0	0	0	0	0	avg10=0.00	avg10=0.00	avg10=0.00	avg10=0.00	pgpgin=221084554,pgpgout=320773,pswpin=0,pswpout=0,	reads=298902,sectors_read=13356746,writes=10733,sectors_written=582698	default [performance] powersave powersupersave 
2026-09-13T00:07:17,857245662-04:00	18815820	0	0	0	0	0	avg10=0.00	avg10=0.00	avg10=0.00	avg10=0.00	pgpgin=221084554,pgpgout=320781,pswpin=0,pswpout=0,	reads=298902,sectors_read=13356746,writes=10735,sectors_written=582714	default [performance] powersave powersupersave 
2026-09-13T00:07:18,915012568-04:00	18817100	0	0	0	0	0	avg10=0.00	avg10=0.00	avg10=0.00	avg10=0.00	pgpgin=221084554,pgpgout=320789,pswpin=0,pswpout=0,	reads=298902,sectors_read=13356746,writes=10737,sectors_written=582730	default [performance] powersave powersupersave 
2026-09-13T00:07:19,972303892-04:00	18823600	0	0	0	0	0	avg10=0.00	avg10=0.00	avg10=0.00	avg10=0.00	pgpgin=221084682,pgpgout=321229,pswpin=0,pswpout=0,	reads=298902,sectors_read=13356746,writes=10753,sectors_written=583610	default [performance] powersave powersupersave 
2026-09-13T00:07:21,036966224-04:00	18827204	0	0	0	0	0	avg10=0.00	avg10=0.00	avg10=0.00	avg10=0.00	pgpgin=221084682,pgpgout=322805,pswpin=0,pswpout=0,	reads=298902,sectors_read=13356746,writes=10779,sectors_written=586762	default [performance] powersave powersupersave 
2026-09-13T00:07:22,094014476-04:00	18805924	0	0	0	0	0	avg10=0.00	avg10=0.00	avg10=0.00	avg10=0.00	pgpgin=221100090,pgpgout=322813,pswpin=0,pswpout=0,	reads=298949,sectors_read=13359506,writes=10781,sectors_written=586778	default [performance] powersave powersupersave 
2026-09-13T00:07:23,148646211-04:00	18474040	0	0	0	0	0	avg10=0.00	avg10=0.00	avg10=0.00	avg10=0.00	pgpgin=221124354,pgpgout=322821,pswpin=0,pswpout=0,	reads=299545,sectors_read=13407986,writes=10783,sectors_written=586794	default [performance] powersave powersupersave 
2026-09-13T00:07:24,205973998-04:00	18443728	0	0	0	0	0	avg10=0.00	avg10=0.00	avg10=0.18	avg10=0.18	pgpgin=221132498,pgpgout=322829,pswpin=0,pswpout=0,	reads=299946,sectors_read=13424450,writes=10785,sectors_written=586810	default [performance] powersave powersupersave 
2026-09-13T00:07:25,266500887-04:00	18475676	0	0	0	0	0	avg10=0.00	avg10=0.00	avg10=0.18	avg10=0.18	pgpgin=221133034,pgpgout=322837,pswpin=0,pswpout=0,	reads=299964,sectors_read=13425346,writes=10787,sectors_written=586826	default [performance] powersave powersupersave 
2026-09-13T00:07:26,338147987-04:00	18484792	0	0	0	0	0	avg10=0.00	avg10=0.00	avg10=0.14	avg10=0.14	pgpgin=221133034,pgpgout=323045,pswpin=0,pswpout=0,	reads=299964,sectors_read=13425346,writes=10792,sectors_written=587242	default [performance] powersave powersupersave 
2026-09-13T00:07:27,400965479-04:00	18487016	0	0	0	0	0	avg10=0.00	avg10=0.00	avg10=0.14	avg10=0.14	pgpgin=221133034,pgpgout=323053,pswpin=0,pswpout=0,	reads=299964,sectors_read=13425346,writes=10794,sectors_written=587258	default [performance] powersave powersupersave 
2026-09-13T00:07:28,459964467-04:00	18504916	0	0	0	0	0	avg10=0.00	avg10=0.00	avg10=0.12	avg10=0.12	pgpgin=221133034,pgpgout=323061,pswpin=0,pswpout=0,	reads=299964,sectors_read=13425346,writes=10796,sectors_written=587274	default [performance] powersave powersupersave 
2026-09-13T00:07:29,518402860-04:00	18531528	0	0	0	0	0	avg10=0.00	avg10=0.00	avg10=0.12	avg10=0.12	pgpgin=221133114,pgpgout=323069,pswpin=0,pswpout=0,	reads=299973,sectors_read=13425506,writes=10798,sectors_written=587290	default [performance] powersave powersupersave 
2026-09-13T00:07:30,579455807-04:00	18531416	0	0	0	0	0	avg10=0.00	avg10=0.00	avg10=0.09	avg10=0.09	pgpgin=221133114,pgpgout=323077,pswpin=0,pswpout=0,	reads=299973,sectors_read=13425506,writes=10800,sectors_written=587306	default [performance] powersave powersupersave 
2026-09-13T00:07:31,645773576-04:00	18533444	0	0	0	0	0	avg10=0.00	avg10=0.00	avg10=0.08	avg10=0.08	pgpgin=221149538,pgpgout=324405,pswpin=0,pswpout=0,	reads=300862,sectors_read=13458354,writes=10814,sectors_written=589962	default [performance] powersave powersupersave 
2026-09-13T00:07:32,707263156-04:00	18535092	0	0	0	0	0	avg10=0.00	avg10=0.00	avg10=0.08	avg10=0.08	pgpgin=221149642,pgpgout=324413,pswpin=0,pswpout=0,	reads=300867,sectors_read=13458562,writes=10816,sectors_written=589978	default [performance] powersave powersupersave 
2026-09-13T00:07:33,766750178-04:00	18536276	0	0	0	0	0	avg10=0.00	avg10=0.00	avg10=0.06	avg10=0.06	pgpgin=221149642,pgpgout=324421,pswpin=0,pswpout=0,	reads=300867,sectors_read=13458562,writes=10818,sectors_written=589994	default [performance] powersave powersupersave 
2026-09-13T00:07:34,826972997-04:00	18535608	0	0	0	0	0	avg10=0.00	avg10=0.00	avg10=0.06	avg10=0.06	pgpgin=221149646,pgpgout=326321,pswpin=0,pswpout=0,	reads=300868,sectors_read=13458570,writes=10853,sectors_written=593794	default [performance] powersave powersupersave 
2026-09-13T00:07:35,885647791-04:00	18535140	0	0	0	0	0	avg10=0.00	avg10=0.00	avg10=0.05	avg10=0.05	pgpgin=221149646,pgpgout=327289,pswpin=0,pswpout=0,	reads=300868,sectors_read=13458570,writes=10864,sectors_written=595730	default [performance] powersave powersupersave 
2026-09-13T00:07:36,954224163-04:00	18534704	0	0	0	0	0	avg10=0.00	avg10=0.00	avg10=0.05	avg10=0.05	pgpgin=221149646,pgpgout=327445,pswpin=0,pswpout=0,	reads=300868,sectors_read=13458570,writes=10868,sectors_written=596042	default [performance] powersave powersupersave 
2026-09-13T00:07:38,012917632-04:00	18534828	0	0	0	0	0	avg10=0.00	avg10=0.00	avg10=0.04	avg10=0.04	pgpgin=221149646,pgpgout=327453,pswpin=0,pswpout=0,	reads=300868,sectors_read=13458570,writes=10870,sectors_written=596058	default [performance] powersave powersupersave 
2026-09-13T00:07:39,073895526-04:00	18533452	0	0	0	0	0	avg10=0.00	avg10=0.00	avg10=0.04	avg10=0.04	pgpgin=221149646,pgpgout=327461,pswpin=0,pswpout=0,	reads=300868,sectors_read=13458570,writes=10872,sectors_written=596074	default [performance] powersave powersupersave 
2026-09-13T00:07:40,137418169-04:00	18532212	0	0	0	0	0	avg10=0.00	avg10=0.00	avg10=0.03	avg10=0.03	pgpgin=221149646,pgpgout=327469,pswpin=0,pswpout=0,	reads=300868,sectors_read=13458570,writes=10874,sectors_written=596090	default [performance] powersave powersupersave 
2026-09-13T00:07:41,196988801-04:00	18534944	0	0	0	0	0	avg10=0.00	avg10=0.00	avg10=0.03	avg10=0.03	pgpgin=221149646,pgpgout=328105,pswpin=0,pswpout=0,	reads=300868,sectors_read=13458570,writes=10984,sectors_written=597362	default [performance] powersave powersupersave 
2026-09-13T00:07:42,265121787-04:00	18533176	0	0	0	0	0	avg10=0.00	avg10=0.00	avg10=0.02	avg10=0.02	pgpgin=221149646,pgpgout=328217,pswpin=0,pswpout=0,	reads=300868,sectors_read=13458570,writes=10988,sectors_written=597586	default [performance] powersave powersupersave 
2026-09-13T00:07:43,323488685-04:00	18532544	0	0	0	0	0	avg10=0.00	avg10=0.00	avg10=0.02	avg10=0.02	pgpgin=221149646,pgpgout=328225,pswpin=0,pswpout=0,	reads=300868,sectors_read=13458570,writes=10990,sectors_written=597602	default [performance] powersave powersupersave 
2026-09-13T00:07:44,382856427-04:00	18524324	0	0	0	0	0	avg10=0.00	avg10=0.00	avg10=0.02	avg10=0.02	pgpgin=221149646,pgpgout=328233,pswpin=0,pswpout=0,	reads=300868,sectors_read=13458570,writes=10992,sectors_written=597618	default [performance] powersave powersupersave 
2026-09-13T00:07:45,445334706-04:00	18523724	0	0	0	0	0	avg10=0.00	avg10=0.00	avg10=0.02	avg10=0.02	pgpgin=221149646,pgpgout=328241,pswpin=0,pswpout=0,	reads=300868,sectors_read=13458570,writes=10994,sectors_written=597634	default [performance] powersave powersupersave 
2026-09-13T00:07:46,506091506-04:00	18525728	0	0	0	0	0	avg10=0.00	avg10=0.00	avg10=0.01	avg10=0.01	pgpgin=221151506,pgpgout=328297,pswpin=0,pswpout=0,	reads=300932,sectors_read=13462290,writes=10997,sectors_written=597746	default [performance] powersave powersupersave 
2026-09-13T00:07:47,573106929-04:00	18525416	0	0	0	0	0	avg10=0.00	avg10=0.00	avg10=0.01	avg10=0.01	pgpgin=221151506,pgpgout=329797,pswpin=0,pswpout=0,	reads=300932,sectors_read=13462290,writes=11001,sectors_written=597962	default [performance] powersave powersupersave 
2026-09-13T00:07:48,632726698-04:00	18525292	0	0	0	0	0	avg10=0.00	avg10=0.00	avg10=0.01	avg10=0.01	pgpgin=221151506,pgpgout=329805,pswpin=0,pswpout=0,	reads=300932,sectors_read=13462290,writes=11003,sectors_written=597978	default [performance] powersave powersupersave 
2026-09-13T00:07:49,692221775-04:00	18524388	0	0	0	0	0	avg10=0.00	avg10=0.00	avg10=0.01	avg10=0.01	pgpgin=221151506,pgpgout=329813,pswpin=0,pswpout=0,	reads=300932,sectors_read=13462290,writes=11005,sectors_written=597994	default [performance] powersave powersupersave 
2026-09-13T00:07:50,753525711-04:00	18524844	0	0	0	0	0	avg10=0.00	avg10=0.00	avg10=0.01	avg10=0.01	pgpgin=221151610,pgpgout=329821,pswpin=0,pswpout=0,	reads=300937,sectors_read=13462498,writes=11007,sectors_written=598010	default [performance] powersave powersupersave 
2026-09-13T00:07:51,811177989-04:00	18526636	0	0	0	0	0	avg10=0.00	avg10=0.00	avg10=0.00	avg10=0.00	pgpgin=221151610,pgpgout=329881,pswpin=0,pswpout=0,	reads=300937,sectors_read=13462498,writes=11010,sectors_written=598130	default [performance] powersave powersupersave 
2026-09-13T00:07:52,871288508-04:00	18525496	0	0	0	0	0	avg10=0.00	avg10=0.00	avg10=0.00	avg10=0.00	pgpgin=221151610,pgpgout=329993,pswpin=0,pswpout=0,	reads=300937,sectors_read=13462498,writes=11014,sectors_written=598354	default [performance] powersave powersupersave 
2026-09-13T00:07:53,928920379-04:00	18524996	0	0	0	0	0	avg10=0.00	avg10=0.00	avg10=0.00	avg10=0.00	pgpgin=221151674,pgpgout=330001,pswpin=0,pswpout=0,	reads=300944,sectors_read=13462626,writes=11016,sectors_written=598370	default [performance] powersave powersupersave 
2026-09-13T00:07:54,990290396-04:00	18524140	0	0	0	0	0	avg10=0.00	avg10=0.00	avg10=0.00	avg10=0.00	pgpgin=221151674,pgpgout=330009,pswpin=0,pswpout=0,	reads=300944,sectors_read=13462626,writes=11018,sectors_written=598386	default [performance] powersave powersupersave 
2026-09-13T00:07:56,050996205-04:00	18523400	0	0	0	0	0	avg10=0.00	avg10=0.00	avg10=0.00	avg10=0.00	pgpgin=221151674,pgpgout=330017,pswpin=0,pswpout=0,	reads=300944,sectors_read=13462626,writes=11020,sectors_written=598402	default [performance] powersave powersupersave 
2026-09-13T00:07:57,109195986-04:00	18523692	0	0	0	0	0	avg10=0.00	avg10=0.00	avg10=0.00	avg10=0.00	pgpgin=221151674,pgpgout=330025,pswpin=0,pswpout=0,	reads=300944,sectors_read=13462626,writes=11022,sectors_written=598418	default [performance] powersave powersupersave 
2026-09-13T00:07:58,176506344-04:00	18523764	0	0	0	0	0	avg10=0.00	avg10=0.00	avg10=0.00	avg10=0.00	pgpgin=221151674,pgpgout=330149,pswpin=0,pswpout=0,	reads=300944,sectors_read=13462626,writes=11026,sectors_written=598666	default [performance] powersave powersupersave 
2026-09-13T00:07:59,237217499-04:00	18515188	0	0	0	0	0	avg10=0.00	avg10=0.00	avg10=0.00	avg10=0.00	pgpgin=221159762,pgpgout=331369,pswpin=0,pswpout=0,	reads=301175,sectors_read=13478618,writes=11079,sectors_written=601106	default [performance] powersave powersupersave 
2026-09-13T00:08:00,296178567-04:00	18512676	0	0	0	0	0	avg10=0.00	avg10=0.00	avg10=0.00	avg10=0.00	pgpgin=221159774,pgpgout=336345,pswpin=0,pswpout=0,	reads=301178,sectors_read=13478642,writes=11099,sectors_written=611058	default [performance] powersave powersupersave 
2026-09-13T00:08:01,355319717-04:00	18510136	0	0	0	0	0	avg10=0.00	avg10=0.00	avg10=0.00	avg10=0.00	pgpgin=221159954,pgpgout=336353,pswpin=0,pswpout=0,	reads=301184,sectors_read=13479002,writes=11101,sectors_written=611074	default [performance] powersave powersupersave 
2026-09-13T00:08:02,409092751-04:00	18507376	0	0	0	0	0	avg10=0.00	avg10=0.00	avg10=0.00	avg10=0.00	pgpgin=221159954,pgpgout=336365,pswpin=0,pswpout=0,	reads=301184,sectors_read=13479002,writes=11104,sectors_written=611098	default [performance] powersave powersupersave 
2026-09-13T00:08:03,470544501-04:00	18484256	0	0	0	0	0	avg10=0.00	avg10=0.00	avg10=0.00	avg10=0.00	pgpgin=221159954,pgpgout=336625,pswpin=0,pswpout=0,	reads=301184,sectors_read=13479002,writes=11108,sectors_written=611618	default [performance] powersave powersupersave 
2026-09-13T00:08:04,528051755-04:00	18482012	0	0	0	0	0	avg10=0.00	avg10=0.00	avg10=0.00	avg10=0.00	pgpgin=221159954,pgpgout=336633,pswpin=0,pswpout=0,	reads=301184,sectors_read=13479002,writes=11110,sectors_written=611634	default [performance] powersave powersupersave 
2026-09-13T00:08:05,585060577-04:00	18481068	0	0	0	0	0	avg10=0.00	avg10=0.00	avg10=0.00	avg10=0.00	pgpgin=221159954,pgpgout=336641,pswpin=0,pswpout=0,	reads=301184,sectors_read=13479002,writes=11112,sectors_written=611650	default [performance] powersave powersupersave 
2026-09-13T00:08:06,645277344-04:00	18276152	0	0	0	0	0	avg10=0.00	avg10=0.00	avg10=0.00	avg10=0.00	pgpgin=221159954,pgpgout=336649,pswpin=0,pswpout=0,	reads=301184,sectors_read=13479002,writes=11114,sectors_written=611666	default [performance] powersave powersupersave 
2026-09-13T00:08:07,697386541-04:00	18116584	0	0	0	0	0	avg10=0.00	avg10=0.00	avg10=0.00	avg10=0.00	pgpgin=221159954,pgpgout=336657,pswpin=0,pswpout=0,	reads=301184,sectors_read=13479002,writes=11116,sectors_written=611682	default [performance] powersave powersupersave 
2026-09-13T00:08:08,759261082-04:00	18099080	0	0	0	0	0	avg10=0.00	avg10=0.00	avg10=0.00	avg10=0.00	pgpgin=221159954,pgpgout=336785,pswpin=0,pswpout=0,	reads=301184,sectors_read=13479002,writes=11120,sectors_written=611938	default [performance] powersave powersupersave 
2026-09-13T00:08:09,814475799-04:00	18092240	0	0	0	0	0	avg10=0.00	avg10=0.00	avg10=0.00	avg10=0.00	pgpgin=221159954,pgpgout=336793,pswpin=0,pswpout=0,	reads=301184,sectors_read=13479002,writes=11122,sectors_written=611954	default [performance] powersave powersupersave 
2026-09-13T00:08:10,867288293-04:00	18092376	0	0	0	0	0	avg10=0.00	avg10=0.00	avg10=0.00	avg10=0.00	pgpgin=221159954,pgpgout=336801,pswpin=0,pswpout=0,	reads=301184,sectors_read=13479002,writes=11124,sectors_written=611970	default [performance] powersave powersupersave 
2026-09-13T00:08:11,927378855-04:00	18096824	0	0	0	0	0	avg10=0.00	avg10=0.00	avg10=0.00	avg10=0.00	pgpgin=221159954,pgpgout=336809,pswpin=0,pswpout=0,	reads=301184,sectors_read=13479002,writes=11126,sectors_written=611986	default [performance] powersave powersupersave 
2026-09-13T00:08:12,979571151-04:00	18097212	0	0	0	0	0	avg10=0.00	avg10=0.00	avg10=0.00	avg10=0.00	pgpgin=221159954,pgpgout=336817,pswpin=0,pswpout=0,	reads=301184,sectors_read=13479002,writes=11128,sectors_written=612002	default [performance] powersave powersupersave 
2026-09-13T00:08:14,035704288-04:00	18087500	0	0	0	0	0	avg10=0.00	avg10=0.00	avg10=0.00	avg10=0.00	pgpgin=221171810,pgpgout=336921,pswpin=0,pswpout=0,	reads=301577,sectors_read=13502714,writes=11132,sectors_written=612210	default [performance] powersave powersupersave 
2026-09-13T00:08:15,089278605-04:00	18081520	0	0	0	0	0	avg10=0.00	avg10=0.00	avg10=0.00	avg10=0.00	pgpgin=221173302,pgpgout=337169,pswpin=0,pswpout=0,	reads=301651,sectors_read=13505698,writes=11138,sectors_written=612706	default [performance] powersave powersupersave 
2026-09-13T00:08:16,146465550-04:00	18092580	0	0	0	0	0	avg10=0.00	avg10=0.00	avg10=0.00	avg10=0.00	pgpgin=221173574,pgpgout=337177,pswpin=0,pswpout=0,	reads=301663,sectors_read=13506242,writes=11140,sectors_written=612722	default [performance] powersave powersupersave 
2026-09-13T00:08:17,203141466-04:00	18074084	0	0	0	0	0	avg10=0.00	avg10=0.00	avg10=0.00	avg10=0.00	pgpgin=221179694,pgpgout=337473,pswpin=0,pswpout=0,	reads=301852,sectors_read=13518482,writes=11204,sectors_written=613314	default [performance] powersave powersupersave 
2026-09-13T00:08:18,259791019-04:00	17590196	0	0	0	0	0	avg10=0.00	avg10=0.00	avg10=0.00	avg10=0.00	pgpgin=221180122,pgpgout=337481,pswpin=0,pswpout=0,	reads=301855,sectors_read=13518570,writes=11206,sectors_written=613330	default [performance] powersave powersupersave 
2026-09-13T00:08:19,320003506-04:00	16427064	0	0	0	0	0	avg10=0.00	avg10=0.00	avg10=0.00	avg10=0.00	pgpgin=221180786,pgpgout=340085,pswpin=0,pswpout=0,	reads=301886,sectors_read=13519642,writes=11220,sectors_written=614562	default [performance] powersave powersupersave 
2026-09-13T00:08:20,377567059-04:00	16319500	0	0	0	0	0	avg10=1.26	avg10=1.26	avg10=0.00	avg10=0.00	pgpgin=221181178,pgpgout=340825,pswpin=0,pswpout=0,	reads=301904,sectors_read=13520418,writes=11224,sectors_written=616042	default [performance] powersave powersupersave 
2026-09-13T00:08:21,433807383-04:00	16312196	0	0	0	0	0	avg10=1.26	avg10=1.26	avg10=0.00	avg10=0.00	pgpgin=221181178,pgpgout=343221,pswpin=0,pswpout=0,	reads=301904,sectors_read=13520418,writes=11239,sectors_written=620834	default [performance] powersave powersupersave 
2026-09-13T00:08:22,488968020-04:00	16311220	0	0	0	0	0	avg10=1.03	avg10=1.03	avg10=0.00	avg10=0.00	pgpgin=221181178,pgpgout=343229,pswpin=0,pswpout=0,	reads=301904,sectors_read=13520418,writes=11241,sectors_written=620850	default [performance] powersave powersupersave 
2026-09-13T00:08:23,545981698-04:00	16309452	0	0	0	0	0	avg10=1.03	avg10=1.03	avg10=0.00	avg10=0.00	pgpgin=221181202,pgpgout=343237,pswpin=0,pswpout=0,	reads=301910,sectors_read=13520466,writes=11243,sectors_written=620866	default [performance] powersave powersupersave 
2026-09-13T00:08:24,611466566-04:00	16310008	0	0	0	0	0	avg10=0.84	avg10=0.84	avg10=0.00	avg10=0.00	pgpgin=221181202,pgpgout=343441,pswpin=0,pswpout=0,	reads=301910,sectors_read=13520466,writes=11247,sectors_written=621274	default [performance] powersave powersupersave 
2026-09-13T00:08:25,664871134-04:00	16309988	0	0	0	0	0	avg10=0.69	avg10=0.69	avg10=0.00	avg10=0.00	pgpgin=221181202,pgpgout=343449,pswpin=0,pswpout=0,	reads=301910,sectors_read=13520466,writes=11249,sectors_written=621290	default [performance] powersave powersupersave 
2026-09-13T00:08:26,721900865-04:00	16310052	0	0	0	0	0	avg10=0.69	avg10=0.69	avg10=0.00	avg10=0.00	pgpgin=221195046,pgpgout=343457,pswpin=0,pswpout=0,	reads=301910,sectors_read=13520466,writes=11251,sectors_written=621306	default [performance] powersave powersupersave 
2026-09-13T00:08:27,780987190-04:00	16309648	0	0	0	0	0	avg10=0.56	avg10=0.56	avg10=0.00	avg10=0.00	pgpgin=221195046,pgpgout=343465,pswpin=0,pswpout=0,	reads=301910,sectors_read=13520466,writes=11253,sectors_written=621322	default [performance] powersave powersupersave 
2026-09-13T00:08:28,837965860-04:00	16310348	0	0	0	0	0	avg10=0.56	avg10=0.56	avg10=0.00	avg10=0.00	pgpgin=221195046,pgpgout=343473,pswpin=0,pswpout=0,	reads=301910,sectors_read=13520466,writes=11255,sectors_written=621338	default [performance] powersave powersupersave 
2026-09-13T00:08:29,902522923-04:00	16311776	0	0	0	0	0	avg10=0.46	avg10=0.46	avg10=0.00	avg10=0.00	pgpgin=221195154,pgpgout=343593,pswpin=0,pswpout=0,	reads=301914,sectors_read=13520682,writes=11259,sectors_written=621578	default [performance] powersave powersupersave 
2026-09-13T00:08:30,956811630-04:00	16310032	0	0	0	0	0	avg10=0.46	avg10=0.46	avg10=0.00	avg10=0.00	pgpgin=221195154,pgpgout=343601,pswpin=0,pswpout=0,	reads=301914,sectors_read=13520682,writes=11261,sectors_written=621594	default [performance] powersave powersupersave 
2026-09-13T00:08:32,012620886-04:00	16310744	0	0	0	0	0	avg10=0.38	avg10=0.38	avg10=0.00	avg10=0.00	pgpgin=221195154,pgpgout=343609,pswpin=0,pswpout=0,	reads=301914,sectors_read=13520682,writes=11263,sectors_written=621610	default [performance] powersave powersupersave 
2026-09-13T00:08:33,069647541-04:00	16314580	0	0	0	0	0	avg10=0.38	avg10=0.38	avg10=0.00	avg10=0.00	pgpgin=221195282,pgpgout=344029,pswpin=0,pswpout=0,	reads=301914,sectors_read=13520682,writes=11275,sectors_written=622450	default [performance] powersave powersupersave 
2026-09-13T00:08:34,125267535-04:00	16314400	0	0	0	0	0	avg10=0.31	avg10=0.31	avg10=0.00	avg10=0.00	pgpgin=221195282,pgpgout=347193,pswpin=0,pswpout=0,	reads=301914,sectors_read=13520682,writes=11292,sectors_written=628778	default [performance] powersave powersupersave 
2026-09-13T00:08:35,187001822-04:00	16313704	0	0	0	0	0	avg10=0.31	avg10=0.31	avg10=0.00	avg10=0.00	pgpgin=221195282,pgpgout=347405,pswpin=0,pswpout=0,	reads=301914,sectors_read=13520682,writes=11296,sectors_written=629202	default [performance] powersave powersupersave 
2026-09-13T00:08:36,244061975-04:00	16313376	0	0	0	0	0	avg10=0.25	avg10=0.25	avg10=0.00	avg10=0.00	pgpgin=221195282,pgpgout=347413,pswpin=0,pswpout=0,	reads=301914,sectors_read=13520682,writes=11298,sectors_written=629218	default [performance] powersave powersupersave 
2026-09-13T00:08:37,301554756-04:00	16313040	0	0	0	0	0	avg10=0.25	avg10=0.25	avg10=0.00	avg10=0.00	pgpgin=221195282,pgpgout=347421,pswpin=0,pswpout=0,	reads=301914,sectors_read=13520682,writes=11300,sectors_written=629234	default [performance] powersave powersupersave 
2026-09-13T00:08:38,359405006-04:00	16313492	0	0	0	0	0	avg10=0.20	avg10=0.20	avg10=0.00	avg10=0.00	pgpgin=221195282,pgpgout=347429,pswpin=0,pswpout=0,	reads=301914,sectors_read=13520682,writes=11302,sectors_written=629250	default [performance] powersave powersupersave 
2026-09-13T00:08:39,417981010-04:00	16313224	0	0	0	0	0	avg10=0.20	avg10=0.20	avg10=0.00	avg10=0.00	pgpgin=221195282,pgpgout=347437,pswpin=0,pswpout=0,	reads=301914,sectors_read=13520682,writes=11304,sectors_written=629266	default [performance] powersave powersupersave 
2026-09-13T00:08:40,484746044-04:00	16309128	0	0	0	0	0	avg10=0.17	avg10=0.17	avg10=0.00	avg10=0.00	pgpgin=221195282,pgpgout=347549,pswpin=0,pswpout=0,	reads=301914,sectors_read=13520682,writes=11308,sectors_written=629490	default [performance] powersave powersupersave 
2026-09-13T00:08:41,540771549-04:00	16308612	0	0	0	0	0	avg10=0.17	avg10=0.17	avg10=0.00	avg10=0.00	pgpgin=221195282,pgpgout=347557,pswpin=0,pswpout=0,	reads=301914,sectors_read=13520682,writes=11310,sectors_written=629506	default [performance] powersave powersupersave 
2026-09-13T00:08:42,593455869-04:00	16307992	0	0	0	0	0	avg10=0.13	avg10=0.13	avg10=0.00	avg10=0.00	pgpgin=221195282,pgpgout=347565,pswpin=0,pswpout=0,	reads=301914,sectors_read=13520682,writes=11312,sectors_written=629522	default [performance] powersave powersupersave 
2026-09-13T00:08:43,651121448-04:00	16307496	0	0	0	0	0	avg10=0.11	avg10=0.11	avg10=0.00	avg10=0.00	pgpgin=221195306,pgpgout=347573,pswpin=0,pswpout=0,	reads=301918,sectors_read=13520730,writes=11314,sectors_written=629538	default [performance] powersave powersupersave 
2026-09-13T00:08:44,706842774-04:00	16305500	0	0	0	0	0	avg10=0.11	avg10=0.11	avg10=0.00	avg10=0.00	pgpgin=221195330,pgpgout=347581,pswpin=0,pswpout=0,	reads=301921,sectors_read=13520778,writes=11316,sectors_written=629554	default [performance] powersave powersupersave 
2026-09-13T00:08:45,765916816-04:00	16306252	0	0	0	0	0	avg10=0.09	avg10=0.09	avg10=0.00	avg10=0.00	pgpgin=221195330,pgpgout=349813,pswpin=0,pswpout=0,	reads=301921,sectors_read=13520778,writes=11338,sectors_written=634018	default [performance] powersave powersupersave 
2026-09-13T00:08:46,821288828-04:00	16305444	0	0	0	0	0	avg10=0.09	avg10=0.09	avg10=0.00	avg10=0.00	pgpgin=221195346,pgpgout=350013,pswpin=0,pswpout=0,	reads=301924,sectors_read=13520810,writes=11343,sectors_written=634418	default [performance] powersave powersupersave 
2026-09-13T00:08:47,878667867-04:00	16304932	0	0	0	0	0	avg10=0.07	avg10=0.07	avg10=0.00	avg10=0.00	pgpgin=221195346,pgpgout=350089,pswpin=0,pswpout=0,	reads=301924,sectors_read=13520810,writes=11349,sectors_written=634570	default [performance] powersave powersupersave 
2026-09-13T00:08:48,937447416-04:00	16304452	0	0	0	0	0	avg10=0.07	avg10=0.07	avg10=0.00	avg10=0.00	pgpgin=221195346,pgpgout=350097,pswpin=0,pswpout=0,	reads=301924,sectors_read=13520810,writes=11351,sectors_written=634586	default [performance] powersave powersupersave 
2026-09-13T00:08:49,998663225-04:00	16307124	0	0	0	0	0	avg10=0.06	avg10=0.06	avg10=0.00	avg10=0.00	pgpgin=221195346,pgpgout=354229,pswpin=0,pswpout=0,	reads=301924,sectors_read=13520810,writes=11362,sectors_written=635370	default [performance] powersave powersupersave 
2026-09-13T00:08:51,053540794-04:00	16306212	0	0	0	0	0	avg10=0.06	avg10=0.06	avg10=0.00	avg10=0.00	pgpgin=221195346,pgpgout=357589,pswpin=0,pswpout=0,	reads=301924,sectors_read=13520810,writes=11381,sectors_written=642090	default [performance] powersave powersupersave 
2026-09-13T00:08:52,111733837-04:00	16305000	0	0	0	0	0	avg10=0.05	avg10=0.05	avg10=0.00	avg10=0.00	pgpgin=221195346,pgpgout=357597,pswpin=0,pswpout=0,	reads=301924,sectors_read=13520810,writes=11383,sectors_written=642106	default [performance] powersave powersupersave 
2026-09-13T00:08:53,169710958-04:00	16305212	0	0	0	0	0	avg10=0.05	avg10=0.05	avg10=0.00	avg10=0.00	pgpgin=221195346,pgpgout=357949,pswpin=0,pswpout=0,	reads=301924,sectors_read=13520810,writes=11438,sectors_written=642810	default [performance] powersave powersupersave 
2026-09-13T00:08:54,227642149-04:00	16305860	0	0	0	0	0	avg10=0.04	avg10=0.04	avg10=0.00	avg10=0.00	pgpgin=221195346,pgpgout=357957,pswpin=0,pswpout=0,	reads=301924,sectors_read=13520810,writes=11440,sectors_written=642826	default [performance] powersave powersupersave 
2026-09-13T00:08:55,287171492-04:00	16304800	0	0	0	0	0	avg10=0.04	avg10=0.04	avg10=0.00	avg10=0.00	pgpgin=221195346,pgpgout=357965,pswpin=0,pswpout=0,	reads=301924,sectors_read=13520810,writes=11442,sectors_written=642842	default [performance] powersave powersupersave 
2026-09-13T00:08:56,351847248-04:00	16303416	0	0	0	0	0	avg10=0.03	avg10=0.03	avg10=0.00	avg10=0.00	pgpgin=221195346,pgpgout=358145,pswpin=0,pswpout=0,	reads=301924,sectors_read=13520810,writes=11446,sectors_written=643202	default [performance] powersave powersupersave 
2026-09-13T00:08:57,410601565-04:00	16299836	0	0	0	0	0	avg10=0.03	avg10=0.03	avg10=0.00	avg10=0.00	pgpgin=221195346,pgpgout=358153,pswpin=0,pswpout=0,	reads=301924,sectors_read=13520810,writes=11448,sectors_written=643218	default [performance] powersave powersupersave 
2026-09-13T00:08:58,469979920-04:00	16298388	0	0	0	0	0	avg10=0.02	avg10=0.02	avg10=0.00	avg10=0.00	pgpgin=221195346,pgpgout=358161,pswpin=0,pswpout=0,	reads=301924,sectors_read=13520810,writes=11450,sectors_written=643234	default [performance] powersave powersupersave 
2026-09-13T00:08:59,527487817-04:00	16297988	0	0	0	0	0	avg10=0.02	avg10=0.02	avg10=0.00	avg10=0.00	pgpgin=221195346,pgpgout=358169,pswpin=0,pswpout=0,	reads=301924,sectors_read=13520810,writes=11452,sectors_written=643250	default [performance] powersave powersupersave 
2026-09-13T00:09:00,585072735-04:00	16297856	0	0	0	0	0	avg10=0.02	avg10=0.02	avg10=0.00	avg10=0.00	pgpgin=221195346,pgpgout=358177,pswpin=0,pswpout=0,	reads=301924,sectors_read=13520810,writes=11454,sectors_written=643266	default [performance] powersave powersupersave 
2026-09-13T00:09:01,651821835-04:00	16297624	0	0	0	0	0	avg10=0.01	avg10=0.01	avg10=0.00	avg10=0.00	pgpgin=221195346,pgpgout=358261,pswpin=0,pswpout=0,	reads=301924,sectors_read=13520810,writes=11458,sectors_written=643434	default [performance] powersave powersupersave 
2026-09-13T00:09:02,705956356-04:00	16300156	0	0	0	0	0	avg10=0.01	avg10=0.01	avg10=0.00	avg10=0.00	pgpgin=221195346,pgpgout=358269,pswpin=0,pswpout=0,	reads=301924,sectors_read=13520810,writes=11460,sectors_written=643450	default [performance] powersave powersupersave 
2026-09-13T00:09:03,764542002-04:00	16301464	0	0	0	0	0	avg10=0.01	avg10=0.01	avg10=0.00	avg10=0.00	pgpgin=221195350,pgpgout=359725,pswpin=0,pswpout=0,	reads=301925,sectors_read=13520818,writes=11476,sectors_written=646362	default [performance] powersave powersupersave 
2026-09-13T00:09:04,821949040-04:00	16298096	0	0	0	0	0	avg10=0.01	avg10=0.01	avg10=0.00	avg10=0.00	pgpgin=221195350,pgpgout=361837,pswpin=0,pswpout=0,	reads=301925,sectors_read=13520818,writes=11488,sectors_written=650586	default [performance] powersave powersupersave 
2026-09-13T00:09:05,878755202-04:00	16298732	0	0	0	0	0	avg10=0.01	avg10=0.01	avg10=0.00	avg10=0.00	pgpgin=221195350,pgpgout=361845,pswpin=0,pswpout=0,	reads=301925,sectors_read=13520818,writes=11490,sectors_written=650602	default [performance] powersave powersupersave 
2026-09-13T00:09:06,940368754-04:00	16298424	0	0	0	0	0	avg10=0.01	avg10=0.01	avg10=0.00	avg10=0.00	pgpgin=221195350,pgpgout=362065,pswpin=0,pswpout=0,	reads=301925,sectors_read=13520818,writes=11494,sectors_written=651042	default [performance] powersave powersupersave 
2026-09-13T00:09:07,998775825-04:00	16298432	0	0	0	0	0	avg10=0.00	avg10=0.00	avg10=0.00	avg10=0.00	pgpgin=221195350,pgpgout=362073,pswpin=0,pswpout=0,	reads=301925,sectors_read=13520818,writes=11496,sectors_written=651058	default [performance] powersave powersupersave 
2026-09-13T00:09:09,057532114-04:00	16298524	0	0	0	0	0	avg10=0.00	avg10=0.00	avg10=0.00	avg10=0.00	pgpgin=221195350,pgpgout=362081,pswpin=0,pswpout=0,	reads=301925,sectors_read=13520818,writes=11498,sectors_written=651074	default [performance] powersave powersupersave 
2026-09-13T00:09:10,112356325-04:00	16296228	0	0	0	0	0	avg10=0.00	avg10=0.00	avg10=0.00	avg10=0.00	pgpgin=221195478,pgpgout=362089,pswpin=0,pswpout=0,	reads=301925,sectors_read=13520818,writes=11500,sectors_written=651090	default [performance] powersave powersupersave 
2026-09-13T00:09:11,169545860-04:00	16295732	0	0	0	0	0	avg10=0.00	avg10=0.00	avg10=0.00	avg10=0.00	pgpgin=221195478,pgpgout=362097,pswpin=0,pswpout=0,	reads=301925,sectors_read=13520818,writes=11502,sectors_written=651106	default [performance] powersave powersupersave 
2026-09-13T00:09:12,235371379-04:00	16295412	0	0	0	0	0	avg10=0.00	avg10=0.00	avg10=0.00	avg10=0.00	pgpgin=221195478,pgpgout=362197,pswpin=0,pswpout=0,	reads=301925,sectors_read=13520818,writes=11506,sectors_written=651306	default [performance] powersave powersupersave 
2026-09-13T00:09:13,293999895-04:00	16295200	0	0	0	0	0	avg10=0.00	avg10=0.00	avg10=0.00	avg10=0.00	pgpgin=221196166,pgpgout=362205,pswpin=0,pswpout=0,	reads=301949,sectors_read=13522194,writes=11508,sectors_written=651322	default [performance] powersave powersupersave 
2026-09-13T00:09:14,351344728-04:00	16293948	0	0	0	0	0	avg10=0.00	avg10=0.00	avg10=0.00	avg10=0.00	pgpgin=221196166,pgpgout=362213,pswpin=0,pswpout=0,	reads=301949,sectors_read=13522194,writes=11510,sectors_written=651338	default [performance] powersave powersupersave 
2026-09-13T00:09:15,410189465-04:00	16291704	0	0	0	0	0	avg10=0.00	avg10=0.00	avg10=0.00	avg10=0.00	pgpgin=221196166,pgpgout=362221,pswpin=0,pswpout=0,	reads=301949,sectors_read=13522194,writes=11512,sectors_written=651354	default [performance] powersave powersupersave 
2026-09-13T00:09:16,467260041-04:00	16294836	0	0	0	0	0	avg10=0.00	avg10=0.00	avg10=0.00	avg10=0.00	pgpgin=221196186,pgpgout=362889,pswpin=0,pswpout=0,	reads=301951,sectors_read=13522234,writes=11535,sectors_written=652690	default [performance] powersave powersupersave 
2026-09-13T00:09:17,523989321-04:00	16294604	0	0	0	0	0	avg10=0.00	avg10=0.00	avg10=0.00	avg10=0.00	pgpgin=221196502,pgpgout=364969,pswpin=0,pswpout=0,	reads=301966,sectors_read=13522866,writes=11581,sectors_written=656850	default [performance] powersave powersupersave 
2026-09-13T00:09:18,581267771-04:00	16296344	0	0	0	0	0	avg10=0.00	avg10=0.00	avg10=0.00	avg10=0.00	pgpgin=221196502,pgpgout=364977,pswpin=0,pswpout=0,	reads=301966,sectors_read=13522866,writes=11583,sectors_written=656866	default [performance] powersave powersupersave 
2026-09-13T00:09:19,639372128-04:00	16296532	0	0	0	0	0	avg10=0.00	avg10=0.00	avg10=0.00	avg10=0.00	pgpgin=221196502,pgpgout=364985,pswpin=0,pswpout=0,	reads=301966,sectors_read=13522866,writes=11585,sectors_written=656882	default [performance] powersave powersupersave 
2026-09-13T00:09:20,699231519-04:00	16295920	0	0	0	0	0	avg10=0.00	avg10=0.00	avg10=0.00	avg10=0.00	pgpgin=221196502,pgpgout=364993,pswpin=0,pswpout=0,	reads=301966,sectors_read=13522866,writes=11587,sectors_written=656898	default [performance] powersave powersupersave 
2026-09-13T00:09:21,753468304-04:00	16294448	0	0	0	0	0	avg10=0.00	avg10=0.00	avg10=0.00	avg10=0.00	pgpgin=221196502,pgpgout=368353,pswpin=0,pswpout=0,	reads=301966,sectors_read=13522866,writes=11589,sectors_written=656914	default [performance] powersave powersupersave 
2026-09-13T00:09:22,819601486-04:00	16293312	0	0	0	0	0	avg10=0.00	avg10=0.00	avg10=0.00	avg10=0.00	pgpgin=221196502,pgpgout=368485,pswpin=0,pswpout=0,	reads=301966,sectors_read=13522866,writes=11593,sectors_written=657178	default [performance] powersave powersupersave 
2026-09-13T00:09:23,874117309-04:00	16293272	0	0	0	0	0	avg10=0.00	avg10=0.00	avg10=0.00	avg10=0.00	pgpgin=221196502,pgpgout=368657,pswpin=0,pswpout=0,	reads=301966,sectors_read=13522866,writes=11596,sectors_written=657522	default [performance] powersave powersupersave 
2026-09-13T00:09:24,925508308-04:00	16293164	0	0	0	0	0	avg10=0.00	avg10=0.00	avg10=0.00	avg10=0.00	pgpgin=221196758,pgpgout=368665,pswpin=0,pswpout=0,	reads=301968,sectors_read=13523378,writes=11598,sectors_written=657538	default [performance] powersave powersupersave 
2026-09-13T00:09:25,981371340-04:00	16292720	0	0	0	0	0	avg10=0.00	avg10=0.00	avg10=0.00	avg10=0.00	pgpgin=221196758,pgpgout=368673,pswpin=0,pswpout=0,	reads=301968,sectors_read=13523378,writes=11600,sectors_written=657554	default [performance] powersave powersupersave 
2026-09-13T00:09:27,037664378-04:00	16292216	0	0	0	0	0	avg10=0.00	avg10=0.00	avg10=0.00	avg10=0.00	pgpgin=221196758,pgpgout=368681,pswpin=0,pswpout=0,	reads=301968,sectors_read=13523378,writes=11602,sectors_written=657570	default [performance] powersave powersupersave 
2026-09-13T00:09:28,102577836-04:00	16292288	0	0	0	0	0	avg10=0.00	avg10=0.00	avg10=0.00	avg10=0.00	pgpgin=221196758,pgpgout=368801,pswpin=0,pswpout=0,	reads=301968,sectors_read=13523378,writes=11606,sectors_written=657810	default [performance] powersave powersupersave 
2026-09-13T00:09:29,159497328-04:00	16260608	0	0	0	0	0	avg10=0.00	avg10=0.00	avg10=0.00	avg10=0.00	pgpgin=221196758,pgpgout=369481,pswpin=0,pswpout=0,	reads=301968,sectors_read=13523378,writes=11679,sectors_written=659170	default [performance] powersave powersupersave 
2026-09-13T00:09:30,216161755-04:00	16252620	0	0	0	0	0	avg10=0.00	avg10=0.00	avg10=0.00	avg10=0.00	pgpgin=221198518,pgpgout=373017,pswpin=0,pswpout=0,	reads=301968,sectors_read=13523378,writes=11705,sectors_written=666242	default [performance] powersave powersupersave 
2026-09-13T00:09:31,270624734-04:00	16250816	0	0	0	0	0	avg10=0.00	avg10=0.00	avg10=0.00	avg10=0.00	pgpgin=221200298,pgpgout=376565,pswpin=0,pswpout=0,	reads=301968,sectors_read=13523378,writes=11731,sectors_written=673338	default [performance] powersave powersupersave 
2026-09-13T00:09:32,329626085-04:00	16250036	0	0	0	0	0	avg10=0.00	avg10=0.00	avg10=0.00	avg10=0.00	pgpgin=221202078,pgpgout=380101,pswpin=0,pswpout=0,	reads=301968,sectors_read=13523378,writes=11757,sectors_written=680410	default [performance] powersave powersupersave 
2026-09-13T00:09:33,395537614-04:00	16251488	0	0	0	0	0	avg10=0.00	avg10=0.00	avg10=0.00	avg10=0.00	pgpgin=221203838,pgpgout=383513,pswpin=0,pswpout=0,	reads=301968,sectors_read=13523378,writes=11776,sectors_written=687234	default [performance] powersave powersupersave 
2026-09-13T00:09:34,452500875-04:00	16251712	0	0	0	0	0	avg10=0.00	avg10=0.00	avg10=0.00	avg10=0.00	pgpgin=221203838,pgpgout=383521,pswpin=0,pswpout=0,	reads=301968,sectors_read=13523378,writes=11778,sectors_written=687250	default [performance] powersave powersupersave 
2026-09-13T00:09:35,505404225-04:00	16252732	0	0	0	0	0	avg10=0.00	avg10=0.00	avg10=0.00	avg10=0.00	pgpgin=221203838,pgpgout=383529,pswpin=0,pswpout=0,	reads=301968,sectors_read=13523378,writes=11780,sectors_written=687266	default [performance] powersave powersupersave 
2026-09-13T00:09:36,559142634-04:00	16254356	0	0	0	0	0	avg10=0.00	avg10=0.00	avg10=0.00	avg10=0.00	pgpgin=221203838,pgpgout=383537,pswpin=0,pswpout=0,	reads=301968,sectors_read=13523378,writes=11782,sectors_written=687282	default [performance] powersave powersupersave 
2026-09-13T00:09:37,615535311-04:00	16256376	0	0	0	0	0	avg10=0.00	avg10=0.00	avg10=0.00	avg10=0.00	pgpgin=221203838,pgpgout=383545,pswpin=0,pswpout=0,	reads=301968,sectors_read=13523378,writes=11784,sectors_written=687298	default [performance] powersave powersupersave 
2026-09-13T00:09:38,671493680-04:00	16258976	0	0	0	0	0	avg10=0.00	avg10=0.00	avg10=0.00	avg10=0.00	pgpgin=221213802,pgpgout=383645,pswpin=0,pswpout=0,	reads=302121,sectors_read=13545554,writes=11788,sectors_written=687498	default [performance] powersave powersupersave 
2026-09-13T00:09:39,730679485-04:00	16253996	0	0	0	0	0	avg10=0.00	avg10=0.00	avg10=0.00	avg10=0.00	pgpgin=221237186,pgpgout=383653,pswpin=0,pswpout=0,	reads=302525,sectors_read=13590074,writes=11790,sectors_written=687514	default [performance] powersave powersupersave 
2026-09-13T00:09:40,788419092-04:00	16251784	0	0	0	0	0	avg10=0.00	avg10=0.00	avg10=0.00	avg10=0.00	pgpgin=221237186,pgpgout=383661,pswpin=0,pswpout=0,	reads=302525,sectors_read=13590074,writes=11792,sectors_written=687530	default [performance] powersave powersupersave 
2026-09-13T00:09:41,847022372-04:00	16250196	0	0	0	0	0	avg10=0.00	avg10=0.00	avg10=0.00	avg10=0.00	pgpgin=221237186,pgpgout=383669,pswpin=0,pswpout=0,	reads=302525,sectors_read=13590074,writes=11794,sectors_written=687546	default [performance] powersave powersupersave 
2026-09-13T00:09:42,906362956-04:00	16248696	0	0	0	0	0	avg10=0.00	avg10=0.00	avg10=0.00	avg10=0.00	pgpgin=221237186,pgpgout=383677,pswpin=0,pswpout=0,	reads=302525,sectors_read=13590074,writes=11796,sectors_written=687562	default [performance] powersave powersupersave 
2026-09-13T00:09:43,972373533-04:00	16244556	0	0	0	0	0	avg10=0.00	avg10=0.00	avg10=0.00	avg10=0.00	pgpgin=221237314,pgpgout=383785,pswpin=0,pswpout=0,	reads=302528,sectors_read=13590330,writes=11800,sectors_written=687778	default [performance] powersave powersupersave 
2026-09-13T00:09:45,027764146-04:00	16262864	0	0	0	0	0	avg10=0.00	avg10=0.00	avg10=0.00	avg10=0.00	pgpgin=221237314,pgpgout=383793,pswpin=0,pswpout=0,	reads=302528,sectors_read=13590330,writes=11802,sectors_written=687794	default [performance] powersave powersupersave 
2026-09-13T00:09:46,084043620-04:00	16262920	0	0	0	0	0	avg10=0.00	avg10=0.00	avg10=0.00	avg10=0.00	pgpgin=221237314,pgpgout=383801,pswpin=0,pswpout=0,	reads=302528,sectors_read=13590330,writes=11804,sectors_written=687810	default [performance] powersave powersupersave 
2026-09-13T00:09:47,141776997-04:00	16264032	0	0	0	0	0	avg10=0.00	avg10=0.00	avg10=0.00	avg10=0.00	pgpgin=221237314,pgpgout=383809,pswpin=0,pswpout=0,	reads=302528,sectors_read=13590330,writes=11806,sectors_written=687826	default [performance] powersave powersupersave 
2026-09-13T00:09:48,198074432-04:00	16264580	0	0	0	0	0	avg10=0.00	avg10=0.00	avg10=0.00	avg10=0.00	pgpgin=221237314,pgpgout=383817,pswpin=0,pswpout=0,	reads=302528,sectors_read=13590330,writes=11808,sectors_written=687842	default [performance] powersave powersupersave 
2026-09-13T00:09:49,261160397-04:00	16265176	0	0	0	0	0	avg10=0.00	avg10=0.00	avg10=0.00	avg10=0.00	pgpgin=221237314,pgpgout=383913,pswpin=0,pswpout=0,	reads=302528,sectors_read=13590330,writes=11812,sectors_written=688034	default [performance] powersave powersupersave 
2026-09-13T00:09:50,318939671-04:00	16269704	0	0	0	0	0	avg10=0.00	avg10=0.00	avg10=0.00	avg10=0.00	pgpgin=221238622,pgpgout=383921,pswpin=0,pswpout=0,	reads=302855,sectors_read=13592946,writes=11814,sectors_written=688050	default [performance] powersave powersupersave 
2026-09-13T00:09:51,373764513-04:00	16269272	0	0	0	0	0	avg10=0.00	avg10=0.00	avg10=0.00	avg10=0.00	pgpgin=221238622,pgpgout=383929,pswpin=0,pswpout=0,	reads=302855,sectors_read=13592946,writes=11816,sectors_written=688066	default [performance] powersave powersupersave 
2026-09-13T00:09:52,431739674-04:00	16269000	0	0	0	0	0	avg10=0.00	avg10=0.00	avg10=0.00	avg10=0.00	pgpgin=221238622,pgpgout=383937,pswpin=0,pswpout=0,	reads=302855,sectors_read=13592946,writes=11818,sectors_written=688082	default [performance] powersave powersupersave 
2026-09-13T00:09:53,488822244-04:00	16268540	0	0	0	0	0	avg10=0.00	avg10=0.00	avg10=0.00	avg10=0.00	pgpgin=221238622,pgpgout=384029,pswpin=0,pswpout=0,	reads=302855,sectors_read=13592946,writes=11820,sectors_written=688098	default [performance] powersave powersupersave 
2026-09-13T00:09:54,553664836-04:00	16268128	0	0	0	0	0	avg10=0.00	avg10=0.00	avg10=0.00	avg10=0.00	pgpgin=221238622,pgpgout=384117,pswpin=0,pswpout=0,	reads=302855,sectors_read=13592946,writes=11824,sectors_written=688274	default [performance] powersave powersupersave 
2026-09-13T00:09:55,611263961-04:00	16268868	0	0	0	0	0	avg10=0.00	avg10=0.00	avg10=0.00	avg10=0.00	pgpgin=221238622,pgpgout=384125,pswpin=0,pswpout=0,	reads=302855,sectors_read=13592946,writes=11826,sectors_written=688290	default [performance] powersave powersupersave 
2026-09-13T00:09:56,668584990-04:00	16269700	0	0	0	0	0	avg10=0.00	avg10=0.00	avg10=0.00	avg10=0.00	pgpgin=221238622,pgpgout=384133,pswpin=0,pswpout=0,	reads=302855,sectors_read=13592946,writes=11828,sectors_written=688306	default [performance] powersave powersupersave 
2026-09-13T00:09:57,726739823-04:00	16271380	0	0	0	0	0	avg10=0.00	avg10=0.00	avg10=0.00	avg10=0.00	pgpgin=221238622,pgpgout=384141,pswpin=0,pswpout=0,	reads=302855,sectors_read=13592946,writes=11830,sectors_written=688322	default [performance] powersave powersupersave 
2026-09-13T00:09:58,784216601-04:00	16272596	0	0	0	0	0	avg10=0.00	avg10=0.00	avg10=0.00	avg10=0.00	pgpgin=221238622,pgpgout=384149,pswpin=0,pswpout=0,	reads=302855,sectors_read=13592946,writes=11832,sectors_written=688338	default [performance] powersave powersupersave 
2026-09-13T00:09:59,841473613-04:00	16271868	0	0	0	0	0	avg10=0.00	avg10=0.00	avg10=0.00	avg10=0.00	pgpgin=221238622,pgpgout=384265,pswpin=0,pswpout=0,	reads=302855,sectors_read=13592946,writes=11836,sectors_written=688570	default [performance] powersave powersupersave 
2026-09-13T00:10:00,898234916-04:00	16273092	0	0	0	0	0	avg10=0.00	avg10=0.00	avg10=0.00	avg10=0.00	pgpgin=221238622,pgpgout=384273,pswpin=0,pswpout=0,	reads=302855,sectors_read=13592946,writes=11838,sectors_written=688586	default [performance] powersave powersupersave 
2026-09-13T00:10:01,956611765-04:00	16271708	0	0	0	0	0	avg10=0.00	avg10=0.00	avg10=0.00	avg10=0.00	pgpgin=221238622,pgpgout=384825,pswpin=0,pswpout=0,	reads=302855,sectors_read=13592946,writes=11878,sectors_written=689690	default [performance] powersave powersupersave 
2026-09-13T00:10:03,012911203-04:00	16271836	0	0	0	0	0	avg10=0.00	avg10=0.00	avg10=0.00	avg10=0.00	pgpgin=221238662,pgpgout=384833,pswpin=0,pswpout=0,	reads=302857,sectors_read=13593026,writes=11880,sectors_written=689706	default [performance] powersave powersupersave 
2026-09-13T00:10:04,070184321-04:00	16272428	0	0	0	0	0	avg10=0.00	avg10=0.00	avg10=0.00	avg10=0.00	pgpgin=221239206,pgpgout=385241,pswpin=0,pswpout=0,	reads=302887,sectors_read=13594066,writes=11906,sectors_written=690522	default [performance] powersave powersupersave 
2026-09-13T00:10:05,128927329-04:00	16274864	0	0	0	0	0	avg10=0.00	avg10=0.00	avg10=0.00	avg10=0.00	pgpgin=221239206,pgpgout=385401,pswpin=0,pswpout=0,	reads=302887,sectors_read=13594066,writes=11944,sectors_written=690842	default [performance] powersave powersupersave 
2026-09-13T00:10:06,187102810-04:00	16274472	0	0	0	0	0	avg10=0.00	avg10=0.00	avg10=0.00	avg10=0.00	pgpgin=221239206,pgpgout=385409,pswpin=0,pswpout=0,	reads=302887,sectors_read=13594066,writes=11946,sectors_written=690858	default [performance] powersave powersupersave 
2026-09-13T00:10:07,245136231-04:00	16272720	0	0	0	0	0	avg10=0.00	avg10=0.00	avg10=0.00	avg10=0.00	pgpgin=221239206,pgpgout=385417,pswpin=0,pswpout=0,	reads=302887,sectors_read=13594066,writes=11948,sectors_written=690874	default [performance] powersave powersupersave 
2026-09-13T00:10:08,310383651-04:00	16274604	0	0	0	0	0	avg10=0.00	avg10=0.00	avg10=0.00	avg10=0.00	pgpgin=221239206,pgpgout=385613,pswpin=0,pswpout=0,	reads=302887,sectors_read=13594066,writes=11952,sectors_written=691266	default [performance] powersave powersupersave 
2026-09-13T00:10:09,367525460-04:00	16275340	0	0	0	0	0	avg10=0.00	avg10=0.00	avg10=0.00	avg10=0.00	pgpgin=221239206,pgpgout=385621,pswpin=0,pswpout=0,	reads=302887,sectors_read=13594066,writes=11954,sectors_written=691282	default [performance] powersave powersupersave 
2026-09-13T00:10:10,421560572-04:00	16274852	0	0	0	0	0	avg10=0.00	avg10=0.00	avg10=0.00	avg10=0.00	pgpgin=221239206,pgpgout=386045,pswpin=0,pswpout=0,	reads=302887,sectors_read=13594066,writes=11986,sectors_written=692130	default [performance] powersave powersupersave 
2026-09-13T00:10:11,479196707-04:00	16274576	0	0	0	0	0	avg10=0.00	avg10=0.00	avg10=0.00	avg10=0.00	pgpgin=221239206,pgpgout=386053,pswpin=0,pswpout=0,	reads=302887,sectors_read=13594066,writes=11988,sectors_written=692146	default [performance] powersave powersupersave 
2026-09-13T00:10:12,534289584-04:00	16273352	0	0	0	0	0	avg10=0.00	avg10=0.00	avg10=0.00	avg10=0.00	pgpgin=221239206,pgpgout=386061,pswpin=0,pswpout=0,	reads=302887,sectors_read=13594066,writes=11990,sectors_written=692162	default [performance] powersave powersupersave 
2026-09-13T00:10:13,591236578-04:00	16272084	0	0	0	0	0	avg10=0.00	avg10=0.00	avg10=0.00	avg10=0.00	pgpgin=221239390,pgpgout=386165,pswpin=0,pswpout=0,	reads=302888,sectors_read=13594194,writes=11994,sectors_written=692370	default [performance] powersave powersupersave 
2026-09-13T00:10:14,649817281-04:00	16272124	0	0	0	0	0	avg10=0.00	avg10=0.00	avg10=0.00	avg10=0.00	pgpgin=221239390,pgpgout=386173,pswpin=0,pswpout=0,	reads=302888,sectors_read=13594194,writes=11996,sectors_written=692386	default [performance] powersave powersupersave 
2026-09-13T00:10:15,708015687-04:00	16273144	0	0	0	0	0	avg10=0.00	avg10=0.00	avg10=0.00	avg10=0.00	pgpgin=221239674,pgpgout=386181,pswpin=0,pswpout=0,	reads=302901,sectors_read=13594762,writes=11998,sectors_written=692402	default [performance] powersave powersupersave 
2026-09-13T00:10:16,764652937-04:00	16273388	0	0	0	0	0	avg10=0.00	avg10=0.00	avg10=0.00	avg10=0.00	pgpgin=221239674,pgpgout=386189,pswpin=0,pswpout=0,	reads=302901,sectors_read=13594762,writes=12000,sectors_written=692418	default [performance] powersave powersupersave 
2026-09-13T00:10:17,821065950-04:00	16275388	0	0	0	0	0	avg10=0.00	avg10=0.00	avg10=0.00	avg10=0.00	pgpgin=221239674,pgpgout=386197,pswpin=0,pswpout=0,	reads=302901,sectors_read=13594762,writes=12002,sectors_written=692434	default [performance] powersave powersupersave 
2026-09-13T00:10:18,878579680-04:00	16276464	0	0	0	0	0	avg10=0.00	avg10=0.00	avg10=0.00	avg10=0.00	pgpgin=221239674,pgpgout=386313,pswpin=0,pswpout=0,	reads=302901,sectors_read=13594762,writes=12006,sectors_written=692666	default [performance] powersave powersupersave 
2026-09-13T00:10:19,935215551-04:00	16277476	0	0	0	0	0	avg10=0.00	avg10=0.00	avg10=0.00	avg10=0.00	pgpgin=221239674,pgpgout=386321,pswpin=0,pswpout=0,	reads=302901,sectors_read=13594762,writes=12008,sectors_written=692682	default [performance] powersave powersupersave 
2026-09-13T00:10:20,991617465-04:00	16277492	0	0	0	0	0	avg10=0.00	avg10=0.00	avg10=0.00	avg10=0.00	pgpgin=221239674,pgpgout=386329,pswpin=0,pswpout=0,	reads=302901,sectors_read=13594762,writes=12010,sectors_written=692698	default [performance] powersave powersupersave 
2026-09-13T00:10:22,048259113-04:00	16278100	0	0	0	0	0	avg10=0.00	avg10=0.00	avg10=0.00	avg10=0.00	pgpgin=221239674,pgpgout=386337,pswpin=0,pswpout=0,	reads=302901,sectors_read=13594762,writes=12012,sectors_written=692714	default [performance] powersave powersupersave 
2026-09-13T00:10:23,103811841-04:00	16278020	0	0	0	0	0	avg10=0.00	avg10=0.00	avg10=0.00	avg10=0.00	pgpgin=221239674,pgpgout=386345,pswpin=0,pswpout=0,	reads=302901,sectors_read=13594762,writes=12014,sectors_written=692730	default [performance] powersave powersupersave 
2026-09-13T00:10:24,167962786-04:00	16277928	0	0	0	0	0	avg10=0.00	avg10=0.00	avg10=0.00	avg10=0.00	pgpgin=221239674,pgpgout=386465,pswpin=0,pswpout=0,	reads=302901,sectors_read=13594762,writes=12018,sectors_written=692970	default [performance] powersave powersupersave 
2026-09-13T00:10:25,225240412-04:00	16277008	0	0	0	0	0	avg10=0.00	avg10=0.00	avg10=0.00	avg10=0.00	pgpgin=221239674,pgpgout=386529,pswpin=0,pswpout=0,	reads=302901,sectors_read=13594762,writes=12020,sectors_written=692986	default [performance] powersave powersupersave 
2026-09-13T00:10:26,282600580-04:00	16277216	0	0	0	0	0	avg10=0.00	avg10=0.00	avg10=0.00	avg10=0.00	pgpgin=221239674,pgpgout=386537,pswpin=0,pswpout=0,	reads=302901,sectors_read=13594762,writes=12022,sectors_written=693002	default [performance] powersave powersupersave 
2026-09-13T00:10:27,339209849-04:00	16276892	0	0	0	0	0	avg10=0.00	avg10=0.00	avg10=0.00	avg10=0.00	pgpgin=221239674,pgpgout=386545,pswpin=0,pswpout=0,	reads=302901,sectors_read=13594762,writes=12024,sectors_written=693018	default [performance] powersave powersupersave 
2026-09-13T00:10:28,395872144-04:00	16277148	0	0	0	0	0	avg10=0.00	avg10=0.00	avg10=0.00	avg10=0.00	pgpgin=221239674,pgpgout=386553,pswpin=0,pswpout=0,	reads=302901,sectors_read=13594762,writes=12026,sectors_written=693034	default [performance] powersave powersupersave 
2026-09-13T00:10:29,460456314-04:00	16278248	0	0	0	0	0	avg10=0.00	avg10=0.00	avg10=0.00	avg10=0.00	pgpgin=221239674,pgpgout=386665,pswpin=0,pswpout=0,	reads=302901,sectors_read=13594762,writes=12030,sectors_written=693258	default [performance] powersave powersupersave 
2026-09-13T00:10:30,516985288-04:00	16278900	0	0	0	0	0	avg10=0.00	avg10=0.00	avg10=0.00	avg10=0.00	pgpgin=221239674,pgpgout=386673,pswpin=0,pswpout=0,	reads=302901,sectors_read=13594762,writes=12032,sectors_written=693274	default [performance] powersave powersupersave 
2026-09-13T00:10:31,574341648-04:00	16280472	0	0	0	0	0	avg10=0.00	avg10=0.00	avg10=0.00	avg10=0.00	pgpgin=221239674,pgpgout=386681,pswpin=0,pswpout=0,	reads=302901,sectors_read=13594762,writes=12034,sectors_written=693290	default [performance] powersave powersupersave 
2026-09-13T00:10:32,631135835-04:00	16280296	0	0	0	0	0	avg10=0.00	avg10=0.00	avg10=0.00	avg10=0.00	pgpgin=221239674,pgpgout=386689,pswpin=0,pswpout=0,	reads=302901,sectors_read=13594762,writes=12036,sectors_written=693306	default [performance] powersave powersupersave 
2026-09-13T00:10:33,687731180-04:00	16279532	0	0	0	0	0	avg10=0.00	avg10=0.00	avg10=0.00	avg10=0.00	pgpgin=221239674,pgpgout=386697,pswpin=0,pswpout=0,	reads=302901,sectors_read=13594762,writes=12038,sectors_written=693322	default [performance] powersave powersupersave 
2026-09-13T00:10:34,752485280-04:00	16278292	0	0	0	0	0	avg10=0.00	avg10=0.00	avg10=0.00	avg10=0.00	pgpgin=221239674,pgpgout=386805,pswpin=0,pswpout=0,	reads=302901,sectors_read=13594762,writes=12042,sectors_written=693538	default [performance] powersave powersupersave 
2026-09-13T00:10:35,809512885-04:00	16278068	0	0	0	0	0	avg10=0.00	avg10=0.00	avg10=0.00	avg10=0.00	pgpgin=221239674,pgpgout=386821,pswpin=0,pswpout=0,	reads=302901,sectors_read=13594762,writes=12046,sectors_written=693570	default [performance] powersave powersupersave 
2026-09-13T00:10:36,867836154-04:00	16279392	0	0	0	0	0	avg10=0.00	avg10=0.00	avg10=0.00	avg10=0.00	pgpgin=221239674,pgpgout=386829,pswpin=0,pswpout=0,	reads=302901,sectors_read=13594762,writes=12048,sectors_written=693586	default [performance] powersave powersupersave 
2026-09-13T00:10:37,925674587-04:00	16279060	0	0	0	0	0	avg10=0.00	avg10=0.00	avg10=0.00	avg10=0.00	pgpgin=221239674,pgpgout=386837,pswpin=0,pswpout=0,	reads=302901,sectors_read=13594762,writes=12050,sectors_written=693602	default [performance] powersave powersupersave 
2026-09-13T00:10:38,978830613-04:00	16278460	0	0	0	0	0	avg10=0.00	avg10=0.00	avg10=0.00	avg10=0.00	pgpgin=221239678,pgpgout=389653,pswpin=0,pswpout=0,	reads=302902,sectors_read=13594770,writes=12082,sectors_written=699234	default [performance] powersave powersupersave 
2026-09-13T00:10:40,045709452-04:00	16278472	0	0	0	0	0	avg10=0.00	avg10=0.00	avg10=0.00	avg10=0.00	pgpgin=221239678,pgpgout=392369,pswpin=0,pswpout=0,	reads=302902,sectors_read=13594770,writes=12107,sectors_written=704666	default [performance] powersave powersupersave 
2026-09-13T00:10:41,103142149-04:00	16278628	0	0	0	0	0	avg10=0.00	avg10=0.00	avg10=0.00	avg10=0.00	pgpgin=221239678,pgpgout=396981,pswpin=0,pswpout=0,	reads=302902,sectors_read=13594770,writes=12182,sectors_written=713890	default [performance] powersave powersupersave 
2026-09-13T00:10:42,159346386-04:00	16280080	0	0	0	0	0	avg10=0.00	avg10=0.00	avg10=0.00	avg10=0.00	pgpgin=221239678,pgpgout=396989,pswpin=0,pswpout=0,	reads=302902,sectors_read=13594770,writes=12184,sectors_written=713906	default [performance] powersave powersupersave 
2026-09-13T00:10:43,217050605-04:00	16279872	0	0	0	0	0	avg10=0.00	avg10=0.00	avg10=0.00	avg10=0.00	pgpgin=221239678,pgpgout=396997,pswpin=0,pswpout=0,	reads=302902,sectors_read=13594770,writes=12186,sectors_written=713922	default [performance] powersave powersupersave 
2026-09-13T00:10:44,272935903-04:00	16276128	0	0	0	0	0	avg10=0.00	avg10=0.00	avg10=0.00	avg10=0.00	pgpgin=221241834,pgpgout=397005,pswpin=0,pswpout=0,	reads=302918,sectors_read=13596354,writes=12188,sectors_written=713938	default [performance] powersave powersupersave 
2026-09-13T00:10:45,338065930-04:00	16278164	0	0	0	0	0	avg10=0.00	avg10=0.00	avg10=0.00	avg10=0.00	pgpgin=221241834,pgpgout=397229,pswpin=0,pswpout=0,	reads=302918,sectors_read=13596354,writes=12192,sectors_written=714386	default [performance] powersave powersupersave 
2026-09-13T00:10:46,395930532-04:00	16279040	0	0	0	0	0	avg10=0.00	avg10=0.00	avg10=0.00	avg10=0.00	pgpgin=221241834,pgpgout=397237,pswpin=0,pswpout=0,	reads=302918,sectors_read=13596354,writes=12194,sectors_written=714402	default [performance] powersave powersupersave 
2026-09-13T00:10:47,454795817-04:00	16277208	0	0	0	0	0	avg10=0.00	avg10=0.00	avg10=0.00	avg10=0.00	pgpgin=221241834,pgpgout=397245,pswpin=0,pswpout=0,	reads=302918,sectors_read=13596354,writes=12196,sectors_written=714418	default [performance] powersave powersupersave 
2026-09-13T00:10:48,512142100-04:00	16276972	0	0	0	0	0	avg10=0.00	avg10=0.00	avg10=0.00	avg10=0.00	pgpgin=221241834,pgpgout=397253,pswpin=0,pswpout=0,	reads=302918,sectors_read=13596354,writes=12198,sectors_written=714434	default [performance] powersave powersupersave 
2026-09-13T00:10:49,567623814-04:00	16277584	0	0	0	0	0	avg10=0.00	avg10=0.00	avg10=0.00	avg10=0.00	pgpgin=221241834,pgpgout=397261,pswpin=0,pswpout=0,	reads=302918,sectors_read=13596354,writes=12200,sectors_written=714450	default [performance] powersave powersupersave 
2026-09-13T00:10:50,631848896-04:00	16277932	0	0	0	0	0	avg10=0.00	avg10=0.00	avg10=0.00	avg10=0.00	pgpgin=221241834,pgpgout=397361,pswpin=0,pswpout=0,	reads=302918,sectors_read=13596354,writes=12204,sectors_written=714650	default [performance] powersave powersupersave 
2026-09-13T00:10:51,691204813-04:00	16278700	0	0	0	0	0	avg10=0.00	avg10=0.00	avg10=0.00	avg10=0.00	pgpgin=221241834,pgpgout=397369,pswpin=0,pswpout=0,	reads=302918,sectors_read=13596354,writes=12206,sectors_written=714666	default [performance] powersave powersupersave 
2026-09-13T00:10:52,750249750-04:00	16278028	0	0	0	0	0	avg10=0.00	avg10=0.00	avg10=0.00	avg10=0.00	pgpgin=221241834,pgpgout=397377,pswpin=0,pswpout=0,	reads=302918,sectors_read=13596354,writes=12208,sectors_written=714682	default [performance] powersave powersupersave 
2026-09-13T00:10:53,807345206-04:00	16278960	0	0	0	0	0	avg10=0.00	avg10=0.00	avg10=0.00	avg10=0.00	pgpgin=221241834,pgpgout=397385,pswpin=0,pswpout=0,	reads=302918,sectors_read=13596354,writes=12210,sectors_written=714698	default [performance] powersave powersupersave 
2026-09-13T00:10:54,866589334-04:00	16278220	0	0	0	0	0	avg10=0.00	avg10=0.00	avg10=0.00	avg10=0.00	pgpgin=221241834,pgpgout=397393,pswpin=0,pswpout=0,	reads=302918,sectors_read=13596354,writes=12212,sectors_written=714714	default [performance] powersave powersupersave 
2026-09-13T00:10:55,932182555-04:00	16279504	0	0	0	0	0	avg10=0.00	avg10=0.00	avg10=0.00	avg10=0.00	pgpgin=221241834,pgpgout=397585,pswpin=0,pswpout=0,	reads=302918,sectors_read=13596354,writes=12216,sectors_written=714938	default [performance] powersave powersupersave 
2026-09-13T00:10:56,987067096-04:00	16279676	0	0	0	0	0	avg10=0.00	avg10=0.00	avg10=0.00	avg10=0.00	pgpgin=221241834,pgpgout=397593,pswpin=0,pswpout=0,	reads=302918,sectors_read=13596354,writes=12218,sectors_written=714954	default [performance] powersave powersupersave 
2026-09-13T00:10:58,045366525-04:00	16280140	0	0	0	0	0	avg10=0.00	avg10=0.00	avg10=0.00	avg10=0.00	pgpgin=221241834,pgpgout=397601,pswpin=0,pswpout=0,	reads=302918,sectors_read=13596354,writes=12220,sectors_written=714970	default [performance] powersave powersupersave 
2026-09-13T00:10:59,104099940-04:00	16280092	0	0	0	0	0	avg10=0.00	avg10=0.00	avg10=0.00	avg10=0.00	pgpgin=221241834,pgpgout=397609,pswpin=0,pswpout=0,	reads=302918,sectors_read=13596354,writes=12222,sectors_written=714986	default [performance] powersave powersupersave 
2026-09-13T00:11:00,164350628-04:00	16278844	0	0	0	0	0	avg10=0.00	avg10=0.00	avg10=0.00	avg10=0.00	pgpgin=221241834,pgpgout=397617,pswpin=0,pswpout=0,	reads=302918,sectors_read=13596354,writes=12224,sectors_written=715002	default [performance] powersave powersupersave 
2026-09-13T00:11:01,229618227-04:00	16278096	0	0	0	0	0	avg10=0.00	avg10=0.00	avg10=0.00	avg10=0.00	pgpgin=221241834,pgpgout=397713,pswpin=0,pswpout=0,	reads=302918,sectors_read=13596354,writes=12228,sectors_written=715194	default [performance] powersave powersupersave 
2026-09-13T00:11:02,288002069-04:00	16277388	0	0	0	0	0	avg10=0.00	avg10=0.00	avg10=0.00	avg10=0.00	pgpgin=221241834,pgpgout=397721,pswpin=0,pswpout=0,	reads=302918,sectors_read=13596354,writes=12230,sectors_written=715210	default [performance] powersave powersupersave 
2026-09-13T00:11:03,347659892-04:00	16277052	0	0	0	0	0	avg10=0.00	avg10=0.00	avg10=0.00	avg10=0.00	pgpgin=221241866,pgpgout=398461,pswpin=0,pswpout=0,	reads=302919,sectors_read=13596362,writes=12262,sectors_written=716690	default [performance] powersave powersupersave 
2026-09-13T00:11:04,407061378-04:00	16274912	0	0	0	0	0	avg10=0.00	avg10=0.00	avg10=0.00	avg10=0.00	pgpgin=221241866,pgpgout=401997,pswpin=0,pswpout=0,	reads=302919,sectors_read=13596362,writes=12288,sectors_written=723762	default [performance] powersave powersupersave 
2026-09-13T00:11:05,465989263-04:00	16274224	0	0	0	0	0	avg10=0.00	avg10=0.00	avg10=0.00	avg10=0.00	pgpgin=221241866,pgpgout=405545,pswpin=0,pswpout=0,	reads=302919,sectors_read=13596362,writes=12314,sectors_written=730858	default [performance] powersave powersupersave 
2026-09-13T00:11:06,524697852-04:00	16274392	0	0	0	0	0	avg10=0.00	avg10=0.00	avg10=0.00	avg10=0.00	pgpgin=221241878,pgpgout=411477,pswpin=0,pswpout=0,	reads=302922,sectors_read=13596386,writes=12366,sectors_written=742722	default [performance] powersave powersupersave 
2026-09-13T00:11:07,578888006-04:00	16274240	0	0	0	0	0	avg10=0.00	avg10=0.00	avg10=0.00	avg10=0.00	pgpgin=221241878,pgpgout=415013,pswpin=0,pswpout=0,	reads=302922,sectors_read=13596386,writes=12392,sectors_written=749794	default [performance] powersave powersupersave 
2026-09-13T00:11:08,636174462-04:00	16273140	0	0	0	0	0	avg10=0.00	avg10=0.00	avg10=0.00	avg10=0.00	pgpgin=221241878,pgpgout=418177,pswpin=0,pswpout=0,	reads=302922,sectors_read=13596386,writes=12409,sectors_written=756122	default [performance] powersave powersupersave 
2026-09-13T00:11:09,693895412-04:00	16274040	0	0	0	0	0	avg10=0.00	avg10=0.00	avg10=0.00	avg10=0.00	pgpgin=221241878,pgpgout=418185,pswpin=0,pswpout=0,	reads=302922,sectors_read=13596386,writes=12411,sectors_written=756138	default [performance] powersave powersupersave 
2026-09-13T00:11:10,750626339-04:00	16275748	0	0	0	0	0	avg10=0.00	avg10=0.00	avg10=0.00	avg10=0.00	pgpgin=221241878,pgpgout=418193,pswpin=0,pswpout=0,	reads=302922,sectors_read=13596386,writes=12413,sectors_written=756154	default [performance] powersave powersupersave 
2026-09-13T00:11:11,816332258-04:00	16276828	0	0	0	0	0	avg10=0.00	avg10=0.00	avg10=0.00	avg10=0.00	pgpgin=221241878,pgpgout=418429,pswpin=0,pswpout=0,	reads=302922,sectors_read=13596386,writes=12417,sectors_written=756626	default [performance] powersave powersupersave 
2026-09-13T00:11:12,874805714-04:00	16277800	0	0	0	0	0	avg10=0.00	avg10=0.00	avg10=0.00	avg10=0.00	pgpgin=221241878,pgpgout=418437,pswpin=0,pswpout=0,	reads=302922,sectors_read=13596386,writes=12419,sectors_written=756642	default [performance] powersave powersupersave 
2026-09-13T00:11:13,934216540-04:00	16269872	0	0	0	0	0	avg10=0.00	avg10=0.00	avg10=0.00	avg10=0.00	pgpgin=221241878,pgpgout=418445,pswpin=0,pswpout=0,	reads=302922,sectors_read=13596386,writes=12421,sectors_written=756658	default [performance] powersave powersupersave 
2026-09-13T00:11:14,992143394-04:00	16271760	0	0	0	0	0	avg10=0.00	avg10=0.00	avg10=0.00	avg10=0.00	pgpgin=221241878,pgpgout=418453,pswpin=0,pswpout=0,	reads=302922,sectors_read=13596386,writes=12423,sectors_written=756674	default [performance] powersave powersupersave 
2026-09-13T00:11:16,048610103-04:00	16273356	0	0	0	0	0	avg10=0.00	avg10=0.00	avg10=0.00	avg10=0.00	pgpgin=221241878,pgpgout=418749,pswpin=0,pswpout=0,	reads=302922,sectors_read=13596386,writes=12488,sectors_written=757266	default [performance] powersave powersupersave 
2026-09-13T00:11:17,112141706-04:00	16274136	0	0	0	0	0	avg10=0.00	avg10=0.00	avg10=0.00	avg10=0.00	pgpgin=221241878,pgpgout=418853,pswpin=0,pswpout=0,	reads=302922,sectors_read=13596386,writes=12492,sectors_written=757474	default [performance] powersave powersupersave 
2026-09-13T00:11:18,163942044-04:00	16274204	0	0	0	0	0	avg10=0.00	avg10=0.00	avg10=0.00	avg10=0.00	pgpgin=221241878,pgpgout=418861,pswpin=0,pswpout=0,	reads=302922,sectors_read=13596386,writes=12494,sectors_written=757490	default [performance] powersave powersupersave 
2026-09-13T00:11:19,220575554-04:00	16273820	0	0	0	0	0	avg10=0.00	avg10=0.00	avg10=0.00	avg10=0.00	pgpgin=221241878,pgpgout=418869,pswpin=0,pswpout=0,	reads=302922,sectors_read=13596386,writes=12496,sectors_written=757506	default [performance] powersave powersupersave 
2026-09-13T00:11:20,274479794-04:00	16274848	0	0	0	0	0	avg10=0.00	avg10=0.00	avg10=0.00	avg10=0.00	pgpgin=221241878,pgpgout=418877,pswpin=0,pswpout=0,	reads=302922,sectors_read=13596386,writes=12498,sectors_written=757522	default [performance] powersave powersupersave 
2026-09-13T00:11:21,331546942-04:00	16275268	0	0	0	0	0	avg10=0.00	avg10=0.00	avg10=0.00	avg10=0.00	pgpgin=221241878,pgpgout=418885,pswpin=0,pswpout=0,	reads=302922,sectors_read=13596386,writes=12500,sectors_written=757538	default [performance] powersave powersupersave 
2026-09-13T00:11:22,393840401-04:00	16276124	0	0	0	0	0	avg10=0.00	avg10=0.00	avg10=0.00	avg10=0.00	pgpgin=221241878,pgpgout=418977,pswpin=0,pswpout=0,	reads=302922,sectors_read=13596386,writes=12504,sectors_written=757722	default [performance] powersave powersupersave 
2026-09-13T00:11:23,450583698-04:00	16275988	0	0	0	0	0	avg10=0.00	avg10=0.00	avg10=0.00	avg10=0.00	pgpgin=221241878,pgpgout=418985,pswpin=0,pswpout=0,	reads=302922,sectors_read=13596386,writes=12506,sectors_written=757738	default [performance] powersave powersupersave 
2026-09-13T00:11:24,507147070-04:00	16276076	0	0	0	0	0	avg10=0.00	avg10=0.00	avg10=0.00	avg10=0.00	pgpgin=221241878,pgpgout=418993,pswpin=0,pswpout=0,	reads=302922,sectors_read=13596386,writes=12508,sectors_written=757754	default [performance] powersave powersupersave 
2026-09-13T00:11:25,564215308-04:00	16277316	0	0	0	0	0	avg10=0.00	avg10=0.00	avg10=0.00	avg10=0.00	pgpgin=221241878,pgpgout=419001,pswpin=0,pswpout=0,	reads=302922,sectors_read=13596386,writes=12510,sectors_written=757770	default [performance] powersave powersupersave 
2026-09-13T00:11:26,622232736-04:00	16277920	0	0	0	0	0	avg10=0.00	avg10=0.00	avg10=0.00	avg10=0.00	pgpgin=221241878,pgpgout=419009,pswpin=0,pswpout=0,	reads=302922,sectors_read=13596386,writes=12512,sectors_written=757786	default [performance] powersave powersupersave 
2026-09-13T00:11:27,687734315-04:00	16277720	0	0	0	0	0	avg10=0.00	avg10=0.00	avg10=0.00	avg10=0.00	pgpgin=221241878,pgpgout=419165,pswpin=0,pswpout=0,	reads=302922,sectors_read=13596386,writes=12516,sectors_written=757970	default [performance] powersave powersupersave 
2026-09-13T00:11:28,747598557-04:00	16277368	0	0	0	0	0	avg10=0.00	avg10=0.00	avg10=0.00	avg10=0.00	pgpgin=221241878,pgpgout=419173,pswpin=0,pswpout=0,	reads=302922,sectors_read=13596386,writes=12518,sectors_written=757986	default [performance] powersave powersupersave 
2026-09-13T00:11:29,805453586-04:00	16277660	0	0	0	0	0	avg10=0.00	avg10=0.00	avg10=0.00	avg10=0.00	pgpgin=221241878,pgpgout=419181,pswpin=0,pswpout=0,	reads=302922,sectors_read=13596386,writes=12520,sectors_written=758002	default [performance] powersave powersupersave 
2026-09-13T00:11:30,862977832-04:00	16277688	0	0	0	0	0	avg10=0.00	avg10=0.00	avg10=0.00	avg10=0.00	pgpgin=221241878,pgpgout=419189,pswpin=0,pswpout=0,	reads=302922,sectors_read=13596386,writes=12522,sectors_written=758018	default [performance] powersave powersupersave 
2026-09-13T00:11:31,920471706-04:00	16277500	0	0	0	0	0	avg10=0.00	avg10=0.00	avg10=0.00	avg10=0.00	pgpgin=221241878,pgpgout=419197,pswpin=0,pswpout=0,	reads=302922,sectors_read=13596386,writes=12524,sectors_written=758034	default [performance] powersave powersupersave 
2026-09-13T00:11:32,979193610-04:00	16277696	0	0	0	0	0	avg10=0.00	avg10=0.00	avg10=0.00	avg10=0.00	pgpgin=221241878,pgpgout=419305,pswpin=0,pswpout=0,	reads=302922,sectors_read=13596386,writes=12528,sectors_written=758250	default [performance] powersave powersupersave 
2026-09-13T00:11:34,037230339-04:00	16275736	0	0	0	0	0	avg10=0.00	avg10=0.00	avg10=0.00	avg10=0.00	pgpgin=221241878,pgpgout=419313,pswpin=0,pswpout=0,	reads=302922,sectors_read=13596386,writes=12530,sectors_written=758266	default [performance] powersave powersupersave 
2026-09-13T00:11:35,095496398-04:00	16274888	0	0	0	0	0	avg10=0.00	avg10=0.00	avg10=0.00	avg10=0.00	pgpgin=221241878,pgpgout=419321,pswpin=0,pswpout=0,	reads=302922,sectors_read=13596386,writes=12532,sectors_written=758282	default [performance] powersave powersupersave 
2026-09-13T00:11:36,154421667-04:00	16274964	0	0	0	0	0	avg10=0.00	avg10=0.00	avg10=0.00	avg10=0.00	pgpgin=221241878,pgpgout=419329,pswpin=0,pswpout=0,	reads=302922,sectors_read=13596386,writes=12534,sectors_written=758298	default [performance] powersave powersupersave 
2026-09-13T00:11:37,211106693-04:00	16275020	0	0	0	0	0	avg10=0.00	avg10=0.00	avg10=0.00	avg10=0.00	pgpgin=221241878,pgpgout=419337,pswpin=0,pswpout=0,	reads=302922,sectors_read=13596386,writes=12536,sectors_written=758314	default [performance] powersave powersupersave 
2026-09-13T00:11:38,277095148-04:00	16274532	0	0	0	0	0	avg10=0.00	avg10=0.00	avg10=0.00	avg10=0.00	pgpgin=221241878,pgpgout=419449,pswpin=0,pswpout=0,	reads=302922,sectors_read=13596386,writes=12540,sectors_written=758538	default [performance] powersave powersupersave 
2026-09-13T00:11:39,336158053-04:00	16274072	0	0	0	0	0	avg10=0.00	avg10=0.00	avg10=0.00	avg10=0.00	pgpgin=221241878,pgpgout=419457,pswpin=0,pswpout=0,	reads=302922,sectors_read=13596386,writes=12542,sectors_written=758554	default [performance] powersave powersupersave 
2026-09-13T00:11:40,393665997-04:00	16274904	0	0	0	0	0	avg10=0.00	avg10=0.00	avg10=0.00	avg10=0.00	pgpgin=221241878,pgpgout=419465,pswpin=0,pswpout=0,	reads=302922,sectors_read=13596386,writes=12544,sectors_written=758570	default [performance] powersave powersupersave 
2026-09-13T00:11:41,450544909-04:00	16274276	0	0	0	0	0	avg10=0.00	avg10=0.00	avg10=0.00	avg10=0.00	pgpgin=221241878,pgpgout=419473,pswpin=0,pswpout=0,	reads=302922,sectors_read=13596386,writes=12546,sectors_written=758586	default [performance] powersave powersupersave 
2026-09-13T00:11:42,504265793-04:00	16167644	0	0	0	0	0	avg10=0.00	avg10=0.00	avg10=0.00	avg10=0.00	pgpgin=221331742,pgpgout=419585,pswpin=0,pswpout=0,	reads=303925,sectors_read=13776114,writes=12551,sectors_written=758810	default [performance] powersave powersupersave 
2026-09-13T00:11:43,565907607-04:00	16207472	0	0	0	0	0	avg10=0.00	avg10=0.00	avg10=0.00	avg10=0.00	pgpgin=221331830,pgpgout=419597,pswpin=0,pswpout=0,	reads=303928,sectors_read=13776290,writes=12554,sectors_written=758834	default [performance] powersave powersupersave 
2026-09-13T00:11:47,988399409-04:00	126978552	0	0	0	0	0	avg10=0.00	avg10=0.00	avg10=0.44	avg10=0.44	pgpgin=221455062,pgpgout=419869,pswpin=0,pswpout=0,	reads=306103,sectors_read=14015858,writes=12560,sectors_written=759378	default [performance] powersave powersupersave 
