timestamp	mem_available_kib	swap_total_kib	nvme_aer_corrected	root_aer_corrected	nvme_aer_baseline	root_aer_baseline	memory_psi_some	memory_psi_full	io_psi_some	io_psi_full	vmstat	nvme_diskstats	aspm_policy
2026-09-13T14:01:16,187145861-04:00	127306144	0	0	0	0	0	avg10=0.00	avg10=0.00	avg10=0.00	avg10=0.00	pgpgin=1559981832,pgpgout=2990941,pswpin=0,pswpout=0,	reads=1196344,sectors_read=78147868,writes=88156,sectors_written=5449034	default [performance] powersave powersupersave 
2026-09-13T14:01:16,251025571-04:00	127277192	0	0	0	0	0	avg10=0.00	avg10=0.00	avg10=0.00	avg10=0.00	pgpgin=1560024116,pgpgout=2990941,pswpin=0,pswpout=0,	reads=1196847,sectors_read=78232548,writes=88156,sectors_written=5449034	default [performance] powersave powersupersave 
2026-09-13T14:01:17,279488165-04:00	127122804	0	0	0	0	0	avg10=0.00	avg10=0.00	avg10=1.81	avg10=1.81	pgpgin=1560655976,pgpgout=2991185,pswpin=0,pswpout=0,	reads=1198304,sectors_read=78309268,writes=88160,sectors_written=5449522	default [performance] powersave powersupersave 
2026-09-13T14:01:18,312989166-04:00	127133812	0	0	0	0	0	avg10=0.00	avg10=0.00	avg10=1.81	avg10=1.81	pgpgin=1561372792,pgpgout=2991185,pswpin=0,pswpout=0,	reads=1198304,sectors_read=78309268,writes=88160,sectors_written=5449522	default [performance] powersave powersupersave 
2026-09-13T14:01:19,344079818-04:00	127114292	0	0	0	0	0	avg10=0.00	avg10=0.00	avg10=9.63	avg10=9.63	pgpgin=1562121720,pgpgout=2991185,pswpin=0,pswpout=0,	reads=1199355,sectors_read=78484524,writes=88160,sectors_written=5449522	default [performance] powersave powersupersave 
2026-09-13T14:01:20,368978823-04:00	126970200	0	0	0	0	0	avg10=0.00	avg10=0.00	avg10=9.63	avg10=9.63	pgpgin=1562237164,pgpgout=2991185,pswpin=0,pswpout=0,	reads=1200797,sectors_read=78712708,writes=88160,sectors_written=5449522	default [performance] powersave powersupersave 
2026-09-13T14:01:21,391494709-04:00	126489220	0	0	0	0	0	avg10=0.00	avg10=0.00	avg10=8.43	avg10=8.43	pgpgin=1562359132,pgpgout=2991533,pswpin=0,pswpout=0,	reads=1201971,sectors_read=78956644,writes=88166,sectors_written=5450218	default [performance] powersave powersupersave 
2026-09-13T14:01:22,412141543-04:00	126632044	0	0	0	0	0	avg10=0.00	avg10=0.00	avg10=8.43	avg10=8.43	pgpgin=1562363604,pgpgout=2991533,pswpin=0,pswpout=0,	reads=1202068,sectors_read=78965588,writes=88166,sectors_written=5450218	default [performance] powersave powersupersave 
2026-09-13T14:01:23,437153249-04:00	126512440	0	0	0	0	0	avg10=0.00	avg10=0.00	avg10=6.90	avg10=6.90	pgpgin=1562363688,pgpgout=2991533,pswpin=0,pswpout=0,	reads=1202072,sectors_read=78965756,writes=88166,sectors_written=5450218	default [performance] powersave powersupersave 
2026-09-13T14:01:24,464195751-04:00	126521940	0	0	0	0	0	avg10=0.00	avg10=0.00	avg10=6.90	avg10=6.90	pgpgin=1562363688,pgpgout=2991533,pswpin=0,pswpout=0,	reads=1202072,sectors_read=78965756,writes=88166,sectors_written=5450218	default [performance] powersave powersupersave 
2026-09-13T14:01:25,487539592-04:00	126518464	0	0	0	0	0	avg10=0.00	avg10=0.00	avg10=5.65	avg10=5.65	pgpgin=1562363688,pgpgout=2991533,pswpin=0,pswpout=0,	reads=1202072,sectors_read=78965756,writes=88166,sectors_written=5450218	default [performance] powersave powersupersave 
2026-09-13T14:01:26,511377572-04:00	126523564	0	0	0	0	0	avg10=0.00	avg10=0.00	avg10=5.65	avg10=5.65	pgpgin=1562363756,pgpgout=2991533,pswpin=0,pswpout=0,	reads=1202073,sectors_read=78965892,writes=88166,sectors_written=5450218	default [performance] powersave powersupersave 
2026-09-13T14:01:27,536327511-04:00	126558016	0	0	0	0	0	avg10=0.00	avg10=0.00	avg10=4.62	avg10=4.62	pgpgin=1562363756,pgpgout=2991621,pswpin=0,pswpout=0,	reads=1202073,sectors_read=78965892,writes=88169,sectors_written=5450394	default [performance] powersave powersupersave 
2026-09-13T14:01:28,561549781-04:00	126593788	0	0	0	0	0	avg10=0.00	avg10=0.00	avg10=4.62	avg10=4.62	pgpgin=1562363824,pgpgout=2991621,pswpin=0,pswpout=0,	reads=1202075,sectors_read=78966028,writes=88169,sectors_written=5450394	default [performance] powersave powersupersave 
2026-09-13T14:01:29,589065924-04:00	126642488	0	0	0	0	0	avg10=0.00	avg10=0.00	avg10=3.79	avg10=3.79	pgpgin=1562363824,pgpgout=2991621,pswpin=0,pswpout=0,	reads=1202075,sectors_read=78966028,writes=88169,sectors_written=5450394	default [performance] powersave powersupersave 
2026-09-13T14:01:30,612315277-04:00	126661296	0	0	0	0	0	avg10=0.00	avg10=0.00	avg10=3.79	avg10=3.79	pgpgin=1562363824,pgpgout=2991621,pswpin=0,pswpout=0,	reads=1202075,sectors_read=78966028,writes=88169,sectors_written=5450394	default [performance] powersave powersupersave 
2026-09-13T14:01:31,635947989-04:00	126790784	0	0	0	0	0	avg10=0.00	avg10=0.00	avg10=3.10	avg10=3.10	pgpgin=1562363824,pgpgout=2991621,pswpin=0,pswpout=0,	reads=1202075,sectors_read=78966028,writes=88169,sectors_written=5450394	default [performance] powersave powersupersave 
2026-09-13T14:01:32,658896907-04:00	126702276	0	0	0	0	0	avg10=0.00	avg10=0.00	avg10=3.10	avg10=3.10	pgpgin=1562690724,pgpgout=2991621,pswpin=0,pswpout=0,	reads=1206474,sectors_read=79619996,writes=88169,sectors_written=5450394	default [performance] powersave powersupersave 
2026-09-13T14:01:33,682350612-04:00	126576972	0	0	0	0	0	avg10=0.00	avg10=0.00	avg10=4.17	avg10=4.17	pgpgin=1562906352,pgpgout=2991621,pswpin=0,pswpout=0,	reads=1209120,sectors_read=80052996,writes=88169,sectors_written=5450394	default [performance] powersave powersupersave 
2026-09-13T14:01:34,705967685-04:00	126490348	0	0	0	0	0	avg10=0.00	avg10=0.00	avg10=4.17	avg10=4.17	pgpgin=1563023380,pgpgout=2991657,pswpin=0,pswpout=0,	reads=1211236,sectors_read=80285036,writes=88171,sectors_written=5450466	default [performance] powersave powersupersave 
2026-09-13T14:01:35,728884020-04:00	126436152	0	0	0	0	0	avg10=0.00	avg10=0.00	avg10=5.22	avg10=5.22	pgpgin=1563060896,pgpgout=2991657,pswpin=0,pswpout=0,	reads=1213754,sectors_read=80360116,writes=88171,sectors_written=5450466	default [performance] powersave powersupersave 
2026-09-13T14:01:36,751819551-04:00	126408332	0	0	0	0	0	avg10=0.00	avg10=0.00	avg10=5.22	avg10=5.22	pgpgin=1563120080,pgpgout=2991657,pswpin=0,pswpout=0,	reads=1217937,sectors_read=80478436,writes=88171,sectors_written=5450466	default [performance] powersave powersupersave 
2026-09-13T14:01:37,774883003-04:00	126326028	0	0	0	0	0	avg10=0.00	avg10=0.00	avg10=8.44	avg10=8.44	pgpgin=1563176944,pgpgout=2991657,pswpin=0,pswpout=0,	reads=1219818,sectors_read=80592164,writes=88171,sectors_written=5450466	default [performance] powersave powersupersave 
2026-09-13T14:01:38,799012819-04:00	126152176	0	0	0	0	0	avg10=0.00	avg10=0.00	avg10=8.44	avg10=8.44	pgpgin=1563179100,pgpgout=2991657,pswpin=0,pswpout=0,	reads=1219906,sectors_read=80595332,writes=88171,sectors_written=5450466	default [performance] powersave powersupersave 
2026-09-13T14:01:39,822126283-04:00	125884488	0	0	0	0	0	avg10=0.00	avg10=0.00	avg10=7.64	avg10=7.64	pgpgin=1563179100,pgpgout=2991657,pswpin=0,pswpout=0,	reads=1219906,sectors_read=80595332,writes=88171,sectors_written=5450466	default [performance] powersave powersupersave 
2026-09-13T14:01:40,845145260-04:00	125818324	0	0	0	0	0	avg10=0.00	avg10=0.00	avg10=7.64	avg10=7.64	pgpgin=1563179100,pgpgout=2991657,pswpin=0,pswpout=0,	reads=1219906,sectors_read=80595332,writes=88171,sectors_written=5450466	default [performance] powersave powersupersave 
2026-09-13T14:01:41,868342923-04:00	125778528	0	0	0	0	0	avg10=0.00	avg10=0.00	avg10=6.25	avg10=6.25	pgpgin=1563179100,pgpgout=2991657,pswpin=0,pswpout=0,	reads=1219906,sectors_read=80595332,writes=88171,sectors_written=5450466	default [performance] powersave powersupersave 
2026-09-13T14:01:42,890815383-04:00	125708456	0	0	0	0	0	avg10=0.00	avg10=0.00	avg10=6.25	avg10=6.25	pgpgin=1563254748,pgpgout=2991657,pswpin=0,pswpout=0,	reads=1221651,sectors_read=80746452,writes=88171,sectors_written=5450466	default [performance] powersave powersupersave 
2026-09-13T14:01:43,914247275-04:00	125538456	0	0	0	0	0	avg10=0.00	avg10=0.00	avg10=6.39	avg10=6.39	pgpgin=1563346568,pgpgout=2991717,pswpin=0,pswpout=0,	reads=1223261,sectors_read=80930036,writes=88173,sectors_written=5450586	default [performance] powersave powersupersave 
2026-09-13T14:01:44,937471748-04:00	125408576	0	0	0	0	0	avg10=0.00	avg10=0.00	avg10=6.39	avg10=6.39	pgpgin=1563352916,pgpgout=2992321,pswpin=0,pswpout=0,	reads=1223647,sectors_read=80942716,writes=88293,sectors_written=5451794	default [performance] powersave powersupersave 
2026-09-13T14:01:45,960536750-04:00	125374772	0	0	0	0	0	avg10=0.00	avg10=0.00	avg10=6.13	avg10=6.13	pgpgin=1563356384,pgpgout=2992325,pswpin=0,pswpout=0,	reads=1223742,sectors_read=80949652,writes=88294,sectors_written=5451802	default [performance] powersave powersupersave 
2026-09-13T14:01:46,984039515-04:00	125378344	0	0	0	0	0	avg10=0.00	avg10=0.00	avg10=6.13	avg10=6.13	pgpgin=1563363160,pgpgout=2992525,pswpin=0,pswpout=0,	reads=1223950,sectors_read=80963204,writes=88298,sectors_written=5451970	default [performance] powersave powersupersave 
2026-09-13T14:01:48,008124383-04:00	125338024	0	0	0	0	0	avg10=0.00	avg10=0.00	avg10=5.38	avg10=5.38	pgpgin=1563419712,pgpgout=2992565,pswpin=0,pswpout=0,	reads=1224700,sectors_read=81076308,writes=88307,sectors_written=5452050	default [performance] powersave powersupersave 
2026-09-13T14:01:49,032965773-04:00	125209660	0	0	0	0	0	avg10=0.00	avg10=0.00	avg10=4.41	avg10=4.41	pgpgin=1563421164,pgpgout=2992661,pswpin=0,pswpout=0,	reads=1224730,sectors_read=81079212,writes=88309,sectors_written=5452242	default [performance] powersave powersupersave 
2026-09-13T14:01:50,057116084-04:00	125108760	0	0	0	0	0	avg10=0.00	avg10=0.00	avg10=4.41	avg10=4.41	pgpgin=1563421176,pgpgout=2992953,pswpin=0,pswpout=0,	reads=1224733,sectors_read=81079236,writes=88339,sectors_written=5452826	default [performance] powersave powersupersave 
2026-09-13T14:01:51,080299959-04:00	125108716	0	0	0	0	0	avg10=0.00	avg10=0.00	avg10=3.61	avg10=3.61	pgpgin=1563421176,pgpgout=2992957,pswpin=0,pswpout=0,	reads=1224733,sectors_read=81079236,writes=88339,sectors_written=5452826	default [performance] powersave powersupersave 
2026-09-13T14:01:52,103665735-04:00	125239796	0	0	0	0	0	avg10=0.00	avg10=0.00	avg10=3.61	avg10=3.61	pgpgin=1563423016,pgpgout=2992997,pswpin=0,pswpout=0,	reads=1224845,sectors_read=81082916,writes=88349,sectors_written=5452914	default [performance] powersave powersupersave 
2026-09-13T14:01:53,127836013-04:00	125496992	0	0	0	0	0	avg10=0.00	avg10=0.00	avg10=3.13	avg10=3.13	pgpgin=1563436512,pgpgout=2992997,pswpin=0,pswpout=0,	reads=1225095,sectors_read=81109908,writes=88349,sectors_written=5452914	default [performance] powersave powersupersave 
2026-09-13T14:01:54,152250750-04:00	126131940	0	0	0	0	0	avg10=0.00	avg10=0.00	avg10=3.13	avg10=3.13	pgpgin=1563438716,pgpgout=2993117,pswpin=0,pswpout=0,	reads=1225159,sectors_read=81114316,writes=88351,sectors_written=5453154	default [performance] powersave powersupersave 
2026-09-13T14:01:55,176314799-04:00	125908668	0	0	0	0	0	avg10=0.00	avg10=0.00	avg10=3.11	avg10=3.11	pgpgin=1563472428,pgpgout=2993117,pswpin=0,pswpout=0,	reads=1225678,sectors_read=81156292,writes=88351,sectors_written=5453154	default [performance] powersave powersupersave 
2026-09-13T14:01:56,200076598-04:00	125714244	0	0	0	0	0	avg10=0.00	avg10=0.00	avg10=3.11	avg10=3.11	pgpgin=1563476880,pgpgout=2993117,pswpin=0,pswpout=0,	reads=1225953,sectors_read=81165116,writes=88351,sectors_written=5453154	default [performance] powersave powersupersave 
2026-09-13T14:01:57,223296479-04:00	125490884	0	0	0	0	0	avg10=0.00	avg10=0.00	avg10=2.73	avg10=2.73	pgpgin=1563476880,pgpgout=2993117,pswpin=0,pswpout=0,	reads=1225953,sectors_read=81165116,writes=88351,sectors_written=5453154	default [performance] powersave powersupersave 
2026-09-13T14:01:58,246732235-04:00	125417668	0	0	0	0	0	avg10=0.00	avg10=0.00	avg10=2.73	avg10=2.73	pgpgin=1563476880,pgpgout=2993117,pswpin=0,pswpout=0,	reads=1225953,sectors_read=81165116,writes=88351,sectors_written=5453154	default [performance] powersave powersupersave 
2026-09-13T14:01:59,269771817-04:00	125383088	0	0	0	0	0	avg10=0.00	avg10=0.00	avg10=2.23	avg10=2.23	pgpgin=1563476880,pgpgout=2993177,pswpin=0,pswpout=0,	reads=1225953,sectors_read=81165116,writes=88353,sectors_written=5453274	default [performance] powersave powersupersave 
2026-09-13T14:02:00,293022795-04:00	125302556	0	0	0	0	0	avg10=0.00	avg10=0.00	avg10=2.23	avg10=2.23	pgpgin=1563476880,pgpgout=2993177,pswpin=0,pswpout=0,	reads=1225953,sectors_read=81165116,writes=88353,sectors_written=5453274	default [performance] powersave powersupersave 
2026-09-13T14:02:01,316055183-04:00	125205372	0	0	0	0	0	avg10=0.00	avg10=0.00	avg10=1.83	avg10=1.83	pgpgin=1563476880,pgpgout=2993177,pswpin=0,pswpout=0,	reads=1225953,sectors_read=81165116,writes=88353,sectors_written=5453274	default [performance] powersave powersupersave 
2026-09-13T14:02:02,340840144-04:00	125960812	0	0	0	0	0	avg10=0.00	avg10=0.00	avg10=1.83	avg10=1.83	pgpgin=1563477896,pgpgout=2993177,pswpin=0,pswpout=0,	reads=1226005,sectors_read=81167116,writes=88353,sectors_written=5453274	default [performance] powersave powersupersave 
2026-09-13T14:02:03,364725795-04:00	126976748	0	0	0	0	0	avg10=0.00	avg10=0.00	avg10=1.67	avg10=1.67	pgpgin=1563556592,pgpgout=2993177,pswpin=0,pswpout=0,	reads=1226424,sectors_read=81324508,writes=88353,sectors_written=5453274	default [performance] powersave powersupersave 
2026-09-13T14:02:04,388648454-04:00	126771040	0	0	0	0	0	avg10=0.00	avg10=0.00	avg10=1.67	avg10=1.67	pgpgin=1563556892,pgpgout=2993177,pswpin=0,pswpout=0,	reads=1226468,sectors_read=81325300,writes=88353,sectors_written=5453274	default [performance] powersave powersupersave 
2026-09-13T14:02:05,412152418-04:00	125999364	0	0	0	0	0	avg10=0.00	avg10=0.00	avg10=1.55	avg10=1.37	pgpgin=1563557736,pgpgout=2993177,pswpin=0,pswpout=0,	reads=1226510,sectors_read=81326796,writes=88353,sectors_written=5453274	default [performance] powersave powersupersave 
2026-09-13T14:02:06,431129413-04:00	124918120	0	0	0	0	0	avg10=0.00	avg10=0.00	avg10=1.55	avg10=1.37	pgpgin=1563562392,pgpgout=2993261,pswpin=0,pswpout=0,	reads=1226592,sectors_read=81336076,writes=88355,sectors_written=5453442	default [performance] powersave powersupersave 
2026-09-13T14:02:07,454549347-04:00	124539988	0	0	0	0	0	avg10=0.00	avg10=0.00	avg10=1.27	avg10=1.12	pgpgin=1563569688,pgpgout=2993261,pswpin=0,pswpout=0,	reads=1226825,sectors_read=81350668,writes=88355,sectors_written=5453442	default [performance] powersave powersupersave 
2026-09-13T14:02:08,481389318-04:00	126777916	0	0	0	0	0	avg10=0.00	avg10=0.00	avg10=1.27	avg10=1.12	pgpgin=1563602444,pgpgout=2993261,pswpin=0,pswpout=0,	reads=1228204,sectors_read=81416180,writes=88355,sectors_written=5453442	default [performance] powersave powersupersave 
2026-09-13T14:02:09,504515500-04:00	126630148	0	0	0	0	0	avg10=0.00	avg10=0.00	avg10=1.40	avg10=1.28	pgpgin=1563602444,pgpgout=2993261,pswpin=0,pswpout=0,	reads=1228204,sectors_read=81416180,writes=88355,sectors_written=5453442	default [performance] powersave powersupersave 
2026-09-13T14:02:10,528283017-04:00	126776088	0	0	0	0	0	avg10=0.00	avg10=0.00	avg10=1.40	avg10=1.28	pgpgin=1563602476,pgpgout=2993261,pswpin=0,pswpout=0,	reads=1228204,sectors_read=81416180,writes=88355,sectors_written=5453442	default [performance] powersave powersupersave 
2026-09-13T14:02:11,587707074-04:00	126582956	0	0	0	0	0	avg10=0.00	avg10=0.00	avg10=1.15	avg10=1.05	pgpgin=1563602508,pgpgout=2993261,pswpin=0,pswpout=0,	reads=1228209,sectors_read=81416244,writes=88355,sectors_written=5453442	default [performance] powersave powersupersave 
2026-09-13T14:02:12,646898693-04:00	126554908	0	0	0	0	0	avg10=0.00	avg10=0.00	avg10=1.15	avg10=1.05	pgpgin=1563602512,pgpgout=2993361,pswpin=0,pswpout=0,	reads=1228210,sectors_read=81416252,writes=88359,sectors_written=5453642	default [performance] powersave powersupersave 
2026-09-13T14:02:13,696766260-04:00	126453728	0	0	0	0	0	avg10=0.00	avg10=0.00	avg10=0.94	avg10=0.86	pgpgin=1563603672,pgpgout=2993369,pswpin=0,pswpout=0,	reads=1228297,sectors_read=81418572,writes=88361,sectors_written=5453658	default [performance] powersave powersupersave 
2026-09-13T14:02:14,757453169-04:00	126422556	0	0	0	0	0	avg10=0.00	avg10=0.00	avg10=0.94	avg10=0.86	pgpgin=1563603676,pgpgout=2993377,pswpin=0,pswpout=0,	reads=1228298,sectors_read=81418580,writes=88363,sectors_written=5453674	default [performance] powersave powersupersave 
2026-09-13T14:02:15,806646728-04:00	126312340	0	0	0	0	0	avg10=0.00	avg10=0.00	avg10=0.77	avg10=0.70	pgpgin=1563604260,pgpgout=2993385,pswpin=0,pswpout=0,	reads=1228338,sectors_read=81419748,writes=88365,sectors_written=5453690	default [performance] powersave powersupersave 
2026-09-13T14:02:16,859389848-04:00	126199724	0	0	0	0	0	avg10=0.00	avg10=0.00	avg10=0.77	avg10=0.70	pgpgin=1563619500,pgpgout=2993393,pswpin=0,pswpout=0,	reads=1228864,sectors_read=81450228,writes=88367,sectors_written=5453706	default [performance] powersave powersupersave 
2026-09-13T14:02:17,918990505-04:00	125972160	0	0	0	0	0	avg10=0.00	avg10=0.00	avg10=0.99	avg10=0.93	pgpgin=1563619568,pgpgout=2993497,pswpin=0,pswpout=0,	reads=1228870,sectors_read=81450364,writes=88371,sectors_written=5453914	default [performance] powersave powersupersave 
2026-09-13T14:02:18,976688917-04:00	125796340	0	0	0	0	0	avg10=0.00	avg10=0.00	avg10=0.99	avg10=0.93	pgpgin=1563620460,pgpgout=2993801,pswpin=0,pswpout=0,	reads=1228900,sectors_read=81452148,writes=88373,sectors_written=5453930	default [performance] powersave powersupersave 
2026-09-13T14:02:20,036751251-04:00	125583388	0	0	0	0	0	avg10=0.00	avg10=0.00	avg10=0.81	avg10=0.76	pgpgin=1563620468,pgpgout=2993809,pswpin=0,pswpout=0,	reads=1228902,sectors_read=81452164,writes=88375,sectors_written=5453946	default [performance] powersave powersupersave 
2026-09-13T14:02:21,096699601-04:00	125333740	0	0	0	0	0	avg10=0.00	avg10=0.00	avg10=0.66	avg10=0.62	pgpgin=1563621080,pgpgout=2994069,pswpin=0,pswpout=0,	reads=1228920,sectors_read=81453388,writes=88421,sectors_written=5454466	default [performance] powersave powersupersave 
2026-09-13T14:02:22,147348413-04:00	125021200	0	0	0	0	0	avg10=0.00	avg10=0.00	avg10=0.66	avg10=0.62	pgpgin=1563621092,pgpgout=2994077,pswpin=0,pswpout=0,	reads=1228921,sectors_read=81453412,writes=88423,sectors_written=5454482	default [performance] powersave powersupersave 
2026-09-13T14:02:23,200581973-04:00	124933100	0	0	0	0	0	avg10=0.00	avg10=0.00	avg10=0.54	avg10=0.51	pgpgin=1563621508,pgpgout=2994189,pswpin=0,pswpout=0,	reads=1228938,sectors_read=81454244,writes=88427,sectors_written=5454706	default [performance] powersave powersupersave 
2026-09-13T14:02:24,252467650-04:00	124908764	0	0	0	0	0	avg10=0.00	avg10=0.00	avg10=0.54	avg10=0.51	pgpgin=1563621904,pgpgout=2994197,pswpin=0,pswpout=0,	reads=1229006,sectors_read=81455036,writes=88429,sectors_written=5454722	default [performance] powersave powersupersave 
2026-09-13T14:02:25,305044155-04:00	124799752	0	0	0	0	0	avg10=0.00	avg10=0.00	avg10=0.62	avg10=0.60	pgpgin=1563621904,pgpgout=2994205,pswpin=0,pswpout=0,	reads=1229006,sectors_read=81455036,writes=88431,sectors_written=5454738	default [performance] powersave powersupersave 
2026-09-13T14:02:26,355722733-04:00	124623476	0	0	0	0	0	avg10=0.00	avg10=0.00	avg10=0.62	avg10=0.60	pgpgin=1563622772,pgpgout=2994237,pswpin=0,pswpout=0,	reads=1229039,sectors_read=81456772,writes=88435,sectors_written=5454802	default [performance] powersave powersupersave 
2026-09-13T14:02:27,409758830-04:00	124380720	0	0	0	0	0	avg10=0.00	avg10=0.00	avg10=0.51	avg10=0.49	pgpgin=1563622772,pgpgout=2994245,pswpin=0,pswpout=0,	reads=1229039,sectors_read=81456772,writes=88437,sectors_written=5454818	default [performance] powersave powersupersave 
2026-09-13T14:02:28,471319377-04:00	124283572	0	0	0	0	0	avg10=0.00	avg10=0.00	avg10=0.51	avg10=0.49	pgpgin=1563622772,pgpgout=2994365,pswpin=0,pswpout=0,	reads=1229039,sectors_read=81456772,writes=88441,sectors_written=5455058	default [performance] powersave powersupersave 
2026-09-13T14:02:29,523850957-04:00	124253340	0	0	0	0	0	avg10=0.00	avg10=0.00	avg10=0.42	avg10=0.40	pgpgin=1563622772,pgpgout=2994373,pswpin=0,pswpout=0,	reads=1229039,sectors_read=81456772,writes=88443,sectors_written=5455074	default [performance] powersave powersupersave 
2026-09-13T14:02:30,577353761-04:00	124148812	0	0	0	0	0	avg10=0.00	avg10=0.00	avg10=0.42	avg10=0.40	pgpgin=1563622772,pgpgout=2994381,pswpin=0,pswpout=0,	reads=1229039,sectors_read=81456772,writes=88445,sectors_written=5455090	default [performance] powersave powersupersave 
2026-09-13T14:02:31,629807454-04:00	123857540	0	0	0	0	0	avg10=0.00	avg10=0.00	avg10=0.34	avg10=0.33	pgpgin=1563626208,pgpgout=2994389,pswpin=0,pswpout=0,	reads=1229253,sectors_read=81463644,writes=88447,sectors_written=5455106	default [performance] powersave powersupersave 
2026-09-13T14:02:32,682568864-04:00	123310016	0	0	0	0	0	avg10=0.00	avg10=0.00	avg10=0.34	avg10=0.33	pgpgin=1563626264,pgpgout=2994397,pswpin=0,pswpout=0,	reads=1229258,sectors_read=81463756,writes=88449,sectors_written=5455122	default [performance] powersave powersupersave 
2026-09-13T14:02:33,744318887-04:00	123044132	0	0	0	0	0	avg10=0.00	avg10=0.00	avg10=0.28	avg10=0.27	pgpgin=1563626364,pgpgout=2994497,pswpin=0,pswpout=0,	reads=1229265,sectors_read=81463956,writes=88453,sectors_written=5455322	default [performance] powersave powersupersave 
2026-09-13T14:02:34,807637798-04:00	123005208	0	0	0	0	0	avg10=0.00	avg10=0.00	avg10=0.28	avg10=0.27	pgpgin=1563626368,pgpgout=2994505,pswpin=0,pswpout=0,	reads=1229266,sectors_read=81463964,writes=88455,sectors_written=5455338	default [performance] powersave powersupersave 
2026-09-13T14:02:35,859116898-04:00	122739028	0	0	0	0	0	avg10=0.00	avg10=0.00	avg10=0.23	avg10=0.22	pgpgin=1563626368,pgpgout=2994513,pswpin=0,pswpout=0,	reads=1229266,sectors_read=81463964,writes=88457,sectors_written=5455354	default [performance] powersave powersupersave 
2026-09-13T14:02:36,923768563-04:00	122238440	0	0	0	0	0	avg10=0.00	avg10=0.00	avg10=0.23	avg10=0.22	pgpgin=1563626372,pgpgout=2994521,pswpin=0,pswpout=0,	reads=1229267,sectors_read=81463972,writes=88459,sectors_written=5455370	default [performance] powersave powersupersave 
2026-09-13T14:02:37,979710249-04:00	121821856	0	0	0	0	0	avg10=0.00	avg10=0.00	avg10=0.18	avg10=0.18	pgpgin=1563626372,pgpgout=2994529,pswpin=0,pswpout=0,	reads=1229267,sectors_read=81463972,writes=88461,sectors_written=5455386	default [performance] powersave powersupersave 
2026-09-13T14:02:39,041350945-04:00	121797940	0	0	0	0	0	avg10=0.00	avg10=0.00	avg10=0.18	avg10=0.18	pgpgin=1563626372,pgpgout=2994645,pswpin=0,pswpout=0,	reads=1229267,sectors_read=81463972,writes=88465,sectors_written=5455618	default [performance] powersave powersupersave 
2026-09-13T14:02:40,097946540-04:00	121680224	0	0	0	0	0	avg10=0.00	avg10=0.00	avg10=0.15	avg10=0.14	pgpgin=1563626372,pgpgout=2994653,pswpin=0,pswpout=0,	reads=1229267,sectors_read=81463972,writes=88467,sectors_written=5455634	default [performance] powersave powersupersave 
2026-09-13T14:02:41,153998442-04:00	121211440	0	0	0	0	0	avg10=0.00	avg10=0.00	avg10=0.12	avg10=0.12	pgpgin=1563626372,pgpgout=2994661,pswpin=0,pswpout=0,	reads=1229267,sectors_read=81463972,writes=88469,sectors_written=5455650	default [performance] powersave powersupersave 
2026-09-13T14:02:42,210826764-04:00	120759300	0	0	0	0	0	avg10=0.00	avg10=0.00	avg10=0.12	avg10=0.12	pgpgin=1563626372,pgpgout=2994669,pswpin=0,pswpout=0,	reads=1229267,sectors_read=81463972,writes=88471,sectors_written=5455666	default [performance] powersave powersupersave 
2026-09-13T14:02:43,264379259-04:00	120551496	0	0	0	0	0	avg10=0.00	avg10=0.00	avg10=0.10	avg10=0.09	pgpgin=1563626372,pgpgout=2994677,pswpin=0,pswpout=0,	reads=1229267,sectors_read=81463972,writes=88473,sectors_written=5455682	default [performance] powersave powersupersave 
2026-09-13T14:02:44,319517794-04:00	120502220	0	0	0	0	0	avg10=0.00	avg10=0.00	avg10=0.10	avg10=0.09	pgpgin=1563626372,pgpgout=2994789,pswpin=0,pswpout=0,	reads=1229267,sectors_read=81463972,writes=88477,sectors_written=5455906	default [performance] powersave powersupersave 
2026-09-13T14:02:45,373519683-04:00	120376968	0	0	0	0	0	avg10=0.00	avg10=0.00	avg10=0.08	avg10=0.08	pgpgin=1563626372,pgpgout=2994797,pswpin=0,pswpout=0,	reads=1229267,sectors_read=81463972,writes=88479,sectors_written=5455922	default [performance] powersave powersupersave 
2026-09-13T14:02:46,427023556-04:00	120066148	0	0	0	0	0	avg10=0.00	avg10=0.00	avg10=0.08	avg10=0.08	pgpgin=1563626372,pgpgout=2994805,pswpin=0,pswpout=0,	reads=1229267,sectors_read=81463972,writes=88481,sectors_written=5455938	default [performance] powersave powersupersave 
2026-09-13T14:02:47,483759642-04:00	119799156	0	0	0	0	0	avg10=0.00	avg10=0.00	avg10=0.06	avg10=0.06	pgpgin=1563630084,pgpgout=2994813,pswpin=0,pswpout=0,	reads=1229344,sectors_read=81471396,writes=88483,sectors_written=5455954	default [performance] powersave powersupersave 
2026-09-13T14:02:48,541709339-04:00	117822280	0	0	0	0	0	avg10=0.00	avg10=0.00	avg10=0.06	avg10=0.06	pgpgin=1563630740,pgpgout=2994821,pswpin=0,pswpout=0,	reads=1229388,sectors_read=81472708,writes=88485,sectors_written=5455970	default [performance] powersave powersupersave 
2026-09-13T14:02:49,594032924-04:00	112013280	0	0	0	0	0	avg10=0.00	avg10=0.00	avg10=0.05	avg10=0.05	pgpgin=1563655088,pgpgout=2995021,pswpin=0,pswpout=0,	reads=1229796,sectors_read=81521404,writes=88489,sectors_written=5456202	default [performance] powersave powersupersave 
2026-09-13T14:02:50,664629548-04:00	89349408	0	0	0	0	0	avg10=0.00	avg10=0.00	avg10=0.05	avg10=0.05	pgpgin=1563655500,pgpgout=2995029,pswpin=0,pswpout=0,	reads=1229813,sectors_read=81522228,writes=88491,sectors_written=5456218	default [performance] powersave powersupersave 
2026-09-13T14:02:51,721372768-04:00	61955156	0	0	0	0	0	avg10=0.00	avg10=0.00	avg10=0.04	avg10=0.04	pgpgin=1563655500,pgpgout=2995037,pswpin=0,pswpout=0,	reads=1229813,sectors_read=81522228,writes=88493,sectors_written=5456234	default [performance] powersave powersupersave 
2026-09-13T14:02:52,774694898-04:00	42245668	0	0	0	0	0	avg10=0.00	avg10=0.00	avg10=0.04	avg10=0.04	pgpgin=1563672220,pgpgout=2995045,pswpin=0,pswpout=0,	reads=1229990,sectors_read=81555668,writes=88495,sectors_written=5456250	default [performance] powersave powersupersave 
2026-09-13T14:02:53,831085023-04:00	25436108	0	0	0	0	0	avg10=0.00	avg10=0.00	avg10=0.03	avg10=0.03	pgpgin=1563676208,pgpgout=2995053,pswpin=0,pswpout=0,	reads=1230045,sectors_read=81563644,writes=88497,sectors_written=5456266	default [performance] powersave powersupersave 
2026-09-13T14:02:54,932978813-04:00	18144248	0	0	0	0	0	avg10=0.00	avg10=0.00	avg10=0.03	avg10=0.03	pgpgin=1563844056,pgpgout=2995157,pswpin=0,pswpout=0,	reads=1230074,sectors_read=81564780,writes=88501,sectors_written=5456474	default [performance] powersave powersupersave 
2026-09-13T14:02:56,039202931-04:00	18211656	0	0	0	0	0	avg10=0.00	avg10=0.00	avg10=2.20	avg10=2.20	pgpgin=1564171776,pgpgout=2995165,pswpin=0,pswpout=0,	reads=1230075,sectors_read=81565036,writes=88503,sectors_written=5456490	default [performance] powersave powersupersave 
2026-09-13T14:02:57,172780434-04:00	18254516	0	0	0	0	0	avg10=0.00	avg10=0.00	avg10=9.05	avg10=9.05	pgpgin=1564534888,pgpgout=2995269,pswpin=0,pswpout=0,	reads=1230075,sectors_read=81565036,writes=88529,sectors_written=5456698	default [performance] powersave powersupersave 
2026-09-13T14:02:58,316208139-04:00	18282564	0	0	0	0	0	avg10=0.00	avg10=0.00	avg10=9.05	avg10=9.05	pgpgin=1564899052,pgpgout=2995277,pswpin=0,pswpout=0,	reads=1230080,sectors_read=81565316,writes=88531,sectors_written=5456714	default [performance] powersave powersupersave 
2026-09-13T14:02:59,438742167-04:00	18247452	0	0	0	0	0	avg10=0.00	avg10=0.00	avg10=15.20	avg10=15.20	pgpgin=1565252692,pgpgout=2995285,pswpin=0,pswpout=0,	reads=1230090,sectors_read=81565636,writes=88533,sectors_written=5456730	default [performance] powersave powersupersave 
2026-09-13T14:03:00,573784983-04:00	18384988	0	0	0	0	0	avg10=0.00	avg10=0.00	avg10=15.20	avg10=15.20	pgpgin=1565629700,pgpgout=2995381,pswpin=0,pswpout=0,	reads=1230090,sectors_read=81565636,writes=88537,sectors_written=5456922	default [performance] powersave powersupersave 
2026-09-13T14:03:01,695405875-04:00	18389192	0	0	0	0	0	avg10=0.00	avg10=0.00	avg10=20.60	avg10=20.59	pgpgin=1566035040,pgpgout=2995389,pswpin=0,pswpout=0,	reads=1230090,sectors_read=81565636,writes=88539,sectors_written=5456938	default [performance] powersave powersupersave 
2026-09-13T14:03:02,799508946-04:00	18394496	0	0	0	0	0	avg10=0.00	avg10=0.00	avg10=20.60	avg10=20.59	pgpgin=1566437748,pgpgout=2995397,pswpin=0,pswpout=0,	reads=1230090,sectors_read=81565636,writes=88541,sectors_written=5456954	default [performance] powersave powersupersave 
2026-09-13T14:03:03,902944671-04:00	18372636	0	0	0	0	0	avg10=0.00	avg10=0.00	avg10=25.74	avg10=25.56	pgpgin=1566809500,pgpgout=2995405,pswpin=0,pswpout=0,	reads=1230090,sectors_read=81565636,writes=88543,sectors_written=5456970	default [performance] powersave powersupersave 
2026-09-13T14:03:05,042663995-04:00	18374320	0	0	0	0	0	avg10=0.00	avg10=0.00	avg10=25.74	avg10=25.56	pgpgin=1567173056,pgpgout=2995413,pswpin=0,pswpout=0,	reads=1230090,sectors_read=81565636,writes=88545,sectors_written=5456986	default [performance] powersave powersupersave 
2026-09-13T14:03:06,189093218-04:00	18383568	0	0	0	0	0	avg10=0.00	avg10=0.00	avg10=29.05	avg10=28.72	pgpgin=1567541096,pgpgout=2995521,pswpin=0,pswpout=0,	reads=1230090,sectors_read=81565636,writes=88549,sectors_written=5457202	default [performance] powersave powersupersave 
2026-09-13T14:03:07,318138922-04:00	18377088	0	0	0	0	0	avg10=0.00	avg10=0.00	avg10=32.66	avg10=32.21	pgpgin=1567910308,pgpgout=2995537,pswpin=0,pswpout=0,	reads=1230090,sectors_read=81565636,writes=88552,sectors_written=5457234	default [performance] powersave powersupersave 
2026-09-13T14:03:08,462526859-04:00	18383468	0	0	0	0	0	avg10=0.00	avg10=0.00	avg10=32.66	avg10=32.21	pgpgin=1568291968,pgpgout=2995545,pswpin=0,pswpout=0,	reads=1230090,sectors_read=81565636,writes=88554,sectors_written=5457250	default [performance] powersave powersupersave 
2026-09-13T14:03:09,596464265-04:00	18387264	0	0	0	0	0	avg10=0.00	avg10=0.00	avg10=35.26	avg10=34.71	pgpgin=1568672360,pgpgout=2995553,pswpin=0,pswpout=0,	reads=1230090,sectors_read=81565636,writes=88556,sectors_written=5457266	default [performance] powersave powersupersave 
2026-09-13T14:03:10,701606076-04:00	18375864	0	0	0	0	0	avg10=0.00	avg10=0.00	avg10=35.26	avg10=34.71	pgpgin=1569040832,pgpgout=2995561,pswpin=0,pswpout=0,	reads=1230090,sectors_read=81565636,writes=88558,sectors_written=5457282	default [performance] powersave powersupersave 
2026-09-13T14:03:11,834535618-04:00	18380784	0	0	0	0	0	avg10=0.00	avg10=0.00	avg10=36.66	avg10=36.03	pgpgin=1569422496,pgpgout=2995681,pswpin=0,pswpout=0,	reads=1230090,sectors_read=81565636,writes=88562,sectors_written=5457522	default [performance] powersave powersupersave 
2026-09-13T14:03:12,989824881-04:00	18374036	0	0	0	0	0	avg10=0.00	avg10=0.00	avg10=36.66	avg10=36.03	pgpgin=1569805924,pgpgout=2995689,pswpin=0,pswpout=0,	reads=1230090,sectors_read=81565636,writes=88564,sectors_written=5457538	default [performance] powersave powersupersave 
2026-09-13T14:03:14,133002692-04:00	18368704	0	0	0	0	0	avg10=0.00	avg10=0.00	avg10=37.99	avg10=37.47	pgpgin=1570183736,pgpgout=2995697,pswpin=0,pswpout=0,	reads=1230090,sectors_read=81565636,writes=88566,sectors_written=5457554	default [performance] powersave powersupersave 
2026-09-13T14:03:15,273892262-04:00	18369924	0	0	0	0	0	avg10=0.00	avg10=0.00	avg10=40.53	avg10=39.92	pgpgin=1570566404,pgpgout=2995705,pswpin=0,pswpout=0,	reads=1230091,sectors_read=81565684,writes=88568,sectors_written=5457570	default [performance] powersave powersupersave 
2026-09-13T14:03:16,419887728-04:00	18373732	0	0	0	0	0	avg10=0.00	avg10=0.00	avg10=40.53	avg10=39.92	pgpgin=1570947236,pgpgout=2995713,pswpin=0,pswpout=0,	reads=1230091,sectors_read=81565684,writes=88570,sectors_written=5457586	default [performance] powersave powersupersave 
2026-09-13T14:03:17,572936689-04:00	18354480	0	0	0	0	0	avg10=0.00	avg10=0.00	avg10=40.43	avg10=39.93	pgpgin=1571335344,pgpgout=2995809,pswpin=0,pswpout=0,	reads=1230093,sectors_read=81565700,writes=88574,sectors_written=5457778	default [performance] powersave powersupersave 
2026-09-13T14:03:18,716203477-04:00	18366144	0	0	0	0	0	avg10=0.00	avg10=0.00	avg10=40.43	avg10=39.93	pgpgin=1571716680,pgpgout=2995817,pswpin=0,pswpout=0,	reads=1230093,sectors_read=81565700,writes=88576,sectors_written=5457794	default [performance] powersave powersupersave 
2026-09-13T14:03:19,861745289-04:00	18355248	0	0	0	0	0	avg10=0.00	avg10=0.00	avg10=41.44	avg10=41.03	pgpgin=1572097068,pgpgout=2995825,pswpin=0,pswpout=0,	reads=1230094,sectors_read=81565708,writes=88578,sectors_written=5457810	default [performance] powersave powersupersave 
2026-09-13T14:03:21,016085546-04:00	18370336	0	0	0	0	0	avg10=0.00	avg10=0.00	avg10=41.44	avg10=41.03	pgpgin=1572480444,pgpgout=2995921,pswpin=0,pswpout=0,	reads=1230094,sectors_read=81565708,writes=88580,sectors_written=5457826	default [performance] powersave powersupersave 
2026-09-13T14:03:22,172589760-04:00	18371572	0	0	0	0	0	avg10=0.00	avg10=0.00	avg10=42.08	avg10=41.57	pgpgin=1572863400,pgpgout=2995929,pswpin=0,pswpout=0,	reads=1230094,sectors_read=81565708,writes=88582,sectors_written=5457842	default [performance] powersave powersupersave 
2026-09-13T14:03:23,330955842-04:00	18343940	0	0	0	0	0	avg10=0.00	avg10=0.00	avg10=43.52	avg10=43.10	pgpgin=1573252628,pgpgout=2996025,pswpin=0,pswpout=0,	reads=1230094,sectors_read=81565708,writes=88586,sectors_written=5458034	default [performance] powersave powersupersave 
2026-09-13T14:03:24,477339145-04:00	18357788	0	0	0	0	0	avg10=0.00	avg10=0.00	avg10=43.52	avg10=43.10	pgpgin=1573641648,pgpgout=2996033,pswpin=0,pswpout=0,	reads=1230094,sectors_read=81565708,writes=88588,sectors_written=5458050	default [performance] powersave powersupersave 
2026-09-13T14:03:25,635131469-04:00	18344536	0	0	0	0	0	avg10=0.00	avg10=0.00	avg10=43.42	avg10=43.08	pgpgin=1574034868,pgpgout=2996041,pswpin=0,pswpout=0,	reads=1230094,sectors_read=81565708,writes=88590,sectors_written=5458066	default [performance] powersave powersupersave 
2026-09-13T14:03:26,788941879-04:00	18352820	0	0	0	0	0	avg10=0.00	avg10=0.00	avg10=43.42	avg10=43.08	pgpgin=1574431992,pgpgout=2996049,pswpin=0,pswpout=0,	reads=1230099,sectors_read=81565748,writes=88592,sectors_written=5458082	default [performance] powersave powersupersave 
2026-09-13T14:03:27,941514032-04:00	18324176	0	0	0	0	0	avg10=0.00	avg10=0.00	avg10=45.16	avg10=44.87	pgpgin=1574825432,pgpgout=2996057,pswpin=0,pswpout=0,	reads=1230099,sectors_read=81565748,writes=88594,sectors_written=5458098	default [performance] powersave powersupersave 
2026-09-13T14:03:29,094764349-04:00	18343540	0	0	0	0	0	avg10=0.00	avg10=0.00	avg10=45.49	avg10=45.08	pgpgin=1575211528,pgpgout=2996153,pswpin=0,pswpout=0,	reads=1230102,sectors_read=81565772,writes=88598,sectors_written=5458290	default [performance] powersave powersupersave 
2026-09-13T14:03:30,249553177-04:00	18335192	0	0	0	0	0	avg10=0.00	avg10=0.00	avg10=45.49	avg10=45.08	pgpgin=1575592592,pgpgout=2996161,pswpin=0,pswpout=0,	reads=1230102,sectors_read=81565772,writes=88600,sectors_written=5458306	default [performance] powersave powersupersave 
2026-09-13T14:03:31,400411428-04:00	18347832	0	0	0	0	0	avg10=0.00	avg10=0.00	avg10=45.40	avg10=44.88	pgpgin=1575977448,pgpgout=2996169,pswpin=0,pswpout=0,	reads=1230106,sectors_read=81565804,writes=88602,sectors_written=5458322	default [performance] powersave powersupersave 
2026-09-13T14:03:32,545762830-04:00	18343676	0	0	0	0	0	avg10=0.00	avg10=0.00	avg10=45.40	avg10=44.88	pgpgin=1576366448,pgpgout=2996237,pswpin=0,pswpout=0,	reads=1230106,sectors_read=81565804,writes=88617,sectors_written=5458458	default [performance] powersave powersupersave 
2026-09-13T14:03:33,687021821-04:00	18339632	0	0	0	0	0	avg10=0.00	avg10=0.00	avg10=45.69	avg10=45.26	pgpgin=1576758452,pgpgout=2996245,pswpin=0,pswpout=0,	reads=1230106,sectors_read=81565804,writes=88619,sectors_written=5458474	default [performance] powersave powersupersave 
2026-09-13T14:03:34,831588828-04:00	18330920	0	0	0	0	0	avg10=0.00	avg10=0.00	avg10=45.69	avg10=45.26	pgpgin=1577145112,pgpgout=2996341,pswpin=0,pswpout=0,	reads=1230106,sectors_read=81565804,writes=88623,sectors_written=5458666	default [performance] powersave powersupersave 
2026-09-13T14:03:35,968964851-04:00	18365904	0	0	0	0	0	avg10=0.00	avg10=0.00	avg10=45.56	avg10=45.22	pgpgin=1577531888,pgpgout=2996349,pswpin=0,pswpout=0,	reads=1230106,sectors_read=81565804,writes=88625,sectors_written=5458682	default [performance] powersave powersupersave 
2026-09-13T14:03:37,119432587-04:00	18028368	0	0	0	0	0	avg10=0.54	avg10=0.54	avg10=44.74	avg10=44.45	pgpgin=1577918480,pgpgout=2996357,pswpin=0,pswpout=0,	reads=1230145,sectors_read=81567052,writes=88627,sectors_written=5458698	default [performance] powersave powersupersave 
2026-09-13T14:03:38,257209994-04:00	18341920	0	0	0	0	0	avg10=0.54	avg10=0.54	avg10=44.74	avg10=44.45	pgpgin=1578309216,pgpgout=2996365,pswpin=0,pswpout=0,	reads=1230160,sectors_read=81567268,writes=88629,sectors_written=5458714	default [performance] powersave powersupersave 
2026-09-13T14:03:39,410579152-04:00	18344884	0	0	0	0	0	avg10=0.44	avg10=0.44	avg10=44.96	avg10=44.55	pgpgin=1578708852,pgpgout=2996373,pswpin=0,pswpout=0,	reads=1230160,sectors_read=81567268,writes=88631,sectors_written=5458730	default [performance] powersave powersupersave 
2026-09-13T14:03:40,567652401-04:00	18338480	0	0	0	0	0	avg10=0.44	avg10=0.44	avg10=44.96	avg10=44.55	pgpgin=1579099904,pgpgout=2996477,pswpin=0,pswpout=0,	reads=1230185,sectors_read=81568060,writes=88635,sectors_written=5458938	default [performance] powersave powersupersave 
2026-09-13T14:03:41,712236830-04:00	18364592	0	0	0	0	0	avg10=0.36	avg10=0.36	avg10=45.69	avg10=45.17	pgpgin=1579480460,pgpgout=2996485,pswpin=0,pswpout=0,	reads=1230199,sectors_read=81569012,writes=88637,sectors_written=5458954	default [performance] powersave powersupersave 
2026-09-13T14:03:42,859980456-04:00	18366912	0	0	0	0	0	avg10=0.36	avg10=0.36	avg10=45.69	avg10=45.17	pgpgin=1579868328,pgpgout=2996493,pswpin=0,pswpout=0,	reads=1230199,sectors_read=81569012,writes=88639,sectors_written=5458970	default [performance] powersave powersupersave 
2026-09-13T14:03:44,018003058-04:00	18357716	0	0	0	0	0	avg10=0.29	avg10=0.29	avg10=46.47	avg10=46.05	pgpgin=1580262192,pgpgout=2996501,pswpin=0,pswpout=0,	reads=1230254,sectors_read=81572196,writes=88641,sectors_written=5458986	default [performance] powersave powersupersave 
2026-09-13T14:03:45,177847374-04:00	18376892	0	0	0	0	0	avg10=2.41	avg10=2.41	avg10=45.84	avg10=45.49	pgpgin=1580463260,pgpgout=2996509,pswpin=0,pswpout=0,	reads=1230259,sectors_read=81572276,writes=88643,sectors_written=5459002	default [performance] powersave powersupersave 
2026-09-13T14:03:46,319726558-04:00	18367388	0	0	0	0	0	avg10=2.41	avg10=2.41	avg10=45.84	avg10=45.49	pgpgin=1580880688,pgpgout=2996613,pswpin=0,pswpout=0,	reads=1230411,sectors_read=81583500,writes=88647,sectors_written=5459210	default [performance] powersave powersupersave 
2026-09-13T14:03:47,462710507-04:00	18389344	0	0	0	0	0	avg10=2.34	avg10=2.34	avg10=44.60	avg10=44.14	pgpgin=1581282148,pgpgout=2996621,pswpin=0,pswpout=0,	reads=1230430,sectors_read=81584788,writes=88649,sectors_written=5459226	default [performance] powersave powersupersave 
2026-09-13T14:03:48,609347432-04:00	18370892	0	0	0	0	0	avg10=2.34	avg10=2.34	avg10=44.60	avg10=44.14	pgpgin=1581695600,pgpgout=2996629,pswpin=0,pswpout=0,	reads=1230527,sectors_read=81594660,writes=88651,sectors_written=5459242	default [performance] powersave powersupersave 
2026-09-13T14:03:49,753344715-04:00	18364064	0	0	0	0	0	avg10=2.09	avg10=2.09	avg10=43.77	avg10=43.39	pgpgin=1582095932,pgpgout=2996637,pswpin=0,pswpout=0,	reads=1230528,sectors_read=81594668,writes=88653,sectors_written=5459258	default [performance] powersave powersupersave 
2026-09-13T14:03:50,895771347-04:00	18358068	0	0	0	0	0	avg10=2.09	avg10=2.09	avg10=43.77	avg10=43.39	pgpgin=1582486388,pgpgout=2996645,pswpin=0,pswpout=0,	reads=1230538,sectors_read=81595212,writes=88655,sectors_written=5459274	default [performance] powersave powersupersave 
2026-09-13T14:03:52,050417963-04:00	18361024	0	0	0	0	0	avg10=1.89	avg10=1.89	avg10=43.63	avg10=43.13	pgpgin=1582881464,pgpgout=2996789,pswpin=0,pswpout=0,	reads=1230538,sectors_read=81595212,writes=88659,sectors_written=5459490	default [performance] powersave powersupersave 
2026-09-13T14:03:53,193738875-04:00	18356296	0	0	0	0	0	avg10=2.28	avg10=2.28	avg10=42.79	avg10=42.38	pgpgin=1583282484,pgpgout=2996797,pswpin=0,pswpout=0,	reads=1230568,sectors_read=81596748,writes=88661,sectors_written=5459506	default [performance] powersave powersupersave 
2026-09-13T14:03:54,328724892-04:00	18365872	0	0	0	0	0	avg10=2.28	avg10=2.28	avg10=42.79	avg10=42.38	pgpgin=1583681196,pgpgout=2996805,pswpin=0,pswpout=0,	reads=1230596,sectors_read=81599076,writes=88663,sectors_written=5459522	default [performance] powersave powersupersave 
2026-09-13T14:03:55,485310612-04:00	18360540	0	0	0	0	0	avg10=2.04	avg10=2.04	avg10=42.83	avg10=42.49	pgpgin=1584069888,pgpgout=2996813,pswpin=0,pswpout=0,	reads=1230599,sectors_read=81599460,writes=88665,sectors_written=5459538	default [performance] powersave powersupersave 
2026-09-13T14:03:56,636399421-04:00	18353148	0	0	0	0	0	avg10=2.04	avg10=2.04	avg10=42.83	avg10=42.49	pgpgin=1584445440,pgpgout=2996821,pswpin=0,pswpout=0,	reads=1230599,sectors_read=81599460,writes=88667,sectors_written=5459554	default [performance] powersave powersupersave 
2026-09-13T14:03:57,786243661-04:00	18367236	0	0	0	0	0	avg10=1.85	avg10=1.85	avg10=43.04	avg10=42.58	pgpgin=1584826668,pgpgout=2996913,pswpin=0,pswpout=0,	reads=1230599,sectors_read=81599460,writes=88671,sectors_written=5459738	default [performance] powersave powersupersave 
2026-09-13T14:03:58,943005731-04:00	18364792	0	0	0	0	0	avg10=1.85	avg10=1.85	avg10=43.04	avg10=42.58	pgpgin=1585215176,pgpgout=2996921,pswpin=0,pswpout=0,	reads=1230639,sectors_read=81602900,writes=88673,sectors_written=5459754	default [performance] powersave powersupersave 
2026-09-13T14:04:00,094658510-04:00	18384072	0	0	0	0	0	avg10=1.70	avg10=1.70	avg10=43.21	avg10=42.66	pgpgin=1585615936,pgpgout=2996929,pswpin=0,pswpout=0,	reads=1230649,sectors_read=81604028,writes=88675,sectors_written=5459770	default [performance] powersave powersupersave 
2026-09-13T14:04:01,241868188-04:00	18346724	0	0	0	0	0	avg10=1.57	avg10=1.57	avg10=44.26	avg10=43.63	pgpgin=1586030296,pgpgout=2996937,pswpin=0,pswpout=0,	reads=1230659,sectors_read=81604516,writes=88677,sectors_written=5459786	default [performance] powersave powersupersave 
2026-09-13T14:04:02,386492538-04:00	18364944	0	0	0	0	0	avg10=1.57	avg10=1.57	avg10=44.26	avg10=43.63	pgpgin=1586435328,pgpgout=2996945,pswpin=0,pswpout=0,	reads=1230664,sectors_read=81604636,writes=88679,sectors_written=5459802	default [performance] powersave powersupersave 
2026-09-13T14:04:03,545180466-04:00	18336708	0	0	0	0	0	avg10=1.28	avg10=1.28	avg10=44.75	avg10=44.24	pgpgin=1586839888,pgpgout=2997029,pswpin=0,pswpout=0,	reads=1230664,sectors_read=81604636,writes=88683,sectors_written=5459970	default [performance] powersave powersupersave 
2026-09-13T14:04:04,702687686-04:00	18339680	0	0	0	0	0	avg10=1.28	avg10=1.28	avg10=44.75	avg10=44.24	pgpgin=1587250200,pgpgout=2997037,pswpin=0,pswpout=0,	reads=1230665,sectors_read=81604644,writes=88685,sectors_written=5459986	default [performance] powersave powersupersave 
2026-09-13T14:04:05,854000965-04:00	18346668	0	0	0	0	0	avg10=1.05	avg10=1.05	avg10=44.62	avg10=44.19	pgpgin=1587647572,pgpgout=2997045,pswpin=0,pswpout=0,	reads=1230665,sectors_read=81604644,writes=88687,sectors_written=5460002	default [performance] powersave powersupersave 
2026-09-13T14:04:07,003697716-04:00	18338920	0	0	0	0	0	avg10=1.05	avg10=1.05	avg10=44.62	avg10=44.19	pgpgin=1588030812,pgpgout=2997053,pswpin=0,pswpout=0,	reads=1230678,sectors_read=81605260,writes=88689,sectors_written=5460018	default [performance] powersave powersupersave 
2026-09-13T14:04:08,150406601-04:00	18351852	0	0	0	0	0	avg10=0.86	avg10=0.86	avg10=45.23	avg10=44.88	pgpgin=1588407620,pgpgout=2997097,pswpin=0,pswpout=0,	reads=1230678,sectors_read=81605260,writes=88700,sectors_written=5460106	default [performance] powersave powersupersave 
2026-09-13T14:04:09,287192629-04:00	18348052	0	0	0	0	0	avg10=0.70	avg10=0.70	avg10=45.91	avg10=45.63	pgpgin=1588787372,pgpgout=2997209,pswpin=0,pswpout=0,	reads=1230678,sectors_read=81605260,writes=88704,sectors_written=5460330	default [performance] powersave powersupersave 
2026-09-13T14:04:10,430177355-04:00	18342092	0	0	0	0	0	avg10=0.70	avg10=0.70	avg10=45.91	avg10=45.63	pgpgin=1589158136,pgpgout=2997217,pswpin=0,pswpout=0,	reads=1230678,sectors_read=81605260,writes=88706,sectors_written=5460346	default [performance] powersave powersupersave 
2026-09-13T14:04:11,577961130-04:00	18330896	0	0	0	0	0	avg10=0.57	avg10=0.57	avg10=46.65	avg10=46.42	pgpgin=1589533088,pgpgout=2997225,pswpin=0,pswpout=0,	reads=1230678,sectors_read=81605260,writes=88708,sectors_written=5460362	default [performance] powersave powersupersave 
2026-09-13T14:04:12,722396583-04:00	18331156	0	0	0	0	0	avg10=0.57	avg10=0.57	avg10=46.65	avg10=46.42	pgpgin=1589918692,pgpgout=2997233,pswpin=0,pswpout=0,	reads=1230678,sectors_read=81605260,writes=88710,sectors_written=5460378	default [performance] powersave powersupersave 
2026-09-13T14:04:13,861603880-04:00	18307012	0	0	0	0	0	avg10=0.47	avg10=0.47	avg10=47.44	avg10=47.25	pgpgin=1590297940,pgpgout=2997241,pswpin=0,pswpout=0,	reads=1230801,sectors_read=81612820,writes=88712,sectors_written=5460394	default [performance] powersave powersupersave 
2026-09-13T14:04:15,013759049-04:00	18313916	0	0	0	0	0	avg10=0.47	avg10=0.47	avg10=47.44	avg10=47.25	pgpgin=1590681020,pgpgout=2997333,pswpin=0,pswpout=0,	reads=1230864,sectors_read=81621532,writes=88716,sectors_written=5460578	default [performance] powersave powersupersave 
2026-09-13T14:04:16,161592446-04:00	18348608	0	0	0	0	0	avg10=0.38	avg10=0.38	avg10=47.18	avg10=46.84	pgpgin=1591067408,pgpgout=2997341,pswpin=0,pswpout=0,	reads=1230864,sectors_read=81621532,writes=88718,sectors_written=5460594	default [performance] powersave powersupersave 
2026-09-13T14:04:17,307906017-04:00	18366608	0	0	0	0	0	avg10=0.31	avg10=0.31	avg10=47.14	avg10=46.69	pgpgin=1591472168,pgpgout=2997349,pswpin=0,pswpout=0,	reads=1230877,sectors_read=81622860,writes=88720,sectors_written=5460610	default [performance] powersave powersupersave 
2026-09-13T14:04:18,452331460-04:00	18359400	0	0	0	0	0	avg10=0.31	avg10=0.31	avg10=47.14	avg10=46.69	pgpgin=1591878392,pgpgout=2997357,pswpin=0,pswpout=0,	reads=1230877,sectors_read=81622860,writes=88722,sectors_written=5460626	default [performance] powersave powersupersave 
2026-09-13T14:04:19,594190589-04:00	18351688	0	0	0	0	0	avg10=0.25	avg10=0.25	avg10=46.94	avg10=46.56	pgpgin=1592276892,pgpgout=2997365,pswpin=0,pswpout=0,	reads=1230877,sectors_read=81622860,writes=88724,sectors_written=5460642	default [performance] powersave powersupersave 
2026-09-13T14:04:20,744182812-04:00	18365992	0	0	0	0	0	avg10=0.25	avg10=0.25	avg10=46.94	avg10=46.56	pgpgin=1592679392,pgpgout=2997453,pswpin=0,pswpout=0,	reads=1230877,sectors_read=81622860,writes=88728,sectors_written=5460818	default [performance] powersave powersupersave 
2026-09-13T14:04:21,914769178-04:00	18199716	0	0	0	0	0	avg10=0.21	avg10=0.21	avg10=45.86	avg10=45.37	pgpgin=1593063028,pgpgout=2997461,pswpin=0,pswpout=0,	reads=1230882,sectors_read=81623076,writes=88730,sectors_written=5460834	default [performance] powersave powersupersave 
2026-09-13T14:04:23,060668930-04:00	18339188	0	0	0	0	0	avg10=0.21	avg10=0.21	avg10=45.86	avg10=45.37	pgpgin=1593451564,pgpgout=2997509,pswpin=0,pswpout=0,	reads=1230882,sectors_read=81623076,writes=88732,sectors_written=5460850	default [performance] powersave powersupersave 
2026-09-13T14:04:24,224097213-04:00	18001896	0	0	0	0	0	avg10=0.35	avg10=0.35	avg10=46.25	avg10=45.85	pgpgin=1593836236,pgpgout=2997517,pswpin=0,pswpout=0,	reads=1230890,sectors_read=81623708,writes=88734,sectors_written=5460866	default [performance] powersave powersupersave 
2026-09-13T14:04:25,380365270-04:00	18355712	0	0	0	0	0	avg10=0.65	avg10=0.65	avg10=46.02	avg10=45.69	pgpgin=1594234028,pgpgout=2997525,pswpin=0,pswpout=0,	reads=1230950,sectors_read=81633172,writes=88736,sectors_written=5460882	default [performance] powersave powersupersave 
2026-09-13T14:04:26,542797290-04:00	18333192	0	0	0	0	0	avg10=0.65	avg10=0.65	avg10=46.02	avg10=45.69	pgpgin=1594634356,pgpgout=2997641,pswpin=0,pswpout=0,	reads=1230950,sectors_read=81633172,writes=88740,sectors_written=5461114	default [performance] powersave powersupersave 
2026-09-13T14:04:27,678941819-04:00	18338100	0	0	0	0	0	avg10=0.53	avg10=0.53	avg10=46.20	avg10=45.93	pgpgin=1595030768,pgpgout=2997649,pswpin=0,pswpout=0,	reads=1230950,sectors_read=81633172,writes=88742,sectors_written=5461130	default [performance] powersave powersupersave 
2026-09-13T14:04:28,831470627-04:00	18339732	0	0	0	0	0	avg10=0.53	avg10=0.53	avg10=46.20	avg10=45.93	pgpgin=1595423452,pgpgout=2997657,pswpin=0,pswpout=0,	reads=1230951,sectors_read=81633180,writes=88744,sectors_written=5461146	default [performance] powersave powersupersave 
2026-09-13T14:04:29,962926214-04:00	18337272	0	0	0	0	0	avg10=0.43	avg10=0.43	avg10=46.16	avg10=45.94	pgpgin=1595807504,pgpgout=2997665,pswpin=0,pswpout=0,	reads=1230951,sectors_read=81633180,writes=88746,sectors_written=5461162	default [performance] powersave powersupersave 
2026-09-13T14:04:31,096950076-04:00	18317512	0	0	0	0	0	avg10=0.43	avg10=0.43	avg10=46.16	avg10=45.94	pgpgin=1596191366,pgpgout=2997673,pswpin=0,pswpout=0,	reads=1230979,sectors_read=81637252,writes=88748,sectors_written=5461178	default [performance] powersave powersupersave 
2026-09-13T14:04:32,235377554-04:00	18321344	0	0	0	0	0	avg10=0.35	avg10=0.35	avg10=45.22	avg10=45.04	pgpgin=1596570766,pgpgout=2997777,pswpin=0,pswpout=0,	reads=1230982,sectors_read=81637324,writes=88752,sectors_written=5461386	default [performance] powersave powersupersave 
2026-09-13T14:04:33,395895375-04:00	18341392	0	0	0	0	0	avg10=0.47	avg10=0.47	avg10=45.00	avg10=44.67	pgpgin=1596985770,pgpgout=2997785,pswpin=0,pswpout=0,	reads=1231008,sectors_read=81638388,writes=88754,sectors_written=5461402	default [performance] powersave powersupersave 
2026-09-13T14:04:34,545011550-04:00	18353392	0	0	0	0	0	avg10=0.47	avg10=0.47	avg10=45.00	avg10=44.67	pgpgin=1597271978,pgpgout=2997793,pswpin=0,pswpout=0,	reads=1231121,sectors_read=81646676,writes=88756,sectors_written=5461418	default [performance] powersave powersupersave 
2026-09-13T14:04:35,676765887-04:00	18343484	0	0	0	0	0	avg10=2.01	avg10=2.01	avg10=45.00	avg10=44.37	pgpgin=1597655162,pgpgout=2997801,pswpin=0,pswpout=0,	reads=1231121,sectors_read=81646676,writes=88758,sectors_written=5461434	default [performance] powersave powersupersave 
2026-09-13T14:04:36,831167213-04:00	18347884	0	0	0	0	0	avg10=2.01	avg10=2.01	avg10=45.00	avg10=44.37	pgpgin=1598039158,pgpgout=2997809,pswpin=0,pswpout=0,	reads=1231121,sectors_read=81646676,writes=88760,sectors_written=5461450	default [performance] powersave powersupersave 
2026-09-13T14:04:37,991087511-04:00	18350800	0	0	0	0	0	avg10=1.65	avg10=1.65	avg10=45.54	avg10=45.03	pgpgin=1598430722,pgpgout=2997917,pswpin=0,pswpout=0,	reads=1231169,sectors_read=81652092,writes=88764,sectors_written=5461666	default [performance] powersave powersupersave 
2026-09-13T14:04:39,142974201-04:00	18344408	0	0	0	0	0	avg10=1.35	avg10=1.35	avg10=45.08	avg10=44.66	pgpgin=1598822346,pgpgout=2997925,pswpin=0,pswpout=0,	reads=1231169,sectors_read=81652092,writes=88766,sectors_written=5461682	default [performance] powersave powersupersave 
2026-09-13T14:04:40,295139625-04:00	18318792	0	0	0	0	0	avg10=1.35	avg10=1.35	avg10=45.08	avg10=44.66	pgpgin=1599213910,pgpgout=2997933,pswpin=0,pswpout=0,	reads=1231865,sectors_read=81667828,writes=88768,sectors_written=5461698	default [performance] powersave powersupersave 
2026-09-13T14:04:41,447171327-04:00	18341332	0	0	0	0	0	avg10=1.28	avg10=1.28	avg10=46.15	avg10=45.81	pgpgin=1599610710,pgpgout=2997941,pswpin=0,pswpout=0,	reads=1231865,sectors_read=81667828,writes=88770,sectors_written=5461714	default [performance] powersave powersupersave 
2026-09-13T14:04:42,601884258-04:00	18344556	0	0	0	0	0	avg10=1.28	avg10=1.28	avg10=46.15	avg10=45.81	pgpgin=1600005354,pgpgout=2997949,pswpin=0,pswpout=0,	reads=1231867,sectors_read=81667844,writes=88772,sectors_written=5461730	default [performance] powersave powersupersave 
2026-09-13T14:04:43,748797411-04:00	18380316	0	0	0	0	0	avg10=1.05	avg10=1.05	avg10=46.49	avg10=46.02	pgpgin=1600394022,pgpgout=2998041,pswpin=0,pswpout=0,	reads=1231867,sectors_read=81667844,writes=88776,sectors_written=5461914	default [performance] powersave powersupersave 
2026-09-13T14:04:44,899497100-04:00	18308612	0	0	0	0	0	avg10=1.05	avg10=1.05	avg10=46.49	avg10=46.02	pgpgin=1600774922,pgpgout=2998153,pswpin=0,pswpout=0,	reads=1231867,sectors_read=81667844,writes=88801,sectors_written=5462138	default [performance] powersave powersupersave 
2026-09-13T14:04:46,056194048-04:00	18188928	0	0	0	0	0	avg10=0.86	avg10=0.86	avg10=45.67	avg10=45.11	pgpgin=1601163090,pgpgout=2998161,pswpin=0,pswpout=0,	reads=1231867,sectors_read=81667844,writes=88803,sectors_written=5462154	default [performance] powersave powersupersave 
2026-09-13T14:04:47,202518774-04:00	18335820	0	0	0	0	0	avg10=0.70	avg10=0.70	avg10=46.46	avg10=45.81	pgpgin=1601559546,pgpgout=2998169,pswpin=0,pswpout=0,	reads=1231867,sectors_read=81667844,writes=88805,sectors_written=5462170	default [performance] powersave powersupersave 
2026-09-13T14:04:48,347145730-04:00	18331776	0	0	0	0	0	avg10=0.70	avg10=0.70	avg10=46.46	avg10=45.81	pgpgin=1601953914,pgpgout=2998177,pswpin=0,pswpout=0,	reads=1231867,sectors_read=81667844,writes=88807,sectors_written=5462186	default [performance] powersave powersupersave 
2026-09-13T14:04:49,495363453-04:00	18350244	0	0	0	0	0	avg10=0.57	avg10=0.57	avg10=46.73	avg10=46.03	pgpgin=1602343442,pgpgout=2998269,pswpin=0,pswpout=0,	reads=1231867,sectors_read=81667844,writes=88811,sectors_written=5462370	default [performance] powersave powersupersave 
2026-09-13T14:04:50,634013435-04:00	18341496	0	0	0	0	0	avg10=0.57	avg10=0.57	avg10=46.73	avg10=46.03	pgpgin=1602747514,pgpgout=2998277,pswpin=0,pswpout=0,	reads=1231867,sectors_read=81667844,writes=88813,sectors_written=5462386	default [performance] powersave powersupersave 
2026-09-13T14:04:51,785170472-04:00	18331692	0	0	0	0	0	avg10=0.47	avg10=0.47	avg10=46.60	avg10=45.84	pgpgin=1603158434,pgpgout=2998285,pswpin=0,pswpout=0,	reads=1231869,sectors_read=81668356,writes=88815,sectors_written=5462402	default [performance] powersave powersupersave 
2026-09-13T14:04:52,927587013-04:00	18327624	0	0	0	0	0	avg10=0.47	avg10=0.47	avg10=46.60	avg10=45.84	pgpgin=1603548778,pgpgout=2998293,pswpin=0,pswpout=0,	reads=1231869,sectors_read=81668356,writes=88817,sectors_written=5462418	default [performance] powersave powersupersave 
2026-09-13T14:04:54,075158661-04:00	18347404	0	0	0	0	0	avg10=0.38	avg10=0.38	avg10=46.85	avg10=46.05	pgpgin=1603949606,pgpgout=2998341,pswpin=0,pswpout=0,	reads=1231869,sectors_read=81668356,writes=88819,sectors_written=5462434	default [performance] powersave powersupersave 
2026-09-13T14:04:55,235716594-04:00	18344160	0	0	0	0	0	avg10=0.31	avg10=0.31	avg10=46.70	avg10=46.04	pgpgin=1604334702,pgpgout=2998421,pswpin=0,pswpout=0,	reads=1231869,sectors_read=81668356,writes=88823,sectors_written=5462594	default [performance] powersave powersupersave 
2026-09-13T14:04:56,395366450-04:00	18333660	0	0	0	0	0	avg10=0.31	avg10=0.31	avg10=46.70	avg10=46.04	pgpgin=1604718594,pgpgout=2998429,pswpin=0,pswpout=0,	reads=1231869,sectors_read=81668356,writes=88825,sectors_written=5462610	default [performance] powersave powersupersave 
2026-09-13T14:04:57,543966471-04:00	18270244	0	0	0	0	0	avg10=0.25	avg10=0.25	avg10=46.57	avg10=45.85	pgpgin=1605096298,pgpgout=2998437,pswpin=0,pswpout=0,	reads=1231869,sectors_read=81668356,writes=88827,sectors_written=5462626	default [performance] powersave powersupersave 
2026-09-13T14:04:58,690186959-04:00	18335220	0	0	0	0	0	avg10=0.25	avg10=0.25	avg10=46.57	avg10=45.85	pgpgin=1605503138,pgpgout=2998445,pswpin=0,pswpout=0,	reads=1231994,sectors_read=81680684,writes=88829,sectors_written=5462642	default [performance] powersave powersupersave 
2026-09-13T14:04:59,841481543-04:00	18320164	0	0	0	0	0	avg10=0.21	avg10=0.21	avg10=46.65	avg10=45.88	pgpgin=1605903446,pgpgout=2998453,pswpin=0,pswpout=0,	reads=1231994,sectors_read=81680684,writes=88831,sectors_written=5462658	default [performance] powersave powersupersave 
2026-09-13T14:05:01,005508053-04:00	18303980	0	0	0	0	0	avg10=0.21	avg10=0.21	avg10=46.65	avg10=45.88	pgpgin=1606297770,pgpgout=2998553,pswpin=0,pswpout=0,	reads=1231994,sectors_read=81680684,writes=88835,sectors_written=5462858	default [performance] powersave powersupersave 
2026-09-13T14:05:02,161461902-04:00	18197920	0	0	0	0	0	avg10=0.35	avg10=0.35	avg10=46.17	avg10=45.35	pgpgin=1606710578,pgpgout=2998561,pswpin=0,pswpout=0,	reads=1232271,sectors_read=81708268,writes=88837,sectors_written=5462874	default [performance] powersave powersupersave 
2026-09-13T14:05:03,311449709-04:00	18300140	0	0	0	0	0	avg10=0.29	avg10=0.29	avg10=46.50	avg10=45.83	pgpgin=1607108482,pgpgout=2998569,pswpin=0,pswpout=0,	reads=1232271,sectors_read=81708268,writes=88839,sectors_written=5462890	default [performance] powersave powersupersave 
2026-09-13T14:05:04,453985051-04:00	18314720	0	0	0	0	0	avg10=0.29	avg10=0.29	avg10=46.50	avg10=45.83	pgpgin=1607502286,pgpgout=2998577,pswpin=0,pswpout=0,	reads=1232271,sectors_read=81708268,writes=88841,sectors_written=5462906	default [performance] powersave powersupersave 
2026-09-13T14:05:05,597688558-04:00	18308356	0	0	0	0	0	avg10=0.23	avg10=0.23	avg10=46.59	avg10=45.86	pgpgin=1607891722,pgpgout=2998585,pswpin=0,pswpout=0,	reads=1232271,sectors_read=81708268,writes=88843,sectors_written=5462922	default [performance] powersave powersupersave 
2026-09-13T14:05:06,741181148-04:00	18306100	0	0	0	0	0	avg10=0.23	avg10=0.23	avg10=46.59	avg10=45.86	pgpgin=1608271074,pgpgout=2998701,pswpin=0,pswpout=0,	reads=1232271,sectors_read=81708268,writes=88847,sectors_written=5463154	default [performance] powersave powersupersave 
2026-09-13T14:05:07,886874505-04:00	18293056	0	0	0	0	0	avg10=0.19	avg10=0.19	avg10=47.75	avg10=46.97	pgpgin=1608642267,pgpgout=2998709,pswpin=0,pswpout=0,	reads=1232276,sectors_read=81709036,writes=88849,sectors_written=5463170	default [performance] powersave powersupersave 
2026-09-13T14:05:09,034411615-04:00	18304724	0	0	0	0	0	avg10=0.19	avg10=0.19	avg10=47.75	avg10=46.97	pgpgin=1609023595,pgpgout=2998717,pswpin=0,pswpout=0,	reads=1232276,sectors_read=81709036,writes=88851,sectors_written=5463186	default [performance] powersave powersupersave 
2026-09-13T14:05:10,170395544-04:00	18301484	0	0	0	0	0	avg10=0.15	avg10=0.15	avg10=47.61	avg10=46.80	pgpgin=1609410315,pgpgout=2998725,pswpin=0,pswpout=0,	reads=1232276,sectors_read=81709036,writes=88853,sectors_written=5463202	default [performance] powersave powersupersave 
2026-09-13T14:05:11,324847369-04:00	18292284	0	0	0	0	0	avg10=0.12	avg10=0.12	avg10=47.86	avg10=47.01	pgpgin=1609795715,pgpgout=2998733,pswpin=0,pswpout=0,	reads=1232276,sectors_read=81709036,writes=88855,sectors_written=5463218	default [performance] powersave powersupersave 
2026-09-13T14:05:12,466734852-04:00	18298560	0	0	0	0	0	avg10=0.12	avg10=0.12	avg10=47.86	avg10=47.01	pgpgin=1610185031,pgpgout=2998837,pswpin=0,pswpout=0,	reads=1232281,sectors_read=81709092,writes=88859,sectors_written=5463426	default [performance] powersave powersupersave 
2026-09-13T14:05:13,618790293-04:00	18308996	0	0	0	0	0	avg10=0.46	avg10=0.46	avg10=47.52	avg10=46.65	pgpgin=1610592079,pgpgout=2998845,pswpin=0,pswpout=0,	reads=1232292,sectors_read=81709436,writes=88861,sectors_written=5463442	default [performance] powersave powersupersave 
2026-09-13T14:05:14,762962399-04:00	18331792	0	0	0	0	0	avg10=0.46	avg10=0.46	avg10=47.52	avg10=46.65	pgpgin=1610989787,pgpgout=2999069,pswpin=0,pswpout=0,	reads=1232300,sectors_read=81709908,writes=88892,sectors_written=5463890	default [performance] powersave powersupersave 
2026-09-13T14:05:15,918025412-04:00	18262284	0	0	0	0	0	avg10=0.56	avg10=0.56	avg10=45.98	avg10=45.26	pgpgin=1611392503,pgpgout=2999077,pswpin=0,pswpout=0,	reads=1232348,sectors_read=81718356,writes=88894,sectors_written=5463906	default [performance] powersave powersupersave 
2026-09-13T14:05:17,080340403-04:00	18319892	0	0	0	0	0	avg10=0.56	avg10=0.56	avg10=45.98	avg10=45.26	pgpgin=1611766759,pgpgout=2999085,pswpin=0,pswpout=0,	reads=1232356,sectors_read=81718940,writes=88896,sectors_written=5463922	default [performance] powersave powersupersave 
2026-09-13T14:05:18,230161374-04:00	18036296	0	0	0	0	0	avg10=1.18	avg10=1.18	avg10=44.89	avg10=44.13	pgpgin=1612156903,pgpgout=2999093,pswpin=0,pswpout=0,	reads=1232363,sectors_read=81719220,writes=88898,sectors_written=5463938	default [performance] powersave powersupersave 
2026-09-13T14:05:19,395126740-04:00	18300700	0	0	0	0	0	avg10=0.97	avg10=0.97	avg10=45.46	avg10=44.65	pgpgin=1612547547,pgpgout=2999101,pswpin=0,pswpout=0,	reads=1232364,sectors_read=81719228,writes=88900,sectors_written=5463954	default [performance] powersave powersupersave 
2026-09-13T14:05:20,560640300-04:00	18268456	0	0	0	0	0	avg10=0.97	avg10=0.97	avg10=45.46	avg10=44.65	pgpgin=1612935139,pgpgout=2999265,pswpin=0,pswpout=0,	reads=1232364,sectors_read=81719228,writes=88919,sectors_written=5464282	default [performance] powersave powersupersave 
2026-09-13T14:05:21,732048617-04:00	18273304	0	0	0	0	0	avg10=0.97	avg10=0.97	avg10=46.64	avg10=45.80	pgpgin=1613311823,pgpgout=2999273,pswpin=0,pswpout=0,	reads=1232369,sectors_read=81719276,writes=88921,sectors_written=5464298	default [performance] powersave powersupersave 
2026-09-13T14:05:22,889076511-04:00	18251164	0	0	0	0	0	avg10=0.97	avg10=0.97	avg10=46.64	avg10=45.80	pgpgin=1613692199,pgpgout=2999281,pswpin=0,pswpout=0,	reads=1232369,sectors_read=81719276,writes=88923,sectors_written=5464314	default [performance] powersave powersupersave 
2026-09-13T14:05:24,044957058-04:00	18308560	0	0	0	0	0	avg10=0.80	avg10=0.80	avg10=47.43	avg10=46.56	pgpgin=1614068247,pgpgout=2999289,pswpin=0,pswpout=0,	reads=1232370,sectors_read=81719284,writes=88925,sectors_written=5464330	default [performance] powersave powersupersave 
2026-09-13T14:05:25,186092173-04:00	18280004	0	0	0	0	0	avg10=0.83	avg10=0.83	avg10=47.53	avg10=46.82	pgpgin=1614434223,pgpgout=2999337,pswpin=0,pswpout=0,	reads=1232370,sectors_read=81719284,writes=88927,sectors_written=5464346	default [performance] powersave powersupersave 
2026-09-13T14:05:26,344648770-04:00	18282904	0	0	0	0	0	avg10=0.83	avg10=0.83	avg10=47.53	avg10=46.82	pgpgin=1614814091,pgpgout=2999437,pswpin=0,pswpout=0,	reads=1232395,sectors_read=81720284,writes=88931,sectors_written=5464546	default [performance] powersave powersupersave 
2026-09-13T14:05:27,495522828-04:00	18319040	0	0	0	0	0	avg10=2.49	avg10=2.49	avg10=46.71	avg10=46.12	pgpgin=1615115459,pgpgout=2999445,pswpin=0,pswpout=0,	reads=1232450,sectors_read=81725092,writes=88933,sectors_written=5464562	default [performance] powersave powersupersave 
2026-09-13T14:05:28,651621435-04:00	18280172	0	0	0	0	0	avg10=2.49	avg10=2.49	avg10=46.71	avg10=46.12	pgpgin=1615501683,pgpgout=2999453,pswpin=0,pswpout=0,	reads=1232504,sectors_read=81730316,writes=88935,sectors_written=5464578	default [performance] powersave powersupersave 
2026-09-13T14:05:29,797997440-04:00	18296552	0	0	0	0	0	avg10=2.04	avg10=2.04	avg10=46.04	avg10=45.56	pgpgin=1615884867,pgpgout=2999461,pswpin=0,pswpout=0,	reads=1232504,sectors_read=81730316,writes=88937,sectors_written=5464594	default [performance] powersave powersupersave 
2026-09-13T14:05:30,958177526-04:00	18278568	0	0	0	0	0	avg10=2.04	avg10=2.04	avg10=46.04	avg10=45.56	pgpgin=1616271303,pgpgout=2999469,pswpin=0,pswpout=0,	reads=1232551,sectors_read=81733756,writes=88939,sectors_written=5464610	default [performance] powersave powersupersave 
2026-09-13T14:05:32,107423164-04:00	18317412	0	0	0	0	0	avg10=1.85	avg10=1.85	avg10=45.12	avg10=44.73	pgpgin=1616665947,pgpgout=2999565,pswpin=0,pswpout=0,	reads=1232621,sectors_read=81737324,writes=88943,sectors_written=5464802	default [performance] powersave powersupersave 
2026-09-13T14:05:33,262670902-04:00	18306428	0	0	0	0	0	avg10=1.51	avg10=1.51	avg10=44.38	avg10=44.05	pgpgin=1617048935,pgpgout=2999581,pswpin=0,pswpout=0,	reads=1232621,sectors_read=81737324,writes=88947,sectors_written=5464834	default [performance] powersave powersupersave 
2026-09-13T14:05:34,399164466-04:00	18321472	0	0	0	0	0	avg10=1.51	avg10=1.51	avg10=44.38	avg10=44.05	pgpgin=1617426955,pgpgout=2999589,pswpin=0,pswpout=0,	reads=1232621,sectors_read=81737324,writes=88949,sectors_written=5464850	default [performance] powersave powersupersave 
2026-09-13T14:05:35,564105649-04:00	18296900	0	0	0	0	0	avg10=1.24	avg10=1.24	avg10=45.03	avg10=44.77	pgpgin=1617822983,pgpgout=2999597,pswpin=0,pswpout=0,	reads=1232679,sectors_read=81742628,writes=88951,sectors_written=5464866	default [performance] powersave powersupersave 
2026-09-13T14:05:36,717049455-04:00	18310388	0	0	0	0	0	avg10=1.24	avg10=1.24	avg10=45.03	avg10=44.77	pgpgin=1618210035,pgpgout=2999605,pswpin=0,pswpout=0,	reads=1232680,sectors_read=81742636,writes=88953,sectors_written=5464882	default [performance] powersave powersupersave 
2026-09-13T14:05:37,880979538-04:00	18301340	0	0	0	0	0	avg10=1.19	avg10=1.19	avg10=45.93	avg10=45.53	pgpgin=1618597651,pgpgout=2999701,pswpin=0,pswpout=0,	reads=1232681,sectors_read=81742644,writes=88957,sectors_written=5465074	default [performance] powersave powersupersave 
2026-09-13T14:05:39,035377177-04:00	18305120	0	0	0	0	0	avg10=1.19	avg10=1.19	avg10=45.93	avg10=45.53	pgpgin=1618988007,pgpgout=2999709,pswpin=0,pswpout=0,	reads=1232682,sectors_read=81742652,writes=88959,sectors_written=5465090	default [performance] powersave powersupersave 
2026-09-13T14:05:40,180992390-04:00	18297092	0	0	0	0	0	avg10=0.98	avg10=0.98	avg10=46.67	avg10=46.16	pgpgin=1619437639,pgpgout=2999937,pswpin=0,pswpout=0,	reads=1233735,sectors_read=81855484,writes=88965,sectors_written=5465546	default [performance] powersave powersupersave 
2026-09-13T14:05:41,298177396-04:00	18306036	0	0	0	0	0	avg10=0.80	avg10=0.80	avg10=45.82	avg10=45.23	pgpgin=1619828647,pgpgout=2999945,pswpin=0,pswpout=0,	reads=1233839,sectors_read=81862572,writes=88967,sectors_written=5465562	default [performance] powersave powersupersave 
2026-09-13T14:05:42,442641135-04:00	18296236	0	0	0	0	0	avg10=0.80	avg10=0.80	avg10=45.82	avg10=45.23	pgpgin=1620198275,pgpgout=2999953,pswpin=0,pswpout=0,	reads=1233886,sectors_read=81867604,writes=88969,sectors_written=5465578	default [performance] powersave powersupersave 
2026-09-13T14:05:43,585442199-04:00	18268364	0	0	0	0	0	avg10=0.65	avg10=0.65	avg10=44.40	avg10=43.92	pgpgin=1620575283,pgpgout=2999961,pswpin=0,pswpout=0,	reads=1233888,sectors_read=81867756,writes=88971,sectors_written=5465594	default [performance] powersave powersupersave 
2026-09-13T14:05:44,738303148-04:00	18294716	0	0	0	0	0	avg10=0.65	avg10=0.65	avg10=44.40	avg10=43.92	pgpgin=1620955475,pgpgout=3000109,pswpin=0,pswpout=0,	reads=1233935,sectors_read=81873244,writes=88975,sectors_written=5465890	default [performance] powersave powersupersave 
2026-09-13T14:05:45,871431073-04:00	18227844	0	0	0	0	0	avg10=0.53	avg10=0.53	avg10=42.70	avg10=42.30	pgpgin=1621381759,pgpgout=3000117,pswpin=0,pswpout=0,	reads=1234945,sectors_read=81964340,writes=88977,sectors_written=5465906	default [performance] powersave powersupersave 
2026-09-13T14:05:46,971387881-04:00	18242396	0	0	0	0	0	avg10=0.53	avg10=0.53	avg10=42.70	avg10=42.30	pgpgin=1621765775,pgpgout=3000125,pswpin=0,pswpout=0,	reads=1235003,sectors_read=81970300,writes=88979,sectors_written=5465922	default [performance] powersave powersupersave 
2026-09-13T14:05:48,110808031-04:00	18263296	0	0	0	0	0	avg10=0.44	avg10=0.44	avg10=41.66	avg10=41.16	pgpgin=1622159163,pgpgout=3000133,pswpin=0,pswpout=0,	reads=1235010,sectors_read=81971156,writes=88981,sectors_written=5465938	default [performance] powersave powersupersave 
2026-09-13T14:05:49,229074247-04:00	18263468	0	0	0	0	0	avg10=0.36	avg10=0.36	avg10=41.54	avg10=40.95	pgpgin=1622544111,pgpgout=3000141,pswpin=0,pswpout=0,	reads=1235010,sectors_read=81971156,writes=88983,sectors_written=5465954	default [performance] powersave powersupersave 
2026-09-13T14:05:50,349152549-04:00	18250728	0	0	0	0	0	avg10=0.36	avg10=0.36	avg10=41.54	avg10=40.95	pgpgin=1622930807,pgpgout=3000277,pswpin=0,pswpout=0,	reads=1235010,sectors_read=81971156,writes=88987,sectors_written=5466226	default [performance] powersave powersupersave 
2026-09-13T14:05:51,477432021-04:00	18252976	0	0	0	0	0	avg10=0.29	avg10=0.29	avg10=40.72	avg10=40.05	pgpgin=1623329887,pgpgout=3000473,pswpin=0,pswpout=0,	reads=1235021,sectors_read=81972748,writes=89033,sectors_written=5466618	default [performance] powersave powersupersave 
2026-09-13T14:05:52,619840196-04:00	17795828	0	0	0	0	0	avg10=0.29	avg10=0.29	avg10=40.72	avg10=40.05	pgpgin=1623726643,pgpgout=3000481,pswpin=0,pswpout=0,	reads=1235021,sectors_read=81972748,writes=89035,sectors_written=5466634	default [performance] powersave powersupersave 
2026-09-13T14:05:53,760305409-04:00	18271164	0	0	0	0	0	avg10=0.24	avg10=0.24	avg10=39.86	avg10=39.31	pgpgin=1624126327,pgpgout=3000489,pswpin=0,pswpout=0,	reads=1235021,sectors_read=81972748,writes=89037,sectors_written=5466650	default [performance] powersave powersupersave 
2026-09-13T14:05:54,896538879-04:00	18266344	0	0	0	0	0	avg10=0.24	avg10=0.24	avg10=39.86	avg10=39.31	pgpgin=1624509507,pgpgout=3000497,pswpin=0,pswpout=0,	reads=1235053,sectors_read=81977292,writes=89039,sectors_written=5466666	default [performance] powersave powersupersave 
2026-09-13T14:05:56,048014774-04:00	18282172	0	0	0	0	0	avg10=0.37	avg10=0.37	avg10=40.43	avg10=39.80	pgpgin=1624901847,pgpgout=3000613,pswpin=0,pswpout=0,	reads=1235127,sectors_read=81981500,writes=89044,sectors_written=5466898	default [performance] powersave powersupersave 
2026-09-13T14:05:57,167358514-04:00	18260004	0	0	0	0	0	avg10=0.31	avg10=0.31	avg10=39.99	avg10=39.29	pgpgin=1625266707,pgpgout=3000681,pswpin=0,pswpout=0,	reads=1235127,sectors_read=81981500,writes=89046,sectors_written=5466914	default [performance] powersave powersupersave 
2026-09-13T14:05:58,284120361-04:00	18259356	0	0	0	0	0	avg10=0.31	avg10=0.31	avg10=39.99	avg10=39.29	pgpgin=1625644583,pgpgout=3000689,pswpin=0,pswpout=0,	reads=1235127,sectors_read=81981500,writes=89048,sectors_written=5466930	default [performance] powersave powersupersave 
2026-09-13T14:05:59,426612372-04:00	18240840	0	0	0	0	0	avg10=0.25	avg10=0.25	avg10=39.45	avg10=38.69	pgpgin=1626027339,pgpgout=3000697,pswpin=0,pswpout=0,	reads=1235127,sectors_read=81981500,writes=89050,sectors_written=5466946	default [performance] powersave powersupersave 
2026-09-13T14:06:00,557033308-04:00	18277348	0	0	0	0	0	avg10=0.25	avg10=0.25	avg10=39.45	avg10=38.69	pgpgin=1626406163,pgpgout=3000705,pswpin=0,pswpout=0,	reads=1235127,sectors_read=81981500,writes=89052,sectors_written=5466962	default [performance] powersave powersupersave 
2026-09-13T14:06:01,672464183-04:00	18267412	0	0	0	0	0	avg10=0.20	avg10=0.20	avg10=39.18	avg10=38.57	pgpgin=1626788972,pgpgout=3000813,pswpin=0,pswpout=0,	reads=1235151,sectors_read=81984652,writes=89056,sectors_written=5467178	default [performance] powersave powersupersave 
2026-09-13T14:06:02,815760406-04:00	18273868	0	0	0	0	0	avg10=0.20	avg10=0.20	avg10=39.18	avg10=38.57	pgpgin=1627165200,pgpgout=3000821,pswpin=0,pswpout=0,	reads=1235151,sectors_read=81984652,writes=89058,sectors_written=5467194	default [performance] powersave powersupersave 
2026-09-13T14:06:03,962380744-04:00	18266596	0	0	0	0	0	avg10=0.16	avg10=0.16	avg10=39.87	avg10=39.37	pgpgin=1627521508,pgpgout=3000829,pswpin=0,pswpout=0,	reads=1235151,sectors_read=81984652,writes=89060,sectors_written=5467210	default [performance] powersave powersupersave 
2026-09-13T14:06:05,093549665-04:00	18233816	0	0	0	0	0	avg10=0.16	avg10=0.16	avg10=39.87	avg10=39.37	pgpgin=1627892492,pgpgout=3000837,pswpin=0,pswpout=0,	reads=1235152,sectors_read=81984660,writes=89062,sectors_written=5467226	default [performance] powersave powersupersave 
2026-09-13T14:06:06,229480094-04:00	18260340	0	0	0	0	0	avg10=0.32	avg10=0.32	avg10=40.08	avg10=39.48	pgpgin=1628251280,pgpgout=3000845,pswpin=0,pswpout=0,	reads=1235159,sectors_read=81984916,writes=89064,sectors_written=5467242	default [performance] powersave powersupersave 
2026-09-13T14:06:07,367039885-04:00	18230092	0	0	0	0	0	avg10=0.44	avg10=0.44	avg10=39.34	avg10=38.67	pgpgin=1628597824,pgpgout=3000937,pswpin=0,pswpout=0,	reads=1235160,sectors_read=81984924,writes=89068,sectors_written=5467426	default [performance] powersave powersupersave 
2026-09-13T14:06:08,513941552-04:00	17782112	0	0	0	0	0	avg10=0.44	avg10=0.44	avg10=39.34	avg10=38.67	pgpgin=1628954508,pgpgout=3000945,pswpin=0,pswpout=0,	reads=1235161,sectors_read=81984932,writes=89070,sectors_written=5467442	default [performance] powersave powersupersave 
2026-09-13T14:06:09,625547348-04:00	18061108	0	0	0	0	0	avg10=0.36	avg10=0.36	avg10=39.82	avg10=39.27	pgpgin=1629324272,pgpgout=3000953,pswpin=0,pswpout=0,	reads=1235174,sectors_read=81985764,writes=89072,sectors_written=5467458	default [performance] powersave powersupersave 
2026-09-13T14:06:10,754685922-04:00	18232380	0	0	0	0	0	avg10=0.36	avg10=0.36	avg10=39.82	avg10=39.27	pgpgin=1629720856,pgpgout=3000961,pswpin=0,pswpout=0,	reads=1235224,sectors_read=81994228,writes=89074,sectors_written=5467474	default [performance] powersave powersupersave 
2026-09-13T14:06:11,884544340-04:00	18225680	0	0	0	0	0	avg10=0.47	avg10=0.47	avg10=39.49	avg10=38.86	pgpgin=1630125092,pgpgout=3001049,pswpin=0,pswpout=0,	reads=1235229,sectors_read=81994444,writes=89079,sectors_written=5467650	default [performance] powersave powersupersave 
2026-09-13T14:06:13,018645951-04:00	18233764	0	0	0	0	0	avg10=0.47	avg10=0.47	avg10=39.49	avg10=38.86	pgpgin=1630506576,pgpgout=3001181,pswpin=0,pswpout=0,	reads=1235230,sectors_read=81994452,writes=89083,sectors_written=5467914	default [performance] powersave powersupersave 
2026-09-13T14:06:14,124937600-04:00	18241196	0	0	0	0	0	avg10=0.39	avg10=0.39	avg10=39.76	avg10=39.07	pgpgin=1630860200,pgpgout=3001189,pswpin=0,pswpout=0,	reads=1235230,sectors_read=81994452,writes=89085,sectors_written=5467930	default [performance] powersave powersupersave 
2026-09-13T14:06:15,260952486-04:00	18252940	0	0	0	0	0	avg10=0.32	avg10=0.32	avg10=40.53	avg10=39.78	pgpgin=1631232784,pgpgout=3001197,pswpin=0,pswpout=0,	reads=1235230,sectors_read=81994452,writes=89087,sectors_written=5467946	default [performance] powersave powersupersave 
2026-09-13T14:06:16,400204325-04:00	18267488	0	0	0	0	0	avg10=0.32	avg10=0.32	avg10=40.53	avg10=39.78	pgpgin=1631607236,pgpgout=3001205,pswpin=0,pswpout=0,	reads=1235231,sectors_read=81994460,writes=89089,sectors_written=5467962	default [performance] powersave powersupersave 
2026-09-13T14:06:17,545750583-04:00	18263196	0	0	0	0	0	avg10=0.26	avg10=0.26	avg10=40.25	avg10=39.45	pgpgin=1631999968,pgpgout=3001213,pswpin=0,pswpout=0,	reads=1235231,sectors_read=81994460,writes=89091,sectors_written=5467978	default [performance] powersave powersupersave 
2026-09-13T14:06:18,692501505-04:00	18249380	0	0	0	0	0	avg10=0.26	avg10=0.26	avg10=40.25	avg10=39.45	pgpgin=1632366568,pgpgout=3001321,pswpin=0,pswpout=0,	reads=1235231,sectors_read=81994460,writes=89095,sectors_written=5468194	default [performance] powersave powersupersave 
2026-09-13T14:06:19,848849752-04:00	18256104	0	0	0	0	0	avg10=0.39	avg10=0.39	avg10=40.93	avg10=39.91	pgpgin=1632739892,pgpgout=3001329,pswpin=0,pswpout=0,	reads=1235232,sectors_read=81994468,writes=89097,sectors_written=5468210	default [performance] powersave powersupersave 
2026-09-13T14:06:21,004659177-04:00	18235180	0	0	0	0	0	avg10=0.39	avg10=0.39	avg10=40.93	avg10=39.91	pgpgin=1632976656,pgpgout=3001337,pswpin=0,pswpout=0,	reads=1235308,sectors_read=81997348,writes=89099,sectors_written=5468226	default [performance] powersave powersupersave 
2026-09-13T14:06:22,159065094-04:00	18279824	0	0	0	0	0	avg10=2.49	avg10=2.49	avg10=40.58	avg10=39.57	pgpgin=1633340912,pgpgout=3001345,pswpin=0,pswpout=0,	reads=1235351,sectors_read=82001116,writes=89101,sectors_written=5468242	default [performance] powersave powersupersave 
2026-09-13T14:06:23,302851253-04:00	18266332	0	0	0	0	0	avg10=2.04	avg10=2.04	avg10=40.11	avg10=39.28	pgpgin=1633707988,pgpgout=3001353,pswpin=0,pswpout=0,	reads=1235411,sectors_read=82006764,writes=89103,sectors_written=5468258	default [performance] powersave powersupersave 
2026-09-13T14:06:24,447422398-04:00	18248216	0	0	0	0	0	avg10=2.04	avg10=2.04	avg10=40.11	avg10=39.28	pgpgin=1634074628,pgpgout=3001453,pswpin=0,pswpout=0,	reads=1235412,sectors_read=82006772,writes=89107,sectors_written=5468458	default [performance] powersave powersupersave 
2026-09-13T14:06:25,585949083-04:00	18226580	0	0	0	0	0	avg10=1.67	avg10=1.67	avg10=40.09	avg10=39.41	pgpgin=1634445296,pgpgout=3001461,pswpin=0,pswpout=0,	reads=1235420,sectors_read=82007388,writes=89109,sectors_written=5468474	default [performance] powersave powersupersave 
2026-09-13T14:06:26,714431842-04:00	18233768	0	0	0	0	0	avg10=1.67	avg10=1.67	avg10=40.09	avg10=39.41	pgpgin=1634825800,pgpgout=3001553,pswpin=0,pswpout=0,	reads=1235422,sectors_read=82007476,writes=89128,sectors_written=5468658	default [performance] powersave powersupersave 
2026-09-13T14:06:27,850199562-04:00	18261588	0	0	0	0	0	avg10=1.55	avg10=1.55	avg10=40.07	avg10=39.34	pgpgin=1635222784,pgpgout=3001601,pswpin=0,pswpout=0,	reads=1235422,sectors_read=82007476,writes=89130,sectors_written=5468674	default [performance] powersave powersupersave 
2026-09-13T14:06:28,968165969-04:00	18210708	0	0	0	0	0	avg10=1.55	avg10=1.55	avg10=40.07	avg10=39.34	pgpgin=1635615576,pgpgout=3001609,pswpin=0,pswpout=0,	reads=1235422,sectors_read=82007476,writes=89132,sectors_written=5468690	default [performance] powersave powersupersave 
2026-09-13T14:06:30,101668792-04:00	18262832	0	0	0	0	0	avg10=1.45	avg10=1.45	avg10=39.51	avg10=38.73	pgpgin=1635968624,pgpgout=3001713,pswpin=0,pswpout=0,	reads=1235423,sectors_read=82007484,writes=89136,sectors_written=5468898	default [performance] powersave powersupersave 
2026-09-13T14:06:31,242795282-04:00	18261092	0	0	0	0	0	avg10=1.18	avg10=1.18	avg10=40.15	avg10=39.32	pgpgin=1636321772,pgpgout=3001721,pswpin=0,pswpout=0,	reads=1235423,sectors_read=82007484,writes=89138,sectors_written=5468914	default [performance] powersave powersupersave 
2026-09-13T14:06:32,384535214-04:00	18181080	0	0	0	0	0	avg10=1.18	avg10=1.18	avg10=40.15	avg10=39.32	pgpgin=1636670348,pgpgout=3001729,pswpin=0,pswpout=0,	reads=1235424,sectors_read=82007492,writes=89140,sectors_written=5468930	default [performance] powersave powersupersave 
2026-09-13T14:06:33,523908359-04:00	18254672	0	0	0	0	0	avg10=0.97	avg10=0.97	avg10=40.66	avg10=39.99	pgpgin=1637025048,pgpgout=3001737,pswpin=0,pswpout=0,	reads=1235424,sectors_read=82007492,writes=89142,sectors_written=5468946	default [performance] powersave powersupersave 
2026-09-13T14:06:34,669778964-04:00	18272916	0	0	0	0	0	avg10=0.97	avg10=0.97	avg10=40.66	avg10=39.99	pgpgin=1637396684,pgpgout=3001745,pswpin=0,pswpout=0,	reads=1235436,sectors_read=82008548,writes=89144,sectors_written=5468962	default [performance] powersave powersupersave 
2026-09-13T14:06:35,802301594-04:00	18270112	0	0	0	0	0	avg10=0.79	avg10=0.79	avg10=40.00	avg10=39.26	pgpgin=1637790228,pgpgout=3001857,pswpin=0,pswpout=0,	reads=1235438,sectors_read=82008716,writes=89148,sectors_written=5469186	default [performance] powersave powersupersave 
2026-09-13T14:06:36,937016214-04:00	18227688	0	0	0	0	0	avg10=0.79	avg10=0.79	avg10=40.00	avg10=39.26	pgpgin=1638167280,pgpgout=3001865,pswpin=0,pswpout=0,	reads=1235438,sectors_read=82008716,writes=89150,sectors_written=5469202	default [performance] powersave powersupersave 
2026-09-13T14:06:38,066074534-04:00	18258612	0	0	0	0	0	avg10=0.65	avg10=0.65	avg10=39.63	avg10=39.03	pgpgin=1638524276,pgpgout=3001873,pswpin=0,pswpout=0,	reads=1235517,sectors_read=82013012,writes=89152,sectors_written=5469218	default [performance] powersave powersupersave 
2026-09-13T14:06:39,196242408-04:00	18271972	0	0	0	0	0	avg10=0.53	avg10=0.53	avg10=39.88	avg10=39.21	pgpgin=1638898604,pgpgout=3001881,pswpin=0,pswpout=0,	reads=1235517,sectors_read=82013012,writes=89154,sectors_written=5469234	default [performance] powersave powersupersave 
2026-09-13T14:06:40,334364431-04:00	18251720	0	0	0	0	0	avg10=0.53	avg10=0.53	avg10=39.88	avg10=39.21	pgpgin=1639281376,pgpgout=3001889,pswpin=0,pswpout=0,	reads=1235726,sectors_read=82015940,writes=89156,sectors_written=5469250	default [performance] powersave powersupersave 
2026-09-13T14:06:41,485172894-04:00	18256356	0	0	0	0	0	avg10=0.43	avg10=0.43	avg10=39.36	avg10=38.63	pgpgin=1639685668,pgpgout=3001981,pswpin=0,pswpout=0,	reads=1235726,sectors_read=82015940,writes=89160,sectors_written=5469434	default [performance] powersave powersupersave 
2026-09-13T14:06:42,625761722-04:00	18252032	0	0	0	0	0	avg10=0.43	avg10=0.43	avg10=39.36	avg10=38.63	pgpgin=1640082076,pgpgout=3001989,pswpin=0,pswpout=0,	reads=1235732,sectors_read=82016092,writes=89162,sectors_written=5469450	default [performance] powersave powersupersave 
2026-09-13T14:06:43,755101299-04:00	18269604	0	0	0	0	0	avg10=0.35	avg10=0.35	avg10=39.11	avg10=38.33	pgpgin=1640476320,pgpgout=3001997,pswpin=0,pswpout=0,	reads=1235732,sectors_read=82016092,writes=89164,sectors_written=5469466	default [performance] powersave powersupersave 
2026-09-13T14:06:44,877508739-04:00	18250600	0	0	0	0	0	avg10=0.35	avg10=0.35	avg10=39.11	avg10=38.33	pgpgin=1640864132,pgpgout=3002005,pswpin=0,pswpout=0,	reads=1235732,sectors_read=82016092,writes=89166,sectors_written=5469482	default [performance] powersave powersupersave 
2026-09-13T14:06:45,992026212-04:00	18253644	0	0	0	0	0	avg10=0.29	avg10=0.29	avg10=38.91	avg10=38.27	pgpgin=1641244816,pgpgout=3002013,pswpin=0,pswpout=0,	reads=1235732,sectors_read=82016092,writes=89168,sectors_written=5469498	default [performance] powersave powersupersave 
2026-09-13T14:06:47,132465578-04:00	18224808	0	0	0	0	0	avg10=0.29	avg10=0.29	avg10=38.91	avg10=38.27	pgpgin=1641625892,pgpgout=3002105,pswpin=0,pswpout=0,	reads=1235732,sectors_read=82016092,writes=89172,sectors_written=5469682	default [performance] powersave powersupersave 
2026-09-13T14:06:48,279941598-04:00	18272376	0	0	0	0	0	avg10=0.23	avg10=0.23	avg10=38.74	avg10=38.22	pgpgin=1641997120,pgpgout=3002113,pswpin=0,pswpout=0,	reads=1235732,sectors_read=82016092,writes=89174,sectors_written=5469698	default [performance] powersave powersupersave 
2026-09-13T14:06:49,423219238-04:00	17750176	0	0	0	0	0	avg10=0.19	avg10=0.19	avg10=38.79	avg10=38.18	pgpgin=1642371576,pgpgout=3002121,pswpin=0,pswpout=0,	reads=1235751,sectors_read=82017436,writes=89176,sectors_written=5469714	default [performance] powersave powersupersave 
2026-09-13T14:06:50,551303345-04:00	18269804	0	0	0	0	0	avg10=0.19	avg10=0.19	avg10=38.79	avg10=38.18	pgpgin=1642750868,pgpgout=3002129,pswpin=0,pswpout=0,	reads=1235939,sectors_read=82030172,writes=89178,sectors_written=5469730	default [performance] powersave powersupersave 
2026-09-13T14:06:51,682428497-04:00	18245348	0	0	0	0	0	avg10=0.16	avg10=0.16	avg10=39.01	avg10=38.33	pgpgin=1643112376,pgpgout=3002137,pswpin=0,pswpout=0,	reads=1235948,sectors_read=82030404,writes=89180,sectors_written=5469746	default [performance] powersave powersupersave 
2026-09-13T14:06:52,828134920-04:00	18151112	0	0	0	0	0	avg10=0.16	avg10=0.16	avg10=39.01	avg10=38.33	pgpgin=1643509860,pgpgout=3002237,pswpin=0,pswpout=0,	reads=1236117,sectors_read=82045100,writes=89184,sectors_written=5469946	default [performance] powersave powersupersave 
2026-09-13T14:06:53,959033225-04:00	18242584	0	0	0	0	0	avg10=0.13	avg10=0.13	avg10=39.19	avg10=38.63	pgpgin=1643913568,pgpgout=3002245,pswpin=0,pswpout=0,	reads=1236117,sectors_read=82045100,writes=89186,sectors_written=5469962	default [performance] powersave powersupersave 
2026-09-13T14:06:55,102152577-04:00	18278548	0	0	0	0	0	avg10=0.13	avg10=0.13	avg10=39.19	avg10=38.63	pgpgin=1644331380,pgpgout=3002253,pswpin=0,pswpout=0,	reads=1236118,sectors_read=82045108,writes=89188,sectors_written=5469978	default [performance] powersave powersupersave 
2026-09-13T14:06:56,227621929-04:00	18261464	0	0	0	0	0	avg10=0.10	avg10=0.10	avg10=39.70	avg10=39.06	pgpgin=1644723096,pgpgout=3002261,pswpin=0,pswpout=0,	reads=1236118,sectors_read=82045108,writes=89190,sectors_written=5469994	default [performance] powersave powersupersave 
2026-09-13T14:06:57,362985595-04:00	18258540	0	0	0	0	0	avg10=0.08	avg10=0.08	avg10=40.47	avg10=39.95	pgpgin=1645106024,pgpgout=3002269,pswpin=0,pswpout=0,	reads=1236118,sectors_read=82045108,writes=89192,sectors_written=5470010	default [performance] powersave powersupersave 
2026-09-13T14:06:58,489549384-04:00	18274816	0	0	0	0	0	avg10=0.08	avg10=0.08	avg10=40.47	avg10=39.95	pgpgin=1645476628,pgpgout=3002373,pswpin=0,pswpout=0,	reads=1236118,sectors_read=82045108,writes=89196,sectors_written=5470218	default [performance] powersave powersupersave 
2026-09-13T14:06:59,638766484-04:00	18243144	0	0	0	0	0	avg10=0.07	avg10=0.07	avg10=40.39	avg10=39.78	pgpgin=1645845132,pgpgout=3002417,pswpin=0,pswpout=0,	reads=1236122,sectors_read=82045148,writes=89198,sectors_written=5470234	default [performance] powersave powersupersave 
2026-09-13T14:07:00,768845058-04:00	18281944	0	0	0	0	0	avg10=0.07	avg10=0.07	avg10=40.39	avg10=39.78	pgpgin=1646228144,pgpgout=3002425,pswpin=0,pswpout=0,	reads=1236176,sectors_read=82049324,writes=89200,sectors_written=5470250	default [performance] powersave powersupersave 
2026-09-13T14:07:01,883727744-04:00	18277608	0	0	0	0	0	avg10=0.23	avg10=0.23	avg10=39.77	avg10=39.09	pgpgin=1646588643,pgpgout=3002433,pswpin=0,pswpout=0,	reads=1236186,sectors_read=82050172,writes=89202,sectors_written=5470266	default [performance] powersave powersupersave 
2026-09-13T14:07:03,033094535-04:00	18279312	0	0	0	0	0	avg10=0.23	avg10=0.23	avg10=39.77	avg10=39.09	pgpgin=1646965267,pgpgout=3002485,pswpin=0,pswpout=0,	reads=1236194,sectors_read=82050308,writes=89215,sectors_written=5470370	default [performance] powersave powersupersave 
2026-09-13T14:07:04,166958502-04:00	18300068	0	0	0	0	0	avg10=0.55	avg10=0.55	avg10=39.63	avg10=38.89	pgpgin=1647338539,pgpgout=3002593,pswpin=0,pswpout=0,	reads=1236203,sectors_read=82050812,writes=89219,sectors_written=5470586	default [performance] powersave powersupersave 
2026-09-13T14:07:05,308016739-04:00	18235280	0	0	0	0	0	avg10=0.63	avg10=0.63	avg10=39.15	avg10=38.37	pgpgin=1647730527,pgpgout=3002601,pswpin=0,pswpout=0,	reads=1236253,sectors_read=82059300,writes=89221,sectors_written=5470602	default [performance] powersave powersupersave 
2026-09-13T14:07:06,439474233-04:00	18271300	0	0	0	0	0	avg10=0.63	avg10=0.63	avg10=39.15	avg10=38.37	pgpgin=1648138719,pgpgout=3002609,pswpin=0,pswpout=0,	reads=1236456,sectors_read=82077396,writes=89223,sectors_written=5470618	default [performance] powersave powersupersave 
2026-09-13T14:07:07,554551054-04:00	18290372	0	0	0	0	0	avg10=0.52	avg10=0.52	avg10=39.12	avg10=38.48	pgpgin=1648533051,pgpgout=3002617,pswpin=0,pswpout=0,	reads=1236456,sectors_read=82077396,writes=89225,sectors_written=5470634	default [performance] powersave powersupersave 
2026-09-13T14:07:08,670451041-04:00	18234436	0	0	0	0	0	avg10=0.52	avg10=0.52	avg10=39.12	avg10=38.48	pgpgin=1648913527,pgpgout=3002625,pswpin=0,pswpout=0,	reads=1236456,sectors_read=82077396,writes=89227,sectors_written=5470650	default [performance] powersave powersupersave 
2026-09-13T14:07:09,761319409-04:00	18253808	0	0	0	0	0	avg10=0.42	avg10=0.42	avg10=40.55	avg10=40.02	pgpgin=1649184987,pgpgout=3002725,pswpin=0,pswpout=0,	reads=1236458,sectors_read=82077420,writes=89231,sectors_written=5470850	default [performance] powersave powersupersave 
2026-09-13T14:07:10,863344732-04:00	18266064	0	0	0	0	0	avg10=0.42	avg10=0.42	avg10=40.55	avg10=40.02	pgpgin=1649557467,pgpgout=3002733,pswpin=0,pswpout=0,	reads=1236458,sectors_read=82077420,writes=89233,sectors_written=5470866	default [performance] powersave powersupersave 
2026-09-13T14:07:12,013977832-04:00	18266188	0	0	0	0	0	avg10=0.35	avg10=0.35	avg10=41.72	avg10=41.29	pgpgin=1649947563,pgpgout=3002741,pswpin=0,pswpout=0,	reads=1236458,sectors_read=82077420,writes=89235,sectors_written=5470882	default [performance] powersave powersupersave 
2026-09-13T14:07:13,153824921-04:00	18227320	0	0	0	0	0	avg10=0.35	avg10=0.35	avg10=41.72	avg10=41.29	pgpgin=1650309115,pgpgout=3002749,pswpin=0,pswpout=0,	reads=1236458,sectors_read=82077420,writes=89237,sectors_written=5470898	default [performance] powersave powersupersave 
2026-09-13T14:07:14,304218230-04:00	18257720	0	0	0	0	0	avg10=0.28	avg10=0.28	avg10=41.59	avg10=41.05	pgpgin=1650691691,pgpgout=3002757,pswpin=0,pswpout=0,	reads=1236458,sectors_read=82077420,writes=89239,sectors_written=5470914	default [performance] powersave powersupersave 
2026-09-13T14:07:15,463187003-04:00	18274232	0	0	0	0	0	avg10=2.04	avg10=2.04	avg10=40.21	avg10=39.59	pgpgin=1651013235,pgpgout=3002849,pswpin=0,pswpout=0,	reads=1236491,sectors_read=82079348,writes=89243,sectors_written=5471098	default [performance] powersave powersupersave 
2026-09-13T14:07:16,607513821-04:00	18284400	0	0	0	0	0	avg10=2.04	avg10=2.04	avg10=40.21	avg10=39.59	pgpgin=1651403927,pgpgout=3002857,pswpin=0,pswpout=0,	reads=1236584,sectors_read=82088452,writes=89245,sectors_written=5471114	default [performance] powersave powersupersave 
2026-09-13T14:07:17,738685898-04:00	18266272	0	0	0	0	0	avg10=2.21	avg10=2.21	avg10=39.81	avg10=38.76	pgpgin=1651780219,pgpgout=3002865,pswpin=0,pswpout=0,	reads=1236584,sectors_read=82088452,writes=89247,sectors_written=5471130	default [performance] powersave powersupersave 
2026-09-13T14:07:18,841515822-04:00	18297820	0	0	0	0	0	avg10=2.21	avg10=2.21	avg10=39.81	avg10=38.76	pgpgin=1652095619,pgpgout=3002873,pswpin=0,pswpout=0,	reads=1236584,sectors_read=82088452,writes=89249,sectors_written=5471146	default [performance] powersave powersupersave 
2026-09-13T14:07:19,951521000-04:00	18259960	0	0	0	0	0	avg10=1.99	avg10=1.99	avg10=40.21	avg10=39.17	pgpgin=1652443459,pgpgout=3002881,pswpin=0,pswpout=0,	reads=1236584,sectors_read=82088452,writes=89251,sectors_written=5471162	default [performance] powersave powersupersave 
2026-09-13T14:07:21,105893766-04:00	18299360	0	0	0	0	0	avg10=1.99	avg10=1.99	avg10=40.21	avg10=39.17	pgpgin=1652830399,pgpgout=3002965,pswpin=0,pswpout=0,	reads=1236801,sectors_read=82102500,writes=89255,sectors_written=5471330	default [performance] powersave powersupersave 
2026-09-13T14:07:22,230181645-04:00	18292824	0	0	0	0	0	avg10=1.63	avg10=1.63	avg10=40.17	avg10=39.13	pgpgin=1653192299,pgpgout=3002973,pswpin=0,pswpout=0,	reads=1236809,sectors_read=82102724,writes=89257,sectors_written=5471346	default [performance] powersave powersupersave 
2026-09-13T14:07:23,419074192-04:00	18226568	0	0	0	0	0	avg10=1.52	avg10=1.52	avg10=40.14	avg10=39.29	pgpgin=1653526555,pgpgout=3002981,pswpin=0,pswpout=0,	reads=1236854,sectors_read=82105060,writes=89259,sectors_written=5471362	default [performance] powersave powersupersave 
2026-09-13T14:07:24,679853142-04:00	18263328	0	0	0	0	0	avg10=1.52	avg10=1.52	avg10=40.14	avg10=39.29	pgpgin=1653722071,pgpgout=3002989,pswpin=0,pswpout=0,	reads=1236854,sectors_read=82105060,writes=89261,sectors_written=5471378	default [performance] powersave powersupersave 
2026-09-13T14:07:25,933459422-04:00	18261004	0	0	0	0	0	avg10=1.24	avg10=1.24	avg10=41.02	avg10=40.14	pgpgin=1653915787,pgpgout=3002997,pswpin=0,pswpout=0,	reads=1236857,sectors_read=82105316,writes=89263,sectors_written=5471394	default [performance] powersave powersupersave 
2026-09-13T14:07:27,167692337-04:00	18267764	0	0	0	0	0	avg10=1.24	avg10=1.24	avg10=41.02	avg10=40.14	pgpgin=1654101271,pgpgout=3003109,pswpin=0,pswpout=0,	reads=1236857,sectors_read=82105316,writes=89267,sectors_written=5471618	default [performance] powersave powersupersave 
2026-09-13T14:07:28,387363475-04:00	18292452	0	0	0	0	0	avg10=1.01	avg10=1.01	avg10=42.64	avg10=41.75	pgpgin=1654294631,pgpgout=3003117,pswpin=0,pswpout=0,	reads=1236857,sectors_read=82105316,writes=89269,sectors_written=5471634	default [performance] powersave powersupersave 
2026-09-13T14:07:29,580820919-04:00	18284308	0	0	0	0	0	avg10=0.83	avg10=0.83	avg10=42.53	avg10=41.79	pgpgin=1654486587,pgpgout=3003125,pswpin=0,pswpout=0,	reads=1236857,sectors_read=82105316,writes=89271,sectors_written=5471650	default [performance] powersave powersupersave 
2026-09-13T14:07:30,732093588-04:00	18253740	0	0	0	0	0	avg10=0.83	avg10=0.83	avg10=42.53	avg10=41.79	pgpgin=1654653847,pgpgout=3003173,pswpin=0,pswpout=0,	reads=1236857,sectors_read=82105316,writes=89273,sectors_written=5471666	default [performance] powersave powersupersave 
2026-09-13T14:07:31,870925818-04:00	18218344	0	0	0	0	0	avg10=0.68	avg10=0.68	avg10=43.15	avg10=42.55	pgpgin=1655022419,pgpgout=3003181,pswpin=0,pswpout=0,	reads=1236857,sectors_read=82105316,writes=89275,sectors_written=5471682	default [performance] powersave powersupersave 
2026-09-13T14:07:33,015826371-04:00	18269060	0	0	0	0	0	avg10=0.68	avg10=0.68	avg10=43.15	avg10=42.55	pgpgin=1655417611,pgpgout=3003289,pswpin=0,pswpout=0,	reads=1236859,sectors_read=82105508,writes=89279,sectors_written=5471898	default [performance] powersave powersupersave 
2026-09-13T14:07:34,160392577-04:00	18269848	0	0	0	0	0	avg10=0.55	avg10=0.55	avg10=42.58	avg10=41.91	pgpgin=1655810635,pgpgout=3003297,pswpin=0,pswpout=0,	reads=1236859,sectors_read=82105508,writes=89281,sectors_written=5471914	default [performance] powersave powersupersave 
2026-09-13T14:07:35,294623660-04:00	18268712	0	0	0	0	0	avg10=0.63	avg10=0.63	avg10=41.93	avg10=41.38	pgpgin=1656201675,pgpgout=3003305,pswpin=0,pswpout=0,	reads=1236859,sectors_read=82105508,writes=89283,sectors_written=5471930	default [performance] powersave powersupersave 
2026-09-13T14:07:36,424974691-04:00	18285236	0	0	0	0	0	avg10=0.63	avg10=0.63	avg10=41.93	avg10=41.38	pgpgin=1656586407,pgpgout=3003313,pswpin=0,pswpout=0,	reads=1236859,sectors_read=82105508,writes=89285,sectors_written=5471946	default [performance] powersave powersupersave 
2026-09-13T14:07:37,554241624-04:00	18273788	0	0	0	0	0	avg10=0.52	avg10=0.52	avg10=40.86	avg10=40.22	pgpgin=1656994111,pgpgout=3003321,pswpin=0,pswpout=0,	reads=1236859,sectors_read=82105508,writes=89287,sectors_written=5471962	default [performance] powersave powersupersave 
2026-09-13T14:07:38,686738147-04:00	18294096	0	0	0	0	0	avg10=0.52	avg10=0.52	avg10=40.86	avg10=40.22	pgpgin=1657393519,pgpgout=3003461,pswpin=0,pswpout=0,	reads=1236859,sectors_read=82105508,writes=89300,sectors_written=5472242	default [performance] powersave powersupersave 
2026-09-13T14:07:39,812363256-04:00	18276448	0	0	0	0	0	avg10=0.42	avg10=0.42	avg10=41.24	avg10=40.54	pgpgin=1657791651,pgpgout=3003469,pswpin=0,pswpout=0,	reads=1236859,sectors_read=82105508,writes=89302,sectors_written=5472258	default [performance] powersave powersupersave 
2026-09-13T14:07:40,946225655-04:00	18255384	0	0	0	0	0	avg10=0.42	avg10=0.42	avg10=41.24	avg10=40.54	pgpgin=1658177975,pgpgout=3003477,pswpin=0,pswpout=0,	reads=1236859,sectors_read=82105508,writes=89304,sectors_written=5472274	default [performance] powersave powersupersave 
2026-09-13T14:07:42,084886892-04:00	18204100	0	0	0	0	0	avg10=0.35	avg10=0.35	avg10=41.02	avg10=40.45	pgpgin=1658577055,pgpgout=3003485,pswpin=0,pswpout=0,	reads=1236859,sectors_read=82105508,writes=89306,sectors_written=5472290	default [performance] powersave powersupersave 
2026-09-13T14:07:43,243566809-04:00	18272624	0	0	0	0	0	avg10=0.28	avg10=0.28	avg10=40.47	avg10=40.00	pgpgin=1658982019,pgpgout=3003493,pswpin=0,pswpout=0,	reads=1236860,sectors_read=82105516,writes=89308,sectors_written=5472306	default [performance] powersave powersupersave 
2026-09-13T14:07:44,395691448-04:00	18271120	0	0	0	0	0	avg10=0.28	avg10=0.28	avg10=40.47	avg10=40.00	pgpgin=1659377591,pgpgout=3003593,pswpin=0,pswpout=0,	reads=1236861,sectors_read=82105524,writes=89312,sectors_written=5472506	default [performance] powersave powersupersave 
2026-09-13T14:07:45,521177475-04:00	18270432	0	0	0	0	0	avg10=0.23	avg10=0.23	avg10=40.75	avg10=40.18	pgpgin=1659793203,pgpgout=3003601,pswpin=0,pswpout=0,	reads=1236861,sectors_read=82105524,writes=89314,sectors_written=5472522	default [performance] powersave powersupersave 
2026-09-13T14:07:46,624645254-04:00	18260560	0	0	0	0	0	avg10=0.23	avg10=0.23	avg10=40.75	avg10=40.18	pgpgin=1660162095,pgpgout=3003609,pswpin=0,pswpout=0,	reads=1236861,sectors_read=82105524,writes=89316,sectors_written=5472538	default [performance] powersave powersupersave 
2026-09-13T14:07:47,758219310-04:00	18283672	0	0	0	0	0	avg10=0.37	avg10=0.37	avg10=40.61	avg10=39.97	pgpgin=1660546987,pgpgout=3003617,pswpin=0,pswpout=0,	reads=1236861,sectors_read=82105524,writes=89318,sectors_written=5472554	default [performance] powersave powersupersave 
2026-09-13T14:07:48,903193410-04:00	18272008	0	0	0	0	0	avg10=0.37	avg10=0.37	avg10=40.61	avg10=39.97	pgpgin=1660939235,pgpgout=3003625,pswpin=0,pswpout=0,	reads=1236861,sectors_read=82105524,writes=89320,sectors_written=5472570	default [performance] powersave powersupersave 
2026-09-13T14:07:50,041739519-04:00	18271012	0	0	0	0	0	avg10=0.30	avg10=0.30	avg10=40.68	avg10=39.97	pgpgin=1661325415,pgpgout=3003729,pswpin=0,pswpout=0,	reads=1236861,sectors_read=82105524,writes=89324,sectors_written=5472778	default [performance] powersave powersupersave 
2026-09-13T14:07:51,231853899-04:00	18266820	0	0	0	0	0	avg10=0.25	avg10=0.25	avg10=41.82	avg10=41.06	pgpgin=1661616607,pgpgout=3003737,pswpin=0,pswpout=0,	reads=1236861,sectors_read=82105524,writes=89326,sectors_written=5472794	default [performance] powersave powersupersave 
2026-09-13T14:07:52,468455971-04:00	18265220	0	0	0	0	0	avg10=0.25	avg10=0.25	avg10=41.82	avg10=41.06	pgpgin=1661809371,pgpgout=3003745,pswpin=0,pswpout=0,	reads=1236863,sectors_read=82105764,writes=89328,sectors_written=5472810	default [performance] powersave powersupersave 
2026-09-13T14:07:53,672543651-04:00	18270396	0	0	0	0	0	avg10=0.20	avg10=0.20	avg10=42.58	avg10=41.96	pgpgin=1661991099,pgpgout=3003753,pswpin=0,pswpout=0,	reads=1236863,sectors_read=82105764,writes=89330,sectors_written=5472826	default [performance] powersave powersupersave 
2026-09-13T14:07:54,925647062-04:00	18251840	0	0	0	0	0	avg10=0.20	avg10=0.20	avg10=42.58	avg10=41.96	pgpgin=1662187991,pgpgout=3003761,pswpin=0,pswpout=0,	reads=1236863,sectors_read=82105764,writes=89332,sectors_written=5472842	default [performance] powersave powersupersave 
2026-09-13T14:07:56,159374380-04:00	18253380	0	0	0	0	0	avg10=0.16	avg10=0.16	avg10=43.74	avg10=43.23	pgpgin=1662386171,pgpgout=3003857,pswpin=0,pswpout=0,	reads=1236875,sectors_read=82106348,writes=89336,sectors_written=5473034	default [performance] powersave powersupersave 
2026-09-13T14:07:57,383977091-04:00	18268104	0	0	0	0	0	avg10=0.13	avg10=0.13	avg10=44.87	avg10=44.46	pgpgin=1662585623,pgpgout=3003865,pswpin=0,pswpout=0,	reads=1236875,sectors_read=82106348,writes=89338,sectors_written=5473050	default [performance] powersave powersupersave 
2026-09-13T14:07:58,568689497-04:00	18263200	0	0	0	0	0	avg10=0.13	avg10=0.13	avg10=44.87	avg10=44.46	pgpgin=1662772587,pgpgout=3003873,pswpin=0,pswpout=0,	reads=1236875,sectors_read=82106348,writes=89340,sectors_written=5473066	default [performance] powersave powersupersave 
2026-09-13T14:07:59,692279389-04:00	18275736	0	0	0	0	0	avg10=0.11	avg10=0.11	avg10=46.53	avg10=46.00	pgpgin=1663136471,pgpgout=3003881,pswpin=0,pswpout=0,	reads=1236875,sectors_read=82106348,writes=89342,sectors_written=5473082	default [performance] powersave powersupersave 
2026-09-13T14:08:00,823630596-04:00	18261400	0	0	0	0	0	avg10=0.11	avg10=0.11	avg10=46.53	avg10=46.00	pgpgin=1663502207,pgpgout=3003889,pswpin=0,pswpout=0,	reads=1236875,sectors_read=82106348,writes=89344,sectors_written=5473098	default [performance] powersave powersupersave 
2026-09-13T14:08:01,987248621-04:00	18270912	0	0	0	0	0	avg10=0.09	avg10=0.09	avg10=45.52	avg10=45.10	pgpgin=1663872759,pgpgout=3004029,pswpin=0,pswpout=0,	reads=1236880,sectors_read=82106388,writes=89348,sectors_written=5473298	default [performance] powersave powersupersave 
2026-09-13T14:08:03,138162602-04:00	18267692	0	0	0	0	0	avg10=0.09	avg10=0.09	avg10=45.52	avg10=45.10	pgpgin=1664237603,pgpgout=3004037,pswpin=0,pswpout=0,	reads=1236887,sectors_read=82106660,writes=89350,sectors_written=5473314	default [performance] powersave powersupersave 
2026-09-13T14:08:04,292468276-04:00	18275628	0	0	0	0	0	avg10=0.43	avg10=0.43	avg10=44.70	avg10=44.17	pgpgin=1664564179,pgpgout=3004045,pswpin=0,pswpout=0,	reads=1236888,sectors_read=82106668,writes=89352,sectors_written=5473330	default [performance] powersave powersupersave 
2026-09-13T14:08:05,415389300-04:00	18254408	0	0	0	0	0	avg10=0.53	avg10=0.53	avg10=45.12	avg10=44.68	pgpgin=1664837931,pgpgout=3004053,pswpin=0,pswpout=0,	reads=1236888,sectors_read=82106668,writes=89354,sectors_written=5473346	default [performance] powersave powersupersave 
2026-09-13T14:08:06,543037148-04:00	18253316	0	0	0	0	0	avg10=0.53	avg10=0.53	avg10=45.12	avg10=44.68	pgpgin=1665120983,pgpgout=3004061,pswpin=0,pswpout=0,	reads=1236888,sectors_read=82106668,writes=89356,sectors_written=5473362	default [performance] powersave powersupersave 
2026-09-13T14:08:07,669071562-04:00	18274340	0	0	0	0	0	avg10=0.62	avg10=0.62	avg10=45.64	avg10=45.10	pgpgin=1665475979,pgpgout=3004153,pswpin=0,pswpout=0,	reads=1236948,sectors_read=82115412,writes=89360,sectors_written=5473546	default [performance] powersave powersupersave 
2026-09-13T14:08:08,802197083-04:00	18272548	0	0	0	0	0	avg10=0.62	avg10=0.62	avg10=45.64	avg10=45.10	pgpgin=1665853395,pgpgout=3004229,pswpin=0,pswpout=0,	reads=1236949,sectors_read=82115420,writes=89378,sectors_written=5473698	default [performance] powersave powersupersave 
2026-09-13T14:08:09,946720383-04:00	18261176	0	0	0	0	0	avg10=0.69	avg10=0.69	avg10=44.25	avg10=43.63	pgpgin=1666227591,pgpgout=3004237,pswpin=0,pswpout=0,	reads=1236949,sectors_read=82115420,writes=89380,sectors_written=5473714	default [performance] powersave powersupersave 
2026-09-13T14:08:11,093961991-04:00	18220084	0	0	0	0	0	avg10=0.69	avg10=0.69	avg10=44.25	avg10=43.63	pgpgin=1666603023,pgpgout=3004245,pswpin=0,pswpout=0,	reads=1236949,sectors_read=82115420,writes=89382,sectors_written=5473730	default [performance] powersave powersupersave 
2026-09-13T14:08:12,202474648-04:00	18261240	0	0	0	0	0	avg10=0.56	avg10=0.56	avg10=44.03	avg10=43.34	pgpgin=1666999691,pgpgout=3004253,pswpin=0,pswpout=0,	reads=1237000,sectors_read=82119564,writes=89384,sectors_written=5473746	default [performance] powersave powersupersave 
2026-09-13T14:08:13,311222997-04:00	18260644	0	0	0	0	0	avg10=0.64	avg10=0.64	avg10=43.48	avg10=42.73	pgpgin=1667399067,pgpgout=3004357,pswpin=0,pswpout=0,	reads=1237005,sectors_read=82119860,writes=89388,sectors_written=5473954	default [performance] powersave powersupersave 
2026-09-13T14:08:14,423520386-04:00	18257468	0	0	0	0	0	avg10=0.64	avg10=0.64	avg10=43.48	avg10=42.73	pgpgin=1667753499,pgpgout=3004365,pswpin=0,pswpout=0,	reads=1237005,sectors_read=82119860,writes=89390,sectors_written=5473970	default [performance] powersave powersupersave 
2026-09-13T14:08:15,527467142-04:00	18264884	0	0	0	0	0	avg10=0.52	avg10=0.52	avg10=42.85	avg10=42.05	pgpgin=1668123923,pgpgout=3004373,pswpin=0,pswpout=0,	reads=1237007,sectors_read=82120100,writes=89392,sectors_written=5473986	default [performance] powersave powersupersave 
2026-09-13T14:08:16,650901519-04:00	18243924	0	0	0	0	0	avg10=0.52	avg10=0.52	avg10=42.85	avg10=42.05	pgpgin=1668506271,pgpgout=3004381,pswpin=0,pswpout=0,	reads=1237007,sectors_read=82120100,writes=89394,sectors_written=5474002	default [performance] powersave powersupersave 
2026-09-13T14:08:17,795612501-04:00	18251168	0	0	0	0	0	avg10=0.43	avg10=0.43	avg10=42.15	avg10=41.32	pgpgin=1668895647,pgpgout=3004389,pswpin=0,pswpout=0,	reads=1237007,sectors_read=82120100,writes=89396,sectors_written=5474018	default [performance] powersave powersupersave 
2026-09-13T14:08:19,084144729-04:00	17722700	0	0	0	0	0	avg10=0.43	avg10=0.43	avg10=42.15	avg10=41.32	pgpgin=1669238563,pgpgout=3004489,pswpin=0,pswpout=0,	reads=1237032,sectors_read=82121236,writes=89400,sectors_written=5474218	default [performance] powersave powersupersave 
2026-09-13T14:08:20,233073176-04:00	18248396	0	0	0	0	0	avg10=2.34	avg10=2.34	avg10=40.85	avg10=39.99	pgpgin=1669639651,pgpgout=3004497,pswpin=0,pswpout=0,	reads=1237120,sectors_read=82130188,writes=89402,sectors_written=5474234	default [performance] powersave powersupersave 
2026-09-13T14:08:21,360346618-04:00	18250656	0	0	0	0	0	avg10=2.10	avg10=2.10	avg10=39.07	avg10=38.36	pgpgin=1670026567,pgpgout=3004505,pswpin=0,pswpout=0,	reads=1237120,sectors_read=82130188,writes=89404,sectors_written=5474250	default [performance] powersave powersupersave 
2026-09-13T14:08:22,470045723-04:00	18269804	0	0	0	0	0	avg10=2.10	avg10=2.10	avg10=39.07	avg10=38.36	pgpgin=1670409787,pgpgout=3004513,pswpin=0,pswpout=0,	reads=1237120,sectors_read=82130188,writes=89406,sectors_written=5474266	default [performance] powersave powersupersave 
2026-09-13T14:08:23,584377003-04:00	18271832	0	0	0	0	0	avg10=1.90	avg10=1.90	avg10=40.32	avg10=39.56	pgpgin=1670801983,pgpgout=3004521,pswpin=0,pswpout=0,	reads=1237120,sectors_read=82130188,writes=89408,sectors_written=5474282	default [performance] powersave powersupersave 
2026-09-13T14:08:24,712713632-04:00	18251864	0	0	0	0	0	avg10=1.90	avg10=1.90	avg10=40.32	avg10=39.56	pgpgin=1671171743,pgpgout=3004613,pswpin=0,pswpout=0,	reads=1237120,sectors_read=82130188,writes=89412,sectors_written=5474466	default [performance] powersave powersupersave 
2026-09-13T14:08:25,861502266-04:00	18288180	0	0	0	0	0	avg10=1.73	avg10=1.73	avg10=40.08	avg10=39.28	pgpgin=1671531967,pgpgout=3004621,pswpin=0,pswpout=0,	reads=1237153,sectors_read=82130452,writes=89414,sectors_written=5474482	default [performance] powersave powersupersave 
2026-09-13T14:08:27,011398500-04:00	18263316	0	0	0	0	0	avg10=1.73	avg10=1.73	avg10=40.08	avg10=39.28	pgpgin=1671907735,pgpgout=3004629,pswpin=0,pswpout=0,	reads=1237155,sectors_read=82130468,writes=89416,sectors_written=5474498	default [performance] powersave powersupersave 
2026-09-13T14:08:28,145977921-04:00	18257628	0	0	0	0	0	avg10=1.42	avg10=1.42	avg10=39.52	avg10=38.87	pgpgin=1672286663,pgpgout=3004637,pswpin=0,pswpout=0,	reads=1237155,sectors_read=82130468,writes=89418,sectors_written=5474514	default [performance] powersave powersupersave 
2026-09-13T14:08:29,288177462-04:00	18285440	0	0	0	0	0	avg10=1.16	avg10=1.16	avg10=39.79	avg10=39.07	pgpgin=1672679303,pgpgout=3004645,pswpin=0,pswpout=0,	reads=1237155,sectors_read=82130468,writes=89420,sectors_written=5474530	default [performance] powersave powersupersave 
2026-09-13T14:08:30,411555893-04:00	18269240	0	0	0	0	0	avg10=1.16	avg10=1.16	avg10=39.79	avg10=39.07	pgpgin=1673068735,pgpgout=3004741,pswpin=0,pswpout=0,	reads=1237201,sectors_read=82132540,writes=89424,sectors_written=5474722	default [performance] powersave powersupersave 
2026-09-13T14:08:31,555645044-04:00	18274452	0	0	0	0	0	avg10=0.95	avg10=0.95	avg10=40.91	avg10=40.14	pgpgin=1673472051,pgpgout=3004749,pswpin=0,pswpout=0,	reads=1237286,sectors_read=82143284,writes=89426,sectors_written=5474738	default [performance] powersave powersupersave 
2026-09-13T14:08:32,685853300-04:00	17710644	0	0	0	0	0	avg10=0.95	avg10=0.95	avg10=40.91	avg10=40.14	pgpgin=1673856979,pgpgout=3004809,pswpin=0,pswpout=0,	reads=1237289,sectors_read=82143444,writes=89428,sectors_written=5474754	default [performance] powersave powersupersave 
2026-09-13T14:08:33,823439110-04:00	18248388	0	0	0	0	0	avg10=0.78	avg10=0.78	avg10=42.38	avg10=41.57	pgpgin=1674252463,pgpgout=3004817,pswpin=0,pswpout=0,	reads=1237289,sectors_read=82143444,writes=89430,sectors_written=5474770	default [performance] powersave powersupersave 
2026-09-13T14:08:34,958008020-04:00	18250240	0	0	0	0	0	avg10=0.78	avg10=0.78	avg10=42.38	avg10=41.57	pgpgin=1674646683,pgpgout=3004825,pswpin=0,pswpout=0,	reads=1237296,sectors_read=82143708,writes=89432,sectors_written=5474786	default [performance] powersave powersupersave 
2026-09-13T14:08:36,096605360-04:00	18260288	0	0	0	0	0	avg10=0.63	avg10=0.63	avg10=44.12	avg10=43.27	pgpgin=1675029687,pgpgout=3004917,pswpin=0,pswpout=0,	reads=1237299,sectors_read=82143764,writes=89436,sectors_written=5474970	default [performance] powersave powersupersave 
2026-09-13T14:08:37,242559336-04:00	18281456	0	0	0	0	0	avg10=0.52	avg10=0.52	avg10=45.00	avg10=44.13	pgpgin=1675423319,pgpgout=3004933,pswpin=0,pswpout=0,	reads=1237413,sectors_read=82153236,writes=89442,sectors_written=5475002	default [performance] powersave powersupersave 
2026-09-13T14:08:38,368050085-04:00	18259200	0	0	0	0	0	avg10=0.52	avg10=0.52	avg10=45.00	avg10=44.13	pgpgin=1675792947,pgpgout=3004941,pswpin=0,pswpout=0,	reads=1237413,sectors_read=82153236,writes=89444,sectors_written=5475018	default [performance] powersave powersupersave 
2026-09-13T14:08:39,497814055-04:00	17711636	0	0	0	0	0	avg10=0.42	avg10=0.42	avg10=45.91	avg10=45.01	pgpgin=1676151647,pgpgout=3004949,pswpin=0,pswpout=0,	reads=1237413,sectors_read=82153236,writes=89446,sectors_written=5475034	default [performance] powersave powersupersave 
2026-09-13T14:08:40,624544614-04:00	18255884	0	0	0	0	0	avg10=0.42	avg10=0.42	avg10=45.91	avg10=45.01	pgpgin=1676530443,pgpgout=3004957,pswpin=0,pswpout=0,	reads=1238013,sectors_read=82158396,writes=89448,sectors_written=5475050	default [performance] powersave powersupersave 
2026-09-13T14:08:41,770915052-04:00	18256900	0	0	0	0	0	avg10=0.35	avg10=0.35	avg10=47.01	avg10=46.10	pgpgin=1676906051,pgpgout=3005069,pswpin=0,pswpout=0,	reads=1238019,sectors_read=82158684,writes=89452,sectors_written=5475274	default [performance] powersave powersupersave 
2026-09-13T14:08:42,917474424-04:00	18256684	0	0	0	0	0	avg10=0.35	avg10=0.35	avg10=47.01	avg10=46.10	pgpgin=1677293899,pgpgout=3005077,pswpin=0,pswpout=0,	reads=1238019,sectors_read=82158684,writes=89454,sectors_written=5475290	default [performance] powersave powersupersave 
2026-09-13T14:08:44,058431668-04:00	18246684	0	0	0	0	0	avg10=0.28	avg10=0.28	avg10=45.56	avg10=44.63	pgpgin=1677676871,pgpgout=3005085,pswpin=0,pswpout=0,	reads=1238019,sectors_read=82158684,writes=89456,sectors_written=5475306	default [performance] powersave powersupersave 
2026-09-13T14:08:45,196362335-04:00	18268000	0	0	0	0	0	avg10=0.28	avg10=0.28	avg10=45.56	avg10=44.63	pgpgin=1678055163,pgpgout=3005161,pswpin=0,pswpout=0,	reads=1238019,sectors_read=82158684,writes=89474,sectors_written=5475458	default [performance] powersave powersupersave 
2026-09-13T14:08:46,333780619-04:00	18279528	0	0	0	0	0	avg10=0.41	avg10=0.41	avg10=43.28	avg10=42.34	pgpgin=1678438523,pgpgout=3005169,pswpin=0,pswpout=0,	reads=1238019,sectors_read=82158684,writes=89476,sectors_written=5475474	default [performance] powersave powersupersave 
2026-09-13T14:08:47,450171196-04:00	18226428	0	0	0	0	0	avg10=0.34	avg10=0.34	avg10=41.60	avg10=40.83	pgpgin=1678816311,pgpgout=3005261,pswpin=0,pswpout=0,	reads=1238019,sectors_read=82158684,writes=89480,sectors_written=5475658	default [performance] powersave powersupersave 
2026-09-13T14:08:48,566066853-04:00	18250312	0	0	0	0	0	avg10=0.34	avg10=0.34	avg10=41.60	avg10=40.83	pgpgin=1679196839,pgpgout=3005269,pswpin=0,pswpout=0,	reads=1238031,sectors_read=82160284,writes=89482,sectors_written=5475674	default [performance] powersave powersupersave 
2026-09-13T14:08:49,692197233-04:00	18266688	0	0	0	0	0	avg10=0.27	avg10=0.27	avg10=40.95	avg10=40.31	pgpgin=1679578611,pgpgout=3005277,pswpin=0,pswpout=0,	reads=1238031,sectors_read=82160284,writes=89484,sectors_written=5475690	default [performance] powersave powersupersave 
2026-09-13T14:08:50,813355369-04:00	18101704	0	0	0	0	0	avg10=0.27	avg10=0.27	avg10=40.95	avg10=40.31	pgpgin=1679967003,pgpgout=3005285,pswpin=0,pswpout=0,	reads=1238034,sectors_read=82161052,writes=89486,sectors_written=5475706	default [performance] powersave powersupersave 
2026-09-13T14:08:51,934613132-04:00	18241824	0	0	0	0	0	avg10=0.22	avg10=0.22	avg10=40.05	avg10=39.53	pgpgin=1680338595,pgpgout=3005293,pswpin=0,pswpout=0,	reads=1238034,sectors_read=82161052,writes=89488,sectors_written=5475722	default [performance] powersave powersupersave 
2026-09-13T14:08:53,063705719-04:00	18246784	0	0	0	0	0	avg10=0.22	avg10=0.22	avg10=40.05	avg10=39.53	pgpgin=1680705027,pgpgout=3005405,pswpin=0,pswpout=0,	reads=1238034,sectors_read=82161052,writes=89492,sectors_written=5475946	default [performance] powersave powersupersave 
2026-09-13T14:08:54,187491893-04:00	18246032	0	0	0	0	0	avg10=0.18	avg10=0.18	avg10=40.22	avg10=39.62	pgpgin=1681073375,pgpgout=3005413,pswpin=0,pswpout=0,	reads=1238034,sectors_read=82161052,writes=89494,sectors_written=5475962	default [performance] powersave powersupersave 
2026-09-13T14:08:55,319537799-04:00	18256784	0	0	0	0	0	avg10=0.15	avg10=0.15	avg10=40.18	avg10=39.50	pgpgin=1681437227,pgpgout=3005421,pswpin=0,pswpout=0,	reads=1238034,sectors_read=82161052,writes=89496,sectors_written=5475978	default [performance] powersave powersupersave 
2026-09-13T14:08:56,477028663-04:00	18213268	0	0	0	0	0	avg10=0.15	avg10=0.15	avg10=40.18	avg10=39.50	pgpgin=1681815063,pgpgout=3005429,pswpin=0,pswpout=0,	reads=1238035,sectors_read=82161060,writes=89498,sectors_written=5475994	default [performance] powersave powersupersave 
2026-09-13T14:08:57,622989499-04:00	17964992	0	0	0	0	0	avg10=0.30	avg10=0.30	avg10=39.78	avg10=38.87	pgpgin=1682194787,pgpgout=3005437,pswpin=0,pswpout=0,	reads=1238041,sectors_read=82161340,writes=89500,sectors_written=5476010	default [performance] powersave powersupersave 
2026-09-13T14:08:58,777982208-04:00	18240668	0	0	0	0	0	avg10=0.30	avg10=0.30	avg10=39.78	avg10=38.87	pgpgin=1682570039,pgpgout=3005557,pswpin=0,pswpout=0,	reads=1238044,sectors_read=82161396,writes=89504,sectors_written=5476250	default [performance] powersave powersupersave 
2026-09-13T14:08:59,933711070-04:00	18277568	0	0	0	0	0	avg10=0.43	avg10=0.43	avg10=39.82	avg10=39.07	pgpgin=1682949955,pgpgout=3005565,pswpin=0,pswpout=0,	reads=1238044,sectors_read=82161396,writes=89506,sectors_written=5476266	default [performance] powersave powersupersave 
2026-09-13T14:09:01,078654693-04:00	18227152	0	0	0	0	0	avg10=0.43	avg10=0.43	avg10=39.82	avg10=39.07	pgpgin=1683360007,pgpgout=3005573,pswpin=0,pswpout=0,	reads=1238044,sectors_read=82161396,writes=89508,sectors_written=5476282	default [performance] powersave powersupersave 
2026-09-13T14:09:02,215476685-04:00	18280360	0	0	0	0	0	avg10=0.53	avg10=0.53	avg10=39.85	avg10=39.24	pgpgin=1683754343,pgpgout=3005581,pswpin=0,pswpout=0,	reads=1238102,sectors_read=82170428,writes=89510,sectors_written=5476298	default [performance] powersave powersupersave 
2026-09-13T14:09:03,301012206-04:00	18258692	0	0	0	0	0	avg10=0.43	avg10=0.43	avg10=38.25	avg10=37.75	pgpgin=1684098039,pgpgout=3005589,pswpin=0,pswpout=0,	reads=1238103,sectors_read=82170436,writes=89512,sectors_written=5476314	default [performance] powersave powersupersave 
2026-09-13T14:09:04,423705124-04:00	18251536	0	0	0	0	0	avg10=0.43	avg10=0.43	avg10=38.25	avg10=37.75	pgpgin=1684489531,pgpgout=3005733,pswpin=0,pswpout=0,	reads=1238104,sectors_read=82170444,writes=89516,sectors_written=5476522	default [performance] powersave powersupersave 
2026-09-13T14:09:05,566795064-04:00	18253580	0	0	0	0	0	avg10=0.35	avg10=0.35	avg10=38.38	avg10=37.79	pgpgin=1684884791,pgpgout=3005741,pswpin=0,pswpout=0,	reads=1238104,sectors_read=82170444,writes=89518,sectors_written=5476538	default [performance] powersave powersupersave 
2026-09-13T14:09:06,696955476-04:00	18257588	0	0	0	0	0	avg10=0.35	avg10=0.35	avg10=38.38	avg10=37.79	pgpgin=1685279787,pgpgout=3005749,pswpin=0,pswpout=0,	reads=1238106,sectors_read=82170692,writes=89520,sectors_written=5476554	default [performance] powersave powersupersave 
2026-09-13T14:09:07,830210273-04:00	18259392	0	0	0	0	0	avg10=0.29	avg10=0.29	avg10=39.04	avg10=38.37	pgpgin=1685668091,pgpgout=3005757,pswpin=0,pswpout=0,	reads=1238106,sectors_read=82170692,writes=89522,sectors_written=5476570	default [performance] powersave powersupersave 
2026-09-13T14:09:08,964792915-04:00	18235524	0	0	0	0	0	avg10=0.29	avg10=0.29	avg10=39.04	avg10=38.37	pgpgin=1686071639,pgpgout=3005765,pswpin=0,pswpout=0,	reads=1238107,sectors_read=82170700,writes=89524,sectors_written=5476586	default [performance] powersave powersupersave 
2026-09-13T14:09:10,107961081-04:00	18239336	0	0	0	0	0	avg10=0.23	avg10=0.23	avg10=38.49	avg10=37.76	pgpgin=1686466703,pgpgout=3005865,pswpin=0,pswpout=0,	reads=1238107,sectors_read=82170700,writes=89528,sectors_written=5476786	default [performance] powersave powersupersave 
2026-09-13T14:09:11,245243637-04:00	18193992	0	0	0	0	0	avg10=0.23	avg10=0.23	avg10=38.49	avg10=37.76	pgpgin=1686845227,pgpgout=3005873,pswpin=0,pswpout=0,	reads=1238108,sectors_read=82170708,writes=89530,sectors_written=5476802	default [performance] powersave powersupersave 
2026-09-13T14:09:12,532745031-04:00	18127248	0	0	0	0	0	avg10=0.37	avg10=0.37	avg10=39.48	avg10=38.71	pgpgin=1687167027,pgpgout=3005885,pswpin=0,pswpout=0,	reads=1238130,sectors_read=82171660,writes=89533,sectors_written=5476826	default [performance] powersave powersupersave 
2026-09-13T14:09:13,681362647-04:00	18279532	0	0	0	0	0	avg10=1.57	avg10=1.57	avg10=38.67	avg10=37.67	pgpgin=1687538243,pgpgout=3005893,pswpin=0,pswpout=0,	reads=1238137,sectors_read=82171940,writes=89535,sectors_written=5476842	default [performance] powersave powersupersave 
2026-09-13T14:09:14,819016250-04:00	18239696	0	0	0	0	0	avg10=1.57	avg10=1.57	avg10=38.67	avg10=37.67	pgpgin=1687897263,pgpgout=3005901,pswpin=0,pswpout=0,	reads=1238230,sectors_read=82181084,writes=89537,sectors_written=5476858	default [performance] powersave powersupersave 
2026-09-13T14:09:15,932372411-04:00	18258688	0	0	0	0	0	avg10=1.47	avg10=1.47	avg10=38.01	avg10=37.19	pgpgin=1688255863,pgpgout=3005977,pswpin=0,pswpout=0,	reads=1238230,sectors_read=82181084,writes=89541,sectors_written=5477010	default [performance] powersave powersupersave 
2026-09-13T14:09:17,072612534-04:00	18236448	0	0	0	0	0	avg10=1.47	avg10=1.47	avg10=38.01	avg10=37.19	pgpgin=1688639763,pgpgout=3005985,pswpin=0,pswpout=0,	reads=1238230,sectors_read=82181084,writes=89543,sectors_written=5477026	default [performance] powersave powersupersave 
2026-09-13T14:09:18,214259691-04:00	18255492	0	0	0	0	0	avg10=1.38	avg10=1.38	avg10=37.10	avg10=36.43	pgpgin=1689006895,pgpgout=3005993,pswpin=0,pswpout=0,	reads=1238230,sectors_read=82181084,writes=89545,sectors_written=5477042	default [performance] powersave powersupersave 
2026-09-13T14:09:19,331165173-04:00	18255856	0	0	0	0	0	avg10=1.49	avg10=1.49	avg10=36.72	avg10=35.99	pgpgin=1689388763,pgpgout=3006001,pswpin=0,pswpout=0,	reads=1238230,sectors_read=82181084,writes=89547,sectors_written=5477058	default [performance] powersave powersupersave 
2026-09-13T14:09:20,489131557-04:00	17687492	0	0	0	0	0	avg10=1.49	avg10=1.49	avg10=36.72	avg10=35.99	pgpgin=1689765579,pgpgout=3006049,pswpin=0,pswpout=0,	reads=1238230,sectors_read=82181084,writes=89559,sectors_written=5477154	default [performance] powersave powersupersave 
2026-09-13T14:09:21,643815463-04:00	18234396	0	0	0	0	0	avg10=1.22	avg10=1.22	avg10=36.59	avg10=35.81	pgpgin=1690152067,pgpgout=3006153,pswpin=0,pswpout=0,	reads=1238231,sectors_read=82181092,writes=89563,sectors_written=5477362	default [performance] powersave powersupersave 
2026-09-13T14:09:22,780185393-04:00	18230052	0	0	0	0	0	avg10=1.22	avg10=1.22	avg10=36.59	avg10=35.81	pgpgin=1690552739,pgpgout=3006161,pswpin=0,pswpout=0,	reads=1238564,sectors_read=82205292,writes=89565,sectors_written=5477378	default [performance] powersave powersupersave 
2026-09-13T14:09:23,897833279-04:00	18277240	0	0	0	0	0	avg10=1.00	avg10=1.00	avg10=35.75	avg10=35.12	pgpgin=1690944819,pgpgout=3006169,pswpin=0,pswpout=0,	reads=1238568,sectors_read=82205660,writes=89567,sectors_written=5477394	default [performance] powersave powersupersave 
2026-09-13T14:09:25,022367565-04:00	18253804	0	0	0	0	0	avg10=1.00	avg10=1.00	avg10=35.75	avg10=35.12	pgpgin=1691325907,pgpgout=3006177,pswpin=0,pswpout=0,	reads=1238568,sectors_read=82205660,writes=89569,sectors_written=5477410	default [performance] powersave powersupersave 
2026-09-13T14:09:26,170504477-04:00	18254700	0	0	0	0	0	avg10=0.82	avg10=0.82	avg10=36.34	avg10=35.64	pgpgin=1691707807,pgpgout=3006185,pswpin=0,pswpout=0,	reads=1238568,sectors_read=82205660,writes=89571,sectors_written=5477426	default [performance] powersave powersupersave 
2026-09-13T14:09:27,302542596-04:00	18250828	0	0	0	0	0	avg10=0.85	avg10=0.85	avg10=36.46	avg10=35.34	pgpgin=1692092891,pgpgout=3006293,pswpin=0,pswpout=0,	reads=1238653,sectors_read=82211388,writes=89575,sectors_written=5477642	default [performance] powersave powersupersave 
2026-09-13T14:09:28,432581106-04:00	18232796	0	0	0	0	0	avg10=0.85	avg10=0.85	avg10=36.46	avg10=35.34	pgpgin=1692473131,pgpgout=3006301,pswpin=0,pswpout=0,	reads=1238738,sectors_read=82216924,writes=89577,sectors_written=5477658	default [performance] powersave powersupersave 
2026-09-13T14:09:29,571732201-04:00	18265416	0	0	0	0	0	avg10=0.69	avg10=0.69	avg10=37.28	avg10=36.18	pgpgin=1692866535,pgpgout=3006309,pswpin=0,pswpout=0,	reads=1238738,sectors_read=82216924,writes=89579,sectors_written=5477674	default [performance] powersave powersupersave 
2026-09-13T14:09:30,704701008-04:00	18245588	0	0	0	0	0	avg10=0.69	avg10=0.69	avg10=37.28	avg10=36.18	pgpgin=1693260111,pgpgout=3006317,pswpin=0,pswpout=0,	reads=1238738,sectors_read=82216924,writes=89581,sectors_written=5477690	default [performance] powersave powersupersave 
2026-09-13T14:09:31,835356768-04:00	18164940	0	0	0	0	0	avg10=0.57	avg10=0.57	avg10=36.87	avg10=35.79	pgpgin=1693657387,pgpgout=3006325,pswpin=0,pswpout=0,	reads=1238770,sectors_read=82220380,writes=89583,sectors_written=5477706	default [performance] powersave powersupersave 
2026-09-13T14:09:32,958957681-04:00	18214188	0	0	0	0	0	avg10=0.57	avg10=0.57	avg10=36.87	avg10=35.79	pgpgin=1694021875,pgpgout=3006433,pswpin=0,pswpout=0,	reads=1238780,sectors_read=82221564,writes=89587,sectors_written=5477922	default [performance] powersave powersupersave 
2026-09-13T14:09:34,095289728-04:00	18244596	0	0	0	0	0	avg10=0.46	avg10=0.46	avg10=36.89	avg10=35.64	pgpgin=1694393511,pgpgout=3006441,pswpin=0,pswpout=0,	reads=1238780,sectors_read=82221564,writes=89589,sectors_written=5477938	default [performance] powersave powersupersave 
2026-09-13T14:09:35,221326427-04:00	18245104	0	0	0	0	0	avg10=0.46	avg10=0.46	avg10=36.89	avg10=35.64	pgpgin=1694775679,pgpgout=3006449,pswpin=0,pswpout=0,	reads=1238780,sectors_read=82221564,writes=89591,sectors_written=5477954	default [performance] powersave powersupersave 
2026-09-13T14:09:36,333167429-04:00	18175868	0	0	0	0	0	avg10=0.38	avg10=0.38	avg10=37.45	avg10=36.43	pgpgin=1695132987,pgpgout=3006497,pswpin=0,pswpout=0,	reads=1238780,sectors_read=82221564,writes=89593,sectors_written=5477970	default [performance] powersave powersupersave 
2026-09-13T14:09:37,467814790-04:00	18219348	0	0	0	0	0	avg10=0.31	avg10=0.31	avg10=38.09	avg10=37.08	pgpgin=1695515699,pgpgout=3006505,pswpin=0,pswpout=0,	reads=1238798,sectors_read=82223092,writes=89595,sectors_written=5477986	default [performance] powersave powersupersave 
2026-09-13T14:09:38,602861791-04:00	17682580	0	0	0	0	0	avg10=0.31	avg10=0.31	avg10=38.09	avg10=37.08	pgpgin=1695890119,pgpgout=3006621,pswpin=0,pswpout=0,	reads=1238798,sectors_read=82223092,writes=89599,sectors_written=5478218	default [performance] powersave powersupersave 
2026-09-13T14:09:39,745816152-04:00	18182404	0	0	0	0	0	avg10=0.43	avg10=0.43	avg10=38.08	avg10=37.06	pgpgin=1696265567,pgpgout=3006629,pswpin=0,pswpout=0,	reads=1238805,sectors_read=82223684,writes=89601,sectors_written=5478234	default [performance] powersave powersupersave 
2026-09-13T14:09:40,893717330-04:00	18262812	0	0	0	0	0	avg10=0.43	avg10=0.43	avg10=38.08	avg10=37.06	pgpgin=1696647627,pgpgout=3006637,pswpin=0,pswpout=0,	reads=1238805,sectors_read=82223684,writes=89603,sectors_written=5478250	default [performance] powersave powersupersave 
2026-09-13T14:09:42,020644021-04:00	18245712	0	0	0	0	0	avg10=0.35	avg10=0.35	avg10=38.61	avg10=37.59	pgpgin=1697016143,pgpgout=3006645,pswpin=0,pswpout=0,	reads=1238805,sectors_read=82223684,writes=89605,sectors_written=5478266	default [performance] powersave powersupersave 
2026-09-13T14:09:43,138323504-04:00	18113280	0	0	0	0	0	avg10=0.35	avg10=0.35	avg10=38.61	avg10=37.59	pgpgin=1697376331,pgpgout=3006653,pswpin=0,pswpout=0,	reads=1238805,sectors_read=82223684,writes=89607,sectors_written=5478282	default [performance] powersave powersupersave 
2026-09-13T14:09:44,285248246-04:00	18268484	0	0	0	0	0	avg10=0.29	avg10=0.29	avg10=38.86	avg10=37.85	pgpgin=1697733111,pgpgout=3006745,pswpin=0,pswpout=0,	reads=1238806,sectors_read=82223692,writes=89611,sectors_written=5478466	default [performance] powersave powersupersave 
2026-09-13T14:09:45,423732857-04:00	18240656	0	0	0	0	0	avg10=0.24	avg10=0.24	avg10=39.43	avg10=38.42	pgpgin=1698088203,pgpgout=3006753,pswpin=0,pswpout=0,	reads=1238806,sectors_read=82223692,writes=89613,sectors_written=5478482	default [performance] powersave powersupersave 
2026-09-13T14:09:46,555747920-04:00	18248276	0	0	0	0	0	avg10=0.24	avg10=0.24	avg10=39.43	avg10=38.42	pgpgin=1698455671,pgpgout=3006761,pswpin=0,pswpout=0,	reads=1238806,sectors_read=82223692,writes=89615,sectors_written=5478498	default [performance] powersave powersupersave 
2026-09-13T14:09:47,682358767-04:00	18243972	0	0	0	0	0	avg10=0.19	avg10=0.19	avg10=39.71	avg10=38.70	pgpgin=1698835115,pgpgout=3006769,pswpin=0,pswpout=0,	reads=1238806,sectors_read=82223692,writes=89617,sectors_written=5478514	default [performance] powersave powersupersave 
2026-09-13T14:09:48,813042398-04:00	18252188	0	0	0	0	0	avg10=0.19	avg10=0.19	avg10=39.71	avg10=38.70	pgpgin=1699234771,pgpgout=3006777,pswpin=0,pswpout=0,	reads=1238806,sectors_read=82223692,writes=89619,sectors_written=5478530	default [performance] powersave powersupersave 
2026-09-13T14:09:49,943636480-04:00	18237244	0	0	0	0	0	avg10=0.16	avg10=0.16	avg10=39.94	avg10=38.94	pgpgin=1699638727,pgpgout=3006885,pswpin=0,pswpout=0,	reads=1238808,sectors_read=82223796,writes=89623,sectors_written=5478746	default [performance] powersave powersupersave 
2026-09-13T14:09:51,077890240-04:00	18195180	0	0	0	0	0	avg10=0.16	avg10=0.16	avg10=39.94	avg10=38.94	pgpgin=1700033071,pgpgout=3006893,pswpin=0,pswpout=0,	reads=1238808,sectors_read=82223796,writes=89625,sectors_written=5478762	default [performance] powersave powersupersave 
2026-09-13T14:09:52,230634427-04:00	18225680	0	0	0	0	0	avg10=0.13	avg10=0.13	avg10=39.23	avg10=38.22	pgpgin=1700426291,pgpgout=3006901,pswpin=0,pswpout=0,	reads=1238817,sectors_read=82224140,writes=89627,sectors_written=5478778	default [performance] powersave powersupersave 
2026-09-13T14:09:53,356009311-04:00	18250100	0	0	0	0	0	avg10=0.65	avg10=0.65	avg10=39.00	avg10=38.18	pgpgin=1700789143,pgpgout=3006909,pswpin=0,pswpout=0,	reads=1238817,sectors_read=82224140,writes=89629,sectors_written=5478794	default [performance] powersave powersupersave 
2026-09-13T14:09:54,485867440-04:00	17664580	0	0	0	0	0	avg10=0.65	avg10=0.65	avg10=39.00	avg10=38.18	pgpgin=1701174947,pgpgout=3006917,pswpin=0,pswpout=0,	reads=1238817,sectors_read=82224140,writes=89631,sectors_written=5478810	default [performance] powersave powersupersave 
2026-09-13T14:09:55,627152713-04:00	18275792	0	0	0	0	0	avg10=0.71	avg10=0.71	avg10=38.28	avg10=37.42	pgpgin=1701564055,pgpgout=3007009,pswpin=0,pswpout=0,	reads=1238817,sectors_read=82224140,writes=89635,sectors_written=5478994	default [performance] powersave powersupersave 
2026-09-13T14:09:56,765798265-04:00	18172344	0	0	0	0	0	avg10=0.71	avg10=0.71	avg10=38.28	avg10=37.42	pgpgin=1701961615,pgpgout=3007093,pswpin=0,pswpout=0,	reads=1238868,sectors_read=82230380,writes=89653,sectors_written=5479162	default [performance] powersave powersupersave 
2026-09-13T14:09:57,875577761-04:00	18271060	0	0	0	0	0	avg10=0.58	avg10=0.58	avg10=38.41	avg10=37.53	pgpgin=1702330327,pgpgout=3007101,pswpin=0,pswpout=0,	reads=1238882,sectors_read=82231660,writes=89655,sectors_written=5479178	default [performance] powersave powersupersave 
2026-09-13T14:09:59,020998104-04:00	18244920	0	0	0	0	0	avg10=0.58	avg10=0.58	avg10=38.41	avg10=37.53	pgpgin=1702701891,pgpgout=3007109,pswpin=0,pswpout=0,	reads=1238882,sectors_read=82231660,writes=89657,sectors_written=5479194	default [performance] powersave powersupersave 
2026-09-13T14:10:00,172032799-04:00	18193152	0	0	0	0	0	avg10=0.47	avg10=0.47	avg10=39.06	avg10=37.97	pgpgin=1703092575,pgpgout=3007117,pswpin=0,pswpout=0,	reads=1238882,sectors_read=82231660,writes=89659,sectors_written=5479210	default [performance] powersave powersupersave 
2026-09-13T14:10:01,311139317-04:00	18233248	0	0	0	0	0	avg10=0.39	avg10=0.39	avg10=40.13	avg10=38.88	pgpgin=1703472011,pgpgout=3007221,pswpin=0,pswpout=0,	reads=1238882,sectors_read=82231660,writes=89663,sectors_written=5479418	default [performance] powersave powersupersave 
2026-09-13T14:10:02,444965351-04:00	18229192	0	0	0	0	0	avg10=0.39	avg10=0.39	avg10=40.13	avg10=38.88	pgpgin=1703855507,pgpgout=3007229,pswpin=0,pswpout=0,	reads=1238882,sectors_read=82231660,writes=89665,sectors_written=5479434	default [performance] powersave powersupersave 
2026-09-13T14:10:03,574814463-04:00	18213260	0	0	0	0	0	avg10=0.32	avg10=0.32	avg10=40.83	avg10=39.63	pgpgin=1704245899,pgpgout=3007237,pswpin=0,pswpout=0,	reads=1238884,sectors_read=82231916,writes=89667,sectors_written=5479450	default [performance] powersave powersupersave 
2026-09-13T14:10:04,712906486-04:00	18251520	0	0	0	0	0	avg10=0.32	avg10=0.32	avg10=40.83	avg10=39.63	pgpgin=1704648199,pgpgout=3007321,pswpin=0,pswpout=0,	reads=1239353,sectors_read=82270276,writes=89672,sectors_written=5479618	default [performance] powersave powersupersave 
2026-09-13T14:10:05,846535369-04:00	18186200	0	0	0	0	0	avg10=0.26	avg10=0.26	avg10=41.04	avg10=40.06	pgpgin=1705027399,pgpgout=3007329,pswpin=0,pswpout=0,	reads=1239353,sectors_read=82270276,writes=89674,sectors_written=5479634	default [performance] powersave powersupersave 
2026-09-13T14:10:07,243199770-04:00	18136612	0	0	0	0	0	avg10=0.26	avg10=0.26	avg10=41.04	avg10=40.06	pgpgin=1705380507,pgpgout=3007373,pswpin=0,pswpout=0,	reads=1239374,sectors_read=82271212,writes=89676,sectors_written=5479650	default [performance] powersave powersupersave 
2026-09-13T14:10:08,487621521-04:00	18234916	0	0	0	0	0	avg10=2.20	avg10=2.20	avg10=40.49	avg10=39.50	pgpgin=1705748247,pgpgout=3007381,pswpin=0,pswpout=0,	reads=1239378,sectors_read=82271260,writes=89678,sectors_written=5479666	default [performance] powersave powersupersave 
2026-09-13T14:10:09,623813030-04:00	18247180	0	0	0	0	0	avg10=2.35	avg10=2.35	avg10=40.04	avg10=38.87	pgpgin=1706117419,pgpgout=3007489,pswpin=0,pswpout=0,	reads=1239474,sectors_read=82281556,writes=89682,sectors_written=5479882	default [performance] powersave powersupersave 
2026-09-13T14:10:10,765568246-04:00	18249608	0	0	0	0	0	avg10=2.35	avg10=2.35	avg10=40.04	avg10=38.87	pgpgin=1706483343,pgpgout=3007497,pswpin=0,pswpout=0,	reads=1239486,sectors_read=82282564,writes=89684,sectors_written=5479898	default [performance] powersave powersupersave 
2026-09-13T14:10:11,906208125-04:00	18250324	0	0	0	0	0	avg10=2.28	avg10=2.28	avg10=38.94	avg10=37.80	pgpgin=1706861771,pgpgout=3007505,pswpin=0,pswpout=0,	reads=1239486,sectors_read=82282564,writes=89686,sectors_written=5479914	default [performance] powersave powersupersave 
2026-09-13T14:10:13,047914477-04:00	18263832	0	0	0	0	0	avg10=2.28	avg10=2.28	avg10=38.94	avg10=37.80	pgpgin=1707234095,pgpgout=3007513,pswpin=0,pswpout=0,	reads=1239488,sectors_read=82282580,writes=89688,sectors_written=5479930	default [performance] powersave powersupersave 
2026-09-13T14:10:14,185657532-04:00	18228928	0	0	0	0	0	avg10=2.05	avg10=2.05	avg10=38.95	avg10=37.84	pgpgin=1707601783,pgpgout=3007521,pswpin=0,pswpout=0,	reads=1239488,sectors_read=82282580,writes=89690,sectors_written=5479946	default [performance] powersave powersupersave 
2026-09-13T14:10:15,324896888-04:00	18253032	0	0	0	0	0	avg10=1.86	avg10=1.86	avg10=39.32	avg10=38.05	pgpgin=1707964819,pgpgout=3007629,pswpin=0,pswpout=0,	reads=1239500,sectors_read=82283572,writes=89694,sectors_written=5480162	default [performance] powersave powersupersave 
2026-09-13T14:10:16,436903718-04:00	18242340	0	0	0	0	0	avg10=1.86	avg10=1.86	avg10=39.32	avg10=38.05	pgpgin=1708330339,pgpgout=3007637,pswpin=0,pswpout=0,	reads=1239500,sectors_read=82283572,writes=89696,sectors_written=5480178	default [performance] powersave powersupersave 
2026-09-13T14:10:17,586875583-04:00	18186060	0	0	0	0	0	avg10=1.52	avg10=1.52	avg10=39.63	avg10=38.40	pgpgin=1708711655,pgpgout=3007645,pswpin=0,pswpout=0,	reads=1239500,sectors_read=82283572,writes=89698,sectors_written=5480194	default [performance] powersave powersupersave 
2026-09-13T14:10:18,725754972-04:00	18238056	0	0	0	0	0	avg10=1.52	avg10=1.52	avg10=39.63	avg10=38.40	pgpgin=1709101523,pgpgout=3007653,pswpin=0,pswpout=0,	reads=1239502,sectors_read=82283588,writes=89700,sectors_written=5480210	default [performance] powersave powersupersave 
2026-09-13T14:10:19,857461401-04:00	17700364	0	0	0	0	0	avg10=1.24	avg10=1.24	avg10=39.87	avg10=38.69	pgpgin=1709475919,pgpgout=3007661,pswpin=0,pswpout=0,	reads=1239503,sectors_read=82283596,writes=89702,sectors_written=5480226	default [performance] powersave powersupersave 
2026-09-13T14:10:21,011248124-04:00	18277476	0	0	0	0	0	avg10=1.24	avg10=1.24	avg10=39.87	avg10=38.69	pgpgin=1709860987,pgpgout=3007765,pswpin=0,pswpout=0,	reads=1239504,sectors_read=82283604,writes=89706,sectors_written=5480434	default [performance] powersave powersupersave 
2026-09-13T14:10:22,136490888-04:00	18230560	0	0	0	0	0	avg10=1.02	avg10=1.02	avg10=38.99	avg10=37.84	pgpgin=1710230127,pgpgout=3007773,pswpin=0,pswpout=0,	reads=1239514,sectors_read=82284348,writes=89708,sectors_written=5480450	default [performance] powersave powersupersave 
2026-09-13T14:10:23,255862908-04:00	18260076	0	0	0	0	0	avg10=1.02	avg10=1.02	avg10=38.99	avg10=37.84	pgpgin=1710608567,pgpgout=3007781,pswpin=0,pswpout=0,	reads=1239514,sectors_read=82284348,writes=89710,sectors_written=5480466	default [performance] powersave powersupersave 
2026-09-13T14:10:24,386249156-04:00	18228848	0	0	0	0	0	avg10=0.83	avg10=0.83	avg10=38.45	avg10=37.51	pgpgin=1710967699,pgpgout=3007789,pswpin=0,pswpout=0,	reads=1239514,sectors_read=82284348,writes=89712,sectors_written=5480482	default [performance] powersave powersupersave 
2026-09-13T14:10:25,521949641-04:00	18233300	0	0	0	0	0	avg10=0.68	avg10=0.68	avg10=38.73	avg10=37.78	pgpgin=1711348579,pgpgout=3007797,pswpin=0,pswpout=0,	reads=1239514,sectors_read=82284348,writes=89714,sectors_written=5480498	default [performance] powersave powersupersave 
2026-09-13T14:10:26,644039859-04:00	18199820	0	0	0	0	0	avg10=0.68	avg10=0.68	avg10=38.73	avg10=37.78	pgpgin=1711719343,pgpgout=3007889,pswpin=0,pswpout=0,	reads=1239514,sectors_read=82284348,writes=89718,sectors_written=5480682	default [performance] powersave powersupersave 
2026-09-13T14:10:27,778059495-04:00	18234988	0	0	0	0	0	avg10=0.56	avg10=0.56	avg10=37.51	avg10=36.73	pgpgin=1712087892,pgpgout=3007897,pswpin=0,pswpout=0,	reads=1239525,sectors_read=82285476,writes=89720,sectors_written=5480698	default [performance] powersave powersupersave 
2026-09-13T14:10:28,905486042-04:00	18244160	0	0	0	0	0	avg10=0.56	avg10=0.56	avg10=37.51	avg10=36.73	pgpgin=1712363700,pgpgout=3007905,pswpin=0,pswpout=0,	reads=1239532,sectors_read=82285860,writes=89722,sectors_written=5480714	default [performance] powersave powersupersave 
2026-09-13T14:10:30,026939023-04:00	18049796	0	0	0	0	0	avg10=0.45	avg10=0.45	avg10=39.41	avg10=38.59	pgpgin=1712616628,pgpgout=3007913,pswpin=0,pswpout=0,	reads=1239532,sectors_read=82285860,writes=89724,sectors_written=5480730	default [performance] powersave powersupersave 
2026-09-13T14:10:31,134963719-04:00	18224416	0	0	0	0	0	avg10=0.45	avg10=0.45	avg10=39.41	avg10=38.59	pgpgin=1712888560,pgpgout=3007921,pswpin=0,pswpout=0,	reads=1239543,sectors_read=82286436,writes=89726,sectors_written=5480746	default [performance] powersave powersupersave 
2026-09-13T14:10:32,260058804-04:00	18220600	0	0	0	0	0	avg10=0.37	avg10=0.37	avg10=42.23	avg10=41.38	pgpgin=1713246724,pgpgout=3008085,pswpin=0,pswpout=0,	reads=1239543,sectors_read=82286436,writes=89746,sectors_written=5481074	default [performance] powersave powersupersave 
2026-09-13T14:10:33,385504637-04:00	18218072	0	0	0	0	0	avg10=0.30	avg10=0.30	avg10=41.83	avg10=40.95	pgpgin=1713603224,pgpgout=3008093,pswpin=0,pswpout=0,	reads=1239543,sectors_read=82286436,writes=89748,sectors_written=5481090	default [performance] powersave powersupersave 
2026-09-13T14:10:34,523034679-04:00	17855104	0	0	0	0	0	avg10=0.30	avg10=0.30	avg10=41.83	avg10=40.95	pgpgin=1713965596,pgpgout=3008101,pswpin=0,pswpout=0,	reads=1239543,sectors_read=82286436,writes=89750,sectors_written=5481106	default [performance] powersave powersupersave 
2026-09-13T14:10:35,657619817-04:00	18208116	0	0	0	0	0	avg10=0.25	avg10=0.25	avg10=42.04	avg10=41.14	pgpgin=1714330620,pgpgout=3008249,pswpin=0,pswpout=0,	reads=1239544,sectors_read=82286444,writes=89770,sectors_written=5481402	default [performance] powersave powersupersave 
2026-09-13T14:10:36,789413389-04:00	18205628	0	0	0	0	0	avg10=0.25	avg10=0.25	avg10=42.04	avg10=41.14	pgpgin=1714710944,pgpgout=3008257,pswpin=0,pswpout=0,	reads=1239544,sectors_read=82286444,writes=89772,sectors_written=5481418	default [performance] powersave powersupersave 
2026-09-13T14:10:37,933368275-04:00	18238940	0	0	0	0	0	avg10=0.20	avg10=0.20	avg10=42.03	avg10=41.11	pgpgin=1715078016,pgpgout=3008365,pswpin=0,pswpout=0,	reads=1239546,sectors_read=82286692,writes=89776,sectors_written=5481634	default [performance] powersave powersupersave 
2026-09-13T14:10:39,067811075-04:00	18240648	0	0	0	0	0	avg10=0.20	avg10=0.20	avg10=42.03	avg10=41.11	pgpgin=1715446516,pgpgout=3008413,pswpin=0,pswpout=0,	reads=1239546,sectors_read=82286692,writes=89778,sectors_written=5481650	default [performance] powersave powersupersave 
2026-09-13T14:10:40,207085034-04:00	18221272	0	0	0	0	0	avg10=0.34	avg10=0.34	avg10=42.20	avg10=41.27	pgpgin=1715807700,pgpgout=3008421,pswpin=0,pswpout=0,	reads=1240138,sectors_read=82292836,writes=89780,sectors_written=5481666	default [performance] powersave powersupersave 
2026-09-13T14:10:41,334521899-04:00	18221936	0	0	0	0	0	avg10=0.28	avg10=0.28	avg10=42.35	avg10=41.40	pgpgin=1716168296,pgpgout=3008429,pswpin=0,pswpout=0,	reads=1240138,sectors_read=82292836,writes=89782,sectors_written=5481682	default [performance] powersave powersupersave 
2026-09-13T14:10:42,471975356-04:00	18246236	0	0	0	0	0	avg10=0.28	avg10=0.28	avg10=42.35	avg10=41.40	pgpgin=1716529700,pgpgout=3008437,pswpin=0,pswpout=0,	reads=1240138,sectors_read=82292836,writes=89784,sectors_written=5481698	default [performance] powersave powersupersave 
2026-09-13T14:10:43,619651355-04:00	18235764	0	0	0	0	0	avg10=0.23	avg10=0.23	avg10=41.74	avg10=40.97	pgpgin=1716904032,pgpgout=3008529,pswpin=0,pswpout=0,	reads=1240138,sectors_read=82292836,writes=89788,sectors_written=5481882	default [performance] powersave powersupersave 
2026-09-13T14:10:44,769493543-04:00	18233172	0	0	0	0	0	avg10=0.23	avg10=0.23	avg10=41.74	avg10=40.97	pgpgin=1717298416,pgpgout=3008537,pswpin=0,pswpout=0,	reads=1240138,sectors_read=82292836,writes=89790,sectors_written=5481898	default [performance] powersave powersupersave 
2026-09-13T14:10:45,901532946-04:00	18230696	0	0	0	0	0	avg10=0.19	avg10=0.19	avg10=40.88	avg10=40.25	pgpgin=1717663568,pgpgout=3008545,pswpin=0,pswpout=0,	reads=1240138,sectors_read=82292836,writes=89792,sectors_written=5481914	default [performance] powersave powersupersave 
2026-09-13T14:10:47,017919043-04:00	18229336	0	0	0	0	0	avg10=0.19	avg10=0.19	avg10=40.88	avg10=40.25	pgpgin=1718049888,pgpgout=3008553,pswpin=0,pswpout=0,	reads=1240138,sectors_read=82292836,writes=89794,sectors_written=5481930	default [performance] powersave powersupersave 
2026-09-13T14:10:48,154334610-04:00	18201144	0	0	0	0	0	avg10=0.15	avg10=0.15	avg10=40.90	avg10=40.20	pgpgin=1718465316,pgpgout=3008561,pswpin=0,pswpout=0,	reads=1240139,sectors_read=82292844,writes=89796,sectors_written=5481946	default [performance] powersave powersupersave 
2026-09-13T14:10:49,289014885-04:00	18232092	0	0	0	0	0	avg10=0.15	avg10=0.15	avg10=40.90	avg10=40.20	pgpgin=1718855888,pgpgout=3008661,pswpin=0,pswpout=0,	reads=1240154,sectors_read=82294484,writes=89800,sectors_written=5482146	default [performance] powersave powersupersave 
2026-09-13T14:10:50,429983838-04:00	18245004	0	0	0	0	0	avg10=0.30	avg10=0.30	avg10=40.01	avg10=39.44	pgpgin=1719225136,pgpgout=3008669,pswpin=0,pswpout=0,	reads=1240154,sectors_read=82294484,writes=89802,sectors_written=5482162	default [performance] powersave powersupersave 
2026-09-13T14:10:51,561364573-04:00	18230388	0	0	0	0	0	avg10=0.79	avg10=0.79	avg10=40.01	avg10=39.54	pgpgin=1719609920,pgpgout=3008677,pswpin=0,pswpout=0,	reads=1240221,sectors_read=82301060,writes=89804,sectors_written=5482178	default [performance] powersave powersupersave 
2026-09-13T14:10:52,705438291-04:00	18216116	0	0	0	0	0	avg10=0.79	avg10=0.79	avg10=40.01	avg10=39.54	pgpgin=1720009492,pgpgout=3008685,pswpin=0,pswpout=0,	reads=1240222,sectors_read=82301068,writes=89806,sectors_written=5482194	default [performance] powersave powersupersave 
2026-09-13T14:10:53,837073754-04:00	18242528	0	0	0	0	0	avg10=0.83	avg10=0.83	avg10=39.28	avg10=38.72	pgpgin=1720390636,pgpgout=3008693,pswpin=0,pswpout=0,	reads=1240223,sectors_read=82301076,writes=89808,sectors_written=5482210	default [performance] powersave powersupersave 
2026-09-13T14:10:54,967758731-04:00	18257800	0	0	0	0	0	avg10=0.83	avg10=0.83	avg10=39.28	avg10=38.72	pgpgin=1720780968,pgpgout=3008797,pswpin=0,pswpout=0,	reads=1240223,sectors_read=82301076,writes=89812,sectors_written=5482418	default [performance] powersave powersupersave 
2026-09-13T14:10:56,086224556-04:00	18216064	0	0	0	0	0	avg10=0.86	avg10=0.86	avg10=39.59	avg10=38.95	pgpgin=1721148240,pgpgout=3008805,pswpin=0,pswpout=0,	reads=1240223,sectors_read=82301076,writes=89814,sectors_written=5482434	default [performance] powersave powersupersave 
2026-09-13T14:10:57,218444186-04:00	18237520	0	0	0	0	0	avg10=0.86	avg10=0.86	avg10=39.59	avg10=38.95	pgpgin=1721533628,pgpgout=3008813,pswpin=0,pswpout=0,	reads=1240223,sectors_read=82301076,writes=89816,sectors_written=5482450	default [performance] powersave powersupersave 
2026-09-13T14:10:58,367393656-04:00	18223544	0	0	0	0	0	avg10=0.88	avg10=0.88	avg10=39.67	avg10=38.96	pgpgin=1721924392,pgpgout=3008821,pswpin=0,pswpout=0,	reads=1240230,sectors_read=82301452,writes=89818,sectors_written=5482466	default [performance] powersave powersupersave 
2026-09-13T14:10:59,488740164-04:00	18194004	0	0	0	0	0	avg10=0.72	avg10=0.72	avg10=40.63	avg10=39.87	pgpgin=1722303772,pgpgout=3008829,pswpin=0,pswpout=0,	reads=1240231,sectors_read=82301460,writes=89820,sectors_written=5482482	default [performance] powersave powersupersave 
2026-09-13T14:11:00,619599999-04:00	18232448	0	0	0	0	0	avg10=0.72	avg10=0.72	avg10=40.63	avg10=39.87	pgpgin=1722682588,pgpgout=3008913,pswpin=0,pswpout=0,	reads=1240235,sectors_read=82301492,writes=89824,sectors_written=5482650	default [performance] powersave powersupersave 
2026-09-13T14:11:01,751330200-04:00	18107744	0	0	0	0	0	avg10=0.59	avg10=0.59	avg10=40.52	avg10=39.89	pgpgin=1723061639,pgpgout=3008921,pswpin=0,pswpout=0,	reads=1240243,sectors_read=82302556,writes=89826,sectors_written=5482666	default [performance] powersave powersupersave 
2026-09-13T14:11:02,910680204-04:00	18202864	0	0	0	0	0	avg10=0.59	avg10=0.59	avg10=40.52	avg10=39.89	pgpgin=1723430771,pgpgout=3009013,pswpin=0,pswpout=0,	reads=1240245,sectors_read=82302572,writes=89845,sectors_written=5482850	default [performance] powersave powersupersave 
2026-09-13T14:11:04,232577484-04:00	18168164	0	0	0	0	0	avg10=0.48	avg10=0.48	avg10=40.60	avg10=39.91	pgpgin=1723803375,pgpgout=3009021,pswpin=0,pswpout=0,	reads=1240344,sectors_read=82310916,writes=89847,sectors_written=5482866	default [performance] powersave powersupersave 
2026-09-13T14:11:05,425150151-04:00	18231916	0	0	0	0	0	avg10=2.21	avg10=2.21	avg10=39.95	avg10=39.02	pgpgin=1724163023,pgpgout=3009029,pswpin=0,pswpout=0,	reads=1240402,sectors_read=82315100,writes=89849,sectors_written=5482882	default [performance] powersave powersupersave 
2026-09-13T14:11:06,567511961-04:00	18237276	0	0	0	0	0	avg10=2.21	avg10=2.21	avg10=39.95	avg10=39.02	pgpgin=1724530851,pgpgout=3009109,pswpin=0,pswpout=0,	reads=1240402,sectors_read=82315100,writes=89853,sectors_written=5483042	default [performance] powersave powersupersave 
2026-09-13T14:11:07,707256912-04:00	18230352	0	0	0	0	0	avg10=1.99	avg10=1.99	avg10=39.23	avg10=38.29	pgpgin=1724886819,pgpgout=3009117,pswpin=0,pswpout=0,	reads=1240402,sectors_read=82315100,writes=89855,sectors_written=5483058	default [performance] powersave powersupersave 
2026-09-13T14:11:08,853937147-04:00	18204424	0	0	0	0	0	avg10=1.99	avg10=1.99	avg10=39.23	avg10=38.29	pgpgin=1725265787,pgpgout=3009125,pswpin=0,pswpout=0,	reads=1240405,sectors_read=82315388,writes=89857,sectors_written=5483074	default [performance] powersave powersupersave 
2026-09-13T14:11:09,996309837-04:00	18251956	0	0	0	0	0	avg10=1.63	avg10=1.63	avg10=38.28	avg10=37.51	pgpgin=1725635507,pgpgout=3009185,pswpin=0,pswpout=0,	reads=1240405,sectors_read=82315388,writes=89859,sectors_written=5483090	default [performance] powersave powersupersave 
2026-09-13T14:11:11,126043735-04:00	18231368	0	0	0	0	0	avg10=1.63	avg10=1.63	avg10=38.28	avg10=37.51	pgpgin=1726024931,pgpgout=3009193,pswpin=0,pswpout=0,	reads=1240405,sectors_read=82315388,writes=89861,sectors_written=5483106	default [performance] powersave powersupersave 
2026-09-13T14:11:12,266750423-04:00	18216884	0	0	0	0	0	avg10=1.51	avg10=1.51	avg10=37.87	avg10=37.06	pgpgin=1726389847,pgpgout=3009277,pswpin=0,pswpout=0,	reads=1240405,sectors_read=82315388,writes=89865,sectors_written=5483274	default [performance] powersave powersupersave 
2026-09-13T14:11:13,400526869-04:00	18236672	0	0	0	0	0	avg10=1.24	avg10=1.24	avg10=38.62	avg10=37.77	pgpgin=1726751331,pgpgout=3009285,pswpin=0,pswpout=0,	reads=1240406,sectors_read=82315396,writes=89867,sectors_written=5483290	default [performance] powersave powersupersave 
2026-09-13T14:11:14,529139529-04:00	18226436	0	0	0	0	0	avg10=1.24	avg10=1.24	avg10=38.62	avg10=37.77	pgpgin=1727127463,pgpgout=3009293,pswpin=0,pswpout=0,	reads=1240406,sectors_read=82315396,writes=89869,sectors_written=5483306	default [performance] powersave powersupersave 
2026-09-13T14:11:15,660963335-04:00	18243244	0	0	0	0	0	avg10=1.01	avg10=1.01	avg10=39.23	avg10=38.35	pgpgin=1727508767,pgpgout=3009301,pswpin=0,pswpout=0,	reads=1240406,sectors_read=82315396,writes=89871,sectors_written=5483322	default [performance] powersave powersupersave 
2026-09-13T14:11:16,805789594-04:00	18235128	0	0	0	0	0	avg10=1.01	avg10=1.01	avg10=39.23	avg10=38.35	pgpgin=1727887051,pgpgout=3009309,pswpin=0,pswpout=0,	reads=1240406,sectors_read=82315396,writes=89873,sectors_written=5483338	default [performance] powersave powersupersave 
2026-09-13T14:11:17,938517729-04:00	18217484	0	0	0	0	0	avg10=0.83	avg10=0.83	avg10=39.00	avg10=38.11	pgpgin=1728264263,pgpgout=3009405,pswpin=0,pswpout=0,	reads=1240406,sectors_read=82315396,writes=89877,sectors_written=5483530	default [performance] powersave powersupersave 
2026-09-13T14:11:19,062901252-04:00	18207272	0	0	0	0	0	avg10=0.83	avg10=0.83	avg10=39.00	avg10=38.11	pgpgin=1728629251,pgpgout=3009413,pswpin=0,pswpout=0,	reads=1240407,sectors_read=82315404,writes=89879,sectors_written=5483546	default [performance] powersave powersupersave 
2026-09-13T14:11:20,189761229-04:00	18246568	0	0	0	0	0	avg10=0.68	avg10=0.68	avg10=39.37	avg10=38.45	pgpgin=1729013879,pgpgout=3009421,pswpin=0,pswpout=0,	reads=1240407,sectors_read=82315404,writes=89881,sectors_written=5483562	default [performance] powersave powersupersave 
2026-09-13T14:11:21,316450505-04:00	18220600	0	0	0	0	0	avg10=0.68	avg10=0.68	avg10=39.48	avg10=38.73	pgpgin=1729393147,pgpgout=3009429,pswpin=0,pswpout=0,	reads=1240407,sectors_read=82315404,writes=89883,sectors_written=5483578	default [performance] powersave powersupersave 
2026-09-13T14:11:22,444049540-04:00	17786428	0	0	0	0	0	avg10=0.55	avg10=0.55	avg10=39.48	avg10=38.73	pgpgin=1729780407,pgpgout=3009437,pswpin=0,pswpout=0,	reads=1240407,sectors_read=82315404,writes=89885,sectors_written=5483594	default [performance] powersave powersupersave 
2026-09-13T14:11:23,568535586-04:00	18234120	0	0	0	0	0	avg10=0.45	avg10=0.45	avg10=39.21	avg10=38.42	pgpgin=1730178059,pgpgout=3009517,pswpin=0,pswpout=0,	reads=1240407,sectors_read=82315404,writes=89889,sectors_written=5483754	default [performance] powersave powersupersave 
2026-09-13T14:11:24,700582880-04:00	18230560	0	0	0	0	0	avg10=0.45	avg10=0.45	avg10=39.21	avg10=38.42	pgpgin=1730576147,pgpgout=3009525,pswpin=0,pswpout=0,	reads=1240415,sectors_read=82316004,writes=89891,sectors_written=5483770	default [performance] powersave powersupersave 
2026-09-13T14:11:25,838916889-04:00	17827264	0	0	0	0	0	avg10=0.55	avg10=0.55	avg10=38.63	avg10=37.80	pgpgin=1730981631,pgpgout=3009533,pswpin=0,pswpout=0,	reads=1240415,sectors_read=82316004,writes=89893,sectors_written=5483786	default [performance] powersave powersupersave 
2026-09-13T14:11:26,967765762-04:00	18205504	0	0	0	0	0	avg10=0.55	avg10=0.55	avg10=38.63	avg10=37.80	pgpgin=1731370967,pgpgout=3009541,pswpin=0,pswpout=0,	reads=1240415,sectors_read=82316004,writes=89895,sectors_written=5483802	default [performance] powersave powersupersave 
2026-09-13T14:11:28,072557276-04:00	18218752	0	0	0	0	0	avg10=0.45	avg10=0.45	avg10=38.33	avg10=37.65	pgpgin=1731757027,pgpgout=3009549,pswpin=0,pswpout=0,	reads=1240415,sectors_read=82316004,writes=89897,sectors_written=5483818	default [performance] powersave powersupersave 
2026-09-13T14:11:29,202319687-04:00	18211892	0	0	0	0	0	avg10=0.45	avg10=0.45	avg10=38.33	avg10=37.65	pgpgin=1732146951,pgpgout=3009641,pswpin=0,pswpout=0,	reads=1240421,sectors_read=82316140,writes=89901,sectors_written=5484002	default [performance] powersave powersupersave 
2026-09-13T14:11:30,345607634-04:00	18242332	0	0	0	0	0	avg10=0.37	avg10=0.37	avg10=38.45	avg10=37.89	pgpgin=1732533979,pgpgout=3009649,pswpin=0,pswpout=0,	reads=1240422,sectors_read=82316396,writes=89903,sectors_written=5484018	default [performance] powersave powersupersave 
2026-09-13T14:11:31,489608943-04:00	18217856	0	0	0	0	0	avg10=0.30	avg10=0.30	avg10=38.19	avg10=37.55	pgpgin=1732933911,pgpgout=3009657,pswpin=0,pswpout=0,	reads=1240422,sectors_read=82316396,writes=89905,sectors_written=5484034	default [performance] powersave powersupersave 
2026-09-13T14:11:32,624858915-04:00	18198404	0	0	0	0	0	avg10=0.30	avg10=0.30	avg10=38.19	avg10=37.55	pgpgin=1733328543,pgpgout=3009665,pswpin=0,pswpout=0,	reads=1240423,sectors_read=82316404,writes=89907,sectors_written=5484050	default [performance] powersave powersupersave 
2026-09-13T14:11:33,743759102-04:00	18229012	0	0	0	0	0	avg10=0.24	avg10=0.24	avg10=38.33	avg10=37.81	pgpgin=1733723639,pgpgout=3009673,pswpin=0,pswpout=0,	reads=1240423,sectors_read=82316404,writes=89909,sectors_written=5484066	default [performance] powersave powersupersave 
2026-09-13T14:11:34,881762646-04:00	18184232	0	0	0	0	0	avg10=0.24	avg10=0.24	avg10=38.33	avg10=37.81	pgpgin=1734119335,pgpgout=3009773,pswpin=0,pswpout=0,	reads=1240424,sectors_read=82316412,writes=89913,sectors_written=5484266	default [performance] powersave powersupersave 
2026-09-13T14:11:36,019832422-04:00	18213776	0	0	0	0	0	avg10=0.20	avg10=0.20	avg10=39.00	avg10=38.39	pgpgin=1734519963,pgpgout=3009781,pswpin=0,pswpout=0,	reads=1240424,sectors_read=82316412,writes=89915,sectors_written=5484282	default [performance] powersave powersupersave 
2026-09-13T14:11:37,144008647-04:00	18211824	0	0	0	0	0	avg10=0.20	avg10=0.20	avg10=39.00	avg10=38.39	pgpgin=1734910675,pgpgout=3009789,pswpin=0,pswpout=0,	reads=1240479,sectors_read=82319252,writes=89917,sectors_written=5484298	default [performance] powersave powersupersave 
2026-09-13T14:11:38,262551770-04:00	18218972	0	0	0	0	0	avg10=0.16	avg10=0.16	avg10=39.54	avg10=38.86	pgpgin=1735289903,pgpgout=3009797,pswpin=0,pswpout=0,	reads=1240479,sectors_read=82319252,writes=89919,sectors_written=5484314	default [performance] powersave powersupersave 
2026-09-13T14:11:39,381826118-04:00	18213956	0	0	0	0	0	avg10=0.13	avg10=0.13	avg10=39.44	avg10=38.70	pgpgin=1735665127,pgpgout=3009841,pswpin=0,pswpout=0,	reads=1240479,sectors_read=82319252,writes=89930,sectors_written=5484402	default [performance] powersave powersupersave 
2026-09-13T14:11:40,508785365-04:00	18229004	0	0	0	0	0	avg10=0.13	avg10=0.13	avg10=39.44	avg10=38.70	pgpgin=1736036959,pgpgout=3009957,pswpin=0,pswpout=0,	reads=1240479,sectors_read=82319252,writes=89934,sectors_written=5484634	default [performance] powersave powersupersave 
2026-09-13T14:11:41,667341166-04:00	18207996	0	0	0	0	0	avg10=0.11	avg10=0.11	avg10=39.90	avg10=39.12	pgpgin=1736445407,pgpgout=3010005,pswpin=0,pswpout=0,	reads=1240481,sectors_read=82319284,writes=89936,sectors_written=5484650	default [performance] powersave powersupersave 
2026-09-13T14:11:42,775253380-04:00	18187988	0	0	0	0	0	avg10=0.11	avg10=0.11	avg10=39.90	avg10=39.12	pgpgin=1736826587,pgpgout=3010013,pswpin=0,pswpout=0,	reads=1240487,sectors_read=82319604,writes=89938,sectors_written=5484666	default [performance] powersave powersupersave 
2026-09-13T14:11:43,877699014-04:00	18236816	0	0	0	0	0	avg10=0.27	avg10=0.27	avg10=40.46	avg10=39.82	pgpgin=1737172887,pgpgout=3010021,pswpin=0,pswpout=0,	reads=1240487,sectors_read=82319604,writes=89940,sectors_written=5484682	default [performance] powersave powersupersave 
2026-09-13T14:11:45,027096902-04:00	18231376	0	0	0	0	0	avg10=0.27	avg10=0.27	avg10=40.46	avg10=39.82	pgpgin=1737531963,pgpgout=3010029,pswpin=0,pswpout=0,	reads=1240487,sectors_read=82319604,writes=89942,sectors_written=5484698	default [performance] powersave powersupersave 
2026-09-13T14:11:46,173485026-04:00	18236324	0	0	0	0	0	avg10=0.40	avg10=0.40	avg10=40.02	avg10=39.31	pgpgin=1737900579,pgpgout=3010137,pswpin=0,pswpout=0,	reads=1240551,sectors_read=82326524,writes=89946,sectors_written=5484914	default [performance] powersave powersupersave 
2026-09-13T14:11:47,326530940-04:00	18214584	0	0	0	0	0	avg10=0.40	avg10=0.40	avg10=40.02	avg10=39.31	pgpgin=1738278963,pgpgout=3010145,pswpin=0,pswpout=0,	reads=1240551,sectors_read=82326524,writes=89948,sectors_written=5484930	default [performance] powersave powersupersave 
2026-09-13T14:11:48,457858641-04:00	18227504	0	0	0	0	0	avg10=0.51	avg10=0.51	avg10=39.47	avg10=38.89	pgpgin=1738647335,pgpgout=3010153,pswpin=0,pswpout=0,	reads=1240551,sectors_read=82326524,writes=89950,sectors_written=5484946	default [performance] powersave powersupersave 
2026-09-13T14:11:49,590317978-04:00	18220656	0	0	0	0	0	avg10=0.41	avg10=0.41	avg10=39.20	avg10=38.73	pgpgin=1739015511,pgpgout=3010161,pswpin=0,pswpout=0,	reads=1240551,sectors_read=82326524,writes=89952,sectors_written=5484962	default [performance] powersave powersupersave 
2026-09-13T14:11:50,721282559-04:00	18217912	0	0	0	0	0	avg10=0.41	avg10=0.41	avg10=39.20	avg10=38.73	pgpgin=1739378923,pgpgout=3010169,pswpin=0,pswpout=0,	reads=1240551,sectors_read=82326524,writes=89954,sectors_written=5484978	default [performance] powersave powersupersave 
2026-09-13T14:11:51,834725871-04:00	18242748	0	0	0	0	0	avg10=0.34	avg10=0.34	avg10=40.07	avg10=39.50	pgpgin=1739762887,pgpgout=3010257,pswpin=0,pswpout=0,	reads=1240551,sectors_read=82326524,writes=89958,sectors_written=5485154	default [performance] powersave powersupersave 
2026-09-13T14:11:52,973878287-04:00	18207856	0	0	0	0	0	avg10=0.34	avg10=0.34	avg10=40.07	avg10=39.50	pgpgin=1740136619,pgpgout=3010265,pswpin=0,pswpout=0,	reads=1240555,sectors_read=82326620,writes=89960,sectors_written=5485170	default [performance] powersave powersupersave 
2026-09-13T14:11:54,113067572-04:00	18205256	0	0	0	0	0	avg10=0.28	avg10=0.28	avg10=40.24	avg10=39.59	pgpgin=1740502251,pgpgout=3010273,pswpin=0,pswpout=0,	reads=1240555,sectors_read=82326620,writes=89962,sectors_written=5485186	default [performance] powersave powersupersave 
2026-09-13T14:11:55,250472957-04:00	18124024	0	0	0	0	0	avg10=0.28	avg10=0.28	avg10=40.24	avg10=39.59	pgpgin=1740867171,pgpgout=3010281,pswpin=0,pswpout=0,	reads=1240555,sectors_read=82326620,writes=89964,sectors_written=5485202	default [performance] powersave powersupersave 
2026-09-13T14:11:56,411281022-04:00	18232000	0	0	0	0	0	avg10=0.22	avg10=0.22	avg10=40.56	avg10=39.85	pgpgin=1741256079,pgpgout=3010289,pswpin=0,pswpout=0,	reads=1240558,sectors_read=82326876,writes=89966,sectors_written=5485218	default [performance] powersave powersupersave 
2026-09-13T14:11:57,764845588-04:00	18090484	0	0	0	0	0	avg10=0.91	avg10=0.91	avg10=40.45	avg10=39.69	pgpgin=1741647819,pgpgout=3010389,pswpin=0,pswpout=0,	reads=1240642,sectors_read=82330716,writes=89970,sectors_written=5485418	default [performance] powersave powersupersave 
2026-09-13T14:11:59,097347433-04:00	18230992	0	0	0	0	0	avg10=0.91	avg10=0.91	avg10=40.45	avg10=39.69	pgpgin=1742054559,pgpgout=3010397,pswpin=0,pswpout=0,	reads=1240813,sectors_read=82342332,writes=89972,sectors_written=5485434	default [performance] powersave powersupersave 
2026-09-13T14:12:00,241936308-04:00	18234988	0	0	0	0	0	avg10=2.19	avg10=2.19	avg10=40.91	avg10=40.11	pgpgin=1742434495,pgpgout=3010405,pswpin=0,pswpout=0,	reads=1240834,sectors_read=82345876,writes=89974,sectors_written=5485450	default [performance] powersave powersupersave 
2026-09-13T14:12:01,374628583-04:00	18223960	0	0	0	0	0	avg10=2.70	avg10=2.70	avg10=39.30	avg10=38.46	pgpgin=1742827488,pgpgout=3010413,pswpin=0,pswpout=0,	reads=1240869,sectors_read=82350124,writes=89976,sectors_written=5485466	default [performance] powersave powersupersave 
2026-09-13T14:12:02,509194108-04:00	18209960	0	0	0	0	0	avg10=2.70	avg10=2.70	avg10=39.30	avg10=38.46	pgpgin=1743234096,pgpgout=3010421,pswpin=0,pswpout=0,	reads=1240869,sectors_read=82350124,writes=89978,sectors_written=5485482	default [performance] powersave powersupersave 
2026-09-13T14:12:03,658683202-04:00	18187492	0	0	0	0	0	avg10=2.39	avg10=2.39	avg10=39.61	avg10=38.74	pgpgin=1743624224,pgpgout=3010513,pswpin=0,pswpout=0,	reads=1240877,sectors_read=82350220,writes=89982,sectors_written=5485666	default [performance] powersave powersupersave 
2026-09-13T14:12:04,809062019-04:00	18229884	0	0	0	0	0	avg10=2.39	avg10=2.39	avg10=39.61	avg10=38.74	pgpgin=1743996472,pgpgout=3010521,pswpin=0,pswpout=0,	reads=1240877,sectors_read=82350220,writes=89984,sectors_written=5485682	default [performance] powersave powersupersave 
2026-09-13T14:12:05,947245865-04:00	18225932	0	0	0	0	0	avg10=1.96	avg10=1.96	avg10=41.31	avg10=40.59	pgpgin=1744385844,pgpgout=3010529,pswpin=0,pswpout=0,	reads=1241102,sectors_read=82363860,writes=89986,sectors_written=5485698	default [performance] powersave powersupersave 
2026-09-13T14:12:07,058221192-04:00	18186672	0	0	0	0	0	avg10=1.96	avg10=1.96	avg10=41.31	avg10=40.59	pgpgin=1744748536,pgpgout=3010537,pswpin=0,pswpout=0,	reads=1242195,sectors_read=82451540,writes=89988,sectors_written=5485714	default [performance] powersave powersupersave 
2026-09-13T14:12:08,131310270-04:00	18186468	0	0	0	0	0	avg10=1.60	avg10=1.60	avg10=40.71	avg10=39.94	pgpgin=1745005780,pgpgout=3010545,pswpin=0,pswpout=0,	reads=1242195,sectors_read=82451540,writes=89990,sectors_written=5485730	default [performance] powersave powersupersave 
2026-09-13T14:12:09,215604700-04:00	18153656	0	0	0	0	0	avg10=1.60	avg10=1.60	avg10=40.71	avg10=39.94	pgpgin=1745284844,pgpgout=3010641,pswpin=0,pswpout=0,	reads=1242198,sectors_read=82451828,writes=89994,sectors_written=5485922	default [performance] powersave powersupersave 
2026-09-13T14:12:10,299598567-04:00	18184328	0	0	0	0	0	avg10=1.31	avg10=1.31	avg10=42.93	avg10=42.31	pgpgin=1745555096,pgpgout=3010649,pswpin=0,pswpout=0,	reads=1242198,sectors_read=82451828,writes=89996,sectors_written=5485938	default [performance] powersave powersupersave 
2026-09-13T14:12:11,387472324-04:00	18193584	0	0	0	0	0	avg10=1.07	avg10=1.07	avg10=43.85	avg10=43.16	pgpgin=1745818492,pgpgout=3010657,pswpin=0,pswpout=0,	reads=1242205,sectors_read=82451884,writes=89998,sectors_written=5485954	default [performance] powersave powersupersave 
2026-09-13T14:12:12,477037389-04:00	18185984	0	0	0	0	0	avg10=1.07	avg10=1.07	avg10=43.85	avg10=43.16	pgpgin=1746091560,pgpgout=3010665,pswpin=0,pswpout=0,	reads=1242205,sectors_read=82451884,writes=90000,sectors_written=5485970	default [performance] powersave powersupersave 
2026-09-13T14:12:13,562035865-04:00	18192156	0	0	0	0	0	avg10=0.88	avg10=0.88	avg10=44.42	avg10=43.85	pgpgin=1746347860,pgpgout=3010725,pswpin=0,pswpout=0,	reads=1242205,sectors_read=82451884,writes=90002,sectors_written=5485986	default [performance] powersave powersupersave 
2026-09-13T14:12:14,640190895-04:00	18058548	0	0	0	0	0	avg10=0.88	avg10=0.88	avg10=44.42	avg10=43.85	pgpgin=1746607072,pgpgout=3010857,pswpin=0,pswpout=0,	reads=1242205,sectors_read=82451884,writes=90019,sectors_written=5486250	default [performance] powersave powersupersave 
2026-09-13T14:12:15,725710862-04:00	18187356	0	0	0	0	0	avg10=0.72	avg10=0.72	avg10=45.97	avg10=45.51	pgpgin=1746869740,pgpgout=3010865,pswpin=0,pswpout=0,	reads=1242206,sectors_read=82451892,writes=90021,sectors_written=5486266	default [performance] powersave powersupersave 
2026-09-13T14:12:16,808175731-04:00	18173720	0	0	0	0	0	avg10=0.72	avg10=0.72	avg10=45.97	avg10=45.51	pgpgin=1747124552,pgpgout=3010873,pswpin=0,pswpout=0,	reads=1242218,sectors_read=82452660,writes=90023,sectors_written=5486282	default [performance] powersave powersupersave 
2026-09-13T14:12:17,882350034-04:00	18174044	0	0	0	0	0	avg10=0.59	avg10=0.59	avg10=45.98	avg10=45.60	pgpgin=1747389924,pgpgout=3010881,pswpin=0,pswpout=0,	reads=1242218,sectors_read=82452660,writes=90025,sectors_written=5486298	default [performance] powersave powersupersave 
2026-09-13T14:12:18,965299064-04:00	18159380	0	0	0	0	0	avg10=0.59	avg10=0.59	avg10=45.98	avg10=45.60	pgpgin=1747668128,pgpgout=3010889,pswpin=0,pswpout=0,	reads=1242219,sectors_read=82452668,writes=90027,sectors_written=5486314	default [performance] powersave powersupersave 
2026-09-13T14:12:20,046430458-04:00	18190884	0	0	0	0	0	avg10=0.48	avg10=0.48	avg10=46.71	avg10=46.39	pgpgin=1747942048,pgpgout=3010985,pswpin=0,pswpout=0,	reads=1242223,sectors_read=82452700,writes=90031,sectors_written=5486506	default [performance] powersave powersupersave 
2026-09-13T14:12:21,121973436-04:00	18176004	0	0	0	0	0	avg10=0.48	avg10=0.48	avg10=46.71	avg10=46.39	pgpgin=1748202368,pgpgout=3010993,pswpin=0,pswpout=0,	reads=1242227,sectors_read=82452828,writes=90033,sectors_written=5486522	default [performance] powersave powersupersave 
2026-09-13T14:12:22,202447348-04:00	18176244	0	0	0	0	0	avg10=0.39	avg10=0.39	avg10=47.66	avg10=47.23	pgpgin=1748480004,pgpgout=3011001,pswpin=0,pswpout=0,	reads=1242231,sectors_read=82452916,writes=90035,sectors_written=5486538	default [performance] powersave powersupersave 
2026-09-13T14:12:23,277064858-04:00	18160072	0	0	0	0	0	avg10=0.39	avg10=0.39	avg10=47.66	avg10=47.23	pgpgin=1748735128,pgpgout=3011009,pswpin=0,pswpout=0,	reads=1242231,sectors_read=82452916,writes=90037,sectors_written=5486554	default [performance] powersave powersupersave 
2026-09-13T14:12:24,362266593-04:00	18183620	0	0	0	0	0	avg10=0.32	avg10=0.32	avg10=47.72	avg10=47.37	pgpgin=1748998224,pgpgout=3011017,pswpin=0,pswpout=0,	reads=1242232,sectors_read=82452924,writes=90039,sectors_written=5486570	default [performance] powersave powersupersave 
2026-09-13T14:12:25,442226612-04:00	18186264	0	0	0	0	0	avg10=0.26	avg10=0.26	avg10=48.32	avg10=48.02	pgpgin=1749276212,pgpgout=3011117,pswpin=0,pswpout=0,	reads=1242232,sectors_read=82452924,writes=90043,sectors_written=5486770	default [performance] powersave powersupersave 
2026-09-13T14:12:26,515442741-04:00	18055808	0	0	0	0	0	avg10=0.26	avg10=0.26	avg10=48.32	avg10=48.02	pgpgin=1749542572,pgpgout=3011125,pswpin=0,pswpout=0,	reads=1242232,sectors_read=82452924,writes=90045,sectors_written=5486786	default [performance] powersave powersupersave 
2026-09-13T14:12:27,591544754-04:00	18180480	0	0	0	0	0	avg10=0.21	avg10=0.21	avg10=48.44	avg10=48.20	pgpgin=1749818976,pgpgout=3011133,pswpin=0,pswpout=0,	reads=1242232,sectors_read=82452924,writes=90047,sectors_written=5486802	default [performance] powersave powersupersave 
2026-09-13T14:12:28,660699243-04:00	18177780	0	0	0	0	0	avg10=0.21	avg10=0.21	avg10=48.44	avg10=48.20	pgpgin=1750072308,pgpgout=3011141,pswpin=0,pswpout=0,	reads=1242232,sectors_read=82452924,writes=90049,sectors_written=5486818	default [performance] powersave powersupersave 
2026-09-13T14:12:29,730791185-04:00	18174592	0	0	0	0	0	avg10=0.17	avg10=0.17	avg10=49.63	avg10=49.43	pgpgin=1750326860,pgpgout=3011149,pswpin=0,pswpout=0,	reads=1242232,sectors_read=82452924,writes=90051,sectors_written=5486834	default [performance] powersave powersupersave 
2026-09-13T14:12:30,811628966-04:00	18166000	0	0	0	0	0	avg10=0.17	avg10=0.17	avg10=49.63	avg10=49.43	pgpgin=1750588728,pgpgout=3011257,pswpin=0,pswpout=0,	reads=1242233,sectors_read=82452932,writes=90055,sectors_written=5487050	default [performance] powersave powersupersave 
2026-09-13T14:12:31,894875785-04:00	18188668	0	0	0	0	0	avg10=0.14	avg10=0.14	avg10=49.88	avg10=49.53	pgpgin=1750845608,pgpgout=3011265,pswpin=0,pswpout=0,	reads=1242234,sectors_read=82452940,writes=90057,sectors_written=5487066	default [performance] powersave powersupersave 
2026-09-13T14:12:32,970613826-04:00	18185336	0	0	0	0	0	avg10=0.14	avg10=0.14	avg10=49.88	avg10=49.53	pgpgin=1751093300,pgpgout=3011273,pswpin=0,pswpout=0,	reads=1242234,sectors_read=82452940,writes=90059,sectors_written=5487082	default [performance] powersave powersupersave 
2026-09-13T14:12:34,066724024-04:00	18168916	0	0	0	0	0	avg10=0.11	avg10=0.11	avg10=49.35	avg10=49.07	pgpgin=1751404988,pgpgout=3011281,pswpin=0,pswpout=0,	reads=1242234,sectors_read=82452940,writes=90061,sectors_written=5487098	default [performance] powersave powersupersave 
2026-09-13T14:12:35,186039391-04:00	18059488	0	0	0	0	0	avg10=0.11	avg10=0.11	avg10=49.35	avg10=49.07	pgpgin=1751786248,pgpgout=3011289,pswpin=0,pswpout=0,	reads=1242234,sectors_read=82452940,writes=90063,sectors_written=5487114	default [performance] powersave powersupersave 
2026-09-13T14:12:36,320896940-04:00	18178488	0	0	0	0	0	avg10=0.09	avg10=0.09	avg10=47.84	avg10=47.43	pgpgin=1752182032,pgpgout=3011389,pswpin=0,pswpout=0,	reads=1242234,sectors_read=82452940,writes=90067,sectors_written=5487314	default [performance] powersave powersupersave 
2026-09-13T14:12:37,454173550-04:00	18177680	0	0	0	0	0	avg10=0.07	avg10=0.07	avg10=46.96	avg10=46.63	pgpgin=1752581140,pgpgout=3011397,pswpin=0,pswpout=0,	reads=1242234,sectors_read=82452940,writes=90069,sectors_written=5487330	default [performance] powersave powersupersave 
2026-09-13T14:12:38,553940812-04:00	18154712	0	0	0	0	0	avg10=0.07	avg10=0.07	avg10=46.96	avg10=46.63	pgpgin=1752959384,pgpgout=3011405,pswpin=0,pswpout=0,	reads=1242234,sectors_read=82452940,writes=90071,sectors_written=5487346	default [performance] powersave powersupersave 
2026-09-13T14:12:39,634625442-04:00	18136672	0	0	0	0	0	avg10=0.06	avg10=0.06	avg10=45.88	avg10=45.61	pgpgin=1753239556,pgpgout=3011413,pswpin=0,pswpout=0,	reads=1242234,sectors_read=82452940,writes=90073,sectors_written=5487362	default [performance] powersave powersupersave 
2026-09-13T14:12:40,721967851-04:00	18171020	0	0	0	0	0	avg10=0.06	avg10=0.06	avg10=45.88	avg10=45.61	pgpgin=1753531588,pgpgout=3011421,pswpin=0,pswpout=0,	reads=1242819,sectors_read=82458300,writes=90075,sectors_written=5487378	default [performance] powersave powersupersave 
2026-09-13T14:12:41,850531559-04:00	18154668	0	0	0	0	0	avg10=0.05	avg10=0.05	avg10=46.08	avg10=45.68	pgpgin=1753894200,pgpgout=3011497,pswpin=0,pswpout=0,	reads=1242820,sectors_read=82458308,writes=90079,sectors_written=5487530	default [performance] powersave powersupersave 
2026-09-13T14:12:42,962752713-04:00	18152688	0	0	0	0	0	avg10=0.05	avg10=0.05	avg10=46.08	avg10=45.68	pgpgin=1754248428,pgpgout=3011505,pswpin=0,pswpout=0,	reads=1242820,sectors_read=82458308,writes=90081,sectors_written=5487546	default [performance] powersave powersupersave 
2026-09-13T14:12:44,049559719-04:00	18168524	0	0	0	0	0	avg10=0.04	avg10=0.04	avg10=45.70	avg10=45.37	pgpgin=1754525160,pgpgout=3011513,pswpin=0,pswpout=0,	reads=1242820,sectors_read=82458308,writes=90083,sectors_written=5487562	default [performance] powersave powersupersave 
2026-09-13T14:12:45,123043114-04:00	18166152	0	0	0	0	0	avg10=0.04	avg10=0.04	avg10=45.70	avg10=45.37	pgpgin=1754768212,pgpgout=3011561,pswpin=0,pswpout=0,	reads=1242820,sectors_read=82458308,writes=90085,sectors_written=5487578	default [performance] powersave powersupersave 
2026-09-13T14:12:46,198989125-04:00	18155824	0	0	0	0	0	avg10=0.03	avg10=0.03	avg10=44.67	avg10=44.40	pgpgin=1755013652,pgpgout=3011617,pswpin=0,pswpout=0,	reads=1242820,sectors_read=82458308,writes=90098,sectors_written=5487690	default [performance] powersave powersupersave 
2026-09-13T14:12:47,273555424-04:00	18166020	0	0	0	0	0	avg10=0.03	avg10=0.03	avg10=44.67	avg10=44.40	pgpgin=1755267984,pgpgout=3011725,pswpin=0,pswpout=0,	reads=1242820,sectors_read=82458308,writes=90102,sectors_written=5487906	default [performance] powersave powersupersave 
2026-09-13T14:12:48,350399634-04:00	18163052	0	0	0	0	0	avg10=0.02	avg10=0.02	avg10=46.36	avg10=45.95	pgpgin=1755529344,pgpgout=3011733,pswpin=0,pswpout=0,	reads=1242820,sectors_read=82458308,writes=90104,sectors_written=5487922	default [performance] powersave powersupersave 
2026-09-13T14:12:49,420778438-04:00	18163736	0	0	0	0	0	avg10=0.02	avg10=0.02	avg10=45.02	avg10=44.51	pgpgin=1755792344,pgpgout=3011741,pswpin=0,pswpout=0,	reads=1242820,sectors_read=82458308,writes=90106,sectors_written=5487938	default [performance] powersave powersupersave 
2026-09-13T14:12:50,492282436-04:00	18180584	0	0	0	0	0	avg10=0.02	avg10=0.02	avg10=45.02	avg10=44.51	pgpgin=1756054692,pgpgout=3011749,pswpin=0,pswpout=0,	reads=1242820,sectors_read=82458308,writes=90108,sectors_written=5487954	default [performance] powersave powersupersave 
2026-09-13T14:12:51,560941790-04:00	18173916	0	0	0	0	0	avg10=0.01	avg10=0.01	avg10=45.02	avg10=44.60	pgpgin=1756317160,pgpgout=3011757,pswpin=0,pswpout=0,	reads=1242820,sectors_read=82458308,writes=90110,sectors_written=5487970	default [performance] powersave powersupersave 
2026-09-13T14:12:52,638750695-04:00	18174004	0	0	0	0	0	avg10=0.01	avg10=0.01	avg10=45.02	avg10=44.60	pgpgin=1756574116,pgpgout=3011861,pswpin=0,pswpout=0,	reads=1242820,sectors_read=82458308,writes=90114,sectors_written=5488178	default [performance] powersave powersupersave 
2026-09-13T14:12:53,717266009-04:00	18171268	0	0	0	0	0	avg10=0.01	avg10=0.01	avg10=45.20	avg10=44.67	pgpgin=1756833396,pgpgout=3011869,pswpin=0,pswpout=0,	reads=1242821,sectors_read=82458316,writes=90116,sectors_written=5488194	default [performance] powersave powersupersave 
2026-09-13T14:12:54,794926127-04:00	18154532	0	0	0	0	0	avg10=0.01	avg10=0.01	avg10=45.20	avg10=44.67	pgpgin=1757097176,pgpgout=3011877,pswpin=0,pswpout=0,	reads=1242821,sectors_read=82458316,writes=90118,sectors_written=5488210	default [performance] powersave powersupersave 
2026-09-13T14:12:55,867569709-04:00	18162028	0	0	0	0	0	avg10=0.01	avg10=0.01	avg10=45.52	avg10=44.91	pgpgin=1757360344,pgpgout=3011885,pswpin=0,pswpout=0,	reads=1242821,sectors_read=82458316,writes=90120,sectors_written=5488226	default [performance] powersave powersupersave 
2026-09-13T14:12:56,939456751-04:00	18177488	0	0	0	0	0	avg10=0.01	avg10=0.01	avg10=45.52	avg10=44.91	pgpgin=1757619728,pgpgout=3011893,pswpin=0,pswpout=0,	reads=1242821,sectors_read=82458316,writes=90122,sectors_written=5488242	default [performance] powersave powersupersave 
2026-09-13T14:12:58,022293357-04:00	18170384	0	0	0	0	0	avg10=0.00	avg10=0.00	avg10=46.51	avg10=45.83	pgpgin=1757873372,pgpgout=3012005,pswpin=0,pswpout=0,	reads=1242821,sectors_read=82458316,writes=90126,sectors_written=5488466	default [performance] powersave powersupersave 
2026-09-13T14:12:59,096756492-04:00	18173456	0	0	0	0	0	avg10=0.00	avg10=0.00	avg10=46.51	avg10=45.83	pgpgin=1758122088,pgpgout=3012013,pswpin=0,pswpout=0,	reads=1242821,sectors_read=82458316,writes=90128,sectors_written=5488482	default [performance] powersave powersupersave 
2026-09-13T14:13:00,170206463-04:00	18115496	0	0	0	0	0	avg10=0.00	avg10=0.00	avg10=48.05	avg10=47.31	pgpgin=1758374000,pgpgout=3012021,pswpin=0,pswpout=0,	reads=1242821,sectors_read=82458316,writes=90130,sectors_written=5488498	default [performance] powersave powersupersave 
2026-09-13T14:13:01,243557610-04:00	18171956	0	0	0	0	0	avg10=0.00	avg10=0.00	avg10=48.05	avg10=47.31	pgpgin=1758628700,pgpgout=3012029,pswpin=0,pswpout=0,	reads=1242821,sectors_read=82458316,writes=90132,sectors_written=5488514	default [performance] powersave powersupersave 
2026-09-13T14:13:02,320740255-04:00	18139800	0	0	0	0	0	avg10=0.00	avg10=0.00	avg10=47.50	avg10=46.89	pgpgin=1758890228,pgpgout=3012037,pswpin=0,pswpout=0,	reads=1242821,sectors_read=82458316,writes=90134,sectors_written=5488530	default [performance] powersave powersupersave 
2026-09-13T14:13:03,398974367-04:00	17965848	0	0	0	0	0	avg10=0.00	avg10=0.00	avg10=45.59	avg10=45.10	pgpgin=1759156308,pgpgout=3012133,pswpin=0,pswpout=0,	reads=1242821,sectors_read=82458316,writes=90138,sectors_written=5488722	default [performance] powersave powersupersave 
2026-09-13T14:13:04,474733950-04:00	18136116	0	0	0	0	0	avg10=0.00	avg10=0.00	avg10=45.59	avg10=45.10	pgpgin=1759419420,pgpgout=3012141,pswpin=0,pswpout=0,	reads=1242828,sectors_read=82458612,writes=90140,sectors_written=5488738	default [performance] powersave powersupersave 
2026-09-13T14:13:05,545108296-04:00	18173764	0	0	0	0	0	avg10=0.36	avg10=0.36	avg10=46.03	avg10=45.44	pgpgin=1759670332,pgpgout=3012149,pswpin=0,pswpout=0,	reads=1242843,sectors_read=82458924,writes=90142,sectors_written=5488754	default [performance] powersave powersupersave 
2026-09-13T14:13:06,614731481-04:00	18177184	0	0	0	0	0	avg10=0.36	avg10=0.36	avg10=46.03	avg10=45.44	pgpgin=1759924900,pgpgout=3012157,pswpin=0,pswpout=0,	reads=1242843,sectors_read=82458924,writes=90144,sectors_written=5488770	default [performance] powersave powersupersave 
2026-09-13T14:13:07,679258842-04:00	17953500	0	0	0	0	0	avg10=0.48	avg10=0.48	avg10=47.47	avg10=46.99	pgpgin=1760182912,pgpgout=3012165,pswpin=0,pswpout=0,	reads=1242843,sectors_read=82458924,writes=90146,sectors_written=5488786	default [performance] powersave powersupersave 
2026-09-13T14:13:08,764218975-04:00	18173624	0	0	0	0	0	avg10=0.48	avg10=0.48	avg10=47.47	avg10=46.99	pgpgin=1760442408,pgpgout=3012265,pswpin=0,pswpout=0,	reads=1242843,sectors_read=82458924,writes=90150,sectors_written=5488986	default [performance] powersave powersupersave 
2026-09-13T14:13:09,835614932-04:00	18160980	0	0	0	0	0	avg10=0.39	avg10=0.39	avg10=47.20	avg10=46.63	pgpgin=1760699692,pgpgout=3012273,pswpin=0,pswpout=0,	reads=1242843,sectors_read=82458924,writes=90152,sectors_written=5489002	default [performance] powersave powersupersave 
2026-09-13T14:13:10,915548632-04:00	18162532	0	0	0	0	0	avg10=0.39	avg10=0.39	avg10=47.20	avg10=46.63	pgpgin=1760968252,pgpgout=3012281,pswpin=0,pswpout=0,	reads=1242900,sectors_read=82464780,writes=90154,sectors_written=5489018	default [performance] powersave powersupersave 
2026-09-13T14:13:11,993327314-04:00	18166364	0	0	0	0	0	avg10=0.32	avg10=0.32	avg10=47.17	avg10=46.70	pgpgin=1761230272,pgpgout=3012289,pswpin=0,pswpout=0,	reads=1242900,sectors_read=82464780,writes=90156,sectors_written=5489034	default [performance] powersave powersupersave 
2026-09-13T14:13:13,083857293-04:00	18158160	0	0	0	0	0	avg10=0.32	avg10=0.32	avg10=47.17	avg10=46.70	pgpgin=1761486728,pgpgout=3012297,pswpin=0,pswpout=0,	reads=1242901,sectors_read=82464788,writes=90158,sectors_written=5489050	default [performance] powersave powersupersave 
2026-09-13T14:13:14,167735968-04:00	18146556	0	0	0	0	0	avg10=0.26	avg10=0.26	avg10=48.22	avg10=47.66	pgpgin=1761765268,pgpgout=3012397,pswpin=0,pswpout=0,	reads=1242901,sectors_read=82464788,writes=90162,sectors_written=5489250	default [performance] powersave powersupersave 
2026-09-13T14:13:15,244639578-04:00	18145152	0	0	0	0	0	avg10=0.26	avg10=0.26	avg10=48.22	avg10=47.66	pgpgin=1762019832,pgpgout=3012405,pswpin=0,pswpout=0,	reads=1242901,sectors_read=82464788,writes=90164,sectors_written=5489266	default [performance] powersave powersupersave 
2026-09-13T14:13:16,317055516-04:00	18135912	0	0	0	0	0	avg10=0.21	avg10=0.21	avg10=48.18	avg10=47.54	pgpgin=1762268328,pgpgout=3012465,pswpin=0,pswpout=0,	reads=1242901,sectors_read=82464788,writes=90166,sectors_written=5489282	default [performance] powersave powersupersave 
2026-09-13T14:13:17,388705807-04:00	18149968	0	0	0	0	0	avg10=0.17	avg10=0.17	avg10=47.97	avg10=47.44	pgpgin=1762518012,pgpgout=3012473,pswpin=0,pswpout=0,	reads=1242901,sectors_read=82464788,writes=90168,sectors_written=5489298	default [performance] powersave powersupersave 
2026-09-13T14:13:18,471585958-04:00	18162828	0	0	0	0	0	avg10=0.17	avg10=0.17	avg10=47.97	avg10=47.44	pgpgin=1762775788,pgpgout=3012481,pswpin=0,pswpout=0,	reads=1242902,sectors_read=82464796,writes=90170,sectors_written=5489314	default [performance] powersave powersupersave 
2026-09-13T14:13:19,552789800-04:00	18150328	0	0	0	0	0	avg10=0.14	avg10=0.14	avg10=48.51	avg10=48.08	pgpgin=1763031768,pgpgout=3012597,pswpin=0,pswpout=0,	reads=1242902,sectors_read=82464796,writes=90174,sectors_written=5489546	default [performance] powersave powersupersave 
2026-09-13T14:13:20,627795697-04:00	18142388	0	0	0	0	0	avg10=0.14	avg10=0.14	avg10=48.51	avg10=48.08	pgpgin=1763279848,pgpgout=3012605,pswpin=0,pswpout=0,	reads=1242902,sectors_read=82464796,writes=90176,sectors_written=5489562	default [performance] powersave powersupersave 
2026-09-13T14:13:21,703275635-04:00	18144344	0	0	0	0	0	avg10=0.11	avg10=0.11	avg10=48.06	avg10=47.52	pgpgin=1763539412,pgpgout=3012701,pswpin=0,pswpout=0,	reads=1242902,sectors_read=82464796,writes=90197,sectors_written=5489754	default [performance] powersave powersupersave 
2026-09-13T14:13:22,776414597-04:00	18141444	0	0	0	0	0	avg10=0.11	avg10=0.11	avg10=48.06	avg10=47.52	pgpgin=1763803356,pgpgout=3012709,pswpin=0,pswpout=0,	reads=1242902,sectors_read=82464796,writes=90199,sectors_written=5489770	default [performance] powersave powersupersave 
2026-09-13T14:13:23,847701498-04:00	18138740	0	0	0	0	0	avg10=0.09	avg10=0.09	avg10=47.50	avg10=47.06	pgpgin=1764053164,pgpgout=3012717,pswpin=0,pswpout=0,	reads=1242902,sectors_read=82464796,writes=90201,sectors_written=5489786	default [performance] powersave powersupersave 
2026-09-13T14:13:24,935057733-04:00	18160036	0	0	0	0	0	avg10=0.09	avg10=0.09	avg10=47.50	avg10=47.06	pgpgin=1764307812,pgpgout=3012813,pswpin=0,pswpout=0,	reads=1242902,sectors_read=82464796,writes=90205,sectors_written=5489978	default [performance] powersave powersupersave 
2026-09-13T14:13:26,009981370-04:00	18164124	0	0	0	0	0	avg10=0.07	avg10=0.07	avg10=47.95	avg10=47.60	pgpgin=1764583780,pgpgout=3012821,pswpin=0,pswpout=0,	reads=1242902,sectors_read=82464796,writes=90207,sectors_written=5489994	default [performance] powersave powersupersave 
2026-09-13T14:13:27,088520690-04:00	18140192	0	0	0	0	0	avg10=0.07	avg10=0.07	avg10=47.95	avg10=47.60	pgpgin=1764844056,pgpgout=3012829,pswpin=0,pswpout=0,	reads=1242902,sectors_read=82464796,writes=90209,sectors_written=5490010	default [performance] powersave powersupersave 
2026-09-13T14:13:28,193399449-04:00	18152676	0	0	0	0	0	avg10=0.06	avg10=0.06	avg10=46.87	avg10=46.58	pgpgin=1765102280,pgpgout=3012837,pswpin=0,pswpout=0,	reads=1242902,sectors_read=82464796,writes=90211,sectors_written=5490026	default [performance] powersave powersupersave 
2026-09-13T14:13:29,296868771-04:00	18160560	0	0	0	0	0	avg10=0.06	avg10=0.06	avg10=46.87	avg10=46.58	pgpgin=1765367280,pgpgout=3012845,pswpin=0,pswpout=0,	reads=1242902,sectors_read=82464796,writes=90213,sectors_written=5490042	default [performance] powersave powersupersave 
2026-09-13T14:13:30,378579941-04:00	18151028	0	0	0	0	0	avg10=0.05	avg10=0.05	avg10=45.99	avg10=45.75	pgpgin=1765564056,pgpgout=3012937,pswpin=0,pswpout=0,	reads=1242902,sectors_read=82464796,writes=90217,sectors_written=5490226	default [performance] powersave powersupersave 
2026-09-13T14:13:31,479833221-04:00	18161200	0	0	0	0	0	avg10=0.04	avg10=0.04	avg10=47.80	avg10=47.43	pgpgin=1765688544,pgpgout=3012945,pswpin=0,pswpout=0,	reads=1243018,sectors_read=82478012,writes=90219,sectors_written=5490242	default [performance] powersave powersupersave 
2026-09-13T14:13:32,583020374-04:00	18111824	0	0	0	0	0	avg10=0.04	avg10=0.04	avg10=47.80	avg10=47.43	pgpgin=1765793880,pgpgout=3012953,pswpin=0,pswpout=0,	reads=1243018,sectors_read=82478012,writes=90221,sectors_written=5490258	default [performance] powersave powersupersave 
2026-09-13T14:13:33,666185067-04:00	18156720	0	0	0	0	0	avg10=0.03	avg10=0.03	avg10=50.74	avg10=50.43	pgpgin=1765902196,pgpgout=3012961,pswpin=0,pswpout=0,	reads=1243018,sectors_read=82478012,writes=90223,sectors_written=5490274	default [performance] powersave powersupersave 
2026-09-13T14:13:34,770757468-04:00	18144272	0	0	0	0	0	avg10=0.03	avg10=0.03	avg10=50.74	avg10=50.43	pgpgin=1766014072,pgpgout=3012969,pswpin=0,pswpout=0,	reads=1243018,sectors_read=82478012,writes=90225,sectors_written=5490290	default [performance] powersave powersupersave 
2026-09-13T14:13:35,878813841-04:00	18144040	0	0	0	0	0	avg10=0.02	avg10=0.02	avg10=51.87	avg10=51.62	pgpgin=1766120176,pgpgout=3013065,pswpin=0,pswpout=0,	reads=1243018,sectors_read=82478012,writes=90229,sectors_written=5490482	default [performance] powersave powersupersave 
2026-09-13T14:13:36,996980680-04:00	18151640	0	0	0	0	0	avg10=0.02	avg10=0.02	avg10=51.87	avg10=51.62	pgpgin=1766229304,pgpgout=3013073,pswpin=0,pswpout=0,	reads=1243033,sectors_read=82479404,writes=90231,sectors_written=5490498	default [performance] powersave powersupersave 
2026-09-13T14:13:38,078477023-04:00	18160996	0	0	0	0	0	avg10=0.02	avg10=0.02	avg10=52.44	avg10=52.05	pgpgin=1766385620,pgpgout=3013081,pswpin=0,pswpout=0,	reads=1243033,sectors_read=82479404,writes=90233,sectors_written=5490514	default [performance] powersave powersupersave 
2026-09-13T14:13:39,151176088-04:00	18150436	0	0	0	0	0	avg10=0.02	avg10=0.02	avg10=52.44	avg10=52.05	pgpgin=1766638016,pgpgout=3013089,pswpin=0,pswpout=0,	reads=1243033,sectors_read=82479404,writes=90235,sectors_written=5490530	default [performance] powersave powersupersave 
2026-09-13T14:13:40,225595676-04:00	18155024	0	0	0	0	0	avg10=0.01	avg10=0.01	avg10=51.81	avg10=51.50	pgpgin=1766898520,pgpgout=3013097,pswpin=0,pswpout=0,	reads=1243033,sectors_read=82479404,writes=90237,sectors_written=5490546	default [performance] powersave powersupersave 
2026-09-13T14:13:41,319367655-04:00	18148576	0	0	0	0	0	avg10=0.01	avg10=0.01	avg10=51.81	avg10=51.50	pgpgin=1767170900,pgpgout=3013193,pswpin=0,pswpout=0,	reads=1243103,sectors_read=82480684,writes=90241,sectors_written=5490738	default [performance] powersave powersupersave 
2026-09-13T14:13:42,399496792-04:00	17954408	0	0	0	0	0	avg10=0.01	avg10=0.01	avg10=50.94	avg10=50.50	pgpgin=1767432200,pgpgout=3013201,pswpin=0,pswpout=0,	reads=1243119,sectors_read=82480828,writes=90243,sectors_written=5490754	default [performance] powersave powersupersave 
2026-09-13T14:13:43,724415026-04:00	18166740	0	0	0	0	0	avg10=2.00	avg10=2.00	avg10=48.41	avg10=48.05	pgpgin=1767696496,pgpgout=3013209,pswpin=0,pswpout=0,	reads=1243259,sectors_read=82493028,writes=90245,sectors_written=5490770	default [performance] powersave powersupersave 
2026-09-13T14:13:44,802326567-04:00	18137100	0	0	0	0	0	avg10=2.00	avg10=2.00	avg10=48.41	avg10=48.05	pgpgin=1767959236,pgpgout=3013217,pswpin=0,pswpout=0,	reads=1243259,sectors_read=82493028,writes=90247,sectors_written=5490786	default [performance] powersave powersupersave 
2026-09-13T14:13:45,876348271-04:00	18160120	0	0	0	0	0	avg10=1.82	avg10=1.82	avg10=46.53	avg10=46.05	pgpgin=1768215148,pgpgout=3013225,pswpin=0,pswpout=0,	reads=1243259,sectors_read=82493028,writes=90249,sectors_written=5490802	default [performance] powersave powersupersave 
2026-09-13T14:13:46,962079686-04:00	18150920	0	0	0	0	0	avg10=1.82	avg10=1.82	avg10=46.53	avg10=46.05	pgpgin=1768464104,pgpgout=3013385,pswpin=0,pswpout=0,	reads=1243259,sectors_read=82493028,writes=90253,sectors_written=5491018	default [performance] powersave powersupersave 
2026-09-13T14:13:48,036829530-04:00	18148296	0	0	0	0	0	avg10=1.49	avg10=1.49	avg10=45.52	avg10=45.13	pgpgin=1768720116,pgpgout=3013393,pswpin=0,pswpout=0,	reads=1243259,sectors_read=82493028,writes=90255,sectors_written=5491034	default [performance] powersave powersupersave 
2026-09-13T14:13:49,113163560-04:00	18135420	0	0	0	0	0	avg10=1.49	avg10=1.49	avg10=45.52	avg10=45.13	pgpgin=1768981036,pgpgout=3013401,pswpin=0,pswpout=0,	reads=1243259,sectors_read=82493028,writes=90257,sectors_written=5491050	default [performance] powersave powersupersave 
2026-09-13T14:13:50,194116710-04:00	18155056	0	0	0	0	0	avg10=1.22	avg10=1.22	avg10=44.52	avg10=44.20	pgpgin=1769240016,pgpgout=3013409,pswpin=0,pswpout=0,	reads=1243275,sectors_read=82493692,writes=90259,sectors_written=5491066	default [performance] powersave powersupersave 
2026-09-13T14:13:51,267999246-04:00	18148528	0	0	0	0	0	avg10=1.22	avg10=1.22	avg10=44.52	avg10=44.20	pgpgin=1769487904,pgpgout=3013417,pswpin=0,pswpout=0,	reads=1243275,sectors_read=82493692,writes=90261,sectors_written=5491082	default [performance] powersave powersupersave 
2026-09-13T14:13:52,349623177-04:00	18151148	0	0	0	0	0	avg10=1.00	avg10=1.00	avg10=44.43	avg10=43.98	pgpgin=1769738672,pgpgout=3013521,pswpin=0,pswpout=0,	reads=1243275,sectors_read=82493692,writes=90265,sectors_written=5491290	default [performance] powersave powersupersave 
2026-09-13T14:13:53,422324805-04:00	18007384	0	0	0	0	0	avg10=0.81	avg10=0.81	avg10=44.35	avg10=43.99	pgpgin=1769990204,pgpgout=3013529,pswpin=0,pswpout=0,	reads=1243276,sectors_read=82493700,writes=90267,sectors_written=5491306	default [performance] powersave powersupersave 
2026-09-13T14:13:54,502526917-04:00	18138364	0	0	0	0	0	avg10=0.81	avg10=0.81	avg10=44.35	avg10=43.99	pgpgin=1770252168,pgpgout=3013537,pswpin=0,pswpout=0,	reads=1243276,sectors_read=82493700,writes=90269,sectors_written=5491322	default [performance] powersave powersupersave 
2026-09-13T14:13:55,618535224-04:00	18168408	0	0	0	0	0	avg10=0.67	avg10=0.67	avg10=44.10	avg10=43.62	pgpgin=1770590664,pgpgout=3013545,pswpin=0,pswpout=0,	reads=1243280,sectors_read=82493756,writes=90271,sectors_written=5491338	default [performance] powersave powersupersave 
2026-09-13T14:13:56,769617090-04:00	18120908	0	0	0	0	0	avg10=0.67	avg10=0.67	avg10=44.10	avg10=43.62	pgpgin=1770954764,pgpgout=3013553,pswpin=0,pswpout=0,	reads=1243280,sectors_read=82493756,writes=90273,sectors_written=5491354	default [performance] powersave powersupersave 
2026-09-13T14:13:57,943732705-04:00	18161028	0	0	0	0	0	avg10=0.54	avg10=0.54	avg10=44.99	avg10=44.60	pgpgin=1771319068,pgpgout=3013709,pswpin=0,pswpout=0,	reads=1243280,sectors_read=82493756,writes=90293,sectors_written=5491666	default [performance] powersave powersupersave 
2026-09-13T14:13:59,059708162-04:00	18145380	0	0	0	0	0	avg10=0.54	avg10=0.54	avg10=44.99	avg10=44.60	pgpgin=1771638656,pgpgout=3013717,pswpin=0,pswpout=0,	reads=1243280,sectors_read=82493756,writes=90295,sectors_written=5491682	default [performance] powersave powersupersave 
2026-09-13T14:14:00,158559827-04:00	18174352	0	0	0	0	0	avg10=0.44	avg10=0.44	avg10=44.63	avg10=44.13	pgpgin=1771979420,pgpgout=3013725,pswpin=0,pswpout=0,	reads=1243280,sectors_read=82493756,writes=90297,sectors_written=5491698	default [performance] powersave powersupersave 
2026-09-13T14:14:01,306545379-04:00	18172944	0	0	0	0	0	avg10=0.44	avg10=0.44	avg10=44.63	avg10=44.13	pgpgin=1772361736,pgpgout=3013733,pswpin=0,pswpout=0,	reads=1243464,sectors_read=82507804,writes=90299,sectors_written=5491714	default [performance] powersave powersupersave 
2026-09-13T14:14:02,464702372-04:00	18164264	0	0	0	0	0	avg10=0.36	avg10=0.36	avg10=44.33	avg10=43.92	pgpgin=1772747232,pgpgout=3013741,pswpin=0,pswpout=0,	reads=1243464,sectors_read=82507804,writes=90301,sectors_written=5491730	default [performance] powersave powersupersave 
2026-09-13T14:14:03,560161835-04:00	18152640	0	0	0	0	0	avg10=0.30	avg10=0.30	avg10=42.46	avg10=42.12	pgpgin=1772939704,pgpgout=3013837,pswpin=0,pswpout=0,	reads=1243877,sectors_read=82543748,writes=90305,sectors_written=5491922	default [performance] powersave powersupersave 
2026-09-13T14:14:04,617155426-04:00	17760116	0	0	0	0	0	avg10=0.30	avg10=0.30	avg10=42.46	avg10=42.12	pgpgin=1773469036,pgpgout=3013845,pswpin=0,pswpout=0,	reads=1252868,sectors_read=83603516,writes=90307,sectors_written=5491938	default [performance] powersave powersupersave 
2026-09-13T14:14:05,676416979-04:00	17435868	0	0	0	0	0	avg10=0.24	avg10=0.24	avg10=36.40	avg10=36.12	pgpgin=1774220408,pgpgout=3014033,pswpin=0,pswpout=0,	reads=1260946,sectors_read=85101820,writes=90324,sectors_written=5492314	default [performance] powersave powersupersave 
2026-09-13T14:14:06,729107117-04:00	16980828	0	0	0	0	0	avg10=0.24	avg10=0.24	avg10=36.40	avg10=36.12	pgpgin=1774255060,pgpgout=3014353,pswpin=0,pswpout=0,	reads=1262210,sectors_read=85168612,writes=90359,sectors_written=5492954	default [performance] powersave powersupersave 
2026-09-13T14:14:07,785846132-04:00	16526172	0	0	0	0	0	avg10=0.20	avg10=0.20	avg10=30.89	avg10=30.66	pgpgin=1774352016,pgpgout=3014637,pswpin=0,pswpout=0,	reads=1264849,sectors_read=85362572,writes=90382,sectors_written=5493522	default [performance] powersave powersupersave 
2026-09-13T14:14:08,848491524-04:00	15999076	0	0	0	0	0	avg10=0.20	avg10=0.20	avg10=30.89	avg10=30.66	pgpgin=1774358020,pgpgout=3015097,pswpin=0,pswpout=0,	reads=1265219,sectors_read=85374532,writes=90386,sectors_written=5494442	default [performance] powersave powersupersave 
2026-09-13T14:14:09,902645593-04:00	15835112	0	0	0	0	0	avg10=0.16	avg10=0.16	avg10=25.47	avg10=25.29	pgpgin=1774361344,pgpgout=3015121,pswpin=0,pswpout=0,	reads=1265327,sectors_read=85381180,writes=90392,sectors_written=5494490	default [performance] powersave powersupersave 
2026-09-13T14:14:10,958932120-04:00	15952740	0	0	0	0	0	avg10=0.16	avg10=0.16	avg10=25.47	avg10=25.29	pgpgin=1774386584,pgpgout=3015337,pswpin=0,pswpout=0,	reads=1266064,sectors_read=85431660,writes=90410,sectors_written=5494922	default [performance] powersave powersupersave 
2026-09-13T14:14:12,012205004-04:00	16782560	0	0	0	0	0	avg10=0.13	avg10=0.13	avg10=21.22	avg10=21.07	pgpgin=1774437104,pgpgout=3015757,pswpin=0,pswpout=0,	reads=1267089,sectors_read=85532580,writes=90460,sectors_written=5495762	default [performance] powersave powersupersave 
2026-09-13T14:14:13,062774700-04:00	16138248	0	0	0	0	0	avg10=0.13	avg10=0.13	avg10=21.22	avg10=21.07	pgpgin=1774437104,pgpgout=3015765,pswpin=0,pswpout=0,	reads=1267089,sectors_read=85532580,writes=90462,sectors_written=5495778	default [performance] powersave powersupersave 
2026-09-13T14:14:14,129023927-04:00	15995460	0	0	0	0	0	avg10=0.29	avg10=0.29	avg10=17.37	avg10=17.25	pgpgin=1774437104,pgpgout=3016089,pswpin=0,pswpout=0,	reads=1267089,sectors_read=85532580,writes=90470,sectors_written=5496426	default [performance] powersave powersupersave 
2026-09-13T14:14:15,188242054-04:00	15884400	0	0	0	0	0	avg10=0.29	avg10=0.29	avg10=17.37	avg10=17.25	pgpgin=1774437220,pgpgout=3016097,pswpin=0,pswpout=0,	reads=1267091,sectors_read=85532812,writes=90472,sectors_written=5496442	default [performance] powersave powersupersave 
2026-09-13T14:14:16,244858402-04:00	16230852	0	0	0	0	0	avg10=0.23	avg10=0.23	avg10=14.23	avg10=14.12	pgpgin=1774437232,pgpgout=3016689,pswpin=0,pswpout=0,	reads=1267093,sectors_read=85532828,writes=90526,sectors_written=5497626	default [performance] powersave powersupersave 
2026-09-13T14:14:17,307376360-04:00	16043212	0	0	0	0	0	avg10=0.23	avg10=0.23	avg10=14.23	avg10=14.12	pgpgin=1774438852,pgpgout=3016841,pswpin=0,pswpout=0,	reads=1267112,sectors_read=85536068,writes=90540,sectors_written=5497930	default [performance] powersave powersupersave 
2026-09-13T14:14:18,364889175-04:00	15829072	0	0	0	0	0	avg10=0.19	avg10=0.19	avg10=11.65	avg10=11.56	pgpgin=1774438852,pgpgout=3019489,pswpin=0,pswpout=0,	reads=1267112,sectors_read=85536068,writes=90546,sectors_written=5497978	default [performance] powersave powersupersave 
2026-09-13T14:14:19,426784073-04:00	15580884	0	0	0	0	0	avg10=0.15	avg10=0.15	avg10=9.54	avg10=9.47	pgpgin=1774438852,pgpgout=3019773,pswpin=0,pswpout=0,	reads=1267112,sectors_read=85536068,writes=90550,sectors_written=5498546	default [performance] powersave powersupersave 
2026-09-13T14:14:20,483369376-04:00	15850276	0	0	0	0	0	avg10=0.15	avg10=0.15	avg10=9.54	avg10=9.47	pgpgin=1774438852,pgpgout=3020101,pswpin=0,pswpout=0,	reads=1267112,sectors_read=85536068,writes=90592,sectors_written=5499202	default [performance] powersave powersupersave 
2026-09-13T14:14:21,536330981-04:00	15936796	0	0	0	0	0	avg10=0.12	avg10=0.12	avg10=7.81	avg10=7.75	pgpgin=1774438852,pgpgout=3020601,pswpin=0,pswpout=0,	reads=1267112,sectors_read=85536068,writes=90618,sectors_written=5500202	default [performance] powersave powersupersave 
2026-09-13T14:14:22,588959100-04:00	16055776	0	0	0	0	0	avg10=0.12	avg10=0.12	avg10=7.81	avg10=7.75	pgpgin=1774438852,pgpgout=3020625,pswpin=0,pswpout=0,	reads=1267112,sectors_read=85536068,writes=90624,sectors_written=5500250	default [performance] powersave powersupersave 
2026-09-13T14:14:23,644619787-04:00	15818504	0	0	0	0	0	avg10=0.10	avg10=0.10	avg10=6.39	avg10=6.35	pgpgin=1774438852,pgpgout=3020633,pswpin=0,pswpout=0,	reads=1267112,sectors_read=85536068,writes=90626,sectors_written=5500266	default [performance] powersave powersupersave 
2026-09-13T14:14:24,698858864-04:00	15944824	0	0	0	0	0	avg10=0.10	avg10=0.10	avg10=6.39	avg10=6.35	pgpgin=1774438852,pgpgout=3021185,pswpin=0,pswpout=0,	reads=1267112,sectors_read=85536068,writes=90657,sectors_written=5501370	default [performance] powersave powersupersave 
2026-09-13T14:14:25,752812525-04:00	16096300	0	0	0	0	0	avg10=0.08	avg10=0.08	avg10=5.23	avg10=5.20	pgpgin=1774438856,pgpgout=3021873,pswpin=0,pswpout=0,	reads=1267113,sectors_read=85536076,writes=90696,sectors_written=5502746	default [performance] powersave powersupersave 
2026-09-13T14:14:26,810590162-04:00	15744768	0	0	0	0	0	avg10=0.08	avg10=0.08	avg10=5.23	avg10=5.20	pgpgin=1774438856,pgpgout=3021881,pswpin=0,pswpout=0,	reads=1267113,sectors_read=85536076,writes=90698,sectors_written=5502762	default [performance] powersave powersupersave 
2026-09-13T14:14:27,868289943-04:00	15765928	0	0	0	0	0	avg10=0.07	avg10=0.07	avg10=4.28	avg10=4.25	pgpgin=1774438856,pgpgout=3021905,pswpin=0,pswpout=0,	reads=1267113,sectors_read=85536076,writes=90704,sectors_written=5502810	default [performance] powersave powersupersave 
2026-09-13T14:14:28,918980495-04:00	15865872	0	0	0	0	0	avg10=0.07	avg10=0.07	avg10=4.28	avg10=4.25	pgpgin=1774438856,pgpgout=3022121,pswpin=0,pswpout=0,	reads=1267113,sectors_read=85536076,writes=90718,sectors_written=5503242	default [performance] powersave powersupersave 
2026-09-13T14:14:29,975011742-04:00	16569644	0	0	0	0	0	avg10=0.05	avg10=0.05	avg10=3.51	avg10=3.48	pgpgin=1774454456,pgpgout=3023109,pswpin=0,pswpout=0,	reads=1267198,sectors_read=85548236,writes=90762,sectors_written=5505218	default [performance] powersave powersupersave 
2026-09-13T14:14:31,028254490-04:00	16142476	0	0	0	0	0	avg10=0.05	avg10=0.05	avg10=3.51	avg10=3.48	pgpgin=1774454464,pgpgout=3026237,pswpin=0,pswpout=0,	reads=1267200,sectors_read=85548252,writes=90779,sectors_written=5511474	default [performance] powersave powersupersave 
2026-09-13T14:14:32,079831149-04:00	15521708	0	0	0	0	0	avg10=0.22	avg10=0.22	avg10=2.87	avg10=2.85	pgpgin=1774458878,pgpgout=3026245,pswpin=0,pswpout=0,	reads=1267223,sectors_read=85550868,writes=90781,sectors_written=5511490	default [performance] powersave powersupersave 
2026-09-13T14:14:33,138726799-04:00	15217260	0	0	0	0	0	avg10=0.22	avg10=0.22	avg10=2.87	avg10=2.85	pgpgin=1774458878,pgpgout=3026513,pswpin=0,pswpout=0,	reads=1267223,sectors_read=85550868,writes=90834,sectors_written=5512026	default [performance] powersave powersupersave 
2026-09-13T14:14:34,196665513-04:00	15050464	0	0	0	0	0	avg10=0.18	avg10=0.18	avg10=2.35	avg10=2.33	pgpgin=1774458878,pgpgout=3026521,pswpin=0,pswpout=0,	reads=1267223,sectors_read=85550868,writes=90836,sectors_written=5512042	default [performance] powersave powersupersave 
2026-09-13T14:14:35,253528685-04:00	15286412	0	0	0	0	0	avg10=0.18	avg10=0.18	avg10=2.35	avg10=2.33	pgpgin=1774458878,pgpgout=3027373,pswpin=0,pswpout=0,	reads=1267223,sectors_read=85550868,writes=90883,sectors_written=5513746	default [performance] powersave powersupersave 
2026-09-13T14:14:36,305799631-04:00	15322320	0	0	0	0	0	avg10=0.15	avg10=0.15	avg10=1.92	avg10=1.91	pgpgin=1774458970,pgpgout=3027381,pswpin=0,pswpout=0,	reads=1267226,sectors_read=85551052,writes=90885,sectors_written=5513762	default [performance] powersave powersupersave 
2026-09-13T14:14:37,362623171-04:00	15338128	0	0	0	0	0	avg10=0.15	avg10=0.15	avg10=1.92	avg10=1.91	pgpgin=1774458970,pgpgout=3027389,pswpin=0,pswpout=0,	reads=1267226,sectors_read=85551052,writes=90887,sectors_written=5513778	default [performance] powersave powersupersave 
2026-09-13T14:14:38,414042787-04:00	15364484	0	0	0	0	0	avg10=0.12	avg10=0.12	avg10=1.57	avg10=1.56	pgpgin=1774458978,pgpgout=3028649,pswpin=0,pswpout=0,	reads=1267228,sectors_read=85551068,writes=90900,sectors_written=5516298	default [performance] powersave powersupersave 
2026-09-13T14:14:39,469316987-04:00	15366160	0	0	0	0	0	avg10=0.10	avg10=0.10	avg10=1.29	avg10=1.28	pgpgin=1774458978,pgpgout=3028657,pswpin=0,pswpout=0,	reads=1267228,sectors_read=85551068,writes=90902,sectors_written=5516314	default [performance] powersave powersupersave 
2026-09-13T14:14:40,523672080-04:00	15332332	0	0	0	0	0	avg10=0.10	avg10=0.10	avg10=1.29	avg10=1.28	pgpgin=1774461314,pgpgout=3028893,pswpin=0,pswpout=0,	reads=1267811,sectors_read=85555740,writes=90906,sectors_written=5516786	default [performance] powersave powersupersave 
2026-09-13T14:14:41,578377072-04:00	15377044	0	0	0	0	0	avg10=0.08	avg10=0.08	avg10=1.05	avg10=1.05	pgpgin=1774461314,pgpgout=3028901,pswpin=0,pswpout=0,	reads=1267811,sectors_read=85555740,writes=90908,sectors_written=5516802	default [performance] powersave powersupersave 
2026-09-13T14:14:42,630052632-04:00	15372908	0	0	0	0	0	avg10=0.08	avg10=0.08	avg10=1.05	avg10=1.05	pgpgin=1774461314,pgpgout=3028909,pswpin=0,pswpout=0,	reads=1267811,sectors_read=85555740,writes=90910,sectors_written=5516818	default [performance] powersave powersupersave 
2026-09-13T14:14:43,689280873-04:00	15396940	0	0	0	0	0	avg10=0.06	avg10=0.06	avg10=0.86	avg10=0.85	pgpgin=1774461314,pgpgout=3028965,pswpin=0,pswpout=0,	reads=1267811,sectors_read=85555740,writes=90913,sectors_written=5516930	default [performance] powersave powersupersave 
2026-09-13T14:14:44,746837514-04:00	15396980	0	0	0	0	0	avg10=0.06	avg10=0.06	avg10=0.86	avg10=0.85	pgpgin=1774461314,pgpgout=3028973,pswpin=0,pswpout=0,	reads=1267811,sectors_read=85555740,writes=90915,sectors_written=5516946	default [performance] powersave powersupersave 
2026-09-13T14:14:45,810571131-04:00	15412584	0	0	0	0	0	avg10=0.05	avg10=0.05	avg10=0.70	avg10=0.70	pgpgin=1774461314,pgpgout=3029077,pswpin=0,pswpout=0,	reads=1267811,sectors_read=85555740,writes=90919,sectors_written=5517154	default [performance] powersave powersupersave 
2026-09-13T14:14:46,864658745-04:00	15479820	0	0	0	0	0	avg10=0.05	avg10=0.05	avg10=0.70	avg10=0.70	pgpgin=1774461782,pgpgout=3029505,pswpin=0,pswpout=0,	reads=1267811,sectors_read=85555740,writes=90930,sectors_written=5518010	default [performance] powersave powersupersave 
2026-09-13T14:14:47,922558272-04:00	15284820	0	0	0	0	0	avg10=0.04	avg10=0.04	avg10=0.58	avg10=0.57	pgpgin=1774461782,pgpgout=3032669,pswpin=0,pswpout=0,	reads=1267811,sectors_read=85555740,writes=90947,sectors_written=5524338	default [performance] powersave powersupersave 
2026-09-13T14:14:48,980291898-04:00	14833820	0	0	0	0	0	avg10=0.04	avg10=0.04	avg10=0.58	avg10=0.57	pgpgin=1774462570,pgpgout=3032725,pswpin=0,pswpout=0,	reads=1267826,sectors_read=85557316,writes=90950,sectors_written=5524450	default [performance] powersave powersupersave 
2026-09-13T14:14:50,038415637-04:00	14829492	0	0	0	0	0	avg10=0.03	avg10=0.03	avg10=0.47	avg10=0.47	pgpgin=1774462570,pgpgout=3034357,pswpin=0,pswpout=0,	reads=1267826,sectors_read=85557316,writes=90956,sectors_written=5524498	default [performance] powersave powersupersave 
2026-09-13T14:14:51,093988484-04:00	14933836	0	0	0	0	0	avg10=0.03	avg10=0.03	avg10=0.47	avg10=0.47	pgpgin=1774462570,pgpgout=3034805,pswpin=0,pswpout=0,	reads=1267826,sectors_read=85557316,writes=90964,sectors_written=5525394	default [performance] powersave powersupersave 
2026-09-13T14:14:52,148349535-04:00	15316316	0	0	0	0	0	avg10=0.02	avg10=0.02	avg10=0.38	avg10=0.38	pgpgin=1774462574,pgpgout=3035177,pswpin=0,pswpout=0,	reads=1267827,sectors_read=85557324,writes=91005,sectors_written=5526138	default [performance] powersave powersupersave 
2026-09-13T14:14:53,206521266-04:00	15327468	0	0	0	0	0	avg10=0.02	avg10=0.02	avg10=0.38	avg10=0.38	pgpgin=1774462574,pgpgout=3035185,pswpin=0,pswpout=0,	reads=1267827,sectors_read=85557324,writes=91007,sectors_written=5526154	default [performance] powersave powersupersave 
2026-09-13T14:14:54,263690855-04:00	15359400	0	0	0	0	0	avg10=0.02	avg10=0.02	avg10=0.31	avg10=0.31	pgpgin=1774462574,pgpgout=3035241,pswpin=0,pswpout=0,	reads=1267827,sectors_read=85557324,writes=91010,sectors_written=5526266	default [performance] powersave powersupersave 
2026-09-13T14:14:55,320259254-04:00	15386800	0	0	0	0	0	avg10=0.02	avg10=0.02	avg10=0.31	avg10=0.31	pgpgin=1774462574,pgpgout=3035249,pswpin=0,pswpout=0,	reads=1267827,sectors_read=85557324,writes=91012,sectors_written=5526282	default [performance] powersave powersupersave 
2026-09-13T14:14:56,377588655-04:00	15422040	0	0	0	0	0	avg10=0.01	avg10=0.01	avg10=0.25	avg10=0.25	pgpgin=1774462574,pgpgout=3035481,pswpin=0,pswpout=0,	reads=1267827,sectors_read=85557324,writes=91016,sectors_written=5526746	default [performance] powersave powersupersave 
2026-09-13T14:14:57,434586773-04:00	15463196	0	0	0	0	0	avg10=0.01	avg10=0.01	avg10=0.21	avg10=0.21	pgpgin=1774462606,pgpgout=3035489,pswpin=0,pswpout=0,	reads=1267827,sectors_read=85557324,writes=91018,sectors_written=5526762	default [performance] powersave powersupersave 
2026-09-13T14:14:58,492587165-04:00	15482700	0	0	0	0	0	avg10=0.01	avg10=0.01	avg10=0.21	avg10=0.21	pgpgin=1774462606,pgpgout=3035545,pswpin=0,pswpout=0,	reads=1267827,sectors_read=85557324,writes=91021,sectors_written=5526874	default [performance] powersave powersupersave 
2026-09-13T14:14:59,548661077-04:00	15519220	0	0	0	0	0	avg10=0.01	avg10=0.01	avg10=0.17	avg10=0.17	pgpgin=1774462606,pgpgout=3035553,pswpin=0,pswpout=0,	reads=1267827,sectors_read=85557324,writes=91023,sectors_written=5526890	default [performance] powersave powersupersave 
2026-09-13T14:15:00,604372289-04:00	15524456	0	0	0	0	0	avg10=0.01	avg10=0.01	avg10=0.17	avg10=0.17	pgpgin=1774462606,pgpgout=3035561,pswpin=0,pswpout=0,	reads=1267827,sectors_read=85557324,writes=91025,sectors_written=5526906	default [performance] powersave powersupersave 
2026-09-13T14:15:01,669413712-04:00	15552356	0	0	0	0	0	avg10=0.01	avg10=0.01	avg10=0.14	avg10=0.14	pgpgin=1774462606,pgpgout=3035677,pswpin=0,pswpout=0,	reads=1267827,sectors_read=85557324,writes=91029,sectors_written=5527138	default [performance] powersave powersupersave 
2026-09-13T14:15:02,728158124-04:00	15596528	0	0	0	0	0	avg10=0.01	avg10=0.01	avg10=0.14	avg10=0.14	pgpgin=1774478674,pgpgout=3035685,pswpin=0,pswpout=0,	reads=1268202,sectors_read=85589460,writes=91031,sectors_written=5527154	default [performance] powersave powersupersave 
2026-09-13T14:15:03,780532167-04:00	15503856	0	0	0	0	0	avg10=0.00	avg10=0.00	avg10=0.11	avg10=0.11	pgpgin=1774479690,pgpgout=3035741,pswpin=0,pswpout=0,	reads=1268215,sectors_read=85591492,writes=91034,sectors_written=5527266	default [performance] powersave powersupersave 
2026-09-13T14:15:04,832523752-04:00	14967012	0	0	0	0	0	avg10=0.00	avg10=0.00	avg10=0.11	avg10=0.11	pgpgin=1774479866,pgpgout=3036125,pswpin=0,pswpout=0,	reads=1268220,sectors_read=85591844,writes=91064,sectors_written=5528034	default [performance] powersave powersupersave 
2026-09-13T14:15:05,889988522-04:00	14905840	0	0	0	0	0	avg10=0.00	avg10=0.00	avg10=0.09	avg10=0.09	pgpgin=1774479866,pgpgout=3036149,pswpin=0,pswpout=0,	reads=1268220,sectors_read=85591844,writes=91070,sectors_written=5528082	default [performance] powersave powersupersave 
2026-09-13T14:15:06,943419502-04:00	14701688	0	0	0	0	0	avg10=0.00	avg10=0.00	avg10=0.09	avg10=0.09	pgpgin=1774479866,pgpgout=3036197,pswpin=0,pswpout=0,	reads=1268220,sectors_read=85591844,writes=91073,sectors_written=5528178	default [performance] powersave powersupersave 
2026-09-13T14:15:08,002319038-04:00	15038404	0	0	0	0	0	avg10=0.00	avg10=0.00	avg10=0.07	avg10=0.07	pgpgin=1774487838,pgpgout=3036629,pswpin=0,pswpout=0,	reads=1268353,sectors_read=85607788,writes=91117,sectors_written=5529042	default [performance] powersave powersupersave 
2026-09-13T14:15:09,057915128-04:00	14764760	0	0	0	0	0	avg10=0.00	avg10=0.00	avg10=0.07	avg10=0.07	pgpgin=1774492230,pgpgout=3037517,pswpin=0,pswpout=0,	reads=1268404,sectors_read=85616572,writes=91219,sectors_written=5530818	default [performance] powersave powersupersave 
2026-09-13T14:15:10,114882976-04:00	13429924	0	0	0	0	0	avg10=0.00	avg10=0.00	avg10=0.06	avg10=0.06	pgpgin=1774525830,pgpgout=3038329,pswpin=0,pswpout=0,	reads=1269149,sectors_read=85682004,writes=91244,sectors_written=5532442	default [performance] powersave powersupersave 
2026-09-13T14:15:11,171121714-04:00	12669272	0	0	0	0	0	avg10=0.00	avg10=0.00	avg10=0.06	avg10=0.06	pgpgin=1774525830,pgpgout=3038337,pswpin=0,pswpout=0,	reads=1269149,sectors_read=85682004,writes=91246,sectors_written=5532458	default [performance] powersave powersupersave 
2026-09-13T14:15:12,230031873-04:00	12434004	0	0	0	0	0	avg10=0.00	avg10=0.00	avg10=0.05	avg10=0.05	pgpgin=1774525830,pgpgout=3038361,pswpin=0,pswpout=0,	reads=1269149,sectors_read=85682004,writes=91252,sectors_written=5532506	default [performance] powersave powersupersave 
2026-09-13T14:15:13,287828399-04:00	12627080	0	0	0	0	0	avg10=0.00	avg10=0.00	avg10=0.05	avg10=0.05	pgpgin=1774525830,pgpgout=3038369,pswpin=0,pswpout=0,	reads=1269149,sectors_read=85682004,writes=91254,sectors_written=5532522	default [performance] powersave powersupersave 
2026-09-13T14:15:14,343144753-04:00	12985316	0	0	0	0	0	avg10=0.00	avg10=0.00	avg10=0.04	avg10=0.04	pgpgin=1774526522,pgpgout=3038857,pswpin=0,pswpout=0,	reads=1269159,sectors_read=85683388,writes=91299,sectors_written=5533498	default [performance] powersave powersupersave 
2026-09-13T14:15:15,398118816-04:00	12760396	0	0	0	0	0	avg10=0.00	avg10=0.00	avg10=0.04	avg10=0.04	pgpgin=1774527158,pgpgout=3042309,pswpin=0,pswpout=0,	reads=1269180,sectors_read=85684660,writes=91324,sectors_written=5540402	default [performance] powersave powersupersave 
2026-09-13T14:15:16,455981989-04:00	12761032	0	0	0	0	0	avg10=0.00	avg10=0.00	avg10=0.03	avg10=0.03	pgpgin=1774527158,pgpgout=3042625,pswpin=0,pswpout=0,	reads=1269180,sectors_read=85684660,writes=91329,sectors_written=5541034	default [performance] powersave powersupersave 
2026-09-13T14:15:17,511330548-04:00	12762172	0	0	0	0	0	avg10=0.00	avg10=0.00	avg10=0.02	avg10=0.02	pgpgin=1774527158,pgpgout=3042633,pswpin=0,pswpout=0,	reads=1269180,sectors_read=85684660,writes=91331,sectors_written=5541050	default [performance] powersave powersupersave 
2026-09-13T14:15:18,568575862-04:00	12777692	0	0	0	0	0	avg10=0.00	avg10=0.00	avg10=0.02	avg10=0.02	pgpgin=1774527158,pgpgout=3042641,pswpin=0,pswpout=0,	reads=1269180,sectors_read=85684660,writes=91333,sectors_written=5541066	default [performance] powersave powersupersave 
2026-09-13T14:15:19,626625096-04:00	12730144	0	0	0	0	0	avg10=0.00	avg10=0.00	avg10=0.02	avg10=0.02	pgpgin=1774527158,pgpgout=3042649,pswpin=0,pswpout=0,	reads=1269180,sectors_read=85684660,writes=91335,sectors_written=5541082	default [performance] powersave powersupersave 
2026-09-13T14:15:20,693103739-04:00	12639700	0	0	0	0	0	avg10=0.00	avg10=0.00	avg10=0.02	avg10=0.02	pgpgin=1774527158,pgpgout=3042813,pswpin=0,pswpout=0,	reads=1269180,sectors_read=85684660,writes=91339,sectors_written=5541410	default [performance] powersave powersupersave 
2026-09-13T14:15:21,747164771-04:00	12627244	0	0	0	0	0	avg10=0.00	avg10=0.00	avg10=0.01	avg10=0.01	pgpgin=1774527238,pgpgout=3047685,pswpin=0,pswpout=0,	reads=1269180,sectors_read=85684660,writes=91341,sectors_written=5541426	default [performance] powersave powersupersave 
2026-09-13T14:15:22,803466613-04:00	12630684	0	0	0	0	0	avg10=0.00	avg10=0.00	avg10=0.01	avg10=0.01	pgpgin=1774527238,pgpgout=3047693,pswpin=0,pswpout=0,	reads=1269180,sectors_read=85684660,writes=91343,sectors_written=5541442	default [performance] powersave powersupersave 
2026-09-13T14:15:23,859344119-04:00	12650856	0	0	0	0	0	avg10=0.00	avg10=0.00	avg10=0.01	avg10=0.01	pgpgin=1774527238,pgpgout=3047701,pswpin=0,pswpout=0,	reads=1269180,sectors_read=85684660,writes=91345,sectors_written=5541458	default [performance] powersave powersupersave 
2026-09-13T14:15:24,917895189-04:00	12656756	0	0	0	0	0	avg10=0.00	avg10=0.00	avg10=0.01	avg10=0.01	pgpgin=1774527238,pgpgout=3047761,pswpin=0,pswpout=0,	reads=1269180,sectors_read=85684660,writes=91348,sectors_written=5541578	default [performance] powersave powersupersave 
2026-09-13T14:15:25,983264329-04:00	12662316	0	0	0	0	0	avg10=0.00	avg10=0.00	avg10=0.01	avg10=0.01	pgpgin=1774527238,pgpgout=3047889,pswpin=0,pswpout=0,	reads=1269180,sectors_read=85684660,writes=91352,sectors_written=5541834	default [performance] powersave powersupersave 
2026-09-13T14:15:27,040024065-04:00	12669556	0	0	0	0	0	avg10=0.00	avg10=0.00	avg10=0.01	avg10=0.01	pgpgin=1774527238,pgpgout=3047897,pswpin=0,pswpout=0,	reads=1269180,sectors_read=85684660,writes=91354,sectors_written=5541850	default [performance] powersave powersupersave 
2026-09-13T14:15:28,097082672-04:00	12662536	0	0	0	0	0	avg10=0.00	avg10=0.00	avg10=0.00	avg10=0.00	pgpgin=1774527250,pgpgout=3051469,pswpin=0,pswpout=0,	reads=1269181,sectors_read=85684668,writes=91380,sectors_written=5548994	default [performance] powersave powersupersave 
2026-09-13T14:15:29,156481607-04:00	12684952	0	0	0	0	0	avg10=0.00	avg10=0.00	avg10=0.00	avg10=0.00	pgpgin=1774527250,pgpgout=3051477,pswpin=0,pswpout=0,	reads=1269181,sectors_read=85684668,writes=91382,sectors_written=5549010	default [performance] powersave powersupersave 
2026-09-13T14:15:30,214491071-04:00	12686912	0	0	0	0	0	avg10=0.00	avg10=0.00	avg10=0.00	avg10=0.00	pgpgin=1774527250,pgpgout=3051485,pswpin=0,pswpout=0,	reads=1269181,sectors_read=85684668,writes=91384,sectors_written=5549026	default [performance] powersave powersupersave 
2026-09-13T14:15:31,272585506-04:00	12698180	0	0	0	0	0	avg10=0.00	avg10=0.00	avg10=0.00	avg10=0.00	pgpgin=1774527250,pgpgout=3051689,pswpin=0,pswpout=0,	reads=1269181,sectors_read=85684668,writes=91388,sectors_written=5549434	default [performance] powersave powersupersave 
2026-09-13T14:15:32,328988353-04:00	12709648	0	0	0	0	0	avg10=0.00	avg10=0.00	avg10=0.00	avg10=0.00	pgpgin=1774527250,pgpgout=3051697,pswpin=0,pswpout=0,	reads=1269181,sectors_read=85684668,writes=91390,sectors_written=5549450	default [performance] powersave powersupersave 
2026-09-13T14:15:33,386524660-04:00	12715328	0	0	0	0	0	avg10=0.00	avg10=0.00	avg10=0.00	avg10=0.00	pgpgin=1774527250,pgpgout=3051713,pswpin=0,pswpout=0,	reads=1269181,sectors_read=85684668,writes=91394,sectors_written=5549482	default [performance] powersave powersupersave 
2026-09-13T14:15:34,443198808-04:00	12735044	0	0	0	0	0	avg10=0.00	avg10=0.00	avg10=0.00	avg10=0.00	pgpgin=1774527250,pgpgout=3051809,pswpin=0,pswpout=0,	reads=1269181,sectors_read=85684668,writes=91397,sectors_written=5549674	default [performance] powersave powersupersave 
2026-09-13T14:15:35,500095144-04:00	12740992	0	0	0	0	0	avg10=0.00	avg10=0.00	avg10=0.00	avg10=0.00	pgpgin=1774527250,pgpgout=3051817,pswpin=0,pswpout=0,	reads=1269181,sectors_read=85684668,writes=91399,sectors_written=5549690	default [performance] powersave powersupersave 
2026-09-13T14:15:36,564411542-04:00	12743664	0	0	0	0	0	avg10=0.00	avg10=0.00	avg10=0.00	avg10=0.00	pgpgin=1774527250,pgpgout=3051941,pswpin=0,pswpout=0,	reads=1269181,sectors_read=85684668,writes=91403,sectors_written=5549938	default [performance] powersave powersupersave 
2026-09-13T14:15:37,621577215-04:00	12747132	0	0	0	0	0	avg10=0.00	avg10=0.00	avg10=0.00	avg10=0.00	pgpgin=1774527250,pgpgout=3051949,pswpin=0,pswpout=0,	reads=1269181,sectors_read=85684668,writes=91405,sectors_written=5549954	default [performance] powersave powersupersave 
2026-09-13T14:15:38,675134228-04:00	12750008	0	0	0	0	0	avg10=0.00	avg10=0.00	avg10=0.00	avg10=0.00	pgpgin=1774527250,pgpgout=3051957,pswpin=0,pswpout=0,	reads=1269181,sectors_read=85684668,writes=91407,sectors_written=5549970	default [performance] powersave powersupersave 
2026-09-13T14:15:39,733785823-04:00	12820076	0	0	0	0	0	avg10=0.00	avg10=0.00	avg10=0.00	avg10=0.00	pgpgin=1774533274,pgpgout=3053501,pswpin=0,pswpout=0,	reads=1269250,sectors_read=85696716,writes=91419,sectors_written=5553058	default [performance] powersave powersupersave 
2026-09-13T14:15:40,788969474-04:00	11973852	0	0	0	0	0	avg10=0.00	avg10=0.00	avg10=0.00	avg10=0.00	pgpgin=1774533274,pgpgout=3053509,pswpin=0,pswpout=0,	reads=1269250,sectors_read=85696716,writes=91421,sectors_written=5553074	default [performance] powersave powersupersave 
2026-09-13T14:15:41,844046424-04:00	11558440	0	0	0	0	0	avg10=0.00	avg10=0.00	avg10=0.00	avg10=0.00	pgpgin=1774533274,pgpgout=3053817,pswpin=0,pswpout=0,	reads=1269250,sectors_read=85696716,writes=91429,sectors_written=5553690	default [performance] powersave powersupersave 
2026-09-13T14:15:42,900213533-04:00	11429188	0	0	0	0	0	avg10=0.00	avg10=0.00	avg10=0.00	avg10=0.00	pgpgin=1774533274,pgpgout=3053825,pswpin=0,pswpout=0,	reads=1269250,sectors_read=85696716,writes=91431,sectors_written=5553706	default [performance] powersave powersupersave 
2026-09-13T14:15:43,957152393-04:00	11754296	0	0	0	0	0	avg10=0.00	avg10=0.00	avg10=0.00	avg10=0.00	pgpgin=1774533274,pgpgout=3054169,pswpin=0,pswpout=0,	reads=1269250,sectors_read=85696716,writes=91473,sectors_written=5554394	default [performance] powersave powersupersave 
2026-09-13T14:15:45,015674257-04:00	11787804	0	0	0	0	0	avg10=0.00	avg10=0.00	avg10=0.00	avg10=0.00	pgpgin=1774534522,pgpgout=3054689,pswpin=0,pswpout=0,	reads=1269285,sectors_read=85699212,writes=91535,sectors_written=5555434	default [performance] powersave powersupersave 
2026-09-13T14:15:46,074061860-04:00	11355732	0	0	0	0	0	avg10=0.00	avg10=0.00	avg10=0.00	avg10=0.00	pgpgin=1774534522,pgpgout=3054697,pswpin=0,pswpout=0,	reads=1269285,sectors_read=85699212,writes=91537,sectors_written=5555450	default [performance] powersave powersupersave 
2026-09-13T14:15:47,138055546-04:00	11388148	0	0	0	0	0	avg10=0.00	avg10=0.00	avg10=0.00	avg10=0.00	pgpgin=1774534522,pgpgout=3055041,pswpin=0,pswpout=0,	reads=1269285,sectors_read=85699212,writes=91545,sectors_written=5556138	default [performance] powersave powersupersave 
2026-09-13T14:15:48,193873863-04:00	11645672	0	0	0	0	0	avg10=0.00	avg10=0.00	avg10=0.00	avg10=0.00	pgpgin=1774534522,pgpgout=3055265,pswpin=0,pswpout=0,	reads=1269285,sectors_read=85699212,writes=91565,sectors_written=5556586	default [performance] powersave powersupersave 
2026-09-13T14:15:49,248819079-04:00	12180216	0	0	0	0	0	avg10=0.00	avg10=0.00	avg10=0.00	avg10=0.00	pgpgin=1774535322,pgpgout=3055521,pswpin=0,pswpout=0,	reads=1269310,sectors_read=85700796,writes=91592,sectors_written=5557098	default [performance] powersave powersupersave 
2026-09-13T14:15:50,307289579-04:00	12025508	0	0	0	0	0	avg10=0.18	avg10=0.18	avg10=0.00	avg10=0.00	pgpgin=1774537014,pgpgout=3056009,pswpin=0,pswpout=0,	reads=1269414,sectors_read=85704172,writes=91615,sectors_written=5558074	default [performance] powersave powersupersave 
2026-09-13T14:15:51,365865568-04:00	11251928	0	0	0	0	0	avg10=0.18	avg10=0.18	avg10=0.00	avg10=0.00	pgpgin=1774537014,pgpgout=3056017,pswpin=0,pswpout=0,	reads=1269414,sectors_read=85704172,writes=91617,sectors_written=5558090	default [performance] powersave powersupersave 
2026-09-13T14:15:52,431319822-04:00	11231356	0	0	0	0	0	avg10=0.14	avg10=0.14	avg10=0.00	avg10=0.00	pgpgin=1774537014,pgpgout=3056369,pswpin=0,pswpout=0,	reads=1269414,sectors_read=85704172,writes=91625,sectors_written=5558794	default [performance] powersave powersupersave 
2026-09-13T14:15:53,486707151-04:00	11112096	0	0	0	0	0	avg10=0.12	avg10=0.12	avg10=0.00	avg10=0.00	pgpgin=1774537018,pgpgout=3058917,pswpin=0,pswpout=0,	reads=1269415,sectors_read=85704180,writes=91639,sectors_written=5559226	default [performance] powersave powersupersave 
2026-09-13T14:15:54,542682645-04:00	11166460	0	0	0	0	0	avg10=0.12	avg10=0.12	avg10=0.00	avg10=0.00	pgpgin=1774537558,pgpgout=3059449,pswpin=0,pswpout=0,	reads=1269415,sectors_read=85704180,writes=91693,sectors_written=5560290	default [performance] powersave powersupersave 
2026-09-13T14:15:55,600206870-04:00	11068204	0	0	0	0	0	avg10=0.09	avg10=0.09	avg10=0.00	avg10=0.00	pgpgin=1774537558,pgpgout=3059457,pswpin=0,pswpout=0,	reads=1269415,sectors_read=85704180,writes=91695,sectors_written=5560306	default [performance] powersave powersupersave 
2026-09-13T14:15:56,657146507-04:00	11141804	0	0	0	0	0	avg10=0.09	avg10=0.09	avg10=0.00	avg10=0.00	pgpgin=1774537558,pgpgout=3059481,pswpin=0,pswpout=0,	reads=1269415,sectors_read=85704180,writes=91701,sectors_written=5560354	default [performance] powersave powersupersave 
2026-09-13T14:15:57,721102908-04:00	11135540	0	0	0	0	0	avg10=0.08	avg10=0.08	avg10=0.00	avg10=0.00	pgpgin=1774537558,pgpgout=3059817,pswpin=0,pswpout=0,	reads=1269415,sectors_read=85704180,writes=91705,sectors_written=5561026	default [performance] powersave powersupersave 
2026-09-13T14:15:58,778313976-04:00	11384328	0	0	0	0	0	avg10=0.08	avg10=0.08	avg10=0.00	avg10=0.00	pgpgin=1774537562,pgpgout=3060257,pswpin=0,pswpout=0,	reads=1269416,sectors_read=85704188,writes=91749,sectors_written=5561906	default [performance] powersave powersupersave 
2026-09-13T14:15:59,834059391-04:00	11788060	0	0	0	0	0	avg10=0.06	avg10=0.06	avg10=0.00	avg10=0.00	pgpgin=1774562650,pgpgout=3061393,pswpin=0,pswpout=0,	reads=1269467,sectors_read=85707684,writes=91830,sectors_written=5564178	default [performance] powersave powersupersave 
2026-09-13T14:16:00,887349262-04:00	11800664	0	0	0	0	0	avg10=0.06	avg10=0.06	avg10=0.00	avg10=0.00	pgpgin=1774562662,pgpgout=3062481,pswpin=0,pswpout=0,	reads=1269470,sectors_read=85707708,writes=91844,sectors_written=5566354	default [performance] powersave powersupersave 
2026-09-13T14:16:01,943578978-04:00	11845796	0	0	0	0	0	avg10=0.05	avg10=0.05	avg10=0.00	avg10=0.00	pgpgin=1774562666,pgpgout=3063989,pswpin=0,pswpout=0,	reads=1269471,sectors_read=85707716,writes=91867,sectors_written=5569370	default [performance] powersave powersupersave 
2026-09-13T14:16:03,009476719-04:00	11878412	0	0	0	0	0	avg10=0.05	avg10=0.05	avg10=0.00	avg10=0.00	pgpgin=1774562666,pgpgout=3064445,pswpin=0,pswpout=0,	reads=1269471,sectors_read=85707716,writes=91871,sectors_written=5570282	default [performance] powersave powersupersave 
2026-09-13T14:16:04,064158678-04:00	11746180	0	0	0	0	0	avg10=0.04	avg10=0.04	avg10=0.00	avg10=0.00	pgpgin=1774563110,pgpgout=3065545,pswpin=0,pswpout=0,	reads=1269487,sectors_read=85708604,writes=91894,sectors_written=5572482	default [performance] powersave powersupersave 
2026-09-13T14:16:05,120259642-04:00	11344668	0	0	0	0	0	avg10=0.04	avg10=0.04	avg10=0.00	avg10=0.00	pgpgin=1774563110,pgpgout=3065553,pswpin=0,pswpout=0,	reads=1269487,sectors_read=85708604,writes=91896,sectors_written=5572498	default [performance] powersave powersupersave 
2026-09-13T14:16:06,179811372-04:00	11428432	0	0	0	0	0	avg10=0.03	avg10=0.03	avg10=0.00	avg10=0.00	pgpgin=1774563110,pgpgout=3065577,pswpin=0,pswpout=0,	reads=1269487,sectors_read=85708604,writes=91902,sectors_written=5572546	default [performance] powersave powersupersave 
2026-09-13T14:16:07,239696999-04:00	11247816	0	0	0	0	0	avg10=0.03	avg10=0.03	avg10=0.00	avg10=0.00	pgpgin=1774563110,pgpgout=3065585,pswpin=0,pswpout=0,	reads=1269487,sectors_read=85708604,writes=91904,sectors_written=5572562	default [performance] powersave powersupersave 
2026-09-13T14:16:08,293609113-04:00	11650516	0	0	0	0	0	avg10=0.02	avg10=0.02	avg10=0.00	avg10=0.00	pgpgin=1774563202,pgpgout=3066425,pswpin=0,pswpout=0,	reads=1269492,sectors_read=85708788,writes=91951,sectors_written=5574242	default [performance] powersave powersupersave 
2026-09-13T14:16:09,349075117-04:00	11475568	0	0	0	0	0	avg10=0.02	avg10=0.02	avg10=0.00	avg10=0.00	pgpgin=1774563202,pgpgout=3067021,pswpin=0,pswpout=0,	reads=1269492,sectors_read=85708788,writes=91974,sectors_written=5575434	default [performance] powersave powersupersave 
2026-09-13T14:16:10,405170393-04:00	11511128	0	0	0	0	0	avg10=0.02	avg10=0.02	avg10=0.00	avg10=0.00	pgpgin=1774563206,pgpgout=3067389,pswpin=0,pswpout=0,	reads=1269493,sectors_read=85708796,writes=91983,sectors_written=5576170	default [performance] powersave powersupersave 
2026-09-13T14:16:11,460718001-04:00	11360732	0	0	0	0	0	avg10=0.02	avg10=0.02	avg10=0.00	avg10=0.00	pgpgin=1774563206,pgpgout=3067397,pswpin=0,pswpout=0,	reads=1269493,sectors_read=85708796,writes=91985,sectors_written=5576186	default [performance] powersave powersupersave 
2026-09-13T14:16:12,516628892-04:00	11526384	0	0	0	0	0	avg10=0.01	avg10=0.01	avg10=0.00	avg10=0.00	pgpgin=1774563206,pgpgout=3067685,pswpin=0,pswpout=0,	reads=1269493,sectors_read=85708796,writes=92013,sectors_written=5576762	default [performance] powersave powersupersave 
2026-09-13T14:16:13,567358889-04:00	11223368	0	0	0	0	0	avg10=0.19	avg10=0.19	avg10=0.00	avg10=0.00	pgpgin=1774573782,pgpgout=3068449,pswpin=0,pswpout=0,	reads=1269605,sectors_read=85729948,writes=92055,sectors_written=5578290	default [performance] powersave powersupersave 
2026-09-13T14:16:14,627059993-04:00	10541940	0	0	0	0	0	avg10=0.19	avg10=0.19	avg10=0.00	avg10=0.00	pgpgin=1774573782,pgpgout=3068457,pswpin=0,pswpout=0,	reads=1269605,sectors_read=85729948,writes=92057,sectors_written=5578306	default [performance] powersave powersupersave 
2026-09-13T14:16:15,686293339-04:00	10414584	0	0	0	0	0	avg10=0.16	avg10=0.16	avg10=0.00	avg10=0.00	pgpgin=1774573782,pgpgout=3068529,pswpin=0,pswpout=0,	reads=1269605,sectors_read=85729948,writes=92064,sectors_written=5578450	default [performance] powersave powersupersave 
2026-09-13T14:16:16,741938753-04:00	10195464	0	0	0	0	0	avg10=0.16	avg10=0.16	avg10=0.00	avg10=0.00	pgpgin=1774573782,pgpgout=3068537,pswpin=0,pswpout=0,	reads=1269605,sectors_read=85729948,writes=92066,sectors_written=5578466	default [performance] powersave powersupersave 
2026-09-13T14:16:17,799411571-04:00	10375384	0	0	0	0	0	avg10=0.13	avg10=0.13	avg10=0.00	avg10=0.00	pgpgin=1774573854,pgpgout=3068865,pswpin=0,pswpout=0,	reads=1269608,sectors_read=85730092,writes=92108,sectors_written=5579122	default [performance] powersave powersupersave 
2026-09-13T14:16:18,856123380-04:00	10294236	0	0	0	0	0	avg10=0.13	avg10=0.13	avg10=0.00	avg10=0.00	pgpgin=1774575690,pgpgout=3071569,pswpin=0,pswpout=0,	reads=1269621,sectors_read=85730972,writes=92136,sectors_written=5584530	default [performance] powersave powersupersave 
2026-09-13T14:16:19,912788752-04:00	10341596	0	0	0	0	0	avg10=0.10	avg10=0.10	avg10=0.00	avg10=0.00	pgpgin=1774575690,pgpgout=3071577,pswpin=0,pswpout=0,	reads=1269621,sectors_read=85730972,writes=92138,sectors_written=5584546	default [performance] powersave powersupersave 
2026-09-13T14:16:20,972634771-04:00	10724100	0	0	0	0	0	avg10=0.10	avg10=0.10	avg10=0.00	avg10=0.00	pgpgin=1774575690,pgpgout=3072141,pswpin=0,pswpout=0,	reads=1269621,sectors_read=85730972,writes=92230,sectors_written=5585674	default [performance] powersave powersupersave 
2026-09-13T14:16:22,020916772-04:00	10251144	0	0	0	0	0	avg10=0.08	avg10=0.08	avg10=0.00	avg10=0.00	pgpgin=1774575690,pgpgout=3072385,pswpin=0,pswpout=0,	reads=1269621,sectors_read=85730972,writes=92247,sectors_written=5586162	default [performance] powersave powersupersave 
2026-09-13T14:16:23,074281002-04:00	10237080	0	0	0	0	0	avg10=0.08	avg10=0.08	avg10=0.00	avg10=0.00	pgpgin=1774575790,pgpgout=3072665,pswpin=0,pswpout=0,	reads=1269626,sectors_read=85731172,writes=92277,sectors_written=5586722	default [performance] powersave powersupersave 
2026-09-13T14:16:24,130994346-04:00	10225752	0	0	0	0	0	avg10=0.07	avg10=0.07	avg10=0.00	avg10=0.00	pgpgin=1774575822,pgpgout=3072933,pswpin=0,pswpout=0,	reads=1269626,sectors_read=85731172,writes=92281,sectors_written=5587258	default [performance] powersave powersupersave 
2026-09-13T14:16:25,189304822-04:00	10243236	0	0	0	0	0	avg10=0.07	avg10=0.07	avg10=0.00	avg10=0.00	pgpgin=1774575822,pgpgout=3077077,pswpin=0,pswpout=0,	reads=1269626,sectors_read=85731172,writes=92283,sectors_written=5587274	default [performance] powersave powersupersave 
2026-09-13T14:16:26,247551247-04:00	10253496	0	0	0	0	0	avg10=0.05	avg10=0.05	avg10=0.00	avg10=0.00	pgpgin=1774575822,pgpgout=3077757,pswpin=0,pswpout=0,	reads=1269626,sectors_read=85731172,writes=92306,sectors_written=5588634	default [performance] powersave powersupersave 
2026-09-13T14:16:27,303980018-04:00	10923332	0	0	0	0	0	avg10=0.05	avg10=0.05	avg10=0.00	avg10=0.00	pgpgin=1774576206,pgpgout=3077765,pswpin=0,pswpout=0,	reads=1269639,sectors_read=85731940,writes=92308,sectors_written=5588650	default [performance] powersave powersupersave 
2026-09-13T14:16:28,362159819-04:00	10916996	0	0	0	0	0	avg10=0.04	avg10=0.04	avg10=0.00	avg10=0.00	pgpgin=1774576566,pgpgout=3080533,pswpin=0,pswpout=0,	reads=1269642,sectors_read=85732108,writes=92352,sectors_written=5594186	default [performance] powersave powersupersave 
2026-09-13T14:16:29,426932468-04:00	10916996	0	0	0	0	0	avg10=0.04	avg10=0.04	avg10=0.00	avg10=0.00	pgpgin=1774576566,pgpgout=3080801,pswpin=0,pswpout=0,	reads=1269642,sectors_read=85732108,writes=92356,sectors_written=5594722	default [performance] powersave powersupersave 
2026-09-13T14:16:30,482377773-04:00	10910276	0	0	0	0	0	avg10=0.03	avg10=0.03	avg10=0.00	avg10=0.00	pgpgin=1774576566,pgpgout=3082297,pswpin=0,pswpout=0,	reads=1269642,sectors_read=85732108,writes=92379,sectors_written=5597714	default [performance] powersave powersupersave 
2026-09-13T14:16:31,535338028-04:00	10922064	0	0	0	0	0	avg10=0.03	avg10=0.03	avg10=0.00	avg10=0.00	pgpgin=1774576618,pgpgout=3083489,pswpin=0,pswpout=0,	reads=1269644,sectors_read=85732188,writes=92390,sectors_written=5600098	default [performance] powersave powersupersave 
2026-09-13T14:16:32,590069101-04:00	10433344	0	0	0	0	0	avg10=0.03	avg10=0.03	avg10=0.00	avg10=0.00	pgpgin=1774576894,pgpgout=3083653,pswpin=0,pswpout=0,	reads=1269648,sectors_read=85732372,writes=92413,sectors_written=5600426	default [performance] powersave powersupersave 
2026-09-13T14:16:33,646803328-04:00	9983308	0	0	0	0	0	avg10=0.02	avg10=0.02	avg10=0.00	avg10=0.00	pgpgin=1774576894,pgpgout=3083661,pswpin=0,pswpout=0,	reads=1269648,sectors_read=85732372,writes=92415,sectors_written=5600442	default [performance] powersave powersupersave 
2026-09-13T14:16:34,712971192-04:00	10129724	0	0	0	0	0	avg10=0.02	avg10=0.02	avg10=0.00	avg10=0.00	pgpgin=1774576894,pgpgout=3084045,pswpin=0,pswpout=0,	reads=1269648,sectors_read=85732372,writes=92423,sectors_written=5601210	default [performance] powersave powersupersave 
2026-09-13T14:16:35,768100033-04:00	10274524	0	0	0	0	0	avg10=0.02	avg10=0.02	avg10=0.00	avg10=0.00	pgpgin=1774576894,pgpgout=3084277,pswpin=0,pswpout=0,	reads=1269648,sectors_read=85732372,writes=92445,sectors_written=5601674	default [performance] powersave powersupersave 
2026-09-13T14:16:36,821886083-04:00	10326148	0	0	0	0	0	avg10=0.02	avg10=0.02	avg10=0.00	avg10=0.00	pgpgin=1774577478,pgpgout=3084693,pswpin=0,pswpout=0,	reads=1269656,sectors_read=85733244,writes=92491,sectors_written=5602506	default [performance] powersave powersupersave 
2026-09-13T14:16:37,874942131-04:00	9993396	0	0	0	0	0	avg10=0.01	avg10=0.01	avg10=0.00	avg10=0.00	pgpgin=1774577478,pgpgout=3084701,pswpin=0,pswpout=0,	reads=1269656,sectors_read=85733244,writes=92493,sectors_written=5602522	default [performance] powersave powersupersave 
2026-09-13T14:16:38,930289324-04:00	9819692	0	0	0	0	0	avg10=0.01	avg10=0.01	avg10=0.00	avg10=0.00	pgpgin=1774577478,pgpgout=3084725,pswpin=0,pswpout=0,	reads=1269656,sectors_read=85733244,writes=92499,sectors_written=5602570	default [performance] powersave powersupersave 
2026-09-13T14:16:39,983903512-04:00	9991328	0	0	0	0	0	avg10=0.01	avg10=0.01	avg10=0.00	avg10=0.00	pgpgin=1774577478,pgpgout=3085209,pswpin=0,pswpout=0,	reads=1269656,sectors_read=85733244,writes=92510,sectors_written=5603538	default [performance] powersave powersupersave 
2026-09-13T14:16:41,032462652-04:00	10022396	0	0	0	0	0	avg10=0.01	avg10=0.01	avg10=0.00	avg10=0.00	pgpgin=1774577770,pgpgout=3085729,pswpin=0,pswpout=0,	reads=1269673,sectors_read=85733732,writes=92570,sectors_written=5604578	default [performance] powersave powersupersave 
2026-09-13T14:16:42,084373459-04:00	9831452	0	0	0	0	0	avg10=0.01	avg10=0.01	avg10=0.00	avg10=0.00	pgpgin=1774577770,pgpgout=3085737,pswpin=0,pswpout=0,	reads=1269673,sectors_read=85733732,writes=92572,sectors_written=5604594	default [performance] powersave powersupersave 
2026-09-13T14:16:43,139815783-04:00	9788620	0	0	0	0	0	avg10=0.01	avg10=0.01	avg10=0.00	avg10=0.00	pgpgin=1774577770,pgpgout=3085761,pswpin=0,pswpout=0,	reads=1269673,sectors_read=85733732,writes=92578,sectors_written=5604642	default [performance] powersave powersupersave 
2026-09-13T14:16:44,195868705-04:00	9695520	0	0	0	0	0	avg10=0.00	avg10=0.00	avg10=0.00	avg10=0.00	pgpgin=1774577770,pgpgout=3085769,pswpin=0,pswpout=0,	reads=1269673,sectors_read=85733732,writes=92580,sectors_written=5604658	default [performance] powersave powersupersave 
2026-09-13T14:16:45,252776503-04:00	9935980	0	0	0	0	0	avg10=0.00	avg10=0.00	avg10=0.00	avg10=0.00	pgpgin=1774578218,pgpgout=3086693,pswpin=0,pswpout=0,	reads=1269687,sectors_read=85734628,writes=92636,sectors_written=5606506	default [performance] powersave powersupersave 
2026-09-13T14:16:46,310262398-04:00	9745524	0	0	0	0	0	avg10=0.00	avg10=0.00	avg10=0.00	avg10=0.00	pgpgin=1774578222,pgpgout=3086897,pswpin=0,pswpout=0,	reads=1269688,sectors_read=85734636,writes=92651,sectors_written=5606914	default [performance] powersave powersupersave 
2026-09-13T14:16:47,366573065-04:00	9666032	0	0	0	0	0	avg10=0.00	avg10=0.00	avg10=0.00	avg10=0.00	pgpgin=1774578222,pgpgout=3086921,pswpin=0,pswpout=0,	reads=1269688,sectors_read=85734636,writes=92657,sectors_written=5606962	default [performance] powersave powersupersave 
2026-09-13T14:16:48,424518555-04:00	10313636	0	0	0	0	0	avg10=0.00	avg10=0.00	avg10=0.00	avg10=0.00	pgpgin=1774578222,pgpgout=3086929,pswpin=0,pswpout=0,	reads=1269688,sectors_read=85734636,writes=92659,sectors_written=5606978	default [performance] powersave powersupersave 
2026-09-13T14:16:49,477941898-04:00	9963612	0	0	0	0	0	avg10=0.00	avg10=0.00	avg10=0.00	avg10=0.00	pgpgin=1774578294,pgpgout=3087265,pswpin=0,pswpout=0,	reads=1269695,sectors_read=85734780,writes=92700,sectors_written=5607650	default [performance] powersave powersupersave 
2026-09-13T14:16:50,530009234-04:00	10089992	0	0	0	0	0	avg10=0.00	avg10=0.00	avg10=0.00	avg10=0.00	pgpgin=1774578794,pgpgout=3088273,pswpin=0,pswpout=0,	reads=1269695,sectors_read=85734780,writes=92771,sectors_written=5609666	default [performance] powersave powersupersave 
2026-09-13T14:16:51,586724412-04:00	9668424	0	0	0	0	0	avg10=0.00	avg10=0.00	avg10=0.00	avg10=0.00	pgpgin=1774578794,pgpgout=3088329,pswpin=0,pswpout=0,	reads=1269695,sectors_read=85734780,writes=92774,sectors_written=5609778	default [performance] powersave powersupersave 
2026-09-13T14:16:52,644638976-04:00	9801340	0	0	0	0	0	avg10=0.00	avg10=0.00	avg10=0.00	avg10=0.00	pgpgin=1774578794,pgpgout=3088353,pswpin=0,pswpout=0,	reads=1269695,sectors_read=85734780,writes=92780,sectors_written=5609826	default [performance] powersave powersupersave 
2026-09-13T14:16:53,699448675-04:00	9898696	0	0	0	0	0	avg10=0.00	avg10=0.00	avg10=0.00	avg10=0.00	pgpgin=1774578794,pgpgout=3088553,pswpin=0,pswpout=0,	reads=1269695,sectors_read=85734780,writes=92794,sectors_written=5610226	default [performance] powersave powersupersave 
2026-09-13T14:16:54,753785777-04:00	9810360	0	0	0	0	0	avg10=0.00	avg10=0.00	avg10=0.00	avg10=0.00	pgpgin=1774578798,pgpgout=3089037,pswpin=0,pswpout=0,	reads=1269696,sectors_read=85734788,writes=92848,sectors_written=5611194	default [performance] powersave powersupersave 
2026-09-13T14:16:55,810955752-04:00	9629140	0	0	0	0	0	avg10=0.00	avg10=0.00	avg10=0.00	avg10=0.00	pgpgin=1774578798,pgpgout=3089361,pswpin=0,pswpout=0,	reads=1269696,sectors_read=85734788,writes=92852,sectors_written=5611842	default [performance] powersave powersupersave 
2026-09-13T14:16:56,869984080-04:00	10149156	0	0	0	0	0	avg10=0.00	avg10=0.00	avg10=0.00	avg10=0.00	pgpgin=1774578798,pgpgout=3091849,pswpin=0,pswpout=0,	reads=1269696,sectors_read=85734788,writes=92938,sectors_written=5612914	default [performance] powersave powersupersave 
2026-09-13T14:16:57,930358056-04:00	10073844	0	0	0	0	0	avg10=0.00	avg10=0.00	avg10=0.00	avg10=0.00	pgpgin=1774578798,pgpgout=3091857,pswpin=0,pswpout=0,	reads=1269696,sectors_read=85734788,writes=92940,sectors_written=5612930	default [performance] powersave powersupersave 
2026-09-13T14:16:58,985649052-04:00	10101324	0	0	0	0	0	avg10=0.00	avg10=0.00	avg10=0.00	avg10=0.00	pgpgin=1774578798,pgpgout=3092441,pswpin=0,pswpout=0,	reads=1269696,sectors_read=85734788,writes=92994,sectors_written=5614098	default [performance] powersave powersupersave 
2026-09-13T14:17:00,042375305-04:00	9965444	0	0	0	0	0	avg10=0.00	avg10=0.00	avg10=0.00	avg10=0.00	pgpgin=1774578802,pgpgout=3092545,pswpin=0,pswpout=0,	reads=1269697,sectors_read=85734796,writes=93008,sectors_written=5614306	default [performance] powersave powersupersave 
2026-09-13T14:17:01,099259907-04:00	10003096	0	0	0	0	0	avg10=0.00	avg10=0.00	avg10=0.00	avg10=0.00	pgpgin=1774588910,pgpgout=3092889,pswpin=0,pswpout=0,	reads=1269908,sectors_read=85755012,writes=93016,sectors_written=5614994	default [performance] powersave powersupersave 
2026-09-13T14:17:02,156415898-04:00	9882152	0	0	0	0	0	avg10=0.00	avg10=0.00	avg10=0.00	avg10=0.00	pgpgin=1774589294,pgpgout=3093029,pswpin=0,pswpout=0,	reads=1269918,sectors_read=85755780,writes=93021,sectors_written=5615274	default [performance] powersave powersupersave 
2026-09-13T14:17:03,207240995-04:00	10114988	0	0	0	0	0	avg10=0.00	avg10=0.00	avg10=0.00	avg10=0.00	pgpgin=1774589294,pgpgout=3093357,pswpin=0,pswpout=0,	reads=1269918,sectors_read=85755780,writes=93063,sectors_written=5615930	default [performance] powersave powersupersave 
2026-09-13T14:17:04,263933486-04:00	10031356	0	0	0	0	0	avg10=0.00	avg10=0.00	avg10=0.00	avg10=0.00	pgpgin=1774589294,pgpgout=3093701,pswpin=0,pswpout=0,	reads=1269918,sectors_read=85755780,writes=93089,sectors_written=5616618	default [performance] powersave powersupersave 
2026-09-13T14:17:05,322058761-04:00	9663208	0	0	0	0	0	avg10=0.00	avg10=0.00	avg10=0.00	avg10=0.00	pgpgin=1774589294,pgpgout=3093725,pswpin=0,pswpout=0,	reads=1269918,sectors_read=85755780,writes=93095,sectors_written=5616666	default [performance] powersave powersupersave 
2026-09-13T14:17:06,379684497-04:00	9627872	0	0	0	0	0	avg10=0.00	avg10=0.00	avg10=0.00	avg10=0.00	pgpgin=1774589294,pgpgout=3093733,pswpin=0,pswpout=0,	reads=1269918,sectors_read=85755780,writes=93097,sectors_written=5616682	default [performance] powersave powersupersave 
2026-09-13T14:17:07,431558055-04:00	9675604	0	0	0	0	0	avg10=0.00	avg10=0.00	avg10=0.00	avg10=0.00	pgpgin=1774589294,pgpgout=3094349,pswpin=0,pswpout=0,	reads=1269918,sectors_read=85755780,writes=93122,sectors_written=5617914	default [performance] powersave powersupersave 
2026-09-13T14:17:08,489787716-04:00	10780812	0	0	0	0	0	avg10=0.00	avg10=0.00	avg10=0.00	avg10=0.00	pgpgin=1774589326,pgpgout=3094825,pswpin=0,pswpout=0,	reads=1269919,sectors_read=85755844,writes=93168,sectors_written=5618866	default [performance] powersave powersupersave 
2026-09-13T14:17:09,547515195-04:00	10121808	0	0	0	0	0	avg10=0.00	avg10=0.00	avg10=0.00	avg10=0.00	pgpgin=1774589326,pgpgout=3094833,pswpin=0,pswpout=0,	reads=1269919,sectors_read=85755844,writes=93170,sectors_written=5618882	default [performance] powersave powersupersave 
2026-09-13T14:17:10,605324557-04:00	9845408	0	0	0	0	0	avg10=0.00	avg10=0.00	avg10=0.00	avg10=0.00	pgpgin=1774589326,pgpgout=3094857,pswpin=0,pswpout=0,	reads=1269919,sectors_read=85755844,writes=93176,sectors_written=5618930	default [performance] powersave powersupersave 
2026-09-13T14:17:11,659464375-04:00	9637612	0	0	0	0	0	avg10=0.00	avg10=0.00	avg10=0.00	avg10=0.00	pgpgin=1774589326,pgpgout=3095089,pswpin=0,pswpout=0,	reads=1269919,sectors_read=85755844,writes=93187,sectors_written=5619394	default [performance] powersave powersupersave 
2026-09-13T14:17:12,711392939-04:00	10741640	0	0	0	0	0	avg10=0.00	avg10=0.00	avg10=0.00	avg10=0.00	pgpgin=1774589406,pgpgout=3095985,pswpin=0,pswpout=0,	reads=1269919,sectors_read=85755844,writes=93247,sectors_written=5621186	default [performance] powersave powersupersave 
2026-09-13T14:17:13,771566896-04:00	10200932	0	0	0	0	0	avg10=0.00	avg10=0.00	avg10=0.00	avg10=0.00	pgpgin=1774589406,pgpgout=3095993,pswpin=0,pswpout=0,	reads=1269919,sectors_read=85755844,writes=93249,sectors_written=5621202	default [performance] powersave powersupersave 
2026-09-13T14:17:14,827016546-04:00	9818712	0	0	0	0	0	avg10=0.00	avg10=0.00	avg10=0.00	avg10=0.00	pgpgin=1774589406,pgpgout=3096017,pswpin=0,pswpout=0,	reads=1269919,sectors_read=85755844,writes=93255,sectors_written=5621250	default [performance] powersave powersupersave 
2026-09-13T14:17:15,883715094-04:00	9696456	0	0	0	0	0	avg10=0.00	avg10=0.00	avg10=0.00	avg10=0.00	pgpgin=1774589406,pgpgout=3096025,pswpin=0,pswpout=0,	reads=1269919,sectors_read=85755844,writes=93257,sectors_written=5621266	default [performance] powersave powersupersave 
2026-09-13T14:17:16,941829672-04:00	9759184	0	0	0	0	0	avg10=0.00	avg10=0.00	avg10=0.00	avg10=0.00	pgpgin=1774589406,pgpgout=3096561,pswpin=0,pswpout=0,	reads=1269919,sectors_read=85755844,writes=93303,sectors_written=5622338	default [performance] powersave powersupersave 
2026-09-13T14:17:17,997721765-04:00	10480132	0	0	0	0	0	avg10=0.00	avg10=0.00	avg10=0.18	avg10=0.18	pgpgin=1774641570,pgpgout=3099229,pswpin=0,pswpout=0,	reads=1271156,sectors_read=85854108,writes=93328,sectors_written=5627674	default [performance] powersave powersupersave 
2026-09-13T14:17:19,049597492-04:00	10381328	0	0	0	0	0	avg10=0.00	avg10=0.00	avg10=0.18	avg10=0.18	pgpgin=1774641570,pgpgout=3099237,pswpin=0,pswpout=0,	reads=1271156,sectors_read=85854108,writes=93330,sectors_written=5627690	default [performance] powersave powersupersave 
2026-09-13T14:17:20,102239509-04:00	10300308	0	0	0	0	0	avg10=0.00	avg10=0.00	avg10=0.14	avg10=0.14	pgpgin=1774641570,pgpgout=3099245,pswpin=0,pswpout=0,	reads=1271156,sectors_read=85854108,writes=93332,sectors_written=5627706	default [performance] powersave powersupersave 
2026-09-13T14:17:21,156027380-04:00	10247068	0	0	0	0	0	avg10=0.00	avg10=0.00	avg10=0.14	avg10=0.14	pgpgin=1774641578,pgpgout=3099253,pswpin=0,pswpout=0,	reads=1271156,sectors_read=85854108,writes=93334,sectors_written=5627722	default [performance] powersave powersupersave 
2026-09-13T14:17:22,215197744-04:00	10267672	0	0	0	0	0	avg10=0.00	avg10=0.00	avg10=0.12	avg10=0.12	pgpgin=1774641586,pgpgout=3101757,pswpin=0,pswpout=0,	reads=1271158,sectors_read=85854124,writes=93358,sectors_written=5632730	default [performance] powersave powersupersave 
2026-09-13T14:17:23,273955674-04:00	10282780	0	0	0	0	0	avg10=0.00	avg10=0.00	avg10=0.12	avg10=0.12	pgpgin=1774642786,pgpgout=3101993,pswpin=0,pswpout=0,	reads=1271203,sectors_read=85856524,writes=93362,sectors_written=5633202	default [performance] powersave powersupersave 
2026-09-13T14:17:24,332071468-04:00	10265240	0	0	0	0	0	avg10=0.00	avg10=0.00	avg10=0.09	avg10=0.09	pgpgin=1774642786,pgpgout=3102001,pswpin=0,pswpout=0,	reads=1271203,sectors_read=85856524,writes=93364,sectors_written=5633218	default [performance] powersave powersupersave 
2026-09-13T14:17:25,389486125-04:00	10280804	0	0	0	0	0	avg10=0.00	avg10=0.00	avg10=0.09	avg10=0.09	pgpgin=1774642786,pgpgout=3102009,pswpin=0,pswpout=0,	reads=1271203,sectors_read=85856524,writes=93366,sectors_written=5633234	default [performance] powersave powersupersave 
2026-09-13T14:17:26,447954562-04:00	10087148	0	0	0	0	0	avg10=0.00	avg10=0.00	avg10=0.08	avg10=0.08	pgpgin=1774643302,pgpgout=3102317,pswpin=0,pswpout=0,	reads=1271225,sectors_read=85857556,writes=93389,sectors_written=5633850	default [performance] powersave powersupersave 
2026-09-13T14:17:27,507284769-04:00	9535388	0	0	0	0	0	avg10=0.00	avg10=0.00	avg10=0.06	avg10=0.06	pgpgin=1774643302,pgpgout=3102373,pswpin=0,pswpout=0,	reads=1271225,sectors_read=85857556,writes=93392,sectors_written=5633962	default [performance] powersave powersupersave 
2026-09-13T14:17:28,569884179-04:00	9446448	0	0	0	0	0	avg10=0.00	avg10=0.00	avg10=0.06	avg10=0.06	pgpgin=1774643302,pgpgout=3104545,pswpin=0,pswpout=0,	reads=1271225,sectors_read=85857556,writes=93400,sectors_written=5634514	default [performance] powersave powersupersave 
2026-09-13T14:17:29,623135505-04:00	9625440	0	0	0	0	0	avg10=0.00	avg10=0.00	avg10=0.05	avg10=0.05	pgpgin=1774643310,pgpgout=3104725,pswpin=0,pswpout=0,	reads=1271227,sectors_read=85857572,writes=93409,sectors_written=5634874	default [performance] powersave powersupersave 
2026-09-13T14:17:30,677369106-04:00	9747264	0	0	0	0	0	avg10=0.00	avg10=0.00	avg10=0.05	avg10=0.05	pgpgin=1774643310,pgpgout=3105321,pswpin=0,pswpout=0,	reads=1271227,sectors_read=85857572,writes=93460,sectors_written=5636066	default [performance] powersave powersupersave 
2026-09-13T14:17:31,736648218-04:00	9650664	0	0	0	0	0	avg10=0.00	avg10=0.00	avg10=0.04	avg10=0.04	pgpgin=1774643310,pgpgout=3105537,pswpin=0,pswpout=0,	reads=1271227,sectors_read=85857572,writes=93470,sectors_written=5636498	default [performance] powersave powersupersave 
2026-09-13T14:17:32,793651174-04:00	9390928	0	0	0	0	0	avg10=0.00	avg10=0.00	avg10=0.04	avg10=0.04	pgpgin=1774643314,pgpgout=3105969,pswpin=0,pswpout=0,	reads=1271228,sectors_read=85857580,writes=93548,sectors_written=5637362	default [performance] powersave powersupersave 
2026-09-13T14:17:33,858109830-04:00	9405540	0	0	0	0	0	avg10=0.00	avg10=0.00	avg10=0.03	avg10=0.03	pgpgin=1774643314,pgpgout=3106281,pswpin=0,pswpout=0,	reads=1271228,sectors_read=85857580,writes=93552,sectors_written=5637986	default [performance] powersave powersupersave 
2026-09-13T14:17:34,914209870-04:00	9663808	0	0	0	0	0	avg10=0.00	avg10=0.00	avg10=0.03	avg10=0.03	pgpgin=1774643314,pgpgout=3106633,pswpin=0,pswpout=0,	reads=1271228,sectors_read=85857580,writes=93593,sectors_written=5638690	default [performance] powersave powersupersave 
2026-09-13T14:17:35,973216502-04:00	9888924	0	0	0	0	0	avg10=0.00	avg10=0.00	avg10=0.02	avg10=0.02	pgpgin=1774644222,pgpgout=3107573,pswpin=0,pswpout=0,	reads=1271245,sectors_read=85859396,writes=93620,sectors_written=5640570	default [performance] powersave powersupersave 
2026-09-13T14:17:37,030833393-04:00	9483228	0	0	0	0	0	avg10=0.00	avg10=0.00	avg10=0.02	avg10=0.02	pgpgin=1774644222,pgpgout=3107581,pswpin=0,pswpout=0,	reads=1271245,sectors_read=85859396,writes=93622,sectors_written=5640586	default [performance] powersave powersupersave 
2026-09-13T14:17:38,090051123-04:00	9621768	0	0	0	0	0	avg10=0.00	avg10=0.00	avg10=0.02	avg10=0.02	pgpgin=1774644222,pgpgout=3107653,pswpin=0,pswpout=0,	reads=1271245,sectors_read=85859396,writes=93629,sectors_written=5640730	default [performance] powersave powersupersave 
2026-09-13T14:17:39,145727058-04:00	9688900	0	0	0	0	0	avg10=0.00	avg10=0.00	avg10=0.02	avg10=0.02	pgpgin=1774644222,pgpgout=3108149,pswpin=0,pswpout=0,	reads=1271245,sectors_read=85859396,writes=93644,sectors_written=5641722	default [performance] powersave powersupersave 
2026-09-13T14:17:40,201879238-04:00	9806952	0	0	0	0	0	avg10=0.00	avg10=0.00	avg10=0.01	avg10=0.01	pgpgin=1774644222,pgpgout=3108433,pswpin=0,pswpout=0,	reads=1271245,sectors_read=85859396,writes=93678,sectors_written=5642290	default [performance] powersave powersupersave 
2026-09-13T14:17:41,261055972-04:00	9728328	0	0	0	0	0	avg10=0.00	avg10=0.00	avg10=0.01	avg10=0.01	pgpgin=1774644390,pgpgout=3108593,pswpin=0,pswpout=0,	reads=1271247,sectors_read=85859732,writes=93694,sectors_written=5642610	default [performance] powersave powersupersave 
2026-09-13T14:17:42,320335920-04:00	9387392	0	0	0	0	0	avg10=0.00	avg10=0.00	avg10=0.01	avg10=0.01	pgpgin=1774644390,pgpgout=3108649,pswpin=0,pswpout=0,	reads=1271247,sectors_read=85859732,writes=93697,sectors_written=5642722	default [performance] powersave powersupersave 
2026-09-13T14:17:43,380325952-04:00	9513532	0	0	0	0	0	avg10=0.00	avg10=0.00	avg10=0.01	avg10=0.01	pgpgin=1774644390,pgpgout=3108673,pswpin=0,pswpout=0,	reads=1271247,sectors_read=85859732,writes=93703,sectors_written=5642770	default [performance] powersave powersupersave 
2026-09-13T14:17:44,439411957-04:00	9577948	0	0	0	0	0	avg10=0.00	avg10=0.00	avg10=0.01	avg10=0.01	pgpgin=1774644390,pgpgout=3109189,pswpin=0,pswpout=0,	reads=1271247,sectors_read=85859732,writes=93717,sectors_written=5643802	default [performance] powersave powersupersave 
2026-09-13T14:17:45,492587846-04:00	9600848	0	0	0	0	0	avg10=0.00	avg10=0.00	avg10=0.01	avg10=0.01	pgpgin=1774644394,pgpgout=3109705,pswpin=0,pswpout=0,	reads=1271248,sectors_read=85859740,writes=93773,sectors_written=5644834	default [performance] powersave powersupersave 
2026-09-13T14:17:46,550375532-04:00	9427156	0	0	0	0	0	avg10=0.00	avg10=0.00	avg10=0.00	avg10=0.00	pgpgin=1774644394,pgpgout=3109713,pswpin=0,pswpout=0,	reads=1271248,sectors_read=85859740,writes=93775,sectors_written=5644850	default [performance] powersave powersupersave 
2026-09-13T14:17:47,604003973-04:00	9215520	0	0	0	0	0	avg10=0.00	avg10=0.00	avg10=0.00	avg10=0.00	pgpgin=1774644394,pgpgout=3109833,pswpin=0,pswpout=0,	reads=1271248,sectors_read=85859740,writes=93782,sectors_written=5645090	default [performance] powersave powersupersave 
2026-09-13T14:17:48,657661719-04:00	9224364	0	0	0	0	0	avg10=0.00	avg10=0.00	avg10=0.00	avg10=0.00	pgpgin=1774644394,pgpgout=3109841,pswpin=0,pswpout=0,	reads=1271248,sectors_read=85859740,writes=93784,sectors_written=5645106	default [performance] powersave powersupersave 
2026-09-13T14:17:49,713171286-04:00	9594012	0	0	0	0	0	avg10=0.00	avg10=0.00	avg10=0.00	avg10=0.00	pgpgin=1774644394,pgpgout=3110517,pswpin=0,pswpout=0,	reads=1271248,sectors_read=85859740,writes=93830,sectors_written=5646554	default [performance] powersave powersupersave 
2026-09-13T14:17:50,770019087-04:00	9464796	0	0	0	0	0	avg10=0.00	avg10=0.00	avg10=0.00	avg10=0.00	pgpgin=1774653090,pgpgout=3112157,pswpin=0,pswpout=0,	reads=1271370,sectors_read=85877132,writes=93896,sectors_written=5649738	default [performance] powersave powersupersave 
2026-09-13T14:17:51,827732916-04:00	9085616	0	0	0	0	0	avg10=0.00	avg10=0.00	avg10=0.00	avg10=0.00	pgpgin=1774653090,pgpgout=3112165,pswpin=0,pswpout=0,	reads=1271370,sectors_read=85877132,writes=93898,sectors_written=5649754	default [performance] powersave powersupersave 
2026-09-13T14:17:52,886434030-04:00	9229508	0	0	0	0	0	avg10=0.00	avg10=0.00	avg10=0.00	avg10=0.00	pgpgin=1774653090,pgpgout=3112189,pswpin=0,pswpout=0,	reads=1271370,sectors_read=85877132,writes=93904,sectors_written=5649802	default [performance] powersave powersupersave 
2026-09-13T14:17:53,944408369-04:00	8986820	0	0	0	0	0	avg10=0.00	avg10=0.00	avg10=0.00	avg10=0.00	pgpgin=1774653090,pgpgout=3112197,pswpin=0,pswpout=0,	reads=1271370,sectors_read=85877132,writes=93906,sectors_written=5649818	default [performance] powersave powersupersave 
2026-09-13T14:17:55,002050824-04:00	9107012	0	0	0	0	0	avg10=0.00	avg10=0.00	avg10=0.00	avg10=0.00	pgpgin=1774653090,pgpgout=3112865,pswpin=0,pswpout=0,	reads=1271370,sectors_read=85877132,writes=93950,sectors_written=5651154	default [performance] powersave powersupersave 
2026-09-13T14:17:56,064716920-04:00	9075944	0	0	0	0	0	avg10=0.00	avg10=0.00	avg10=0.00	avg10=0.00	pgpgin=1774653218,pgpgout=3113269,pswpin=0,pswpout=0,	reads=1271371,sectors_read=85877388,writes=93976,sectors_written=5651962	default [performance] powersave powersupersave 
2026-09-13T14:17:57,124066775-04:00	8918164	0	0	0	0	0	avg10=0.00	avg10=0.00	avg10=0.00	avg10=0.00	pgpgin=1774653218,pgpgout=3113293,pswpin=0,pswpout=0,	reads=1271371,sectors_read=85877388,writes=93982,sectors_written=5652010	default [performance] powersave powersupersave 
2026-09-13T14:17:58,185060709-04:00	8779072	0	0	0	0	0	avg10=0.00	avg10=0.00	avg10=0.00	avg10=0.00	pgpgin=1774653218,pgpgout=3113301,pswpin=0,pswpout=0,	reads=1271371,sectors_read=85877388,writes=93984,sectors_written=5652026	default [performance] powersave powersupersave 
2026-09-13T14:17:59,240172181-04:00	8898700	0	0	0	0	0	avg10=0.00	avg10=0.00	avg10=0.00	avg10=0.00	pgpgin=1774653218,pgpgout=3113565,pswpin=0,pswpout=0,	reads=1271371,sectors_read=85877388,writes=94014,sectors_written=5652554	default [performance] powersave powersupersave 
2026-09-13T14:18:00,290398404-04:00	8950944	0	0	0	0	0	avg10=0.00	avg10=0.00	avg10=0.00	avg10=0.00	pgpgin=1774653222,pgpgout=3115069,pswpin=0,pswpout=0,	reads=1271371,sectors_read=85877388,writes=94054,sectors_written=5653930	default [performance] powersave powersupersave 
2026-09-13T14:18:01,344744498-04:00	8806660	0	0	0	0	0	avg10=0.00	avg10=0.00	avg10=0.00	avg10=0.00	pgpgin=1774653222,pgpgout=3115077,pswpin=0,pswpout=0,	reads=1271371,sectors_read=85877388,writes=94056,sectors_written=5653946	default [performance] powersave powersupersave 
2026-09-13T14:18:02,400746234-04:00	8850992	0	0	0	0	0	avg10=0.00	avg10=0.00	avg10=0.00	avg10=0.00	pgpgin=1774653222,pgpgout=3115101,pswpin=0,pswpout=0,	reads=1271371,sectors_read=85877388,writes=94062,sectors_written=5653994	default [performance] powersave powersupersave 
2026-09-13T14:18:03,458875207-04:00	8781740	0	0	0	0	0	avg10=0.00	avg10=0.00	avg10=0.00	avg10=0.00	pgpgin=1774653222,pgpgout=3115149,pswpin=0,pswpout=0,	reads=1271371,sectors_read=85877388,writes=94065,sectors_written=5654090	default [performance] powersave powersupersave 
2026-09-13T14:18:04,519636597-04:00	9189508	0	0	0	0	0	avg10=0.00	avg10=0.00	avg10=0.00	avg10=0.00	pgpgin=1774653350,pgpgout=3116073,pswpin=0,pswpout=0,	reads=1271373,sectors_read=85877644,writes=94124,sectors_written=5656018	default [performance] powersave powersupersave 
2026-09-13T14:18:05,572729027-04:00	9115088	0	0	0	0	0	avg10=0.00	avg10=0.00	avg10=0.00	avg10=0.00	pgpgin=1774653354,pgpgout=3116393,pswpin=0,pswpout=0,	reads=1271374,sectors_read=85877652,writes=94155,sectors_written=5656578	default [performance] powersave powersupersave 
2026-09-13T14:18:06,624996057-04:00	9033156	0	0	0	0	0	avg10=0.00	avg10=0.00	avg10=0.00	avg10=0.00	pgpgin=1774653354,pgpgout=3116417,pswpin=0,pswpout=0,	reads=1271374,sectors_read=85877652,writes=94161,sectors_written=5656626	default [performance] powersave powersupersave 
2026-09-13T14:18:07,685341726-04:00	8888768	0	0	0	0	0	avg10=0.00	avg10=0.00	avg10=0.00	avg10=0.00	pgpgin=1774653354,pgpgout=3116425,pswpin=0,pswpout=0,	reads=1271374,sectors_read=85877652,writes=94163,sectors_written=5656642	default [performance] powersave powersupersave 
2026-09-13T14:18:08,738252616-04:00	9140824	0	0	0	0	0	avg10=0.00	avg10=0.00	avg10=0.00	avg10=0.00	pgpgin=1774653354,pgpgout=3116969,pswpin=0,pswpout=0,	reads=1271374,sectors_read=85877652,writes=94233,sectors_written=5657730	default [performance] powersave powersupersave 
2026-09-13T14:18:09,791262553-04:00	9225396	0	0	0	0	0	avg10=0.00	avg10=0.00	avg10=0.00	avg10=0.00	pgpgin=1774653354,pgpgout=3117597,pswpin=0,pswpout=0,	reads=1271374,sectors_read=85877652,writes=94270,sectors_written=5658986	default [performance] powersave powersupersave 
2026-09-13T14:18:10,846206694-04:00	8764284	0	0	0	0	0	avg10=0.00	avg10=0.00	avg10=0.00	avg10=0.00	pgpgin=1774653354,pgpgout=3117605,pswpin=0,pswpout=0,	reads=1271374,sectors_read=85877652,writes=94272,sectors_written=5659002	default [performance] powersave powersupersave 
2026-09-13T14:18:11,906191036-04:00	8870012	0	0	0	0	0	avg10=0.00	avg10=0.00	avg10=0.00	avg10=0.00	pgpgin=1774653354,pgpgout=3117629,pswpin=0,pswpout=0,	reads=1271374,sectors_read=85877652,writes=94278,sectors_written=5659050	default [performance] powersave powersupersave 
2026-09-13T14:18:12,960549749-04:00	9154888	0	0	0	0	0	avg10=0.00	avg10=0.00	avg10=0.00	avg10=0.00	pgpgin=1774653590,pgpgout=3117845,pswpin=0,pswpout=0,	reads=1271391,sectors_read=85878124,writes=94296,sectors_written=5659482	default [performance] powersave powersupersave 
2026-09-13T14:18:14,016556328-04:00	9163528	0	0	0	0	0	avg10=0.00	avg10=0.00	avg10=0.00	avg10=0.00	pgpgin=1774653654,pgpgout=3118493,pswpin=0,pswpout=0,	reads=1271391,sectors_read=85878124,writes=94334,sectors_written=5660778	default [performance] powersave powersupersave 
2026-09-13T14:18:15,082109465-04:00	9193568	0	0	0	0	0	avg10=0.00	avg10=0.00	avg10=0.00	avg10=0.00	pgpgin=1774653654,pgpgout=3120769,pswpin=0,pswpout=0,	reads=1271391,sectors_read=85878124,writes=94350,sectors_written=5665330	default [performance] powersave powersupersave 
2026-09-13T14:18:16,139299829-04:00	9182336	0	0	0	0	0	avg10=0.00	avg10=0.00	avg10=0.00	avg10=0.00	pgpgin=1774653654,pgpgout=3120777,pswpin=0,pswpout=0,	reads=1271391,sectors_read=85878124,writes=94352,sectors_written=5665346	default [performance] powersave powersupersave 
2026-09-13T14:18:17,198160161-04:00	9229696	0	0	0	0	0	avg10=0.00	avg10=0.00	avg10=0.00	avg10=0.00	pgpgin=1774653654,pgpgout=3120785,pswpin=0,pswpout=0,	reads=1271391,sectors_read=85878124,writes=94354,sectors_written=5665362	default [performance] powersave powersupersave 
2026-09-13T14:18:18,254343723-04:00	9250040	0	0	0	0	0	avg10=0.00	avg10=0.00	avg10=0.00	avg10=0.00	pgpgin=1774653654,pgpgout=3121237,pswpin=0,pswpout=0,	reads=1271391,sectors_read=85878124,writes=94366,sectors_written=5666266	default [performance] powersave powersupersave 
2026-09-13T14:18:19,311834543-04:00	9284540	0	0	0	0	0	avg10=0.00	avg10=0.00	avg10=0.00	avg10=0.00	pgpgin=1774653670,pgpgout=3123285,pswpin=0,pswpout=0,	reads=1271391,sectors_read=85878124,writes=94380,sectors_written=5670362	default [performance] powersave powersupersave 
2026-09-13T14:18:20,369897999-04:00	9317076	0	0	0	0	0	avg10=0.00	avg10=0.00	avg10=0.00	avg10=0.00	pgpgin=1774653670,pgpgout=3123509,pswpin=0,pswpout=0,	reads=1271391,sectors_read=85878124,writes=94384,sectors_written=5670810	default [performance] powersave powersupersave 
2026-09-13T14:18:21,428497913-04:00	9412384	0	0	0	0	0	avg10=0.00	avg10=0.00	avg10=0.00	avg10=0.00	pgpgin=1774653670,pgpgout=3123517,pswpin=0,pswpout=0,	reads=1271391,sectors_read=85878124,writes=94386,sectors_written=5670826	default [performance] powersave powersupersave 
2026-09-13T14:18:22,481934295-04:00	9234004	0	0	0	0	0	avg10=0.00	avg10=0.00	avg10=0.00	avg10=0.00	pgpgin=1774653834,pgpgout=3124205,pswpin=0,pswpout=0,	reads=1271395,sectors_read=85878452,writes=94416,sectors_written=5672202	default [performance] powersave powersupersave 
2026-09-13T14:18:23,536513255-04:00	8794420	0	0	0	0	0	avg10=0.00	avg10=0.00	avg10=0.00	avg10=0.00	pgpgin=1774653834,pgpgout=3124261,pswpin=0,pswpout=0,	reads=1271395,sectors_read=85878452,writes=94419,sectors_written=5672314	default [performance] powersave powersupersave 
2026-09-13T14:18:24,593558249-04:00	8691652	0	0	0	0	0	avg10=0.00	avg10=0.00	avg10=0.00	avg10=0.00	pgpgin=1774653834,pgpgout=3124285,pswpin=0,pswpout=0,	reads=1271395,sectors_read=85878452,writes=94425,sectors_written=5672362	default [performance] powersave powersupersave 
2026-09-13T14:18:25,659393860-04:00	8506440	0	0	0	0	0	avg10=0.00	avg10=0.00	avg10=0.00	avg10=0.00	pgpgin=1774653834,pgpgout=3124581,pswpin=0,pswpout=0,	reads=1271395,sectors_read=85878452,writes=94429,sectors_written=5672954	default [performance] powersave powersupersave 
2026-09-13T14:18:26,717223128-04:00	8897952	0	0	0	0	0	avg10=0.00	avg10=0.00	avg10=0.00	avg10=0.00	pgpgin=1774653834,pgpgout=3125097,pswpin=0,pswpout=0,	reads=1271395,sectors_read=85878452,writes=94474,sectors_written=5673986	default [performance] powersave powersupersave 
2026-09-13T14:18:27,775659998-04:00	8801020	0	0	0	0	0	avg10=0.00	avg10=0.00	avg10=0.00	avg10=0.00	pgpgin=1774653834,pgpgout=3125777,pswpin=0,pswpout=0,	reads=1271395,sectors_read=85878452,writes=94497,sectors_written=5675346	default [performance] powersave powersupersave 
2026-09-13T14:18:28,834151842-04:00	8388060	0	0	0	0	0	avg10=0.00	avg10=0.00	avg10=0.00	avg10=0.00	pgpgin=1774653834,pgpgout=3125833,pswpin=0,pswpout=0,	reads=1271395,sectors_read=85878452,writes=94500,sectors_written=5675458	default [performance] powersave powersupersave 
2026-09-13T14:18:29,893350073-04:00	8459424	0	0	0	0	0	avg10=0.00	avg10=0.00	avg10=0.00	avg10=0.00	pgpgin=1774653834,pgpgout=3125857,pswpin=0,pswpout=0,	reads=1271395,sectors_read=85878452,writes=94506,sectors_written=5675506	default [performance] powersave powersupersave 
2026-09-13T14:18:30,948724410-04:00	8658220	0	0	0	0	0	avg10=0.00	avg10=0.00	avg10=0.00	avg10=0.00	pgpgin=1774654310,pgpgout=3128581,pswpin=0,pswpout=0,	reads=1271402,sectors_read=85878828,writes=94528,sectors_written=5676650	default [performance] powersave powersupersave 
2026-09-13T14:18:32,000179463-04:00	8781096	0	0	0	0	0	avg10=0.00	avg10=0.00	avg10=0.00	avg10=0.00	pgpgin=1774654478,pgpgout=3129953,pswpin=0,pswpout=0,	reads=1271408,sectors_read=85879156,writes=94576,sectors_written=5679394	default [performance] powersave powersupersave 
2026-09-13T14:18:33,058270685-04:00	8627696	0	0	0	0	0	avg10=0.00	avg10=0.00	avg10=0.00	avg10=0.00	pgpgin=1774654478,pgpgout=3129961,pswpin=0,pswpout=0,	reads=1271408,sectors_read=85879156,writes=94578,sectors_written=5679410	default [performance] powersave powersupersave 
2026-09-13T14:18:34,117009315-04:00	8656832	0	0	0	0	0	avg10=0.00	avg10=0.00	avg10=0.00	avg10=0.00	pgpgin=1774654478,pgpgout=3129985,pswpin=0,pswpout=0,	reads=1271408,sectors_read=85879156,writes=94584,sectors_written=5679458	default [performance] powersave powersupersave 
2026-09-13T14:18:35,175255719-04:00	8568752	0	0	0	0	0	avg10=0.00	avg10=0.00	avg10=0.00	avg10=0.00	pgpgin=1774654478,pgpgout=3129993,pswpin=0,pswpout=0,	reads=1271408,sectors_read=85879156,writes=94586,sectors_written=5679474	default [performance] powersave powersupersave 
2026-09-13T14:18:36,233303250-04:00	9078632	0	0	0	0	0	avg10=0.00	avg10=0.00	avg10=0.00	avg10=0.00	pgpgin=1774654782,pgpgout=3130701,pswpin=0,pswpout=0,	reads=1271421,sectors_read=85879764,writes=94633,sectors_written=5681098	default [performance] powersave powersupersave 
2026-09-13T14:18:37,289219718-04:00	9008756	0	0	0	0	0	avg10=0.00	avg10=0.00	avg10=0.00	avg10=0.00	pgpgin=1774654798,pgpgout=3131089,pswpin=0,pswpout=0,	reads=1271421,sectors_read=85879764,writes=94656,sectors_written=5681666	default [performance] powersave powersupersave 
2026-09-13T14:18:38,348496460-04:00	8654532	0	0	0	0	0	avg10=0.00	avg10=0.00	avg10=0.00	avg10=0.00	pgpgin=1774654798,pgpgout=3131101,pswpin=0,pswpout=0,	reads=1271421,sectors_read=85879764,writes=94659,sectors_written=5681690	default [performance] powersave powersupersave 
2026-09-13T14:18:39,406363924-04:00	8922032	0	0	0	0	0	avg10=0.00	avg10=0.00	avg10=0.00	avg10=0.00	pgpgin=1774654798,pgpgout=3131169,pswpin=0,pswpout=0,	reads=1271421,sectors_read=85879764,writes=94665,sectors_written=5681826	default [performance] powersave powersupersave 
2026-09-13T14:18:40,461251218-04:00	8987092	0	0	0	0	0	avg10=0.00	avg10=0.00	avg10=0.00	avg10=0.00	pgpgin=1774655346,pgpgout=3131417,pswpin=0,pswpout=0,	reads=1271430,sectors_read=85880860,writes=94687,sectors_written=5682322	default [performance] powersave powersupersave 
2026-09-13T14:18:41,516661706-04:00	8954788	0	0	0	0	0	avg10=0.00	avg10=0.00	avg10=0.00	avg10=0.00	pgpgin=1774655350,pgpgout=3132053,pswpin=0,pswpout=0,	reads=1271431,sectors_read=85880868,writes=94735,sectors_written=5683594	default [performance] powersave powersupersave 
2026-09-13T14:18:42,573420689-04:00	8771840	0	0	0	0	0	avg10=0.00	avg10=0.00	avg10=0.00	avg10=0.00	pgpgin=1774655350,pgpgout=3132061,pswpin=0,pswpout=0,	reads=1271431,sectors_read=85880868,writes=94737,sectors_written=5683610	default [performance] powersave powersupersave 
2026-09-13T14:18:43,631474505-04:00	8829988	0	0	0	0	0	avg10=0.00	avg10=0.00	avg10=0.00	avg10=0.00	pgpgin=1774655350,pgpgout=3132085,pswpin=0,pswpout=0,	reads=1271431,sectors_read=85880868,writes=94743,sectors_written=5683658	default [performance] powersave powersupersave 
2026-09-13T14:18:44,689380542-04:00	9063768	0	0	0	0	0	avg10=0.00	avg10=0.00	avg10=0.00	avg10=0.00	pgpgin=1774655350,pgpgout=3132557,pswpin=0,pswpout=0,	reads=1271431,sectors_read=85880868,writes=94794,sectors_written=5684602	default [performance] powersave powersupersave 
2026-09-13T14:18:45,744510976-04:00	9097192	0	0	0	0	0	avg10=0.00	avg10=0.00	avg10=0.00	avg10=0.00	pgpgin=1774655382,pgpgout=3133377,pswpin=0,pswpout=0,	reads=1271431,sectors_read=85880868,writes=94857,sectors_written=5686242	default [performance] powersave powersupersave 
2026-09-13T14:18:46,800950490-04:00	8810720	0	0	0	0	0	avg10=0.00	avg10=0.00	avg10=0.00	avg10=0.00	pgpgin=1774655382,pgpgout=3133385,pswpin=0,pswpout=0,	reads=1271431,sectors_read=85880868,writes=94859,sectors_written=5686258	default [performance] powersave powersupersave 
2026-09-13T14:18:47,856729943-04:00	8758520	0	0	0	0	0	avg10=0.00	avg10=0.00	avg10=0.00	avg10=0.00	pgpgin=1774655382,pgpgout=3133409,pswpin=0,pswpout=0,	reads=1271431,sectors_read=85880868,writes=94865,sectors_written=5686306	default [performance] powersave powersupersave 
2026-09-13T14:18:48,910457742-04:00	8640048	0	0	0	0	0	avg10=0.00	avg10=0.00	avg10=0.00	avg10=0.00	pgpgin=1774655382,pgpgout=3133417,pswpin=0,pswpout=0,	reads=1271431,sectors_read=85880868,writes=94867,sectors_written=5686322	default [performance] powersave powersupersave 
2026-09-13T14:18:49,967824388-04:00	8924688	0	0	0	0	0	avg10=0.00	avg10=0.00	avg10=0.00	avg10=0.00	pgpgin=1774655382,pgpgout=3133761,pswpin=0,pswpout=0,	reads=1271431,sectors_read=85880868,writes=94909,sectors_written=5687010	default [performance] powersave powersupersave 
2026-09-13T14:18:51,023706435-04:00	9119852	0	0	0	0	0	avg10=0.00	avg10=0.00	avg10=0.00	avg10=0.00	pgpgin=1774655550,pgpgout=3135849,pswpin=0,pswpout=0,	reads=1271438,sectors_read=85881172,writes=94985,sectors_written=5691186	default [performance] powersave powersupersave 
2026-09-13T14:18:52,079164256-04:00	9152840	0	0	0	0	0	avg10=0.00	avg10=0.00	avg10=0.00	avg10=0.00	pgpgin=1774655550,pgpgout=3135965,pswpin=0,pswpout=0,	reads=1271438,sectors_read=85881172,writes=94996,sectors_written=5691418	default [performance] powersave powersupersave 
2026-09-13T14:18:53,133611167-04:00	9011276	0	0	0	0	0	avg10=0.00	avg10=0.00	avg10=0.00	avg10=0.00	pgpgin=1774655550,pgpgout=3136681,pswpin=0,pswpout=0,	reads=1271438,sectors_read=85881172,writes=95034,sectors_written=5692850	default [performance] powersave powersupersave 
2026-09-13T14:18:54,190468979-04:00	8756020	0	0	0	0	0	avg10=0.00	avg10=0.00	avg10=0.00	avg10=0.00	pgpgin=1774655550,pgpgout=3136693,pswpin=0,pswpout=0,	reads=1271438,sectors_read=85881172,writes=95037,sectors_written=5692874	default [performance] powersave powersupersave 
2026-09-13T14:18:55,248272168-04:00	9042752	0	0	0	0	0	avg10=0.00	avg10=0.00	avg10=0.00	avg10=0.00	pgpgin=1774655550,pgpgout=3136713,pswpin=0,pswpout=0,	reads=1271438,sectors_read=85881172,writes=95042,sectors_written=5692914	default [performance] powersave powersupersave 
2026-09-13T14:18:56,302704523-04:00	9096932	0	0	0	0	0	avg10=0.00	avg10=0.00	avg10=0.00	avg10=0.00	pgpgin=1774655550,pgpgout=3137365,pswpin=0,pswpout=0,	reads=1271438,sectors_read=85881172,writes=95065,sectors_written=5694218	default [performance] powersave powersupersave 
2026-09-13T14:18:57,358520407-04:00	9002288	0	0	0	0	0	avg10=0.00	avg10=0.00	avg10=0.00	avg10=0.00	pgpgin=1774655550,pgpgout=3137869,pswpin=0,pswpout=0,	reads=1271438,sectors_read=85881172,writes=95112,sectors_written=5695226	default [performance] powersave powersupersave 
2026-09-13T14:18:58,416461757-04:00	8686164	0	0	0	0	0	avg10=0.00	avg10=0.00	avg10=0.00	avg10=0.00	pgpgin=1774655550,pgpgout=3137877,pswpin=0,pswpout=0,	reads=1271438,sectors_read=85881172,writes=95114,sectors_written=5695242	default [performance] powersave powersupersave 
2026-09-13T14:18:59,473836141-04:00	8715304	0	0	0	0	0	avg10=0.00	avg10=0.00	avg10=0.00	avg10=0.00	pgpgin=1774655550,pgpgout=3137953,pswpin=0,pswpout=0,	reads=1271438,sectors_read=85881172,writes=95121,sectors_written=5695394	default [performance] powersave powersupersave 
2026-09-13T14:19:00,530877780-04:00	8571548	0	0	0	0	0	avg10=0.00	avg10=0.00	avg10=0.00	avg10=0.00	pgpgin=1774655550,pgpgout=3138041,pswpin=0,pswpout=0,	reads=1271438,sectors_read=85881172,writes=95125,sectors_written=5695570	default [performance] powersave powersupersave 
2026-09-13T14:19:01,591337973-04:00	9117448	0	0	0	0	0	avg10=0.00	avg10=0.00	avg10=0.00	avg10=0.00	pgpgin=1774655550,pgpgout=3144549,pswpin=0,pswpout=0,	reads=1271438,sectors_read=85881172,writes=95179,sectors_written=5697730	default [performance] powersave powersupersave 
2026-09-13T14:19:02,649211386-04:00	8955896	0	0	0	0	0	avg10=0.00	avg10=0.00	avg10=0.00	avg10=0.00	pgpgin=1774655550,pgpgout=3146369,pswpin=0,pswpout=0,	reads=1271438,sectors_read=85881172,writes=95193,sectors_written=5701370	default [performance] powersave powersupersave 
2026-09-13T14:19:03,706087816-04:00	8721204	0	0	0	0	0	avg10=0.00	avg10=0.00	avg10=0.00	avg10=0.00	pgpgin=1774655550,pgpgout=3146393,pswpin=0,pswpout=0,	reads=1271438,sectors_read=85881172,writes=95199,sectors_written=5701418	default [performance] powersave powersupersave 
2026-09-13T14:19:04,760768710-04:00	8648136	0	0	0	0	0	avg10=0.00	avg10=0.00	avg10=0.00	avg10=0.00	pgpgin=1774655550,pgpgout=3146453,pswpin=0,pswpout=0,	reads=1271438,sectors_read=85881172,writes=95202,sectors_written=5701538	default [performance] powersave powersupersave 
2026-09-13T14:19:05,813894754-04:00	8912432	0	0	0	0	0	avg10=0.00	avg10=0.00	avg10=0.00	avg10=0.00	pgpgin=1774655550,pgpgout=3146737,pswpin=0,pswpout=0,	reads=1271438,sectors_read=85881172,writes=95229,sectors_written=5702106	default [performance] powersave powersupersave 
2026-09-13T14:19:06,869927950-04:00	9187396	0	0	0	0	0	avg10=0.00	avg10=0.00	avg10=0.00	avg10=0.00	pgpgin=1774655550,pgpgout=3147281,pswpin=0,pswpout=0,	reads=1271438,sectors_read=85881172,writes=95251,sectors_written=5703194	default [performance] powersave powersupersave 
2026-09-13T14:19:07,927514395-04:00	9239156	0	0	0	0	0	avg10=0.00	avg10=0.00	avg10=0.00	avg10=0.00	pgpgin=1774655614,pgpgout=3147289,pswpin=0,pswpout=0,	reads=1271438,sectors_read=85881172,writes=95253,sectors_written=5703210	default [performance] powersave powersupersave 
2026-09-13T14:19:08,984644634-04:00	9241260	0	0	0	0	0	avg10=0.00	avg10=0.00	avg10=0.00	avg10=0.00	pgpgin=1774655614,pgpgout=3147297,pswpin=0,pswpout=0,	reads=1271438,sectors_read=85881172,writes=95255,sectors_written=5703226	default [performance] powersave powersupersave 
2026-09-13T14:19:10,040960562-04:00	9282944	0	0	0	0	0	avg10=0.00	avg10=0.00	avg10=0.00	avg10=0.00	pgpgin=1774655742,pgpgout=3148005,pswpin=0,pswpout=0,	reads=1271439,sectors_read=85881428,writes=95279,sectors_written=5704642	default [performance] powersave powersupersave 
2026-09-13T14:19:11,106250834-04:00	9333196	0	0	0	0	0	avg10=0.00	avg10=0.00	avg10=0.00	avg10=0.00	pgpgin=1774655842,pgpgout=3149485,pswpin=0,pswpout=0,	reads=1271441,sectors_read=85881628,writes=95304,sectors_written=5707602	default [performance] powersave powersupersave 
2026-09-13T14:19:12,162196728-04:00	9397760	0	0	0	0	0	avg10=0.00	avg10=0.00	avg10=0.00	avg10=0.00	pgpgin=1774672606,pgpgout=3149493,pswpin=0,pswpout=0,	reads=1271491,sectors_read=85885068,writes=95306,sectors_written=5707618	default [performance] powersave powersupersave 
2026-09-13T14:19:13,223350328-04:00	9581736	0	0	0	0	0	avg10=0.00	avg10=0.00	avg10=0.00	avg10=0.00	pgpgin=1774695730,pgpgout=3149501,pswpin=0,pswpout=0,	reads=1272008,sectors_read=85931252,writes=95308,sectors_written=5707634	default [performance] powersave powersupersave 
2026-09-13T14:19:14,280934060-04:00	9460140	0	0	0	0	0	avg10=1.08	avg10=1.08	avg10=0.36	avg10=0.36	pgpgin=1774704194,pgpgout=3149509,pswpin=0,pswpout=0,	reads=1272432,sectors_read=85948180,writes=95310,sectors_written=5707650	default [performance] powersave powersupersave 
2026-09-13T14:19:15,341720009-04:00	9459512	0	0	0	0	0	avg10=1.08	avg10=1.08	avg10=0.36	avg10=0.36	pgpgin=1774706458,pgpgout=3149565,pswpin=0,pswpout=0,	reads=1272539,sectors_read=85952708,writes=95313,sectors_written=5707762	default [performance] powersave powersupersave 
2026-09-13T14:19:16,408581264-04:00	9460084	0	0	0	0	0	avg10=0.88	avg10=0.88	avg10=0.29	avg10=0.29	pgpgin=1774706458,pgpgout=3149693,pswpin=0,pswpout=0,	reads=1272539,sectors_read=85952708,writes=95317,sectors_written=5708018	default [performance] powersave powersupersave 
2026-09-13T14:19:17,468733403-04:00	9468868	0	0	0	0	0	avg10=0.88	avg10=0.88	avg10=0.29	avg10=0.29	pgpgin=1774706458,pgpgout=3149701,pswpin=0,pswpout=0,	reads=1272539,sectors_read=85952708,writes=95319,sectors_written=5708034	default [performance] powersave powersupersave 
2026-09-13T14:19:18,530270225-04:00	9469940	0	0	0	0	0	avg10=0.72	avg10=0.72	avg10=0.24	avg10=0.24	pgpgin=1774706458,pgpgout=3149709,pswpin=0,pswpout=0,	reads=1272539,sectors_read=85952708,writes=95321,sectors_written=5708050	default [performance] powersave powersupersave 
2026-09-13T14:19:19,594252991-04:00	9459588	0	0	0	0	0	avg10=0.59	avg10=0.59	avg10=0.19	avg10=0.19	pgpgin=1774706562,pgpgout=3150321,pswpin=0,pswpout=0,	reads=1272547,sectors_read=85952916,writes=95407,sectors_written=5709274	default [performance] powersave powersupersave 
2026-09-13T14:19:20,653247136-04:00	9462772	0	0	0	0	0	avg10=0.59	avg10=0.59	avg10=0.19	avg10=0.19	pgpgin=1774707378,pgpgout=3150329,pswpin=0,pswpout=0,	reads=1272555,sectors_read=85953300,writes=95409,sectors_written=5709290	default [performance] powersave powersupersave 
2026-09-13T14:19:21,721090687-04:00	9467148	0	0	0	0	0	avg10=0.48	avg10=0.48	avg10=0.16	avg10=0.16	pgpgin=1774707378,pgpgout=3150433,pswpin=0,pswpout=0,	reads=1272555,sectors_read=85953300,writes=95413,sectors_written=5709498	default [performance] powersave powersupersave 
2026-09-13T14:19:22,780107654-04:00	9469976	0	0	0	0	0	avg10=0.48	avg10=0.48	avg10=0.16	avg10=0.16	pgpgin=1774707378,pgpgout=3150441,pswpin=0,pswpout=0,	reads=1272555,sectors_read=85953300,writes=95415,sectors_written=5709514	default [performance] powersave powersupersave 
2026-09-13T14:19:23,840315570-04:00	9474516	0	0	0	0	0	avg10=0.39	avg10=0.39	avg10=0.13	avg10=0.13	pgpgin=1774707378,pgpgout=3150449,pswpin=0,pswpout=0,	reads=1272555,sectors_read=85953300,writes=95417,sectors_written=5709530	default [performance] powersave powersupersave 
2026-09-13T14:19:24,901092656-04:00	9482292	0	0	0	0	0	avg10=0.39	avg10=0.39	avg10=0.13	avg10=0.13	pgpgin=1774707378,pgpgout=3152585,pswpin=0,pswpout=0,	reads=1272555,sectors_read=85953300,writes=95444,sectors_written=5713802	default [performance] powersave powersupersave 
2026-09-13T14:19:25,963010766-04:00	9484092	0	0	0	0	0	avg10=0.32	avg10=0.32	avg10=0.10	avg10=0.10	pgpgin=1774707378,pgpgout=3152593,pswpin=0,pswpout=0,	reads=1272555,sectors_read=85953300,writes=95446,sectors_written=5713818	default [performance] powersave powersupersave 
2026-09-13T14:19:27,032291701-04:00	9489296	0	0	0	0	0	avg10=0.32	avg10=0.32	avg10=0.10	avg10=0.10	pgpgin=1774707378,pgpgout=3152753,pswpin=0,pswpout=0,	reads=1272555,sectors_read=85953300,writes=95450,sectors_written=5714138	default [performance] powersave powersupersave 
2026-09-13T14:19:28,095461645-04:00	9497228	0	0	0	0	0	avg10=0.26	avg10=0.26	avg10=0.08	avg10=0.08	pgpgin=1774707378,pgpgout=3152761,pswpin=0,pswpout=0,	reads=1272555,sectors_read=85953300,writes=95452,sectors_written=5714154	default [performance] powersave powersupersave 
2026-09-13T14:19:29,155096666-04:00	9503324	0	0	0	0	0	avg10=0.26	avg10=0.26	avg10=0.08	avg10=0.08	pgpgin=1774707378,pgpgout=3152769,pswpin=0,pswpout=0,	reads=1272555,sectors_read=85953300,writes=95454,sectors_written=5714170	default [performance] powersave powersupersave 
2026-09-13T14:19:30,215583717-04:00	9509416	0	0	0	0	0	avg10=0.21	avg10=0.21	avg10=0.07	avg10=0.07	pgpgin=1774707378,pgpgout=3152829,pswpin=0,pswpout=0,	reads=1272555,sectors_read=85953300,writes=95457,sectors_written=5714290	default [performance] powersave powersupersave 
2026-09-13T14:19:31,273978799-04:00	9512600	0	0	0	0	0	avg10=0.21	avg10=0.21	avg10=0.07	avg10=0.07	pgpgin=1774707378,pgpgout=3152837,pswpin=0,pswpout=0,	reads=1272555,sectors_read=85953300,writes=95459,sectors_written=5714306	default [performance] powersave powersupersave 
2026-09-13T14:19:32,335808644-04:00	9517292	0	0	0	0	0	avg10=0.17	avg10=0.17	avg10=0.05	avg10=0.05	pgpgin=1774707378,pgpgout=3154329,pswpin=0,pswpout=0,	reads=1272555,sectors_read=85953300,writes=95463,sectors_written=5714498	default [performance] powersave powersupersave 
2026-09-13T14:19:33,395352566-04:00	9522764	0	0	0	0	0	avg10=0.17	avg10=0.17	avg10=0.05	avg10=0.05	pgpgin=1774707378,pgpgout=3154337,pswpin=0,pswpout=0,	reads=1272555,sectors_read=85953300,writes=95465,sectors_written=5714514	default [performance] powersave powersupersave 
2026-09-13T14:19:34,457165601-04:00	9525352	0	0	0	0	0	avg10=0.14	avg10=0.14	avg10=0.04	avg10=0.04	pgpgin=1774707378,pgpgout=3154345,pswpin=0,pswpout=0,	reads=1272555,sectors_read=85953300,writes=95467,sectors_written=5714530	default [performance] powersave powersupersave 
2026-09-13T14:19:35,519855755-04:00	9529424	0	0	0	0	0	avg10=0.14	avg10=0.14	avg10=0.04	avg10=0.04	pgpgin=1774707378,pgpgout=3154401,pswpin=0,pswpout=0,	reads=1272555,sectors_read=85953300,writes=95470,sectors_written=5714642	default [performance] powersave powersupersave 
2026-09-13T14:19:36,580181475-04:00	9530088	0	0	0	0	0	avg10=0.11	avg10=0.11	avg10=0.03	avg10=0.03	pgpgin=1774707378,pgpgout=3154409,pswpin=0,pswpout=0,	reads=1272555,sectors_read=85953300,writes=95472,sectors_written=5714658	default [performance] powersave powersupersave 
2026-09-13T14:19:37,648415005-04:00	9536100	0	0	0	0	0	avg10=0.09	avg10=0.09	avg10=0.03	avg10=0.03	pgpgin=1774707378,pgpgout=3154513,pswpin=0,pswpout=0,	reads=1272555,sectors_read=85953300,writes=95476,sectors_written=5714866	default [performance] powersave powersupersave 
2026-09-13T14:19:38,708391392-04:00	9537580	0	0	0	0	0	avg10=0.09	avg10=0.09	avg10=0.03	avg10=0.03	pgpgin=1774707378,pgpgout=3154521,pswpin=0,pswpout=0,	reads=1272555,sectors_read=85953300,writes=95478,sectors_written=5714882	default [performance] powersave powersupersave 
2026-09-13T14:19:39,767059098-04:00	9542200	0	0	0	0	0	avg10=0.07	avg10=0.07	avg10=0.02	avg10=0.02	pgpgin=1774707378,pgpgout=3154529,pswpin=0,pswpout=0,	reads=1272555,sectors_read=85953300,writes=95480,sectors_written=5714898	default [performance] powersave powersupersave 
2026-09-13T14:19:40,830224156-04:00	9524676	0	0	0	0	0	avg10=0.07	avg10=0.07	avg10=0.02	avg10=0.02	pgpgin=1774762866,pgpgout=3156101,pswpin=0,pswpout=0,	reads=1273591,sectors_read=86064044,writes=95538,sectors_written=5718042	default [performance] powersave powersupersave 
2026-09-13T14:19:41,889412431-04:00	9523848	0	0	0	0	0	avg10=0.06	avg10=0.06	avg10=0.02	avg10=0.02	pgpgin=1774763398,pgpgout=3161077,pswpin=0,pswpout=0,	reads=1273606,sectors_read=86065108,writes=95558,sectors_written=5727994	default [performance] powersave powersupersave 
2026-09-13T14:19:42,942787974-04:00	9524212	0	0	0	0	0	avg10=0.06	avg10=0.06	avg10=0.02	avg10=0.02	pgpgin=1774768018,pgpgout=3161085,pswpin=0,pswpout=0,	reads=1273670,sectors_read=86074348,writes=95560,sectors_written=5728010	default [performance] powersave powersupersave 
2026-09-13T14:19:44,001179213-04:00	9524940	0	0	0	0	0	avg10=0.05	avg10=0.05	avg10=0.01	avg10=0.01	pgpgin=1774768278,pgpgout=3161093,pswpin=0,pswpout=0,	reads=1273676,sectors_read=86074868,writes=95562,sectors_written=5728026	default [performance] powersave powersupersave 
2026-09-13T14:19:45,060933242-04:00	9507468	0	0	0	0	0	avg10=0.05	avg10=0.05	avg10=0.01	avg10=0.01	pgpgin=1774768278,pgpgout=3161101,pswpin=0,pswpout=0,	reads=1273676,sectors_read=86074868,writes=95564,sectors_written=5728042	default [performance] powersave powersupersave 
2026-09-13T14:19:46,122552427-04:00	9505032	0	0	0	0	0	avg10=0.04	avg10=0.04	avg10=0.01	avg10=0.01	pgpgin=1774768278,pgpgout=3161365,pswpin=0,pswpout=0,	reads=1273676,sectors_read=86074868,writes=95569,sectors_written=5728570	default [performance] powersave powersupersave 
2026-09-13T14:19:47,178479867-04:00	9503296	0	0	0	0	0	avg10=0.04	avg10=0.04	avg10=0.01	avg10=0.01	pgpgin=1774768278,pgpgout=3161373,pswpin=0,pswpout=0,	reads=1273676,sectors_read=86074868,writes=95571,sectors_written=5728586	default [performance] powersave powersupersave 
2026-09-13T14:19:48,239643275-04:00	9269544	0	0	0	0	0	avg10=0.03	avg10=0.03	avg10=0.01	avg10=0.01	pgpgin=1774768278,pgpgout=3161381,pswpin=0,pswpout=0,	reads=1273676,sectors_read=86074868,writes=95573,sectors_written=5728602	default [performance] powersave powersupersave 
2026-09-13T14:19:49,298904450-04:00	9124656	0	0	0	0	0	avg10=0.03	avg10=0.03	avg10=0.01	avg10=0.01	pgpgin=1774768278,pgpgout=3161389,pswpin=0,pswpout=0,	reads=1273676,sectors_read=86074868,writes=95575,sectors_written=5728618	default [performance] powersave powersupersave 
2026-09-13T14:19:50,356577831-04:00	9099684	0	0	0	0	0	avg10=0.02	avg10=0.02	avg10=0.00	avg10=0.00	pgpgin=1774768282,pgpgout=3161401,pswpin=0,pswpout=0,	reads=1273676,sectors_read=86074868,writes=95578,sectors_written=5728642	default [performance] powersave powersupersave 
2026-09-13T14:19:51,423733420-04:00	9100028	0	0	0	0	0	avg10=0.02	avg10=0.02	avg10=0.00	avg10=0.00	pgpgin=1774768282,pgpgout=3161513,pswpin=0,pswpout=0,	reads=1273676,sectors_read=86074868,writes=95582,sectors_written=5728866	default [performance] powersave powersupersave 
2026-09-13T14:19:52,483092660-04:00	9100136	0	0	0	0	0	avg10=0.02	avg10=0.02	avg10=0.00	avg10=0.00	pgpgin=1774768282,pgpgout=3161521,pswpin=0,pswpout=0,	reads=1273676,sectors_read=86074868,writes=95584,sectors_written=5728882	default [performance] powersave powersupersave 
2026-09-13T14:19:53,541045547-04:00	9101348	0	0	0	0	0	avg10=0.02	avg10=0.02	avg10=0.00	avg10=0.00	pgpgin=1774768282,pgpgout=3161529,pswpin=0,pswpout=0,	reads=1273676,sectors_read=86074868,writes=95586,sectors_written=5728898	default [performance] powersave powersupersave 
2026-09-13T14:19:54,598610897-04:00	9097064	0	0	0	0	0	avg10=0.01	avg10=0.01	avg10=0.00	avg10=0.00	pgpgin=1774768282,pgpgout=3161537,pswpin=0,pswpout=0,	reads=1273676,sectors_read=86074868,writes=95588,sectors_written=5728914	default [performance] powersave powersupersave 
2026-09-13T14:19:55,656704309-04:00	9098576	0	0	0	0	0	avg10=0.01	avg10=0.01	avg10=0.00	avg10=0.00	pgpgin=1774770006,pgpgout=3161853,pswpin=0,pswpout=0,	reads=1273703,sectors_read=86078316,writes=95650,sectors_written=5729546	default [performance] powersave powersupersave 
2026-09-13T14:19:56,721569095-04:00	9099428	0	0	0	0	0	avg10=0.01	avg10=0.01	avg10=0.00	avg10=0.00	pgpgin=1774770006,pgpgout=3161957,pswpin=0,pswpout=0,	reads=1273703,sectors_read=86078316,writes=95654,sectors_written=5729754	default [performance] powersave powersupersave 
2026-09-13T14:19:57,780378293-04:00	9098724	0	0	0	0	0	avg10=0.01	avg10=0.01	avg10=0.00	avg10=0.00	pgpgin=1774770006,pgpgout=3161965,pswpin=0,pswpout=0,	reads=1273703,sectors_read=86078316,writes=95656,sectors_written=5729770	default [performance] powersave powersupersave 
2026-09-13T14:19:58,839819799-04:00	9097896	0	0	0	0	0	avg10=0.01	avg10=0.01	avg10=0.00	avg10=0.00	pgpgin=1774770006,pgpgout=3161973,pswpin=0,pswpout=0,	reads=1273703,sectors_read=86078316,writes=95658,sectors_written=5729786	default [performance] powersave powersupersave 
2026-09-13T14:19:59,899204800-04:00	9058192	0	0	0	0	0	avg10=0.00	avg10=0.00	avg10=0.00	avg10=0.00	pgpgin=1774770006,pgpgout=3161981,pswpin=0,pswpout=0,	reads=1273703,sectors_read=86078316,writes=95660,sectors_written=5729802	default [performance] powersave powersupersave 
2026-09-13T14:20:00,965945081-04:00	8213160	0	0	0	0	0	avg10=0.00	avg10=0.00	avg10=0.00	avg10=0.00	pgpgin=1774770198,pgpgout=3162189,pswpin=0,pswpout=0,	reads=1273713,sectors_read=86078572,writes=95676,sectors_written=5730218	default [performance] powersave powersupersave 
2026-09-13T14:20:02,032065608-04:00	8216076	0	0	0	0	0	avg10=0.37	avg10=0.37	avg10=0.00	avg10=0.00	pgpgin=1774770202,pgpgout=3162357,pswpin=0,pswpout=0,	reads=1273714,sectors_read=86078580,writes=95680,sectors_written=5730554	default [performance] powersave powersupersave 
2026-09-13T14:20:03,086875563-04:00	8214720	0	0	0	0	0	avg10=0.37	avg10=0.37	avg10=0.00	avg10=0.00	pgpgin=1774770202,pgpgout=3164353,pswpin=0,pswpout=0,	reads=1273714,sectors_read=86078580,writes=95682,sectors_written=5730570	default [performance] powersave powersupersave 
2026-09-13T14:20:04,143915498-04:00	8212244	0	0	0	0	0	avg10=0.30	avg10=0.30	avg10=0.00	avg10=0.00	pgpgin=1774770202,pgpgout=3164361,pswpin=0,pswpout=0,	reads=1273714,sectors_read=86078580,writes=95684,sectors_written=5730586	default [performance] powersave powersupersave 
2026-09-13T14:20:05,196595010-04:00	8210508	0	0	0	0	0	avg10=0.30	avg10=0.30	avg10=0.00	avg10=0.00	pgpgin=1774770202,pgpgout=3164369,pswpin=0,pswpout=0,	reads=1273714,sectors_read=86078580,writes=95686,sectors_written=5730602	default [performance] powersave powersupersave 
2026-09-13T14:20:06,249699902-04:00	8210192	0	0	0	0	0	avg10=0.24	avg10=0.24	avg10=0.00	avg10=0.00	pgpgin=1774774862,pgpgout=3164377,pswpin=0,pswpout=0,	reads=1273854,sectors_read=86087900,writes=95688,sectors_written=5730618	default [performance] powersave powersupersave 
2026-09-13T14:20:07,304640063-04:00	8209080	0	0	0	0	0	avg10=0.24	avg10=0.24	avg10=0.00	avg10=0.00	pgpgin=1774774862,pgpgout=3164501,pswpin=0,pswpout=0,	reads=1273854,sectors_read=86087900,writes=95692,sectors_written=5730866	default [performance] powersave powersupersave 
2026-09-13T14:20:08,361634433-04:00	8207412	0	0	0	0	0	avg10=0.20	avg10=0.20	avg10=0.00	avg10=0.00	pgpgin=1774774862,pgpgout=3164509,pswpin=0,pswpout=0,	reads=1273854,sectors_read=86087900,writes=95694,sectors_written=5730882	default [performance] powersave powersupersave 
2026-09-13T14:20:09,416677337-04:00	8205156	0	0	0	0	0	avg10=0.20	avg10=0.20	avg10=0.00	avg10=0.00	pgpgin=1774774862,pgpgout=3164517,pswpin=0,pswpout=0,	reads=1273854,sectors_read=86087900,writes=95696,sectors_written=5730898	default [performance] powersave powersupersave 
2026-09-13T14:20:10,470312988-04:00	8203860	0	0	0	0	0	avg10=0.16	avg10=0.16	avg10=0.00	avg10=0.00	pgpgin=1774775354,pgpgout=3164525,pswpin=0,pswpout=0,	reads=1273864,sectors_read=86088884,writes=95698,sectors_written=5730914	default [performance] powersave powersupersave 
2026-09-13T14:20:11,528157036-04:00	8204740	0	0	0	0	0	avg10=0.16	avg10=0.16	avg10=0.00	avg10=0.00	pgpgin=1774775354,pgpgout=3164805,pswpin=0,pswpout=0,	reads=1273864,sectors_read=86088884,writes=95713,sectors_written=5731474	default [performance] powersave powersupersave 
2026-09-13T14:20:12,588328437-04:00	8197704	0	0	0	0	0	avg10=0.13	avg10=0.13	avg10=0.00	avg10=0.00	pgpgin=1774775530,pgpgout=3167285,pswpin=0,pswpout=0,	reads=1273868,sectors_read=86089028,writes=95771,sectors_written=5736434	default [performance] powersave powersupersave 
2026-09-13T14:20:13,646873293-04:00	8196928	0	0	0	0	0	avg10=0.11	avg10=0.11	avg10=0.00	avg10=0.00	pgpgin=1774775722,pgpgout=3167293,pswpin=0,pswpout=0,	reads=1273880,sectors_read=86089412,writes=95773,sectors_written=5736450	default [performance] powersave powersupersave 
2026-09-13T14:20:14,707053852-04:00	8197216	0	0	0	0	0	avg10=0.11	avg10=0.11	avg10=0.00	avg10=0.00	pgpgin=1774775722,pgpgout=3167301,pswpin=0,pswpout=0,	reads=1273880,sectors_read=86089412,writes=95775,sectors_written=5736466	default [performance] powersave powersupersave 
2026-09-13T14:20:15,762536875-04:00	8167992	0	0	0	0	0	avg10=0.09	avg10=0.09	avg10=0.00	avg10=0.00	pgpgin=1774780090,pgpgout=3167581,pswpin=0,pswpout=0,	reads=1274009,sectors_read=86098148,writes=95781,sectors_written=5737026	default [performance] powersave powersupersave 
2026-09-13T14:20:16,822273170-04:00	8169708	0	0	0	0	0	avg10=0.09	avg10=0.09	avg10=0.00	avg10=0.00	pgpgin=1774780090,pgpgout=3167589,pswpin=0,pswpout=0,	reads=1274009,sectors_read=86098148,writes=95783,sectors_written=5737042	default [performance] powersave powersupersave 
2026-09-13T14:20:17,880129132-04:00	8169032	0	0	0	0	0	avg10=0.07	avg10=0.07	avg10=0.00	avg10=0.00	pgpgin=1774780090,pgpgout=3167597,pswpin=0,pswpout=0,	reads=1274009,sectors_read=86098148,writes=95785,sectors_written=5737058	default [performance] powersave powersupersave 
2026-09-13T14:20:18,936764532-04:00	8172976	0	0	0	0	0	avg10=0.07	avg10=0.07	avg10=0.00	avg10=0.00	pgpgin=1774780218,pgpgout=3167605,pswpin=0,pswpout=0,	reads=1274010,sectors_read=86098404,writes=95787,sectors_written=5737074	default [performance] powersave powersupersave 
2026-09-13T14:20:19,993416642-04:00	8171884	0	0	0	0	0	avg10=0.06	avg10=0.06	avg10=0.00	avg10=0.00	pgpgin=1774780218,pgpgout=3167613,pswpin=0,pswpout=0,	reads=1274010,sectors_read=86098404,writes=95789,sectors_written=5737090	default [performance] powersave powersupersave 
2026-09-13T14:20:21,058968065-04:00	8170384	0	0	0	0	0	avg10=0.06	avg10=0.06	avg10=0.00	avg10=0.00	pgpgin=1774780218,pgpgout=3167789,pswpin=0,pswpout=0,	reads=1274010,sectors_read=86098404,writes=95794,sectors_written=5737442	default [performance] powersave powersupersave 
2026-09-13T14:20:22,113570716-04:00	8167972	0	0	0	0	0	avg10=0.04	avg10=0.04	avg10=0.00	avg10=0.00	pgpgin=1774780218,pgpgout=3167797,pswpin=0,pswpout=0,	reads=1274010,sectors_read=86098404,writes=95796,sectors_written=5737458	default [performance] powersave powersupersave 
2026-09-13T14:20:23,168258767-04:00	8167000	0	0	0	0	0	avg10=0.04	avg10=0.04	avg10=0.00	avg10=0.00	pgpgin=1774780218,pgpgout=3167805,pswpin=0,pswpout=0,	reads=1274010,sectors_read=86098404,writes=95798,sectors_written=5737474	default [performance] powersave powersupersave 
2026-09-13T14:20:24,225794979-04:00	8164560	0	0	0	0	0	avg10=0.03	avg10=0.03	avg10=0.00	avg10=0.00	pgpgin=1774780218,pgpgout=3167813,pswpin=0,pswpout=0,	reads=1274010,sectors_read=86098404,writes=95800,sectors_written=5737490	default [performance] powersave powersupersave 
2026-09-13T14:20:25,282992196-04:00	8163936	0	0	0	0	0	avg10=0.03	avg10=0.03	avg10=0.00	avg10=0.00	pgpgin=1774780218,pgpgout=3167821,pswpin=0,pswpout=0,	reads=1274010,sectors_read=86098404,writes=95802,sectors_written=5737506	default [performance] powersave powersupersave 
2026-09-13T14:20:26,342586186-04:00	8165668	0	0	0	0	0	avg10=0.03	avg10=0.03	avg10=0.00	avg10=0.00	pgpgin=1774780218,pgpgout=3167941,pswpin=0,pswpout=0,	reads=1274010,sectors_read=86098404,writes=95806,sectors_written=5737746	default [performance] powersave powersupersave 
2026-09-13T14:20:27,400351310-04:00	8164904	0	0	0	0	0	avg10=0.03	avg10=0.03	avg10=0.00	avg10=0.00	pgpgin=1774780218,pgpgout=3167949,pswpin=0,pswpout=0,	reads=1274010,sectors_read=86098404,writes=95808,sectors_written=5737762	default [performance] powersave powersupersave 
2026-09-13T14:20:28,457441727-04:00	8166048	0	0	0	0	0	avg10=0.02	avg10=0.02	avg10=0.00	avg10=0.00	pgpgin=1774780218,pgpgout=3167957,pswpin=0,pswpout=0,	reads=1274010,sectors_read=86098404,writes=95810,sectors_written=5737778	default [performance] powersave powersupersave 
2026-09-13T14:20:29,516428327-04:00	8165464	0	0	0	0	0	avg10=0.02	avg10=0.02	avg10=0.00	avg10=0.00	pgpgin=1774780218,pgpgout=3167965,pswpin=0,pswpout=0,	reads=1274010,sectors_read=86098404,writes=95812,sectors_written=5737794	default [performance] powersave powersupersave 
2026-09-13T14:20:30,573960394-04:00	8159792	0	0	0	0	0	avg10=0.02	avg10=0.02	avg10=0.00	avg10=0.00	pgpgin=1774780246,pgpgout=3168165,pswpin=0,pswpout=0,	reads=1274013,sectors_read=86098460,writes=95818,sectors_written=5738194	default [performance] powersave powersupersave 
2026-09-13T14:20:31,629687420-04:00	8158052	0	0	0	0	0	avg10=0.01	avg10=0.01	avg10=0.00	avg10=0.00	pgpgin=1774780246,pgpgout=3168385,pswpin=0,pswpout=0,	reads=1274013,sectors_read=86098460,writes=95867,sectors_written=5738634	default [performance] powersave powersupersave 
2026-09-13T14:20:32,683670939-04:00	8156932	0	0	0	0	0	avg10=0.01	avg10=0.01	avg10=0.00	avg10=0.00	pgpgin=1774780326,pgpgout=3168393,pswpin=0,pswpout=0,	reads=1274015,sectors_read=86098620,writes=95869,sectors_written=5738650	default [performance] powersave powersupersave 
2026-09-13T14:20:33,740544290-04:00	8156192	0	0	0	0	0	avg10=0.01	avg10=0.01	avg10=0.00	avg10=0.00	pgpgin=1774780326,pgpgout=3168401,pswpin=0,pswpout=0,	reads=1274015,sectors_read=86098620,writes=95871,sectors_written=5738666	default [performance] powersave powersupersave 
2026-09-13T14:20:34,797405608-04:00	8158984	0	0	0	0	0	avg10=0.01	avg10=0.01	avg10=0.00	avg10=0.00	pgpgin=1774780326,pgpgout=3169025,pswpin=0,pswpout=0,	reads=1274015,sectors_read=86098620,writes=95873,sectors_written=5738682	default [performance] powersave powersupersave 
2026-09-13T14:20:35,855324643-04:00	8157236	0	0	0	0	0	avg10=0.01	avg10=0.01	avg10=0.00	avg10=0.00	pgpgin=1774780326,pgpgout=3169185,pswpin=0,pswpout=0,	reads=1274015,sectors_read=86098620,writes=95878,sectors_written=5739002	default [performance] powersave powersupersave 
2026-09-13T14:20:36,912533174-04:00	8157020	0	0	0	0	0	avg10=0.01	avg10=0.01	avg10=0.00	avg10=0.00	pgpgin=1774780330,pgpgout=3169333,pswpin=0,pswpout=0,	reads=1274016,sectors_read=86098628,writes=95899,sectors_written=5739298	default [performance] powersave powersupersave 
2026-09-13T14:20:37,970482687-04:00	8155612	0	0	0	0	0	avg10=0.00	avg10=0.00	avg10=0.00	avg10=0.00	pgpgin=1774780330,pgpgout=3169341,pswpin=0,pswpout=0,	reads=1274016,sectors_read=86098628,writes=95901,sectors_written=5739314	default [performance] powersave powersupersave 
2026-09-13T14:20:39,026709965-04:00	8155680	0	0	0	0	0	avg10=0.00	avg10=0.00	avg10=0.00	avg10=0.00	pgpgin=1774780330,pgpgout=3169349,pswpin=0,pswpout=0,	reads=1274016,sectors_read=86098628,writes=95903,sectors_written=5739330	default [performance] powersave powersupersave 
2026-09-13T14:20:40,086026467-04:00	8155368	0	0	0	0	0	avg10=0.00	avg10=0.00	avg10=0.00	avg10=0.00	pgpgin=1774780962,pgpgout=3169357,pswpin=0,pswpout=0,	reads=1274193,sectors_read=86100044,writes=95905,sectors_written=5739346	default [performance] powersave powersupersave 
2026-09-13T14:20:41,152039113-04:00	8155156	0	0	0	0	0	avg10=0.00	avg10=0.00	avg10=0.00	avg10=0.00	pgpgin=1774782330,pgpgout=3169469,pswpin=0,pswpout=0,	reads=1274516,sectors_read=86102628,writes=95909,sectors_written=5739570	default [performance] powersave powersupersave 
2026-09-13T14:20:42,209550614-04:00	8154896	0	0	0	0	0	avg10=0.00	avg10=0.00	avg10=0.00	avg10=0.00	pgpgin=1774782330,pgpgout=3169477,pswpin=0,pswpout=0,	reads=1274516,sectors_read=86102628,writes=95911,sectors_written=5739586	default [performance] powersave powersupersave 
2026-09-13T14:20:43,269656060-04:00	8153660	0	0	0	0	0	avg10=0.00	avg10=0.00	avg10=0.00	avg10=0.00	pgpgin=1774782330,pgpgout=3169485,pswpin=0,pswpout=0,	reads=1274516,sectors_read=86102628,writes=95913,sectors_written=5739602	default [performance] powersave powersupersave 
2026-09-13T14:20:44,329028549-04:00	8152712	0	0	0	0	0	avg10=0.00	avg10=0.00	avg10=0.00	avg10=0.00	pgpgin=1774782330,pgpgout=3169493,pswpin=0,pswpout=0,	reads=1274516,sectors_read=86102628,writes=95915,sectors_written=5739618	default [performance] powersave powersupersave 
2026-09-13T14:20:45,387557313-04:00	8179312	0	0	0	0	0	avg10=0.00	avg10=0.00	avg10=0.00	avg10=0.00	pgpgin=1774782330,pgpgout=3169501,pswpin=0,pswpout=0,	reads=1274516,sectors_read=86102628,writes=95917,sectors_written=5739634	default [performance] powersave powersupersave 
2026-09-13T14:20:46,452525236-04:00	8178920	0	0	0	0	0	avg10=0.00	avg10=0.00	avg10=0.00	avg10=0.00	pgpgin=1774782330,pgpgout=3169617,pswpin=0,pswpout=0,	reads=1274516,sectors_read=86102628,writes=95921,sectors_written=5739866	default [performance] powersave powersupersave 
2026-09-13T14:20:47,509621509-04:00	8178188	0	0	0	0	0	avg10=0.00	avg10=0.00	avg10=0.00	avg10=0.00	pgpgin=1774782334,pgpgout=3169645,pswpin=0,pswpout=0,	reads=1274517,sectors_read=86102636,writes=95927,sectors_written=5739922	default [performance] powersave powersupersave 
2026-09-13T14:20:48,566564905-04:00	8178484	0	0	0	0	0	avg10=0.00	avg10=0.00	avg10=0.00	avg10=0.00	pgpgin=1774782334,pgpgout=3169653,pswpin=0,pswpout=0,	reads=1274517,sectors_read=86102636,writes=95929,sectors_written=5739938	default [performance] powersave powersupersave 
2026-09-13T14:20:49,623270544-04:00	8178036	0	0	0	0	0	avg10=0.00	avg10=0.00	avg10=0.00	avg10=0.00	pgpgin=1774782334,pgpgout=3169661,pswpin=0,pswpout=0,	reads=1274517,sectors_read=86102636,writes=95931,sectors_written=5739954	default [performance] powersave powersupersave 
2026-09-13T14:20:50,678777791-04:00	8177292	0	0	0	0	0	avg10=0.00	avg10=0.00	avg10=0.00	avg10=0.00	pgpgin=1774782334,pgpgout=3169669,pswpin=0,pswpout=0,	reads=1274517,sectors_read=86102636,writes=95933,sectors_written=5739970	default [performance] powersave powersupersave 
2026-09-13T14:20:51,743667469-04:00	8178108	0	0	0	0	0	avg10=0.00	avg10=0.00	avg10=0.00	avg10=0.00	pgpgin=1774782334,pgpgout=3169797,pswpin=0,pswpout=0,	reads=1274517,sectors_read=86102636,writes=95937,sectors_written=5740226	default [performance] powersave powersupersave 
2026-09-13T14:20:52,801471694-04:00	8178528	0	0	0	0	0	avg10=0.00	avg10=0.00	avg10=0.00	avg10=0.00	pgpgin=1774782334,pgpgout=3169805,pswpin=0,pswpout=0,	reads=1274517,sectors_read=86102636,writes=95939,sectors_written=5740242	default [performance] powersave powersupersave 
2026-09-13T14:20:53,858848595-04:00	8179224	0	0	0	0	0	avg10=0.00	avg10=0.00	avg10=0.00	avg10=0.00	pgpgin=1774782334,pgpgout=3169813,pswpin=0,pswpout=0,	reads=1274517,sectors_read=86102636,writes=95941,sectors_written=5740258	default [performance] powersave powersupersave 
2026-09-13T14:20:54,913616495-04:00	8178092	0	0	0	0	0	avg10=0.00	avg10=0.00	avg10=0.00	avg10=0.00	pgpgin=1774782334,pgpgout=3169821,pswpin=0,pswpout=0,	reads=1274517,sectors_read=86102636,writes=95943,sectors_written=5740274	default [performance] powersave powersupersave 
2026-09-13T14:20:55,971325050-04:00	8177608	0	0	0	0	0	avg10=0.00	avg10=0.00	avg10=0.00	avg10=0.00	pgpgin=1774782334,pgpgout=3169829,pswpin=0,pswpout=0,	reads=1274517,sectors_read=86102636,writes=95945,sectors_written=5740290	default [performance] powersave powersupersave 
2026-09-13T14:20:57,035341278-04:00	8178780	0	0	0	0	0	avg10=0.00	avg10=0.00	avg10=0.00	avg10=0.00	pgpgin=1774782334,pgpgout=3169937,pswpin=0,pswpout=0,	reads=1274517,sectors_read=86102636,writes=95949,sectors_written=5740506	default [performance] powersave powersupersave 
2026-09-13T14:20:58,094293430-04:00	8177928	0	0	0	0	0	avg10=0.00	avg10=0.00	avg10=0.00	avg10=0.00	pgpgin=1774782334,pgpgout=3169945,pswpin=0,pswpout=0,	reads=1274517,sectors_read=86102636,writes=95951,sectors_written=5740522	default [performance] powersave powersupersave 
2026-09-13T14:20:59,152839671-04:00	8176856	0	0	0	0	0	avg10=0.00	avg10=0.00	avg10=0.00	avg10=0.00	pgpgin=1774782334,pgpgout=3169953,pswpin=0,pswpout=0,	reads=1274517,sectors_read=86102636,writes=95953,sectors_written=5740538	default [performance] powersave powersupersave 
2026-09-13T14:21:00,206664890-04:00	8175296	0	0	0	0	0	avg10=0.00	avg10=0.00	avg10=0.00	avg10=0.00	pgpgin=1774782334,pgpgout=3169961,pswpin=0,pswpout=0,	reads=1274517,sectors_read=86102636,writes=95955,sectors_written=5740554	default [performance] powersave powersupersave 
2026-09-13T14:21:01,261975832-04:00	8173952	0	0	0	0	0	avg10=0.00	avg10=0.00	avg10=0.00	avg10=0.00	pgpgin=1774782334,pgpgout=3169969,pswpin=0,pswpout=0,	reads=1274517,sectors_read=86102636,writes=95957,sectors_written=5740570	default [performance] powersave powersupersave 
2026-09-13T14:21:02,327283127-04:00	8174056	0	0	0	0	0	avg10=0.00	avg10=0.00	avg10=0.00	avg10=0.00	pgpgin=1774782334,pgpgout=3170065,pswpin=0,pswpout=0,	reads=1274517,sectors_read=86102636,writes=95961,sectors_written=5740762	default [performance] powersave powersupersave 
2026-09-13T14:21:03,384846211-04:00	8172072	0	0	0	0	0	avg10=0.00	avg10=0.00	avg10=0.00	avg10=0.00	pgpgin=1774782334,pgpgout=3170073,pswpin=0,pswpout=0,	reads=1274517,sectors_read=86102636,writes=95963,sectors_written=5740778	default [performance] powersave powersupersave 
2026-09-13T14:21:04,443520333-04:00	8170204	0	0	0	0	0	avg10=0.00	avg10=0.00	avg10=0.00	avg10=0.00	pgpgin=1774782334,pgpgout=3170081,pswpin=0,pswpout=0,	reads=1274517,sectors_read=86102636,writes=95965,sectors_written=5740794	default [performance] powersave powersupersave 
2026-09-13T14:21:05,502596160-04:00	8168956	0	0	0	0	0	avg10=0.00	avg10=0.00	avg10=0.00	avg10=0.00	pgpgin=1774782334,pgpgout=3170129,pswpin=0,pswpout=0,	reads=1274517,sectors_read=86102636,writes=95967,sectors_written=5740810	default [performance] powersave powersupersave 
2026-09-13T14:21:06,560888625-04:00	8171192	0	0	0	0	0	avg10=0.00	avg10=0.00	avg10=0.00	avg10=0.00	pgpgin=1774782334,pgpgout=3170137,pswpin=0,pswpout=0,	reads=1274517,sectors_read=86102636,writes=95969,sectors_written=5740826	default [performance] powersave powersupersave 
2026-09-13T14:21:07,625596826-04:00	8170600	0	0	0	0	0	avg10=0.00	avg10=0.00	avg10=0.00	avg10=0.00	pgpgin=1774782334,pgpgout=3170365,pswpin=0,pswpout=0,	reads=1274517,sectors_read=86102636,writes=96002,sectors_written=5741282	default [performance] powersave powersupersave 
2026-09-13T14:21:08,684495540-04:00	8170340	0	0	0	0	0	avg10=0.00	avg10=0.00	avg10=0.00	avg10=0.00	pgpgin=1774782334,pgpgout=3170373,pswpin=0,pswpout=0,	reads=1274517,sectors_read=86102636,writes=96004,sectors_written=5741298	default [performance] powersave powersupersave 
2026-09-13T14:21:09,742115814-04:00	8170036	0	0	0	0	0	avg10=0.00	avg10=0.00	avg10=0.00	avg10=0.00	pgpgin=1774782334,pgpgout=3170381,pswpin=0,pswpout=0,	reads=1274517,sectors_read=86102636,writes=96006,sectors_written=5741314	default [performance] powersave powersupersave 
2026-09-13T14:21:10,800738120-04:00	8169332	0	0	0	0	0	avg10=0.00	avg10=0.00	avg10=0.00	avg10=0.00	pgpgin=1774782334,pgpgout=3170389,pswpin=0,pswpout=0,	reads=1274517,sectors_read=86102636,writes=96008,sectors_written=5741330	default [performance] powersave powersupersave 
2026-09-13T14:21:11,858842222-04:00	8168204	0	0	0	0	0	avg10=0.00	avg10=0.00	avg10=0.00	avg10=0.00	pgpgin=1774782334,pgpgout=3170397,pswpin=0,pswpout=0,	reads=1274517,sectors_read=86102636,writes=96010,sectors_written=5741346	default [performance] powersave powersupersave 
2026-09-13T14:21:12,925512100-04:00	8168220	0	0	0	0	0	avg10=0.00	avg10=0.00	avg10=0.00	avg10=0.00	pgpgin=1774782334,pgpgout=3170513,pswpin=0,pswpout=0,	reads=1274517,sectors_read=86102636,writes=96014,sectors_written=5741578	default [performance] powersave powersupersave 
2026-09-13T14:21:13,983530072-04:00	8167528	0	0	0	0	0	avg10=0.00	avg10=0.00	avg10=0.00	avg10=0.00	pgpgin=1774782334,pgpgout=3170521,pswpin=0,pswpout=0,	reads=1274517,sectors_read=86102636,writes=96016,sectors_written=5741594	default [performance] powersave powersupersave 
2026-09-13T14:21:15,042857714-04:00	8168732	0	0	0	0	0	avg10=0.00	avg10=0.00	avg10=0.00	avg10=0.00	pgpgin=1774782334,pgpgout=3170529,pswpin=0,pswpout=0,	reads=1274517,sectors_read=86102636,writes=96018,sectors_written=5741610	default [performance] powersave powersupersave 
2026-09-13T14:21:16,099716017-04:00	8167316	0	0	0	0	0	avg10=0.00	avg10=0.00	avg10=0.00	avg10=0.00	pgpgin=1774782334,pgpgout=3170537,pswpin=0,pswpout=0,	reads=1274517,sectors_read=86102636,writes=96020,sectors_written=5741626	default [performance] powersave powersupersave 
2026-09-13T14:21:17,157261561-04:00	8166580	0	0	0	0	0	avg10=0.00	avg10=0.00	avg10=0.00	avg10=0.00	pgpgin=1774782334,pgpgout=3170545,pswpin=0,pswpout=0,	reads=1274517,sectors_read=86102636,writes=96022,sectors_written=5741642	default [performance] powersave powersupersave 
2026-09-13T14:21:18,223076203-04:00	8165888	0	0	0	0	0	avg10=0.00	avg10=0.00	avg10=0.00	avg10=0.00	pgpgin=1774782334,pgpgout=3170653,pswpin=0,pswpout=0,	reads=1274517,sectors_read=86102636,writes=96026,sectors_written=5741858	default [performance] powersave powersupersave 
2026-09-13T14:21:19,283336540-04:00	8165408	0	0	0	0	0	avg10=0.00	avg10=0.00	avg10=0.00	avg10=0.00	pgpgin=1774782334,pgpgout=3170661,pswpin=0,pswpout=0,	reads=1274517,sectors_read=86102636,writes=96028,sectors_written=5741874	default [performance] powersave powersupersave 
2026-09-13T14:21:20,343305919-04:00	8159748	0	0	0	0	0	avg10=0.00	avg10=0.00	avg10=0.00	avg10=0.00	pgpgin=1774782334,pgpgout=3170669,pswpin=0,pswpout=0,	reads=1274517,sectors_read=86102636,writes=96030,sectors_written=5741890	default [performance] powersave powersupersave 
2026-09-13T14:21:21,402154663-04:00	8140080	0	0	0	0	0	avg10=0.00	avg10=0.00	avg10=0.00	avg10=0.00	pgpgin=1774782670,pgpgout=3170917,pswpin=0,pswpout=0,	reads=1274525,sectors_read=86103308,writes=96036,sectors_written=5742386	default [performance] powersave powersupersave 
2026-09-13T14:21:22,458324744-04:00	8139616	0	0	0	0	0	avg10=0.00	avg10=0.00	avg10=0.00	avg10=0.00	pgpgin=1774782670,pgpgout=3170925,pswpin=0,pswpout=0,	reads=1274525,sectors_read=86103308,writes=96038,sectors_written=5742402	default [performance] powersave powersupersave 
2026-09-13T14:21:23,516106114-04:00	8146088	0	0	0	0	0	avg10=0.00	avg10=0.00	avg10=0.00	avg10=0.00	pgpgin=1774782826,pgpgout=3170933,pswpin=0,pswpout=0,	reads=1274528,sectors_read=86103620,writes=96040,sectors_written=5742418	default [performance] powersave powersupersave 
2026-09-13T14:21:24,575031352-04:00	8145000	0	0	0	0	0	avg10=0.00	avg10=0.00	avg10=0.00	avg10=0.00	pgpgin=1774782826,pgpgout=3170941,pswpin=0,pswpout=0,	reads=1274528,sectors_read=86103620,writes=96042,sectors_written=5742434	default [performance] powersave powersupersave 
2026-09-13T14:21:25,640048097-04:00	8145772	0	0	0	0	0	avg10=0.00	avg10=0.00	avg10=0.00	avg10=0.00	pgpgin=1774782826,pgpgout=3171109,pswpin=0,pswpout=0,	reads=1274528,sectors_read=86103620,writes=96047,sectors_written=5742770	default [performance] powersave powersupersave 
2026-09-13T14:21:26,698407263-04:00	8146472	0	0	0	0	0	avg10=0.00	avg10=0.00	avg10=0.00	avg10=0.00	pgpgin=1774782826,pgpgout=3171117,pswpin=0,pswpout=0,	reads=1274528,sectors_read=86103620,writes=96049,sectors_written=5742786	default [performance] powersave powersupersave 
2026-09-13T14:21:27,752042612-04:00	8146324	0	0	0	0	0	avg10=0.00	avg10=0.00	avg10=0.00	avg10=0.00	pgpgin=1774782826,pgpgout=3171125,pswpin=0,pswpout=0,	reads=1274528,sectors_read=86103620,writes=96051,sectors_written=5742802	default [performance] powersave powersupersave 
2026-09-13T14:21:28,806804899-04:00	8145292	0	0	0	0	0	avg10=0.00	avg10=0.00	avg10=0.00	avg10=0.00	pgpgin=1774782826,pgpgout=3171133,pswpin=0,pswpout=0,	reads=1274528,sectors_read=86103620,writes=96053,sectors_written=5742818	default [performance] powersave powersupersave 
2026-09-13T14:21:29,863119784-04:00	8144908	0	0	0	0	0	avg10=0.00	avg10=0.00	avg10=0.00	avg10=0.00	pgpgin=1774782826,pgpgout=3171141,pswpin=0,pswpout=0,	reads=1274528,sectors_read=86103620,writes=96055,sectors_written=5742834	default [performance] powersave powersupersave 
2026-09-13T14:21:30,926984836-04:00	8144668	0	0	0	0	0	avg10=0.00	avg10=0.00	avg10=0.00	avg10=0.00	pgpgin=1774782826,pgpgout=3171257,pswpin=0,pswpout=0,	reads=1274528,sectors_read=86103620,writes=96059,sectors_written=5743066	default [performance] powersave powersupersave 
2026-09-13T14:21:31,983873801-04:00	8143780	0	0	0	0	0	avg10=0.00	avg10=0.00	avg10=0.00	avg10=0.00	pgpgin=1774782826,pgpgout=3171265,pswpin=0,pswpout=0,	reads=1274528,sectors_read=86103620,writes=96061,sectors_written=5743082	default [performance] powersave powersupersave 
2026-09-13T14:21:33,041560444-04:00	8142728	0	0	0	0	0	avg10=0.00	avg10=0.00	avg10=0.00	avg10=0.00	pgpgin=1774782826,pgpgout=3171273,pswpin=0,pswpout=0,	reads=1274528,sectors_read=86103620,writes=96063,sectors_written=5743098	default [performance] powersave powersupersave 
2026-09-13T14:21:34,097953437-04:00	8142088	0	0	0	0	0	avg10=0.00	avg10=0.00	avg10=0.00	avg10=0.00	pgpgin=1774782826,pgpgout=3171281,pswpin=0,pswpout=0,	reads=1274528,sectors_read=86103620,writes=96065,sectors_written=5743114	default [performance] powersave powersupersave 
2026-09-13T14:21:35,155109784-04:00	8143612	0	0	0	0	0	avg10=0.00	avg10=0.00	avg10=0.00	avg10=0.00	pgpgin=1774782826,pgpgout=3171289,pswpin=0,pswpout=0,	reads=1274528,sectors_read=86103620,writes=96067,sectors_written=5743130	default [performance] powersave powersupersave 
2026-09-13T14:21:36,221383814-04:00	8144432	0	0	0	0	0	avg10=0.00	avg10=0.00	avg10=0.00	avg10=0.00	pgpgin=1774782826,pgpgout=3171517,pswpin=0,pswpout=0,	reads=1274528,sectors_read=86103620,writes=96071,sectors_written=5743346	default [performance] powersave powersupersave 
2026-09-13T14:21:37,278652423-04:00	8144804	0	0	0	0	0	avg10=0.00	avg10=0.00	avg10=0.00	avg10=0.00	pgpgin=1774782826,pgpgout=3171525,pswpin=0,pswpout=0,	reads=1274528,sectors_read=86103620,writes=96073,sectors_written=5743362	default [performance] powersave powersupersave 
2026-09-13T14:21:38,334415563-04:00	8148788	0	0	0	0	0	avg10=0.00	avg10=0.00	avg10=0.00	avg10=0.00	pgpgin=1774782826,pgpgout=3171669,pswpin=0,pswpout=0,	reads=1274528,sectors_read=86103620,writes=96105,sectors_written=5743650	default [performance] powersave powersupersave 
2026-09-13T14:21:39,391924975-04:00	8148812	0	0	0	0	0	avg10=0.00	avg10=0.00	avg10=0.00	avg10=0.00	pgpgin=1774782826,pgpgout=3171677,pswpin=0,pswpout=0,	reads=1274528,sectors_read=86103620,writes=96107,sectors_written=5743666	default [performance] powersave powersupersave 
2026-09-13T14:21:40,446753128-04:00	8148312	0	0	0	0	0	avg10=0.00	avg10=0.00	avg10=0.00	avg10=0.00	pgpgin=1774782826,pgpgout=3171685,pswpin=0,pswpout=0,	reads=1274528,sectors_read=86103620,writes=96109,sectors_written=5743682	default [performance] powersave powersupersave 
2026-09-13T14:21:41,511534475-04:00	8146812	0	0	0	0	0	avg10=0.00	avg10=0.00	avg10=0.00	avg10=0.00	pgpgin=1774782826,pgpgout=3171805,pswpin=0,pswpout=0,	reads=1274528,sectors_read=86103620,writes=96113,sectors_written=5743922	default [performance] powersave powersupersave 
2026-09-13T14:21:42,566382948-04:00	8146056	0	0	0	0	0	avg10=0.00	avg10=0.00	avg10=0.00	avg10=0.00	pgpgin=1774782826,pgpgout=3171813,pswpin=0,pswpout=0,	reads=1274528,sectors_read=86103620,writes=96115,sectors_written=5743938	default [performance] powersave powersupersave 
2026-09-13T14:21:43,623310026-04:00	8144120	0	0	0	0	0	avg10=0.00	avg10=0.00	avg10=0.00	avg10=0.00	pgpgin=1774782826,pgpgout=3171821,pswpin=0,pswpout=0,	reads=1274528,sectors_read=86103620,writes=96117,sectors_written=5743954	default [performance] powersave powersupersave 
2026-09-13T14:21:44,679832344-04:00	8144220	0	0	0	0	0	avg10=0.00	avg10=0.00	avg10=0.00	avg10=0.00	pgpgin=1774782826,pgpgout=3171829,pswpin=0,pswpout=0,	reads=1274528,sectors_read=86103620,writes=96119,sectors_written=5743970	default [performance] powersave powersupersave 
2026-09-13T14:21:45,737673100-04:00	8145588	0	0	0	0	0	avg10=0.00	avg10=0.00	avg10=0.00	avg10=0.00	pgpgin=1774782826,pgpgout=3171837,pswpin=0,pswpout=0,	reads=1274528,sectors_read=86103620,writes=96121,sectors_written=5743986	default [performance] powersave powersupersave 
2026-09-13T14:21:46,804222971-04:00	8145444	0	0	0	0	0	avg10=0.00	avg10=0.00	avg10=0.00	avg10=0.00	pgpgin=1774782826,pgpgout=3171957,pswpin=0,pswpout=0,	reads=1274528,sectors_read=86103620,writes=96125,sectors_written=5744226	default [performance] powersave powersupersave 
2026-09-13T14:21:47,859916613-04:00	8145708	0	0	0	0	0	avg10=0.00	avg10=0.00	avg10=0.00	avg10=0.00	pgpgin=1774782826,pgpgout=3171965,pswpin=0,pswpout=0,	reads=1274528,sectors_read=86103620,writes=96127,sectors_written=5744242	default [performance] powersave powersupersave 
2026-09-13T14:21:48,917419474-04:00	8144768	0	0	0	0	0	avg10=0.00	avg10=0.00	avg10=0.00	avg10=0.00	pgpgin=1774782826,pgpgout=3171973,pswpin=0,pswpout=0,	reads=1274528,sectors_read=86103620,writes=96129,sectors_written=5744258	default [performance] powersave powersupersave 
2026-09-13T14:21:49,975573270-04:00	8144260	0	0	0	0	0	avg10=0.00	avg10=0.00	avg10=0.00	avg10=0.00	pgpgin=1774782826,pgpgout=3171981,pswpin=0,pswpout=0,	reads=1274528,sectors_read=86103620,writes=96131,sectors_written=5744274	default [performance] powersave powersupersave 
2026-09-13T14:21:51,033365215-04:00	8147448	0	0	0	0	0	avg10=0.00	avg10=0.00	avg10=0.00	avg10=0.00	pgpgin=1774782826,pgpgout=3171989,pswpin=0,pswpout=0,	reads=1274528,sectors_read=86103620,writes=96133,sectors_written=5744290	default [performance] powersave powersupersave 
2026-09-13T14:21:52,098792137-04:00	8147928	0	0	0	0	0	avg10=0.00	avg10=0.00	avg10=0.00	avg10=0.00	pgpgin=1774782826,pgpgout=3172093,pswpin=0,pswpout=0,	reads=1274528,sectors_read=86103620,writes=96137,sectors_written=5744498	default [performance] powersave powersupersave 
2026-09-13T14:21:53,157236298-04:00	8147032	0	0	0	0	0	avg10=0.00	avg10=0.00	avg10=0.00	avg10=0.00	pgpgin=1774782826,pgpgout=3172173,pswpin=0,pswpout=0,	reads=1274528,sectors_read=86103620,writes=96144,sectors_written=5744658	default [performance] powersave powersupersave 
2026-09-13T14:21:54,213864938-04:00	8148064	0	0	0	0	0	avg10=0.00	avg10=0.00	avg10=0.00	avg10=0.00	pgpgin=1774782826,pgpgout=3172181,pswpin=0,pswpout=0,	reads=1274528,sectors_read=86103620,writes=96146,sectors_written=5744674	default [performance] powersave powersupersave 
2026-09-13T14:21:55,272972397-04:00	8148228	0	0	0	0	0	avg10=0.00	avg10=0.00	avg10=0.00	avg10=0.00	pgpgin=1774782826,pgpgout=3172189,pswpin=0,pswpout=0,	reads=1274528,sectors_read=86103620,writes=96148,sectors_written=5744690	default [performance] powersave powersupersave 
2026-09-13T14:21:56,331894066-04:00	8148816	0	0	0	0	0	avg10=0.00	avg10=0.00	avg10=0.00	avg10=0.00	pgpgin=1774782826,pgpgout=3172197,pswpin=0,pswpout=0,	reads=1274528,sectors_read=86103620,writes=96150,sectors_written=5744706	default [performance] powersave powersupersave 
2026-09-13T14:21:57,396389028-04:00	8149548	0	0	0	0	0	avg10=0.00	avg10=0.00	avg10=0.00	avg10=0.00	pgpgin=1774782826,pgpgout=3172337,pswpin=0,pswpout=0,	reads=1274528,sectors_read=86103620,writes=96154,sectors_written=5744986	default [performance] powersave powersupersave 
2026-09-13T14:21:58,453086709-04:00	8150712	0	0	0	0	0	avg10=0.00	avg10=0.00	avg10=0.00	avg10=0.00	pgpgin=1774782826,pgpgout=3172345,pswpin=0,pswpout=0,	reads=1274528,sectors_read=86103620,writes=96156,sectors_written=5745002	default [performance] powersave powersupersave 
2026-09-13T14:21:59,512114318-04:00	8152208	0	0	0	0	0	avg10=0.00	avg10=0.00	avg10=0.00	avg10=0.00	pgpgin=1774782826,pgpgout=3172353,pswpin=0,pswpout=0,	reads=1274528,sectors_read=86103620,writes=96158,sectors_written=5745018	default [performance] powersave powersupersave 
2026-09-13T14:22:00,569477910-04:00	8150332	0	0	0	0	0	avg10=0.00	avg10=0.00	avg10=0.00	avg10=0.00	pgpgin=1774782866,pgpgout=3172361,pswpin=0,pswpout=0,	reads=1274532,sectors_read=86103700,writes=96160,sectors_written=5745034	default [performance] powersave powersupersave 
2026-09-13T14:22:01,626835873-04:00	8149620	0	0	0	0	0	avg10=0.00	avg10=0.00	avg10=0.00	avg10=0.00	pgpgin=1774782866,pgpgout=3172369,pswpin=0,pswpout=0,	reads=1274532,sectors_read=86103700,writes=96162,sectors_written=5745050	default [performance] powersave powersupersave 
2026-09-13T14:22:02,686195166-04:00	8148824	0	0	0	0	0	avg10=0.00	avg10=0.00	avg10=0.00	avg10=0.00	pgpgin=1774782866,pgpgout=3172473,pswpin=0,pswpout=0,	reads=1274532,sectors_read=86103700,writes=96168,sectors_written=5745258	default [performance] powersave powersupersave 
2026-09-13T14:22:03,745487644-04:00	8150188	0	0	0	0	0	avg10=0.00	avg10=0.00	avg10=0.00	avg10=0.00	pgpgin=1774787738,pgpgout=3172481,pswpin=0,pswpout=0,	reads=1274553,sectors_read=86104116,writes=96170,sectors_written=5745274	default [performance] powersave powersupersave 
2026-09-13T14:22:04,802892114-04:00	8149320	0	0	0	0	0	avg10=0.00	avg10=0.00	avg10=0.00	avg10=0.00	pgpgin=1774789094,pgpgout=3172489,pswpin=0,pswpout=0,	reads=1274553,sectors_read=86104116,writes=96172,sectors_written=5745290	default [performance] powersave powersupersave 
2026-09-13T14:22:05,861981661-04:00	8149616	0	0	0	0	0	avg10=0.00	avg10=0.00	avg10=0.00	avg10=0.00	pgpgin=1774789094,pgpgout=3172497,pswpin=0,pswpout=0,	reads=1274553,sectors_read=86104116,writes=96174,sectors_written=5745306	default [performance] powersave powersupersave 
2026-09-13T14:22:06,919250747-04:00	8148848	0	0	0	0	0	avg10=0.00	avg10=0.00	avg10=0.00	avg10=0.00	pgpgin=1774789094,pgpgout=3172505,pswpin=0,pswpout=0,	reads=1274553,sectors_read=86104116,writes=96176,sectors_written=5745322	default [performance] powersave powersupersave 
2026-09-13T14:22:07,986403726-04:00	8149364	0	0	0	0	0	avg10=0.00	avg10=0.00	avg10=0.00	avg10=0.00	pgpgin=1774789094,pgpgout=3172645,pswpin=0,pswpout=0,	reads=1274553,sectors_read=86104116,writes=96180,sectors_written=5745546	default [performance] powersave powersupersave 
2026-09-13T14:22:09,046285272-04:00	8148924	0	0	0	0	0	avg10=0.00	avg10=0.00	avg10=0.00	avg10=0.00	pgpgin=1774789098,pgpgout=3172653,pswpin=0,pswpout=0,	reads=1274553,sectors_read=86104116,writes=96182,sectors_written=5745562	default [performance] powersave powersupersave 
2026-09-13T14:22:10,105652021-04:00	8148940	0	0	0	0	0	avg10=0.00	avg10=0.00	avg10=0.00	avg10=0.00	pgpgin=1774789098,pgpgout=3172661,pswpin=0,pswpout=0,	reads=1274553,sectors_read=86104116,writes=96184,sectors_written=5745578	default [performance] powersave powersupersave 
2026-09-13T14:22:11,159911543-04:00	8147324	0	0	0	0	0	avg10=0.00	avg10=0.00	avg10=0.00	avg10=0.00	pgpgin=1774789098,pgpgout=3172669,pswpin=0,pswpout=0,	reads=1274553,sectors_read=86104116,writes=96186,sectors_written=5745594	default [performance] powersave powersupersave 
2026-09-13T14:22:12,216555225-04:00	8131976	0	0	0	0	0	avg10=0.00	avg10=0.00	avg10=0.00	avg10=0.00	pgpgin=1774789230,pgpgout=3172901,pswpin=0,pswpout=0,	reads=1274555,sectors_read=86104380,writes=96192,sectors_written=5746058	default [performance] powersave powersupersave 
2026-09-13T14:22:13,271668553-04:00	8133300	0	0	0	0	0	avg10=0.00	avg10=0.00	avg10=0.00	avg10=0.00	pgpgin=1774789230,pgpgout=3172909,pswpin=0,pswpout=0,	reads=1274555,sectors_read=86104380,writes=96194,sectors_written=5746074	default [performance] powersave powersupersave 
2026-09-13T14:22:14,327294153-04:00	8131672	0	0	0	0	0	avg10=0.00	avg10=0.00	avg10=0.00	avg10=0.00	pgpgin=1774789238,pgpgout=3173005,pswpin=0,pswpout=0,	reads=1274556,sectors_read=86104396,writes=96216,sectors_written=5746266	default [performance] powersave powersupersave 
2026-09-13T14:22:15,386379624-04:00	8135104	0	0	0	0	0	avg10=0.00	avg10=0.00	avg10=0.00	avg10=0.00	pgpgin=1774789238,pgpgout=3173013,pswpin=0,pswpout=0,	reads=1274556,sectors_read=86104396,writes=96218,sectors_written=5746282	default [performance] powersave powersupersave 
2026-09-13T14:22:16,450837491-04:00	8135864	0	0	0	0	0	avg10=0.00	avg10=0.00	avg10=0.00	avg10=0.00	pgpgin=1774789238,pgpgout=3173177,pswpin=0,pswpout=0,	reads=1274556,sectors_read=86104396,writes=96223,sectors_written=5746610	default [performance] powersave powersupersave 
2026-09-13T14:22:17,509953990-04:00	8135432	0	0	0	0	0	avg10=0.00	avg10=0.00	avg10=0.00	avg10=0.00	pgpgin=1774789238,pgpgout=3173185,pswpin=0,pswpout=0,	reads=1274556,sectors_read=86104396,writes=96225,sectors_written=5746626	default [performance] powersave powersupersave 
2026-09-13T14:22:18,569775396-04:00	8134252	0	0	0	0	0	avg10=0.00	avg10=0.00	avg10=0.00	avg10=0.00	pgpgin=1774789238,pgpgout=3173193,pswpin=0,pswpout=0,	reads=1274556,sectors_read=86104396,writes=96227,sectors_written=5746642	default [performance] powersave powersupersave 
2026-09-13T14:22:19,628283423-04:00	8135288	0	0	0	0	0	avg10=0.00	avg10=0.00	avg10=0.00	avg10=0.00	pgpgin=1774789238,pgpgout=3173201,pswpin=0,pswpout=0,	reads=1274556,sectors_read=86104396,writes=96229,sectors_written=5746658	default [performance] powersave powersupersave 
2026-09-13T14:22:20,686358477-04:00	8136684	0	0	0	0	0	avg10=0.00	avg10=0.00	avg10=0.00	avg10=0.00	pgpgin=1774789238,pgpgout=3173209,pswpin=0,pswpout=0,	reads=1274556,sectors_read=86104396,writes=96231,sectors_written=5746674	default [performance] powersave powersupersave 
2026-09-13T14:22:21,750307108-04:00	8138112	0	0	0	0	0	avg10=0.00	avg10=0.00	avg10=0.00	avg10=0.00	pgpgin=1774789238,pgpgout=3173321,pswpin=0,pswpout=0,	reads=1274556,sectors_read=86104396,writes=96235,sectors_written=5746898	default [performance] powersave powersupersave 
2026-09-13T14:22:22,802776699-04:00	8138932	0	0	0	0	0	avg10=0.00	avg10=0.00	avg10=0.00	avg10=0.00	pgpgin=1774789238,pgpgout=3173329,pswpin=0,pswpout=0,	reads=1274556,sectors_read=86104396,writes=96237,sectors_written=5746914	default [performance] powersave powersupersave 
2026-09-13T14:22:23,859544106-04:00	8140392	0	0	0	0	0	avg10=0.00	avg10=0.00	avg10=0.00	avg10=0.00	pgpgin=1774789238,pgpgout=3173337,pswpin=0,pswpout=0,	reads=1274556,sectors_read=86104396,writes=96239,sectors_written=5746930	default [performance] powersave powersupersave 
2026-09-13T14:22:24,917168755-04:00	8143180	0	0	0	0	0	avg10=0.00	avg10=0.00	avg10=0.00	avg10=0.00	pgpgin=1774789238,pgpgout=3173345,pswpin=0,pswpout=0,	reads=1274556,sectors_read=86104396,writes=96241,sectors_written=5746946	default [performance] powersave powersupersave 
2026-09-13T14:22:25,974059945-04:00	8142672	0	0	0	0	0	avg10=0.00	avg10=0.00	avg10=0.00	avg10=0.00	pgpgin=1774789238,pgpgout=3173353,pswpin=0,pswpout=0,	reads=1274556,sectors_read=86104396,writes=96243,sectors_written=5746962	default [performance] powersave powersupersave 
2026-09-13T14:22:27,038094378-04:00	8142708	0	0	0	0	0	avg10=0.00	avg10=0.00	avg10=0.00	avg10=0.00	pgpgin=1774789274,pgpgout=3173457,pswpin=0,pswpout=0,	reads=1274563,sectors_read=86104468,writes=96247,sectors_written=5747170	default [performance] powersave powersupersave 
2026-09-13T14:22:28,096704399-04:00	8142600	0	0	0	0	0	avg10=0.00	avg10=0.00	avg10=0.00	avg10=0.00	pgpgin=1774789274,pgpgout=3173465,pswpin=0,pswpout=0,	reads=1274563,sectors_read=86104468,writes=96249,sectors_written=5747186	default [performance] powersave powersupersave 
2026-09-13T14:22:29,155311004-04:00	8140480	0	0	0	0	0	avg10=0.00	avg10=0.00	avg10=0.00	avg10=0.00	pgpgin=1774789274,pgpgout=3173473,pswpin=0,pswpout=0,	reads=1274563,sectors_read=86104468,writes=96251,sectors_written=5747202	default [performance] powersave powersupersave 
2026-09-13T14:22:30,211803576-04:00	8140300	0	0	0	0	0	avg10=0.00	avg10=0.00	avg10=0.00	avg10=0.00	pgpgin=1774789274,pgpgout=3173481,pswpin=0,pswpout=0,	reads=1274563,sectors_read=86104468,writes=96253,sectors_written=5747218	default [performance] powersave powersupersave 
2026-09-13T14:22:31,268749070-04:00	8140620	0	0	0	0	0	avg10=0.00	avg10=0.00	avg10=0.00	avg10=0.00	pgpgin=1774789274,pgpgout=3173489,pswpin=0,pswpout=0,	reads=1274563,sectors_read=86104468,writes=96255,sectors_written=5747234	default [performance] powersave powersupersave 
2026-09-13T14:22:32,335023874-04:00	8140356	0	0	0	0	0	avg10=0.00	avg10=0.00	avg10=0.00	avg10=0.00	pgpgin=1774789274,pgpgout=3173597,pswpin=0,pswpout=0,	reads=1274563,sectors_read=86104468,writes=96259,sectors_written=5747450	default [performance] powersave powersupersave 
2026-09-13T14:22:33,391411209-04:00	8140116	0	0	0	0	0	avg10=0.00	avg10=0.00	avg10=0.00	avg10=0.00	pgpgin=1774789274,pgpgout=3173605,pswpin=0,pswpout=0,	reads=1274563,sectors_read=86104468,writes=96261,sectors_written=5747466	default [performance] powersave powersupersave 
2026-09-13T14:22:34,447876161-04:00	8139440	0	0	0	0	0	avg10=0.00	avg10=0.00	avg10=0.00	avg10=0.00	pgpgin=1774789274,pgpgout=3173613,pswpin=0,pswpout=0,	reads=1274563,sectors_read=86104468,writes=96263,sectors_written=5747482	default [performance] powersave powersupersave 
2026-09-13T14:22:35,504220786-04:00	8137860	0	0	0	0	0	avg10=0.00	avg10=0.00	avg10=0.00	avg10=0.00	pgpgin=1774789274,pgpgout=3173621,pswpin=0,pswpout=0,	reads=1274563,sectors_read=86104468,writes=96265,sectors_written=5747498	default [performance] powersave powersupersave 
2026-09-13T14:22:36,563388377-04:00	8138520	0	0	0	0	0	avg10=0.00	avg10=0.00	avg10=0.00	avg10=0.00	pgpgin=1774789274,pgpgout=3173629,pswpin=0,pswpout=0,	reads=1274563,sectors_read=86104468,writes=96267,sectors_written=5747514	default [performance] powersave powersupersave 
2026-09-13T14:22:37,628702266-04:00	8140424	0	0	0	0	0	avg10=0.00	avg10=0.00	avg10=0.00	avg10=0.00	pgpgin=1774789274,pgpgout=3173725,pswpin=0,pswpout=0,	reads=1274563,sectors_read=86104468,writes=96271,sectors_written=5747706	default [performance] powersave powersupersave 
2026-09-13T14:22:38,682688311-04:00	8139780	0	0	0	0	0	avg10=0.00	avg10=0.00	avg10=0.00	avg10=0.00	pgpgin=1774789274,pgpgout=3173865,pswpin=0,pswpout=0,	reads=1274563,sectors_read=86104468,writes=96273,sectors_written=5747722	default [performance] powersave powersupersave 
2026-09-13T14:22:39,740721750-04:00	8138760	0	0	0	0	0	avg10=0.00	avg10=0.00	avg10=0.00	avg10=0.00	pgpgin=1774789274,pgpgout=3173873,pswpin=0,pswpout=0,	reads=1274563,sectors_read=86104468,writes=96275,sectors_written=5747738	default [performance] powersave powersupersave 
2026-09-13T14:22:40,797865749-04:00	8138880	0	0	0	0	0	avg10=0.00	avg10=0.00	avg10=0.00	avg10=0.00	pgpgin=1774789274,pgpgout=3173881,pswpin=0,pswpout=0,	reads=1274563,sectors_read=86104468,writes=96277,sectors_written=5747754	default [performance] powersave powersupersave 
2026-09-13T14:22:41,854372540-04:00	8138936	0	0	0	0	0	avg10=0.00	avg10=0.00	avg10=0.00	avg10=0.00	pgpgin=1774789274,pgpgout=3173889,pswpin=0,pswpout=0,	reads=1274563,sectors_read=86104468,writes=96279,sectors_written=5747770	default [performance] powersave powersupersave 
2026-09-13T14:22:42,919332847-04:00	8143248	0	0	0	0	0	avg10=0.00	avg10=0.00	avg10=0.00	avg10=0.00	pgpgin=1774789274,pgpgout=3174005,pswpin=0,pswpout=0,	reads=1274563,sectors_read=86104468,writes=96283,sectors_written=5748002	default [performance] powersave powersupersave 
2026-09-13T14:22:43,976543982-04:00	8143788	0	0	0	0	0	avg10=0.00	avg10=0.00	avg10=0.00	avg10=0.00	pgpgin=1774789274,pgpgout=3174013,pswpin=0,pswpout=0,	reads=1274563,sectors_read=86104468,writes=96285,sectors_written=5748018	default [performance] powersave powersupersave 
2026-09-13T14:22:45,034606367-04:00	8143596	0	0	0	0	0	avg10=0.00	avg10=0.00	avg10=0.00	avg10=0.00	pgpgin=1774789274,pgpgout=3174037,pswpin=0,pswpout=0,	reads=1274563,sectors_read=86104468,writes=96291,sectors_written=5748066	default [performance] powersave powersupersave 
2026-09-13T14:22:46,092408213-04:00	8142752	0	0	0	0	0	avg10=0.00	avg10=0.00	avg10=0.00	avg10=0.00	pgpgin=1774789274,pgpgout=3174045,pswpin=0,pswpout=0,	reads=1274563,sectors_read=86104468,writes=96293,sectors_written=5748082	default [performance] powersave powersupersave 
2026-09-13T14:22:47,150720909-04:00	8144256	0	0	0	0	0	avg10=0.00	avg10=0.00	avg10=0.00	avg10=0.00	pgpgin=1774789274,pgpgout=3174053,pswpin=0,pswpout=0,	reads=1274563,sectors_read=86104468,writes=96295,sectors_written=5748098	default [performance] powersave powersupersave 
2026-09-13T14:22:48,215328604-04:00	8144256	0	0	0	0	0	avg10=0.00	avg10=0.00	avg10=0.00	avg10=0.00	pgpgin=1774789274,pgpgout=3174197,pswpin=0,pswpout=0,	reads=1274563,sectors_read=86104468,writes=96299,sectors_written=5748386	default [performance] powersave powersupersave 
2026-09-13T14:22:49,272776425-04:00	8143712	0	0	0	0	0	avg10=0.00	avg10=0.00	avg10=0.00	avg10=0.00	pgpgin=1774789274,pgpgout=3174205,pswpin=0,pswpout=0,	reads=1274563,sectors_read=86104468,writes=96301,sectors_written=5748402	default [performance] powersave powersupersave 
2026-09-13T14:22:50,329514894-04:00	8144020	0	0	0	0	0	avg10=0.00	avg10=0.00	avg10=0.00	avg10=0.00	pgpgin=1774789274,pgpgout=3174325,pswpin=0,pswpout=0,	reads=1274563,sectors_read=86104468,writes=96328,sectors_written=5748642	default [performance] powersave powersupersave 
2026-09-13T14:22:51,384880703-04:00	8142644	0	0	0	0	0	avg10=0.00	avg10=0.00	avg10=0.00	avg10=0.00	pgpgin=1774789274,pgpgout=3174333,pswpin=0,pswpout=0,	reads=1274563,sectors_read=86104468,writes=96330,sectors_written=5748658	default [performance] powersave powersupersave 
2026-09-13T14:22:52,443970521-04:00	8141316	0	0	0	0	0	avg10=0.00	avg10=0.00	avg10=0.00	avg10=0.00	pgpgin=1774789274,pgpgout=3174341,pswpin=0,pswpout=0,	reads=1274563,sectors_read=86104468,writes=96332,sectors_written=5748674	default [performance] powersave powersupersave 
2026-09-13T14:22:53,510906682-04:00	8141004	0	0	0	0	0	avg10=0.00	avg10=0.00	avg10=0.00	avg10=0.00	pgpgin=1774789274,pgpgout=3174445,pswpin=0,pswpout=0,	reads=1274563,sectors_read=86104468,writes=96336,sectors_written=5748882	default [performance] powersave powersupersave 
2026-09-13T14:22:54,569006931-04:00	8140588	0	0	0	0	0	avg10=0.00	avg10=0.00	avg10=0.00	avg10=0.00	pgpgin=1774789274,pgpgout=3174453,pswpin=0,pswpout=0,	reads=1274563,sectors_read=86104468,writes=96338,sectors_written=5748898	default [performance] powersave powersupersave 
2026-09-13T14:22:55,627894038-04:00	8140340	0	0	0	0	0	avg10=0.00	avg10=0.00	avg10=0.00	avg10=0.00	pgpgin=1774789274,pgpgout=3174461,pswpin=0,pswpout=0,	reads=1274563,sectors_read=86104468,writes=96340,sectors_written=5748914	default [performance] powersave powersupersave 
2026-09-13T14:22:56,685644128-04:00	8140176	0	0	0	0	0	avg10=0.00	avg10=0.00	avg10=0.00	avg10=0.00	pgpgin=1774789274,pgpgout=3174469,pswpin=0,pswpout=0,	reads=1274563,sectors_read=86104468,writes=96342,sectors_written=5748930	default [performance] powersave powersupersave 
2026-09-13T14:22:57,744326291-04:00	8139876	0	0	0	0	0	avg10=0.00	avg10=0.00	avg10=0.00	avg10=0.00	pgpgin=1774789274,pgpgout=3174477,pswpin=0,pswpout=0,	reads=1274563,sectors_read=86104468,writes=96344,sectors_written=5748946	default [performance] powersave powersupersave 
2026-09-13T14:22:58,812106189-04:00	8139560	0	0	0	0	0	avg10=0.00	avg10=0.00	avg10=0.00	avg10=0.00	pgpgin=1774789274,pgpgout=3174577,pswpin=0,pswpout=0,	reads=1274563,sectors_read=86104468,writes=96348,sectors_written=5749146	default [performance] powersave powersupersave 
2026-09-13T14:22:59,871314861-04:00	8139452	0	0	0	0	0	avg10=0.00	avg10=0.00	avg10=0.00	avg10=0.00	pgpgin=1774789274,pgpgout=3174585,pswpin=0,pswpout=0,	reads=1274563,sectors_read=86104468,writes=96350,sectors_written=5749162	default [performance] powersave powersupersave 
2026-09-13T14:23:00,929175700-04:00	8139588	0	0	0	0	0	avg10=0.00	avg10=0.00	avg10=0.00	avg10=0.00	pgpgin=1774789274,pgpgout=3174593,pswpin=0,pswpout=0,	reads=1274563,sectors_read=86104468,writes=96352,sectors_written=5749178	default [performance] powersave powersupersave 
2026-09-13T14:23:01,986820654-04:00	8139116	0	0	0	0	0	avg10=0.00	avg10=0.00	avg10=0.00	avg10=0.00	pgpgin=1774789274,pgpgout=3174601,pswpin=0,pswpout=0,	reads=1274563,sectors_read=86104468,writes=96354,sectors_written=5749194	default [performance] powersave powersupersave 
2026-09-13T14:23:03,044874908-04:00	8140000	0	0	0	0	0	avg10=0.00	avg10=0.00	avg10=0.00	avg10=0.00	pgpgin=1774789274,pgpgout=3174609,pswpin=0,pswpout=0,	reads=1274563,sectors_read=86104468,writes=96356,sectors_written=5749210	default [performance] powersave powersupersave 
2026-09-13T14:23:04,110136676-04:00	8139740	0	0	0	0	0	avg10=0.00	avg10=0.00	avg10=0.00	avg10=0.00	pgpgin=1774789274,pgpgout=3174725,pswpin=0,pswpout=0,	reads=1274563,sectors_read=86104468,writes=96360,sectors_written=5749442	default [performance] powersave powersupersave 
2026-09-13T14:23:05,167998698-04:00	8142180	0	0	0	0	0	avg10=0.00	avg10=0.00	avg10=0.00	avg10=0.00	pgpgin=1774789274,pgpgout=3174733,pswpin=0,pswpout=0,	reads=1274563,sectors_read=86104468,writes=96362,sectors_written=5749458	default [performance] powersave powersupersave 
2026-09-13T14:23:06,227170563-04:00	8140972	0	0	0	0	0	avg10=0.00	avg10=0.00	avg10=0.00	avg10=0.00	pgpgin=1774789274,pgpgout=3174741,pswpin=0,pswpout=0,	reads=1274563,sectors_read=86104468,writes=96364,sectors_written=5749474	default [performance] powersave powersupersave 
2026-09-13T14:23:07,284897282-04:00	8142360	0	0	0	0	0	avg10=0.00	avg10=0.00	avg10=0.00	avg10=0.00	pgpgin=1774789274,pgpgout=3174749,pswpin=0,pswpout=0,	reads=1274563,sectors_read=86104468,writes=96366,sectors_written=5749490	default [performance] powersave powersupersave 
2026-09-13T14:23:08,341548450-04:00	8142404	0	0	0	0	0	avg10=0.00	avg10=0.00	avg10=0.00	avg10=0.00	pgpgin=1774789274,pgpgout=3174757,pswpin=0,pswpout=0,	reads=1274563,sectors_read=86104468,writes=96368,sectors_written=5749506	default [performance] powersave powersupersave 
2026-09-13T14:23:09,407431796-04:00	8141996	0	0	0	0	0	avg10=0.00	avg10=0.00	avg10=0.00	avg10=0.00	pgpgin=1774789274,pgpgout=3174889,pswpin=0,pswpout=0,	reads=1274563,sectors_read=86104468,writes=96372,sectors_written=5749714	default [performance] powersave powersupersave 
2026-09-13T14:23:10,466640891-04:00	8142808	0	0	0	0	0	avg10=0.00	avg10=0.00	avg10=0.00	avg10=0.00	pgpgin=1774789274,pgpgout=3174897,pswpin=0,pswpout=0,	reads=1274563,sectors_read=86104468,writes=96374,sectors_written=5749730	default [performance] powersave powersupersave 
2026-09-13T14:23:11,524782510-04:00	8142416	0	0	0	0	0	avg10=0.00	avg10=0.00	avg10=0.00	avg10=0.00	pgpgin=1774789274,pgpgout=3174905,pswpin=0,pswpout=0,	reads=1274563,sectors_read=86104468,writes=96376,sectors_written=5749746	default [performance] powersave powersupersave 
2026-09-13T14:23:12,582205099-04:00	8143096	0	0	0	0	0	avg10=0.00	avg10=0.00	avg10=0.00	avg10=0.00	pgpgin=1774789274,pgpgout=3174913,pswpin=0,pswpout=0,	reads=1274563,sectors_read=86104468,writes=96378,sectors_written=5749762	default [performance] powersave powersupersave 
2026-09-13T14:23:13,639211495-04:00	8142428	0	0	0	0	0	avg10=0.00	avg10=0.00	avg10=0.00	avg10=0.00	pgpgin=1774789274,pgpgout=3174921,pswpin=0,pswpout=0,	reads=1274563,sectors_read=86104468,writes=96380,sectors_written=5749778	default [performance] powersave powersupersave 
2026-09-13T14:23:14,704651099-04:00	8141512	0	0	0	0	0	avg10=0.00	avg10=0.00	avg10=0.00	avg10=0.00	pgpgin=1774789274,pgpgout=3175033,pswpin=0,pswpout=0,	reads=1274563,sectors_read=86104468,writes=96384,sectors_written=5750002	default [performance] powersave powersupersave 
2026-09-13T14:23:15,759795618-04:00	8140164	0	0	0	0	0	avg10=0.00	avg10=0.00	avg10=0.00	avg10=0.00	pgpgin=1774789274,pgpgout=3175041,pswpin=0,pswpout=0,	reads=1274563,sectors_read=86104468,writes=96386,sectors_written=5750018	default [performance] powersave powersupersave 
2026-09-13T14:23:16,817991730-04:00	8139592	0	0	0	0	0	avg10=0.00	avg10=0.00	avg10=0.00	avg10=0.00	pgpgin=1774789274,pgpgout=3175049,pswpin=0,pswpout=0,	reads=1274563,sectors_read=86104468,writes=96388,sectors_written=5750034	default [performance] powersave powersupersave 
2026-09-13T14:23:17,876533984-04:00	8141432	0	0	0	0	0	avg10=0.00	avg10=0.00	avg10=0.00	avg10=0.00	pgpgin=1774789274,pgpgout=3175057,pswpin=0,pswpout=0,	reads=1274563,sectors_read=86104468,writes=96390,sectors_written=5750050	default [performance] powersave powersupersave 
2026-09-13T14:23:18,934744805-04:00	8140372	0	0	0	0	0	avg10=0.00	avg10=0.00	avg10=0.00	avg10=0.00	pgpgin=1774789274,pgpgout=3175065,pswpin=0,pswpout=0,	reads=1274563,sectors_read=86104468,writes=96392,sectors_written=5750066	default [performance] powersave powersupersave 
2026-09-13T14:23:19,999121742-04:00	8142480	0	0	0	0	0	avg10=0.00	avg10=0.00	avg10=0.00	avg10=0.00	pgpgin=1774789274,pgpgout=3175181,pswpin=0,pswpout=0,	reads=1274563,sectors_read=86104468,writes=96396,sectors_written=5750298	default [performance] powersave powersupersave 
2026-09-13T14:23:21,056964552-04:00	8142700	0	0	0	0	0	avg10=0.00	avg10=0.00	avg10=0.00	avg10=0.00	pgpgin=1774789274,pgpgout=3175189,pswpin=0,pswpout=0,	reads=1274563,sectors_read=86104468,writes=96398,sectors_written=5750314	default [performance] powersave powersupersave 
2026-09-13T14:23:22,111906090-04:00	8143228	0	0	0	0	0	avg10=0.00	avg10=0.00	avg10=0.00	avg10=0.00	pgpgin=1774789274,pgpgout=3175197,pswpin=0,pswpout=0,	reads=1274563,sectors_read=86104468,writes=96400,sectors_written=5750330	default [performance] powersave powersupersave 
2026-09-13T14:23:23,169584662-04:00	8142172	0	0	0	0	0	avg10=0.00	avg10=0.00	avg10=0.00	avg10=0.00	pgpgin=1774789274,pgpgout=3175205,pswpin=0,pswpout=0,	reads=1274563,sectors_read=86104468,writes=96402,sectors_written=5750346	default [performance] powersave powersupersave 
2026-09-13T14:23:24,228996310-04:00	8141560	0	0	0	0	0	avg10=0.00	avg10=0.00	avg10=0.00	avg10=0.00	pgpgin=1774789274,pgpgout=3175213,pswpin=0,pswpout=0,	reads=1274563,sectors_read=86104468,writes=96404,sectors_written=5750362	default [performance] powersave powersupersave 
2026-09-13T14:23:25,289127661-04:00	8141560	0	0	0	0	0	avg10=0.00	avg10=0.00	avg10=0.00	avg10=0.00	pgpgin=1774789274,pgpgout=3175349,pswpin=0,pswpout=0,	reads=1274563,sectors_read=86104468,writes=96419,sectors_written=5750634	default [performance] powersave powersupersave 
2026-09-13T14:23:26,345842533-04:00	8140212	0	0	0	0	0	avg10=0.00	avg10=0.00	avg10=0.00	avg10=0.00	pgpgin=1774789274,pgpgout=3175357,pswpin=0,pswpout=0,	reads=1274563,sectors_read=86104468,writes=96421,sectors_written=5750650	default [performance] powersave powersupersave 
2026-09-13T14:23:27,402876263-04:00	8138460	0	0	0	0	0	avg10=0.00	avg10=0.00	avg10=0.00	avg10=0.00	pgpgin=1774789274,pgpgout=3175365,pswpin=0,pswpout=0,	reads=1274563,sectors_read=86104468,writes=96423,sectors_written=5750666	default [performance] powersave powersupersave 
2026-09-13T14:23:28,458924522-04:00	8137488	0	0	0	0	0	avg10=0.00	avg10=0.00	avg10=0.00	avg10=0.00	pgpgin=1774789274,pgpgout=3175373,pswpin=0,pswpout=0,	reads=1274563,sectors_read=86104468,writes=96425,sectors_written=5750682	default [performance] powersave powersupersave 
2026-09-13T14:23:29,518347744-04:00	8136376	0	0	0	0	0	avg10=0.00	avg10=0.00	avg10=0.00	avg10=0.00	pgpgin=1774789274,pgpgout=3175381,pswpin=0,pswpout=0,	reads=1274563,sectors_read=86104468,writes=96427,sectors_written=5750698	default [performance] powersave powersupersave 
2026-09-13T14:23:30,582966908-04:00	8137212	0	0	0	0	0	avg10=0.00	avg10=0.00	avg10=0.00	avg10=0.00	pgpgin=1774789274,pgpgout=3175485,pswpin=0,pswpout=0,	reads=1274563,sectors_read=86104468,writes=96431,sectors_written=5750906	default [performance] powersave powersupersave 
2026-09-13T14:23:31,640495700-04:00	8136552	0	0	0	0	0	avg10=0.00	avg10=0.00	avg10=0.00	avg10=0.00	pgpgin=1774789274,pgpgout=3175493,pswpin=0,pswpout=0,	reads=1274563,sectors_read=86104468,writes=96433,sectors_written=5750922	default [performance] powersave powersupersave 
2026-09-13T14:23:32,697901882-04:00	8136312	0	0	0	0	0	avg10=0.00	avg10=0.00	avg10=0.00	avg10=0.00	pgpgin=1774789274,pgpgout=3175501,pswpin=0,pswpout=0,	reads=1274563,sectors_read=86104468,writes=96435,sectors_written=5750938	default [performance] powersave powersupersave 
2026-09-13T14:23:33,755555047-04:00	8136892	0	0	0	0	0	avg10=0.00	avg10=0.00	avg10=0.00	avg10=0.00	pgpgin=1774789274,pgpgout=3175509,pswpin=0,pswpout=0,	reads=1274563,sectors_read=86104468,writes=96437,sectors_written=5750954	default [performance] powersave powersupersave 
2026-09-13T14:23:34,810638114-04:00	8137480	0	0	0	0	0	avg10=0.00	avg10=0.00	avg10=0.00	avg10=0.00	pgpgin=1774789274,pgpgout=3175517,pswpin=0,pswpout=0,	reads=1274563,sectors_read=86104468,writes=96439,sectors_written=5750970	default [performance] powersave powersupersave 
2026-09-13T14:23:35,874469700-04:00	8136796	0	0	0	0	0	avg10=0.00	avg10=0.00	avg10=0.00	avg10=0.00	pgpgin=1774789274,pgpgout=3175613,pswpin=0,pswpout=0,	reads=1274563,sectors_read=86104468,writes=96443,sectors_written=5751162	default [performance] powersave powersupersave 
2026-09-13T14:23:36,933967523-04:00	8137552	0	0	0	0	0	avg10=0.00	avg10=0.00	avg10=0.00	avg10=0.00	pgpgin=1774789274,pgpgout=3175621,pswpin=0,pswpout=0,	reads=1274563,sectors_read=86104468,writes=96445,sectors_written=5751178	default [performance] powersave powersupersave 
2026-09-13T14:23:37,992438697-04:00	8139548	0	0	0	0	0	avg10=0.00	avg10=0.00	avg10=0.00	avg10=0.00	pgpgin=1774789274,pgpgout=3175629,pswpin=0,pswpout=0,	reads=1274563,sectors_read=86104468,writes=96447,sectors_written=5751194	default [performance] powersave powersupersave 
2026-09-13T14:23:39,049971187-04:00	8137936	0	0	0	0	0	avg10=0.00	avg10=0.00	avg10=0.00	avg10=0.00	pgpgin=1774789274,pgpgout=3175637,pswpin=0,pswpout=0,	reads=1274563,sectors_read=86104468,writes=96449,sectors_written=5751210	default [performance] powersave powersupersave 
2026-09-13T14:23:40,106476757-04:00	8137296	0	0	0	0	0	avg10=0.00	avg10=0.00	avg10=0.00	avg10=0.00	pgpgin=1774789274,pgpgout=3175645,pswpin=0,pswpout=0,	reads=1274563,sectors_read=86104468,writes=96451,sectors_written=5751226	default [performance] powersave powersupersave 
2026-09-13T14:23:41,160903712-04:00	8137696	0	0	0	0	0	avg10=0.00	avg10=0.00	avg10=0.00	avg10=0.00	pgpgin=1774789274,pgpgout=3175777,pswpin=0,pswpout=0,	reads=1274563,sectors_read=86104468,writes=96455,sectors_written=5751434	default [performance] powersave powersupersave 
2026-09-13T14:23:42,220614005-04:00	8138164	0	0	0	0	0	avg10=0.00	avg10=0.00	avg10=0.00	avg10=0.00	pgpgin=1774789274,pgpgout=3175785,pswpin=0,pswpout=0,	reads=1274563,sectors_read=86104468,writes=96457,sectors_written=5751450	default [performance] powersave powersupersave 
2026-09-13T14:23:43,275879586-04:00	8137676	0	0	0	0	0	avg10=0.00	avg10=0.00	avg10=0.00	avg10=0.00	pgpgin=1774789274,pgpgout=3175793,pswpin=0,pswpout=0,	reads=1274563,sectors_read=86104468,writes=96459,sectors_written=5751466	default [performance] powersave powersupersave 
2026-09-13T14:23:44,335319993-04:00	8136512	0	0	0	0	0	avg10=0.00	avg10=0.00	avg10=0.00	avg10=0.00	pgpgin=1774789274,pgpgout=3175801,pswpin=0,pswpout=0,	reads=1274563,sectors_read=86104468,writes=96461,sectors_written=5751482	default [performance] powersave powersupersave 
2026-09-13T14:23:45,392873152-04:00	8136912	0	0	0	0	0	avg10=0.00	avg10=0.00	avg10=0.00	avg10=0.00	pgpgin=1774789274,pgpgout=3175809,pswpin=0,pswpout=0,	reads=1274563,sectors_read=86104468,writes=96463,sectors_written=5751498	default [performance] powersave powersupersave 
2026-09-13T14:23:46,459774138-04:00	8139364	0	0	0	0	0	avg10=0.00	avg10=0.00	avg10=0.00	avg10=0.00	pgpgin=1774789274,pgpgout=3175917,pswpin=0,pswpout=0,	reads=1274563,sectors_read=86104468,writes=96467,sectors_written=5751714	default [performance] powersave powersupersave 
2026-09-13T14:23:47,519932564-04:00	8137620	0	0	0	0	0	avg10=0.00	avg10=0.00	avg10=0.00	avg10=0.00	pgpgin=1774789274,pgpgout=3175925,pswpin=0,pswpout=0,	reads=1274563,sectors_read=86104468,writes=96469,sectors_written=5751730	default [performance] powersave powersupersave 
2026-09-13T14:23:48,575528447-04:00	8137368	0	0	0	0	0	avg10=0.00	avg10=0.00	avg10=0.00	avg10=0.00	pgpgin=1774789274,pgpgout=3175933,pswpin=0,pswpout=0,	reads=1274563,sectors_read=86104468,writes=96471,sectors_written=5751746	default [performance] powersave powersupersave 
2026-09-13T14:23:49,634989994-04:00	8140136	0	0	0	0	0	avg10=0.00	avg10=0.00	avg10=0.00	avg10=0.00	pgpgin=1774789274,pgpgout=3175941,pswpin=0,pswpout=0,	reads=1274563,sectors_read=86104468,writes=96473,sectors_written=5751762	default [performance] powersave powersupersave 
2026-09-13T14:23:50,692438448-04:00	8140508	0	0	0	0	0	avg10=0.00	avg10=0.00	avg10=0.00	avg10=0.00	pgpgin=1774789274,pgpgout=3175949,pswpin=0,pswpout=0,	reads=1274563,sectors_read=86104468,writes=96475,sectors_written=5751778	default [performance] powersave powersupersave 
2026-09-13T14:23:51,751416296-04:00	8140512	0	0	0	0	0	avg10=0.00	avg10=0.00	avg10=0.00	avg10=0.00	pgpgin=1774789274,pgpgout=3176061,pswpin=0,pswpout=0,	reads=1274563,sectors_read=86104468,writes=96479,sectors_written=5752002	default [performance] powersave powersupersave 
2026-09-13T14:23:52,809497901-04:00	8139768	0	0	0	0	0	avg10=0.00	avg10=0.00	avg10=0.00	avg10=0.00	pgpgin=1774789274,pgpgout=3176069,pswpin=0,pswpout=0,	reads=1274563,sectors_read=86104468,writes=96481,sectors_written=5752018	default [performance] powersave powersupersave 
2026-09-13T14:23:53,868918181-04:00	8120460	0	0	0	0	0	avg10=0.00	avg10=0.00	avg10=0.00	avg10=0.00	pgpgin=1774789614,pgpgout=3176309,pswpin=0,pswpout=0,	reads=1274568,sectors_read=86105132,writes=96487,sectors_written=5752498	default [performance] powersave powersupersave 
2026-09-13T14:23:54,928071058-04:00	8130516	0	0	0	0	0	avg10=0.00	avg10=0.00	avg10=0.00	avg10=0.00	pgpgin=1774789614,pgpgout=3176317,pswpin=0,pswpout=0,	reads=1274568,sectors_read=86105132,writes=96489,sectors_written=5752514	default [performance] powersave powersupersave 
2026-09-13T14:23:55,984715683-04:00	8129088	0	0	0	0	0	avg10=0.00	avg10=0.00	avg10=0.00	avg10=0.00	pgpgin=1774789614,pgpgout=3176393,pswpin=0,pswpout=0,	reads=1274568,sectors_read=86105132,writes=96506,sectors_written=5752666	default [performance] powersave powersupersave 
2026-09-13T14:23:57,041601682-04:00	8131112	0	0	0	0	0	avg10=0.00	avg10=0.00	avg10=0.00	avg10=0.00	pgpgin=1774789750,pgpgout=3176401,pswpin=0,pswpout=0,	reads=1274570,sectors_read=86105404,writes=96508,sectors_written=5752682	default [performance] powersave powersupersave 
2026-09-13T14:23:58,097850253-04:00	8133520	0	0	0	0	0	avg10=0.00	avg10=0.00	avg10=0.00	avg10=0.00	pgpgin=1774789750,pgpgout=3176409,pswpin=0,pswpout=0,	reads=1274570,sectors_read=86105404,writes=96510,sectors_written=5752698	default [performance] powersave powersupersave 
2026-09-13T14:23:59,163709643-04:00	8134356	0	0	0	0	0	avg10=0.00	avg10=0.00	avg10=0.00	avg10=0.00	pgpgin=1774789750,pgpgout=3176581,pswpin=0,pswpout=0,	reads=1274570,sectors_read=86105404,writes=96515,sectors_written=5753042	default [performance] powersave powersupersave 
2026-09-13T14:24:00,220826366-04:00	8135288	0	0	0	0	0	avg10=0.00	avg10=0.00	avg10=0.00	avg10=0.00	pgpgin=1774789750,pgpgout=3176589,pswpin=0,pswpout=0,	reads=1274570,sectors_read=86105404,writes=96517,sectors_written=5753058	default [performance] powersave powersupersave 
2026-09-13T14:24:01,279059947-04:00	8135820	0	0	0	0	0	avg10=0.00	avg10=0.00	avg10=0.00	avg10=0.00	pgpgin=1774789750,pgpgout=3176597,pswpin=0,pswpout=0,	reads=1274570,sectors_read=86105404,writes=96519,sectors_written=5753074	default [performance] powersave powersupersave 
2026-09-13T14:24:02,336153968-04:00	8133924	0	0	0	0	0	avg10=0.00	avg10=0.00	avg10=0.00	avg10=0.00	pgpgin=1774789750,pgpgout=3176605,pswpin=0,pswpout=0,	reads=1274570,sectors_read=86105404,writes=96521,sectors_written=5753090	default [performance] powersave powersupersave 
2026-09-13T14:24:03,393495994-04:00	8135488	0	0	0	0	0	avg10=0.00	avg10=0.00	avg10=0.00	avg10=0.00	pgpgin=1774789750,pgpgout=3176613,pswpin=0,pswpout=0,	reads=1274570,sectors_read=86105404,writes=96523,sectors_written=5753106	default [performance] powersave powersupersave 
2026-09-13T14:24:04,458993055-04:00	8136416	0	0	0	0	0	avg10=0.00	avg10=0.00	avg10=0.00	avg10=0.00	pgpgin=1774789750,pgpgout=3176725,pswpin=0,pswpout=0,	reads=1274570,sectors_read=86105404,writes=96527,sectors_written=5753330	default [performance] powersave powersupersave 
2026-09-13T14:24:05,517819982-04:00	8137436	0	0	0	0	0	avg10=0.00	avg10=0.00	avg10=0.00	avg10=0.00	pgpgin=1774789750,pgpgout=3176733,pswpin=0,pswpout=0,	reads=1274570,sectors_read=86105404,writes=96529,sectors_written=5753346	default [performance] powersave powersupersave 
2026-09-13T14:24:06,576337207-04:00	8137432	0	0	0	0	0	avg10=0.00	avg10=0.00	avg10=0.00	avg10=0.00	pgpgin=1774789750,pgpgout=3176741,pswpin=0,pswpout=0,	reads=1274570,sectors_read=86105404,writes=96531,sectors_written=5753362	default [performance] powersave powersupersave 
2026-09-13T14:24:07,634484328-04:00	8138160	0	0	0	0	0	avg10=0.00	avg10=0.00	avg10=0.00	avg10=0.00	pgpgin=1774789750,pgpgout=3176749,pswpin=0,pswpout=0,	reads=1274570,sectors_read=86105404,writes=96533,sectors_written=5753378	default [performance] powersave powersupersave 
2026-09-13T14:24:08,692250693-04:00	8137764	0	0	0	0	0	avg10=0.00	avg10=0.00	avg10=0.00	avg10=0.00	pgpgin=1774789750,pgpgout=3176757,pswpin=0,pswpout=0,	reads=1274570,sectors_read=86105404,writes=96535,sectors_written=5753394	default [performance] powersave powersupersave 
2026-09-13T14:24:09,757335770-04:00	8138608	0	0	0	0	0	avg10=0.00	avg10=0.00	avg10=0.00	avg10=0.00	pgpgin=1774789750,pgpgout=3176857,pswpin=0,pswpout=0,	reads=1274570,sectors_read=86105404,writes=96539,sectors_written=5753594	default [performance] powersave powersupersave 
2026-09-13T14:24:10,816249892-04:00	8139156	0	0	0	0	0	avg10=0.00	avg10=0.00	avg10=0.00	avg10=0.00	pgpgin=1774789750,pgpgout=3176865,pswpin=0,pswpout=0,	reads=1274570,sectors_read=86105404,writes=96541,sectors_written=5753610	default [performance] powersave powersupersave 
2026-09-13T14:24:11,872966134-04:00	8139340	0	0	0	0	0	avg10=0.00	avg10=0.00	avg10=0.00	avg10=0.00	pgpgin=1774789750,pgpgout=3177009,pswpin=0,pswpout=0,	reads=1274570,sectors_read=86105404,writes=96543,sectors_written=5753626	default [performance] powersave powersupersave 
2026-09-13T14:24:12,930723312-04:00	8137976	0	0	0	0	0	avg10=0.00	avg10=0.00	avg10=0.00	avg10=0.00	pgpgin=1774789750,pgpgout=3177017,pswpin=0,pswpout=0,	reads=1274570,sectors_read=86105404,writes=96545,sectors_written=5753642	default [performance] powersave powersupersave 
2026-09-13T14:24:13,988308257-04:00	8138152	0	0	0	0	0	avg10=0.00	avg10=0.00	avg10=0.00	avg10=0.00	pgpgin=1774789750,pgpgout=3177025,pswpin=0,pswpout=0,	reads=1274570,sectors_read=86105404,writes=96547,sectors_written=5753658	default [performance] powersave powersupersave 
2026-09-13T14:24:15,053388066-04:00	8137512	0	0	0	0	0	avg10=0.00	avg10=0.00	avg10=0.00	avg10=0.00	pgpgin=1774789750,pgpgout=3177117,pswpin=0,pswpout=0,	reads=1274570,sectors_read=86105404,writes=96551,sectors_written=5753842	default [performance] powersave powersupersave 
2026-09-13T14:24:16,112646937-04:00	8136308	0	0	0	0	0	avg10=0.00	avg10=0.00	avg10=0.00	avg10=0.00	pgpgin=1774789750,pgpgout=3177125,pswpin=0,pswpout=0,	reads=1274570,sectors_read=86105404,writes=96553,sectors_written=5753858	default [performance] powersave powersupersave 
2026-09-13T14:24:17,171351365-04:00	8135324	0	0	0	0	0	avg10=0.00	avg10=0.00	avg10=0.00	avg10=0.00	pgpgin=1774789750,pgpgout=3177133,pswpin=0,pswpout=0,	reads=1274570,sectors_read=86105404,writes=96555,sectors_written=5753874	default [performance] powersave powersupersave 
2026-09-13T14:24:18,231171942-04:00	8136092	0	0	0	0	0	avg10=0.00	avg10=0.00	avg10=0.00	avg10=0.00	pgpgin=1774789750,pgpgout=3177141,pswpin=0,pswpout=0,	reads=1274570,sectors_read=86105404,writes=96557,sectors_written=5753890	default [performance] powersave powersupersave 
2026-09-13T14:24:19,290991196-04:00	8136300	0	0	0	0	0	avg10=0.00	avg10=0.00	avg10=0.00	avg10=0.00	pgpgin=1774789750,pgpgout=3177149,pswpin=0,pswpout=0,	reads=1274570,sectors_read=86105404,writes=96559,sectors_written=5753906	default [performance] powersave powersupersave 
2026-09-13T14:24:20,358406785-04:00	8139280	0	0	0	0	0	avg10=0.00	avg10=0.00	avg10=0.00	avg10=0.00	pgpgin=1774789750,pgpgout=3177257,pswpin=0,pswpout=0,	reads=1274570,sectors_read=86105404,writes=96563,sectors_written=5754122	default [performance] powersave powersupersave 
2026-09-13T14:24:21,413764636-04:00	8138316	0	0	0	0	0	avg10=0.00	avg10=0.00	avg10=0.00	avg10=0.00	pgpgin=1774789750,pgpgout=3177265,pswpin=0,pswpout=0,	reads=1274570,sectors_read=86105404,writes=96565,sectors_written=5754138	default [performance] powersave powersupersave 
2026-09-13T14:24:22,472846315-04:00	8138260	0	0	0	0	0	avg10=0.00	avg10=0.00	avg10=0.00	avg10=0.00	pgpgin=1774789750,pgpgout=3177273,pswpin=0,pswpout=0,	reads=1274570,sectors_read=86105404,writes=96567,sectors_written=5754154	default [performance] powersave powersupersave 
2026-09-13T14:24:23,529734262-04:00	8137560	0	0	0	0	0	avg10=0.00	avg10=0.00	avg10=0.00	avg10=0.00	pgpgin=1774789750,pgpgout=3177281,pswpin=0,pswpout=0,	reads=1274570,sectors_read=86105404,writes=96569,sectors_written=5754170	default [performance] powersave powersupersave 
2026-09-13T14:24:24,591517047-04:00	8137144	0	0	0	0	0	avg10=0.00	avg10=0.00	avg10=0.00	avg10=0.00	pgpgin=1774789750,pgpgout=3177289,pswpin=0,pswpout=0,	reads=1274570,sectors_read=86105404,writes=96571,sectors_written=5754186	default [performance] powersave powersupersave 
2026-09-13T14:24:25,657846465-04:00	8135368	0	0	0	0	0	avg10=0.00	avg10=0.00	avg10=0.00	avg10=0.00	pgpgin=1774789750,pgpgout=3177393,pswpin=0,pswpout=0,	reads=1274570,sectors_read=86105404,writes=96575,sectors_written=5754394	default [performance] powersave powersupersave 
2026-09-13T14:24:26,717890683-04:00	8135536	0	0	0	0	0	avg10=0.00	avg10=0.00	avg10=0.00	avg10=0.00	pgpgin=1774789750,pgpgout=3177473,pswpin=0,pswpout=0,	reads=1274570,sectors_read=86105404,writes=96582,sectors_written=5754554	default [performance] powersave powersupersave 
2026-09-13T14:24:27,776374139-04:00	8135644	0	0	0	0	0	avg10=0.00	avg10=0.00	avg10=0.00	avg10=0.00	pgpgin=1774789750,pgpgout=3177481,pswpin=0,pswpout=0,	reads=1274570,sectors_read=86105404,writes=96584,sectors_written=5754570	default [performance] powersave powersupersave 
2026-09-13T14:24:28,835127742-04:00	8135088	0	0	0	0	0	avg10=0.00	avg10=0.00	avg10=0.00	avg10=0.00	pgpgin=1774789750,pgpgout=3177489,pswpin=0,pswpout=0,	reads=1274570,sectors_read=86105404,writes=96586,sectors_written=5754586	default [performance] powersave powersupersave 
2026-09-13T14:24:29,893615727-04:00	8135268	0	0	0	0	0	avg10=0.00	avg10=0.00	avg10=0.00	avg10=0.00	pgpgin=1774789750,pgpgout=3177497,pswpin=0,pswpout=0,	reads=1274570,sectors_read=86105404,writes=96588,sectors_written=5754602	default [performance] powersave powersupersave 
2026-09-13T14:24:30,958773164-04:00	8133564	0	0	0	0	0	avg10=0.00	avg10=0.00	avg10=0.00	avg10=0.00	pgpgin=1774789750,pgpgout=3177637,pswpin=0,pswpout=0,	reads=1274570,sectors_read=86105404,writes=96592,sectors_written=5754882	default [performance] powersave powersupersave 
2026-09-13T14:24:32,014624494-04:00	8133424	0	0	0	0	0	avg10=0.00	avg10=0.00	avg10=0.00	avg10=0.00	pgpgin=1774789750,pgpgout=3177769,pswpin=0,pswpout=0,	reads=1274570,sectors_read=86105404,writes=96621,sectors_written=5755146	default [performance] powersave powersupersave 
2026-09-13T14:24:33,070705386-04:00	8133744	0	0	0	0	0	avg10=0.00	avg10=0.00	avg10=0.00	avg10=0.00	pgpgin=1774789750,pgpgout=3177777,pswpin=0,pswpout=0,	reads=1274570,sectors_read=86105404,writes=96623,sectors_written=5755162	default [performance] powersave powersupersave 
2026-09-13T14:24:34,127546877-04:00	8134904	0	0	0	0	0	avg10=0.00	avg10=0.00	avg10=0.00	avg10=0.00	pgpgin=1774789750,pgpgout=3177785,pswpin=0,pswpout=0,	reads=1274570,sectors_read=86105404,writes=96625,sectors_written=5755178	default [performance] powersave powersupersave 
2026-09-13T14:24:35,184375765-04:00	8133676	0	0	0	0	0	avg10=0.00	avg10=0.00	avg10=0.00	avg10=0.00	pgpgin=1774789750,pgpgout=3177793,pswpin=0,pswpout=0,	reads=1274570,sectors_read=86105404,writes=96627,sectors_written=5755194	default [performance] powersave powersupersave 
2026-09-13T14:24:36,250159269-04:00	8133496	0	0	0	0	0	avg10=0.00	avg10=0.00	avg10=0.00	avg10=0.00	pgpgin=1774789750,pgpgout=3177893,pswpin=0,pswpout=0,	reads=1274570,sectors_read=86105404,writes=96631,sectors_written=5755394	default [performance] powersave powersupersave 
2026-09-13T14:24:37,305459725-04:00	8133816	0	0	0	0	0	avg10=0.00	avg10=0.00	avg10=0.00	avg10=0.00	pgpgin=1774789750,pgpgout=3177901,pswpin=0,pswpout=0,	reads=1274570,sectors_read=86105404,writes=96633,sectors_written=5755410	default [performance] powersave powersupersave 
2026-09-13T14:24:38,364126758-04:00	8135672	0	0	0	0	0	avg10=0.00	avg10=0.00	avg10=0.00	avg10=0.00	pgpgin=1774789750,pgpgout=3177909,pswpin=0,pswpout=0,	reads=1274570,sectors_read=86105404,writes=96635,sectors_written=5755426	default [performance] powersave powersupersave 
2026-09-13T14:24:39,423866787-04:00	8136736	0	0	0	0	0	avg10=0.00	avg10=0.00	avg10=0.00	avg10=0.00	pgpgin=1774789750,pgpgout=3177917,pswpin=0,pswpout=0,	reads=1274570,sectors_read=86105404,writes=96637,sectors_written=5755442	default [performance] powersave powersupersave 
2026-09-13T14:24:40,483842158-04:00	8136156	0	0	0	0	0	avg10=0.00	avg10=0.00	avg10=0.00	avg10=0.00	pgpgin=1774789750,pgpgout=3177925,pswpin=0,pswpout=0,	reads=1274570,sectors_read=86105404,writes=96639,sectors_written=5755458	default [performance] powersave powersupersave 
2026-09-13T14:24:41,551090385-04:00	8137620	0	0	0	0	0	avg10=0.00	avg10=0.00	avg10=0.00	avg10=0.00	pgpgin=1774789750,pgpgout=3178025,pswpin=0,pswpout=0,	reads=1274570,sectors_read=86105404,writes=96643,sectors_written=5755658	default [performance] powersave powersupersave 
2026-09-13T14:24:42,608972383-04:00	8136636	0	0	0	0	0	avg10=0.00	avg10=0.00	avg10=0.00	avg10=0.00	pgpgin=1774789750,pgpgout=3178061,pswpin=0,pswpout=0,	reads=1274570,sectors_read=86105404,writes=96645,sectors_written=5755674	default [performance] powersave powersupersave 
2026-09-13T14:24:43,667673641-04:00	8137672	0	0	0	0	0	avg10=0.00	avg10=0.00	avg10=0.00	avg10=0.00	pgpgin=1774789750,pgpgout=3178069,pswpin=0,pswpout=0,	reads=1274570,sectors_read=86105404,writes=96647,sectors_written=5755690	default [performance] powersave powersupersave 
2026-09-13T14:24:44,726773848-04:00	8136188	0	0	0	0	0	avg10=0.00	avg10=0.00	avg10=0.00	avg10=0.00	pgpgin=1774789750,pgpgout=3178077,pswpin=0,pswpout=0,	reads=1274570,sectors_read=86105404,writes=96649,sectors_written=5755706	default [performance] powersave powersupersave 
2026-09-13T14:24:45,784209127-04:00	8134048	0	0	0	0	0	avg10=0.00	avg10=0.00	avg10=0.00	avg10=0.00	pgpgin=1774789750,pgpgout=3178085,pswpin=0,pswpout=0,	reads=1274570,sectors_read=86105404,writes=96651,sectors_written=5755722	default [performance] powersave powersupersave 
2026-09-13T14:24:46,850175366-04:00	8133136	0	0	0	0	0	avg10=0.00	avg10=0.00	avg10=0.00	avg10=0.00	pgpgin=1774789750,pgpgout=3178197,pswpin=0,pswpout=0,	reads=1274570,sectors_read=86105404,writes=96655,sectors_written=5755946	default [performance] powersave powersupersave 
2026-09-13T14:24:47,909270936-04:00	8133192	0	0	0	0	0	avg10=0.00	avg10=0.00	avg10=0.00	avg10=0.00	pgpgin=1774789750,pgpgout=3178205,pswpin=0,pswpout=0,	reads=1274570,sectors_read=86105404,writes=96657,sectors_written=5755962	default [performance] powersave powersupersave 
2026-09-13T14:24:48,969448829-04:00	8133180	0	0	0	0	0	avg10=0.00	avg10=0.00	avg10=0.00	avg10=0.00	pgpgin=1774789750,pgpgout=3178213,pswpin=0,pswpout=0,	reads=1274570,sectors_read=86105404,writes=96659,sectors_written=5755978	default [performance] powersave powersupersave 
2026-09-13T14:24:50,028347168-04:00	8132732	0	0	0	0	0	avg10=0.00	avg10=0.00	avg10=0.00	avg10=0.00	pgpgin=1774789762,pgpgout=3178221,pswpin=0,pswpout=0,	reads=1274572,sectors_read=86105428,writes=96661,sectors_written=5755994	default [performance] powersave powersupersave 
2026-09-13T14:24:51,087760855-04:00	8131236	0	0	0	0	0	avg10=0.00	avg10=0.00	avg10=0.00	avg10=0.00	pgpgin=1774789762,pgpgout=3178229,pswpin=0,pswpout=0,	reads=1274572,sectors_read=86105428,writes=96663,sectors_written=5756010	default [performance] powersave powersupersave 
2026-09-13T14:24:52,152717719-04:00	8132376	0	0	0	0	0	avg10=0.00	avg10=0.00	avg10=0.00	avg10=0.00	pgpgin=1774789762,pgpgout=3178337,pswpin=0,pswpout=0,	reads=1274572,sectors_read=86105428,writes=96667,sectors_written=5756226	default [performance] powersave powersupersave 
2026-09-13T14:24:53,211805173-04:00	8133976	0	0	0	0	0	avg10=0.00	avg10=0.00	avg10=0.00	avg10=0.00	pgpgin=1774789762,pgpgout=3178345,pswpin=0,pswpout=0,	reads=1274572,sectors_read=86105428,writes=96669,sectors_written=5756242	default [performance] powersave powersupersave 
2026-09-13T14:24:54,267965718-04:00	8133472	0	0	0	0	0	avg10=0.00	avg10=0.00	avg10=0.00	avg10=0.00	pgpgin=1774789762,pgpgout=3178353,pswpin=0,pswpout=0,	reads=1274572,sectors_read=86105428,writes=96671,sectors_written=5756258	default [performance] powersave powersupersave 
2026-09-13T14:24:55,324912611-04:00	8133296	0	0	0	0	0	avg10=0.00	avg10=0.00	avg10=0.00	avg10=0.00	pgpgin=1774789762,pgpgout=3178361,pswpin=0,pswpout=0,	reads=1274572,sectors_read=86105428,writes=96673,sectors_written=5756274	default [performance] powersave powersupersave 
2026-09-13T14:24:56,381642857-04:00	8132300	0	0	0	0	0	avg10=0.00	avg10=0.00	avg10=0.00	avg10=0.00	pgpgin=1774789762,pgpgout=3178369,pswpin=0,pswpout=0,	reads=1274572,sectors_read=86105428,writes=96675,sectors_written=5756290	default [performance] powersave powersupersave 
2026-09-13T14:24:57,447382513-04:00	8132360	0	0	0	0	0	avg10=0.00	avg10=0.00	avg10=0.00	avg10=0.00	pgpgin=1774789762,pgpgout=3178469,pswpin=0,pswpout=0,	reads=1274572,sectors_read=86105428,writes=96679,sectors_written=5756490	default [performance] powersave powersupersave 
2026-09-13T14:24:58,507199619-04:00	8132436	0	0	0	0	0	avg10=0.00	avg10=0.00	avg10=0.00	avg10=0.00	pgpgin=1774789762,pgpgout=3178477,pswpin=0,pswpout=0,	reads=1274572,sectors_read=86105428,writes=96681,sectors_written=5756506	default [performance] powersave powersupersave 
2026-09-13T14:24:59,565631543-04:00	8132580	0	0	0	0	0	avg10=0.00	avg10=0.00	avg10=0.00	avg10=0.00	pgpgin=1774789762,pgpgout=3178485,pswpin=0,pswpout=0,	reads=1274572,sectors_read=86105428,writes=96683,sectors_written=5756522	default [performance] powersave powersupersave 
2026-09-13T14:25:00,623782720-04:00	8132536	0	0	0	0	0	avg10=0.00	avg10=0.00	avg10=0.00	avg10=0.00	pgpgin=1774789762,pgpgout=3178493,pswpin=0,pswpout=0,	reads=1274572,sectors_read=86105428,writes=96685,sectors_written=5756538	default [performance] powersave powersupersave 
2026-09-13T14:25:01,682096993-04:00	8132684	0	0	0	0	0	avg10=0.00	avg10=0.00	avg10=0.00	avg10=0.00	pgpgin=1774789762,pgpgout=3178501,pswpin=0,pswpout=0,	reads=1274572,sectors_read=86105428,writes=96687,sectors_written=5756554	default [performance] powersave powersupersave 
2026-09-13T14:25:02,739665164-04:00	8133628	0	0	0	0	0	avg10=0.00	avg10=0.00	avg10=0.00	avg10=0.00	pgpgin=1774790214,pgpgout=3178621,pswpin=0,pswpout=0,	reads=1274610,sectors_read=86106332,writes=96692,sectors_written=5756794	default [performance] powersave powersupersave 
2026-09-13T14:25:03,796389821-04:00	8133384	0	0	0	0	0	avg10=0.00	avg10=0.00	avg10=0.00	avg10=0.00	pgpgin=1774790214,pgpgout=3178629,pswpin=0,pswpout=0,	reads=1274610,sectors_read=86106332,writes=96694,sectors_written=5756810	default [performance] powersave powersupersave 
2026-09-13T14:25:04,852038827-04:00	8132872	0	0	0	0	0	avg10=0.00	avg10=0.00	avg10=0.00	avg10=0.00	pgpgin=1774790214,pgpgout=3178637,pswpin=0,pswpout=0,	reads=1274610,sectors_read=86106332,writes=96696,sectors_written=5756826	default [performance] powersave powersupersave 
2026-09-13T14:25:05,908914177-04:00	8132736	0	0	0	0	0	avg10=0.00	avg10=0.00	avg10=0.00	avg10=0.00	pgpgin=1774790214,pgpgout=3178645,pswpin=0,pswpout=0,	reads=1274610,sectors_read=86106332,writes=96698,sectors_written=5756842	default [performance] powersave powersupersave 
2026-09-13T14:25:06,973645058-04:00	8133260	0	0	0	0	0	avg10=0.00	avg10=0.00	avg10=0.00	avg10=0.00	pgpgin=1774790214,pgpgout=3178749,pswpin=0,pswpout=0,	reads=1274610,sectors_read=86106332,writes=96702,sectors_written=5757050	default [performance] powersave powersupersave 
2026-09-13T14:25:08,031694605-04:00	8132564	0	0	0	0	0	avg10=0.00	avg10=0.00	avg10=0.00	avg10=0.00	pgpgin=1774790214,pgpgout=3178817,pswpin=0,pswpout=0,	reads=1274610,sectors_read=86106332,writes=96718,sectors_written=5757186	default [performance] powersave powersupersave 
2026-09-13T14:25:09,089286272-04:00	8130608	0	0	0	0	0	avg10=0.00	avg10=0.00	avg10=0.00	avg10=0.00	pgpgin=1774790214,pgpgout=3178825,pswpin=0,pswpout=0,	reads=1274610,sectors_read=86106332,writes=96720,sectors_written=5757202	default [performance] powersave powersupersave 
2026-09-13T14:25:10,146488867-04:00	8129280	0	0	0	0	0	avg10=0.00	avg10=0.00	avg10=0.00	avg10=0.00	pgpgin=1774790214,pgpgout=3178833,pswpin=0,pswpout=0,	reads=1274610,sectors_read=86106332,writes=96722,sectors_written=5757218	default [performance] powersave powersupersave 
2026-09-13T14:25:11,204668379-04:00	8128596	0	0	0	0	0	avg10=0.00	avg10=0.00	avg10=0.00	avg10=0.00	pgpgin=1774790214,pgpgout=3178841,pswpin=0,pswpout=0,	reads=1274610,sectors_read=86106332,writes=96724,sectors_written=5757234	default [performance] powersave powersupersave 
2026-09-13T14:25:12,271577614-04:00	8129788	0	0	0	0	0	avg10=0.00	avg10=0.00	avg10=0.00	avg10=0.00	pgpgin=1774790214,pgpgout=3178945,pswpin=0,pswpout=0,	reads=1274610,sectors_read=86106332,writes=96728,sectors_written=5757442	default [performance] powersave powersupersave 
2026-09-13T14:25:13,329568572-04:00	8131072	0	0	0	0	0	avg10=0.00	avg10=0.00	avg10=0.00	avg10=0.00	pgpgin=1774790214,pgpgout=3178981,pswpin=0,pswpout=0,	reads=1274610,sectors_read=86106332,writes=96730,sectors_written=5757458	default [performance] powersave powersupersave 
2026-09-13T14:25:14,387864142-04:00	8132000	0	0	0	0	0	avg10=0.00	avg10=0.00	avg10=0.00	avg10=0.00	pgpgin=1774790214,pgpgout=3178989,pswpin=0,pswpout=0,	reads=1274610,sectors_read=86106332,writes=96732,sectors_written=5757474	default [performance] powersave powersupersave 
2026-09-13T14:25:15,447176031-04:00	8131328	0	0	0	0	0	avg10=0.00	avg10=0.00	avg10=0.00	avg10=0.00	pgpgin=1774790214,pgpgout=3178997,pswpin=0,pswpout=0,	reads=1274610,sectors_read=86106332,writes=96734,sectors_written=5757490	default [performance] powersave powersupersave 
2026-09-13T14:25:16,504419234-04:00	8131156	0	0	0	0	0	avg10=0.00	avg10=0.00	avg10=0.00	avg10=0.00	pgpgin=1774790214,pgpgout=3179005,pswpin=0,pswpout=0,	reads=1274610,sectors_read=86106332,writes=96736,sectors_written=5757506	default [performance] powersave powersupersave 
2026-09-13T14:25:17,569029561-04:00	8133096	0	0	0	0	0	avg10=0.00	avg10=0.00	avg10=0.00	avg10=0.00	pgpgin=1774790214,pgpgout=3179101,pswpin=0,pswpout=0,	reads=1274610,sectors_read=86106332,writes=96740,sectors_written=5757698	default [performance] powersave powersupersave 
2026-09-13T14:25:18,629731954-04:00	8132196	0	0	0	0	0	avg10=0.00	avg10=0.00	avg10=0.00	avg10=0.00	pgpgin=1774790214,pgpgout=3179109,pswpin=0,pswpout=0,	reads=1274610,sectors_read=86106332,writes=96742,sectors_written=5757714	default [performance] powersave powersupersave 
2026-09-13T14:25:19,688518217-04:00	8132488	0	0	0	0	0	avg10=0.00	avg10=0.00	avg10=0.00	avg10=0.00	pgpgin=1774790214,pgpgout=3179117,pswpin=0,pswpout=0,	reads=1274610,sectors_read=86106332,writes=96744,sectors_written=5757730	default [performance] powersave powersupersave 
2026-09-13T14:25:20,747193822-04:00	8133580	0	0	0	0	0	avg10=0.00	avg10=0.00	avg10=0.00	avg10=0.00	pgpgin=1774790214,pgpgout=3179125,pswpin=0,pswpout=0,	reads=1274610,sectors_read=86106332,writes=96746,sectors_written=5757746	default [performance] powersave powersupersave 
2026-09-13T14:25:21,806101544-04:00	8133600	0	0	0	0	0	avg10=0.00	avg10=0.00	avg10=0.00	avg10=0.00	pgpgin=1774790214,pgpgout=3179133,pswpin=0,pswpout=0,	reads=1274610,sectors_read=86106332,writes=96748,sectors_written=5757762	default [performance] powersave powersupersave 
2026-09-13T14:25:22,873057589-04:00	8133748	0	0	0	0	0	avg10=0.00	avg10=0.00	avg10=0.00	avg10=0.00	pgpgin=1774790214,pgpgout=3179237,pswpin=0,pswpout=0,	reads=1274610,sectors_read=86106332,writes=96752,sectors_written=5757970	default [performance] powersave powersupersave 
2026-09-13T14:25:23,926872020-04:00	8133800	0	0	0	0	0	avg10=0.00	avg10=0.00	avg10=0.00	avg10=0.00	pgpgin=1774790214,pgpgout=3179245,pswpin=0,pswpout=0,	reads=1274610,sectors_read=86106332,writes=96754,sectors_written=5757986	default [performance] powersave powersupersave 
2026-09-13T14:25:24,984550783-04:00	8131880	0	0	0	0	0	avg10=0.00	avg10=0.00	avg10=0.00	avg10=0.00	pgpgin=1774790214,pgpgout=3179253,pswpin=0,pswpout=0,	reads=1274610,sectors_read=86106332,writes=96756,sectors_written=5758002	default [performance] powersave powersupersave 
2026-09-13T14:25:26,039673413-04:00	8133284	0	0	0	0	0	avg10=0.00	avg10=0.00	avg10=0.00	avg10=0.00	pgpgin=1774790214,pgpgout=3179261,pswpin=0,pswpout=0,	reads=1274610,sectors_read=86106332,writes=96758,sectors_written=5758018	default [performance] powersave powersupersave 
2026-09-13T14:25:27,097864158-04:00	8135088	0	0	0	0	0	avg10=0.00	avg10=0.00	avg10=0.00	avg10=0.00	pgpgin=1774790214,pgpgout=3179269,pswpin=0,pswpout=0,	reads=1274610,sectors_read=86106332,writes=96760,sectors_written=5758034	default [performance] powersave powersupersave 
2026-09-13T14:25:28,162929451-04:00	8133824	0	0	0	0	0	avg10=0.00	avg10=0.00	avg10=0.00	avg10=0.00	pgpgin=1774790214,pgpgout=3179361,pswpin=0,pswpout=0,	reads=1274610,sectors_read=86106332,writes=96764,sectors_written=5758218	default [performance] powersave powersupersave 
2026-09-13T14:25:29,222780266-04:00	8133652	0	0	0	0	0	avg10=0.00	avg10=0.00	avg10=0.00	avg10=0.00	pgpgin=1774790214,pgpgout=3179369,pswpin=0,pswpout=0,	reads=1274610,sectors_read=86106332,writes=96766,sectors_written=5758234	default [performance] powersave powersupersave 
2026-09-13T14:25:30,282803014-04:00	8131900	0	0	0	0	0	avg10=0.00	avg10=0.00	avg10=0.00	avg10=0.00	pgpgin=1774790214,pgpgout=3179377,pswpin=0,pswpout=0,	reads=1274610,sectors_read=86106332,writes=96768,sectors_written=5758250	default [performance] powersave powersupersave 
2026-09-13T14:25:31,341099047-04:00	8132232	0	0	0	0	0	avg10=0.00	avg10=0.00	avg10=0.00	avg10=0.00	pgpgin=1774790214,pgpgout=3179385,pswpin=0,pswpout=0,	reads=1274610,sectors_read=86106332,writes=96770,sectors_written=5758266	default [performance] powersave powersupersave 
2026-09-13T14:25:32,398434926-04:00	8132364	0	0	0	0	0	avg10=0.00	avg10=0.00	avg10=0.00	avg10=0.00	pgpgin=1774790214,pgpgout=3179393,pswpin=0,pswpout=0,	reads=1274610,sectors_read=86106332,writes=96772,sectors_written=5758282	default [performance] powersave powersupersave 
2026-09-13T14:25:33,465076823-04:00	8131752	0	0	0	0	0	avg10=0.00	avg10=0.00	avg10=0.00	avg10=0.00	pgpgin=1774790214,pgpgout=3179645,pswpin=0,pswpout=0,	reads=1274610,sectors_read=86106332,writes=96800,sectors_written=5758786	default [performance] powersave powersupersave 
2026-09-13T14:25:34,523742321-04:00	8132900	0	0	0	0	0	avg10=0.00	avg10=0.00	avg10=0.00	avg10=0.00	pgpgin=1774790214,pgpgout=3179653,pswpin=0,pswpout=0,	reads=1274610,sectors_read=86106332,writes=96802,sectors_written=5758802	default [performance] powersave powersupersave 
2026-09-13T14:25:35,579953938-04:00	8149172	0	0	0	0	0	avg10=0.00	avg10=0.00	avg10=0.00	avg10=0.00	pgpgin=1774790214,pgpgout=3179661,pswpin=0,pswpout=0,	reads=1274610,sectors_read=86106332,writes=96804,sectors_written=5758818	default [performance] powersave powersupersave 
2026-09-13T14:25:36,636080216-04:00	8123408	0	0	0	0	0	avg10=0.00	avg10=0.00	avg10=0.00	avg10=0.00	pgpgin=1774790370,pgpgout=3179913,pswpin=0,pswpout=0,	reads=1274617,sectors_read=86106644,writes=96810,sectors_written=5759322	default [performance] powersave powersupersave 
2026-09-13T14:25:37,694486838-04:00	8122788	0	0	0	0	0	avg10=0.00	avg10=0.00	avg10=0.00	avg10=0.00	pgpgin=1774790370,pgpgout=3179921,pswpin=0,pswpout=0,	reads=1274617,sectors_read=86106644,writes=96812,sectors_written=5759338	default [performance] powersave powersupersave 
2026-09-13T14:25:38,752866219-04:00	8125996	0	0	0	0	0	avg10=0.00	avg10=0.00	avg10=0.00	avg10=0.00	pgpgin=1774790370,pgpgout=3179929,pswpin=0,pswpout=0,	reads=1274617,sectors_read=86106644,writes=96814,sectors_written=5759354	default [performance] powersave powersupersave 
2026-09-13T14:25:39,811473038-04:00	8124920	0	0	0	0	0	avg10=0.00	avg10=0.00	avg10=0.00	avg10=0.00	pgpgin=1774790370,pgpgout=3179937,pswpin=0,pswpout=0,	reads=1274617,sectors_read=86106644,writes=96816,sectors_written=5759370	default [performance] powersave powersupersave 
2026-09-13T14:25:40,878420359-04:00	8122248	0	0	0	0	0	avg10=0.00	avg10=0.00	avg10=0.00	avg10=0.00	pgpgin=1774790370,pgpgout=3180089,pswpin=0,pswpout=0,	reads=1274617,sectors_read=86106644,writes=96821,sectors_written=5759674	default [performance] powersave powersupersave 
2026-09-13T14:25:41,936658906-04:00	8123244	0	0	0	0	0	avg10=0.00	avg10=0.00	avg10=0.00	avg10=0.00	pgpgin=1774790370,pgpgout=3180097,pswpin=0,pswpout=0,	reads=1274617,sectors_read=86106644,writes=96823,sectors_written=5759690	default [performance] powersave powersupersave 
2026-09-13T14:25:42,995081189-04:00	8121896	0	0	0	0	0	avg10=0.00	avg10=0.00	avg10=0.00	avg10=0.00	pgpgin=1774790370,pgpgout=3180105,pswpin=0,pswpout=0,	reads=1274617,sectors_read=86106644,writes=96825,sectors_written=5759706	default [performance] powersave powersupersave 
2026-09-13T14:25:44,055358357-04:00	8120640	0	0	0	0	0	avg10=0.00	avg10=0.00	avg10=0.00	avg10=0.00	pgpgin=1774790370,pgpgout=3180353,pswpin=0,pswpout=0,	reads=1274617,sectors_read=86106644,writes=96856,sectors_written=5759978	default [performance] powersave powersupersave 
2026-09-13T14:25:45,111806269-04:00	8119280	0	0	0	0	0	avg10=0.00	avg10=0.00	avg10=0.00	avg10=0.00	pgpgin=1774790370,pgpgout=3180361,pswpin=0,pswpout=0,	reads=1274617,sectors_read=86106644,writes=96858,sectors_written=5759994	default [performance] powersave powersupersave 
2026-09-13T14:25:46,170106974-04:00	8123252	0	0	0	0	0	avg10=0.00	avg10=0.00	avg10=0.00	avg10=0.00	pgpgin=1774790370,pgpgout=3180477,pswpin=0,pswpout=0,	reads=1274617,sectors_read=86106644,writes=96862,sectors_written=5760226	default [performance] powersave powersupersave 
2026-09-13T14:25:47,228381489-04:00	8124092	0	0	0	0	0	avg10=0.00	avg10=0.00	avg10=0.00	avg10=0.00	pgpgin=1774790370,pgpgout=3180485,pswpin=0,pswpout=0,	reads=1274617,sectors_read=86106644,writes=96864,sectors_written=5760242	default [performance] powersave powersupersave 
2026-09-13T14:25:48,287570934-04:00	8126856	0	0	0	0	0	avg10=0.00	avg10=0.00	avg10=0.00	avg10=0.00	pgpgin=1774790370,pgpgout=3180493,pswpin=0,pswpout=0,	reads=1274617,sectors_read=86106644,writes=96866,sectors_written=5760258	default [performance] powersave powersupersave 
2026-09-13T14:25:49,345625807-04:00	8129460	0	0	0	0	0	avg10=0.00	avg10=0.00	avg10=0.00	avg10=0.00	pgpgin=1774790370,pgpgout=3180501,pswpin=0,pswpout=0,	reads=1274617,sectors_read=86106644,writes=96868,sectors_written=5760274	default [performance] powersave powersupersave 
2026-09-13T14:25:50,403755330-04:00	8130632	0	0	0	0	0	avg10=0.00	avg10=0.00	avg10=0.00	avg10=0.00	pgpgin=1774790370,pgpgout=3180509,pswpin=0,pswpout=0,	reads=1274617,sectors_read=86106644,writes=96870,sectors_written=5760290	default [performance] powersave powersupersave 
2026-09-13T14:25:51,467860162-04:00	8129936	0	0	0	0	0	avg10=0.00	avg10=0.00	avg10=0.00	avg10=0.00	pgpgin=1774790370,pgpgout=3180633,pswpin=0,pswpout=0,	reads=1274617,sectors_read=86106644,writes=96874,sectors_written=5760538	default [performance] powersave powersupersave 
2026-09-13T14:25:52,526186606-04:00	8130956	0	0	0	0	0	avg10=0.00	avg10=0.00	avg10=0.00	avg10=0.00	pgpgin=1774790370,pgpgout=3180641,pswpin=0,pswpout=0,	reads=1274617,sectors_read=86106644,writes=96876,sectors_written=5760554	default [performance] powersave powersupersave 
2026-09-13T14:25:53,584087360-04:00	8130556	0	0	0	0	0	avg10=0.00	avg10=0.00	avg10=0.00	avg10=0.00	pgpgin=1774790370,pgpgout=3180649,pswpin=0,pswpout=0,	reads=1274617,sectors_read=86106644,writes=96878,sectors_written=5760570	default [performance] powersave powersupersave 
2026-09-13T14:25:54,642049590-04:00	8129352	0	0	0	0	0	avg10=0.00	avg10=0.00	avg10=0.00	avg10=0.00	pgpgin=1774790370,pgpgout=3180657,pswpin=0,pswpout=0,	reads=1274617,sectors_read=86106644,writes=96880,sectors_written=5760586	default [performance] powersave powersupersave 
2026-09-13T14:25:55,698975672-04:00	8129664	0	0	0	0	0	avg10=0.00	avg10=0.00	avg10=0.00	avg10=0.00	pgpgin=1774790370,pgpgout=3180665,pswpin=0,pswpout=0,	reads=1274617,sectors_read=86106644,writes=96882,sectors_written=5760602	default [performance] powersave powersupersave 
2026-09-13T14:25:56,766739220-04:00	8139200	0	0	0	0	0	avg10=0.00	avg10=0.00	avg10=0.00	avg10=0.00	pgpgin=1774790370,pgpgout=3180773,pswpin=0,pswpout=0,	reads=1274617,sectors_read=86106644,writes=96886,sectors_written=5760818	default [performance] powersave powersupersave 
2026-09-13T14:25:57,824668708-04:00	8137316	0	0	0	0	0	avg10=0.00	avg10=0.00	avg10=0.00	avg10=0.00	pgpgin=1774790370,pgpgout=3180781,pswpin=0,pswpout=0,	reads=1274617,sectors_read=86106644,writes=96888,sectors_written=5760834	default [performance] powersave powersupersave 
2026-09-13T14:25:58,881144405-04:00	8136948	0	0	0	0	0	avg10=0.00	avg10=0.00	avg10=0.00	avg10=0.00	pgpgin=1774790370,pgpgout=3180789,pswpin=0,pswpout=0,	reads=1274617,sectors_read=86106644,writes=96890,sectors_written=5760850	default [performance] powersave powersupersave 
2026-09-13T14:25:59,938576169-04:00	8136448	0	0	0	0	0	avg10=0.00	avg10=0.00	avg10=0.00	avg10=0.00	pgpgin=1774790370,pgpgout=3180797,pswpin=0,pswpout=0,	reads=1274617,sectors_read=86106644,writes=96892,sectors_written=5760866	default [performance] powersave powersupersave 
2026-09-13T14:26:00,995880523-04:00	8136036	0	0	0	0	0	avg10=0.00	avg10=0.00	avg10=0.00	avg10=0.00	pgpgin=1774790370,pgpgout=3180805,pswpin=0,pswpout=0,	reads=1274617,sectors_read=86106644,writes=96894,sectors_written=5760882	default [performance] powersave powersupersave 
2026-09-13T14:26:02,061210138-04:00	8136176	0	0	0	0	0	avg10=0.00	avg10=0.00	avg10=0.00	avg10=0.00	pgpgin=1774790370,pgpgout=3180917,pswpin=0,pswpout=0,	reads=1274617,sectors_read=86106644,writes=96898,sectors_written=5761106	default [performance] powersave powersupersave 
2026-09-13T14:26:03,120156478-04:00	8135532	0	0	0	0	0	avg10=0.00	avg10=0.00	avg10=0.00	avg10=0.00	pgpgin=1774790370,pgpgout=3180925,pswpin=0,pswpout=0,	reads=1274617,sectors_read=86106644,writes=96900,sectors_written=5761122	default [performance] powersave powersupersave 
2026-09-13T14:26:04,178606024-04:00	8137264	0	0	0	0	0	avg10=0.00	avg10=0.00	avg10=0.00	avg10=0.00	pgpgin=1774790370,pgpgout=3180933,pswpin=0,pswpout=0,	reads=1274617,sectors_read=86106644,writes=96902,sectors_written=5761138	default [performance] powersave powersupersave 
2026-09-13T14:26:05,237429995-04:00	8137088	0	0	0	0	0	avg10=0.00	avg10=0.00	avg10=0.00	avg10=0.00	pgpgin=1774790370,pgpgout=3180941,pswpin=0,pswpout=0,	reads=1274617,sectors_read=86106644,writes=96904,sectors_written=5761154	default [performance] powersave powersupersave 
2026-09-13T14:26:06,294491644-04:00	8137344	0	0	0	0	0	avg10=0.00	avg10=0.00	avg10=0.00	avg10=0.00	pgpgin=1774790370,pgpgout=3180949,pswpin=0,pswpout=0,	reads=1274617,sectors_read=86106644,writes=96906,sectors_written=5761170	default [performance] powersave powersupersave 
2026-09-13T14:26:07,360193048-04:00	8135904	0	0	0	0	0	avg10=0.00	avg10=0.00	avg10=0.00	avg10=0.00	pgpgin=1774790370,pgpgout=3181061,pswpin=0,pswpout=0,	reads=1274617,sectors_read=86106644,writes=96910,sectors_written=5761394	default [performance] powersave powersupersave 
2026-09-13T14:26:08,417559600-04:00	8137060	0	0	0	0	0	avg10=0.00	avg10=0.00	avg10=0.00	avg10=0.00	pgpgin=1774790370,pgpgout=3181069,pswpin=0,pswpout=0,	reads=1274617,sectors_read=86106644,writes=96912,sectors_written=5761410	default [performance] powersave powersupersave 
2026-09-13T14:26:09,475376689-04:00	8136928	0	0	0	0	0	avg10=0.00	avg10=0.00	avg10=0.00	avg10=0.00	pgpgin=1774790370,pgpgout=3181149,pswpin=0,pswpout=0,	reads=1274617,sectors_read=86106644,writes=96919,sectors_written=5761570	default [performance] powersave powersupersave 
2026-09-13T14:26:10,533623716-04:00	8152052	0	0	0	0	0	avg10=0.00	avg10=0.00	avg10=0.00	avg10=0.00	pgpgin=1774790370,pgpgout=3181157,pswpin=0,pswpout=0,	reads=1274617,sectors_read=86106644,writes=96921,sectors_written=5761586	default [performance] powersave powersupersave 
2026-09-13T14:26:11,591659627-04:00	8150928	0	0	0	0	0	avg10=0.00	avg10=0.00	avg10=0.00	avg10=0.00	pgpgin=1774790370,pgpgout=3181165,pswpin=0,pswpout=0,	reads=1274617,sectors_read=86106644,writes=96923,sectors_written=5761602	default [performance] powersave powersupersave 
2026-09-13T14:26:12,657407609-04:00	8150260	0	0	0	0	0	avg10=0.00	avg10=0.00	avg10=0.00	avg10=0.00	pgpgin=1774790370,pgpgout=3181281,pswpin=0,pswpout=0,	reads=1274617,sectors_read=86106644,writes=96927,sectors_written=5761834	default [performance] powersave powersupersave 
2026-09-13T14:26:13,716011267-04:00	8151660	0	0	0	0	0	avg10=0.00	avg10=0.00	avg10=0.00	avg10=0.00	pgpgin=1774790370,pgpgout=3181289,pswpin=0,pswpout=0,	reads=1274617,sectors_read=86106644,writes=96929,sectors_written=5761850	default [performance] powersave powersupersave 
2026-09-13T14:26:14,774596460-04:00	8153180	0	0	0	0	0	avg10=0.00	avg10=0.00	avg10=0.00	avg10=0.00	pgpgin=1774790370,pgpgout=3181349,pswpin=0,pswpout=0,	reads=1274617,sectors_read=86106644,writes=96931,sectors_written=5761866	default [performance] powersave powersupersave 
2026-09-13T14:26:15,832299335-04:00	8153112	0	0	0	0	0	avg10=0.00	avg10=0.00	avg10=0.00	avg10=0.00	pgpgin=1774790370,pgpgout=3181357,pswpin=0,pswpout=0,	reads=1274617,sectors_read=86106644,writes=96933,sectors_written=5761882	default [performance] powersave powersupersave 
2026-09-13T14:26:16,890459209-04:00	8152428	0	0	0	0	0	avg10=0.00	avg10=0.00	avg10=0.00	avg10=0.00	pgpgin=1774790370,pgpgout=3181365,pswpin=0,pswpout=0,	reads=1274617,sectors_read=86106644,writes=96935,sectors_written=5761898	default [performance] powersave powersupersave 
2026-09-13T14:26:17,953677308-04:00	8151776	0	0	0	0	0	avg10=0.00	avg10=0.00	avg10=0.00	avg10=0.00	pgpgin=1774790370,pgpgout=3181473,pswpin=0,pswpout=0,	reads=1274617,sectors_read=86106644,writes=96939,sectors_written=5762114	default [performance] powersave powersupersave 
2026-09-13T14:26:19,011031178-04:00	8150228	0	0	0	0	0	avg10=0.00	avg10=0.00	avg10=0.00	avg10=0.00	pgpgin=1774790370,pgpgout=3181481,pswpin=0,pswpout=0,	reads=1274617,sectors_read=86106644,writes=96941,sectors_written=5762130	default [performance] powersave powersupersave 
2026-09-13T14:26:20,068756637-04:00	8150608	0	0	0	0	0	avg10=0.00	avg10=0.00	avg10=0.00	avg10=0.00	pgpgin=1774790370,pgpgout=3181557,pswpin=0,pswpout=0,	reads=1274617,sectors_read=86106644,writes=96960,sectors_written=5762282	default [performance] powersave powersupersave 
2026-09-13T14:26:21,128274713-04:00	8150668	0	0	0	0	0	avg10=0.00	avg10=0.00	avg10=0.00	avg10=0.00	pgpgin=1774790370,pgpgout=3181565,pswpin=0,pswpout=0,	reads=1274617,sectors_read=86106644,writes=96962,sectors_written=5762298	default [performance] powersave powersupersave 
2026-09-13T14:26:22,186085182-04:00	8152012	0	0	0	0	0	avg10=0.00	avg10=0.00	avg10=0.00	avg10=0.00	pgpgin=1774790370,pgpgout=3181573,pswpin=0,pswpout=0,	reads=1274617,sectors_read=86106644,writes=96964,sectors_written=5762314	default [performance] powersave powersupersave 
2026-09-13T14:26:23,251676391-04:00	8150940	0	0	0	0	0	avg10=0.00	avg10=0.00	avg10=0.00	avg10=0.00	pgpgin=1774790370,pgpgout=3181665,pswpin=0,pswpout=0,	reads=1274617,sectors_read=86106644,writes=96968,sectors_written=5762498	default [performance] powersave powersupersave 
2026-09-13T14:26:24,310725607-04:00	8149780	0	0	0	0	0	avg10=0.00	avg10=0.00	avg10=0.00	avg10=0.00	pgpgin=1774790370,pgpgout=3181673,pswpin=0,pswpout=0,	reads=1274617,sectors_read=86106644,writes=96970,sectors_written=5762514	default [performance] powersave powersupersave 
2026-09-13T14:26:25,369103752-04:00	8150024	0	0	0	0	0	avg10=0.00	avg10=0.00	avg10=0.00	avg10=0.00	pgpgin=1774790370,pgpgout=3181681,pswpin=0,pswpout=0,	reads=1274617,sectors_read=86106644,writes=96972,sectors_written=5762530	default [performance] powersave powersupersave 
2026-09-13T14:26:26,426218384-04:00	8151076	0	0	0	0	0	avg10=0.00	avg10=0.00	avg10=0.00	avg10=0.00	pgpgin=1774790370,pgpgout=3181689,pswpin=0,pswpout=0,	reads=1274617,sectors_read=86106644,writes=96974,sectors_written=5762546	default [performance] powersave powersupersave 
2026-09-13T14:26:27,484004577-04:00	8150796	0	0	0	0	0	avg10=0.00	avg10=0.00	avg10=0.00	avg10=0.00	pgpgin=1774790370,pgpgout=3181697,pswpin=0,pswpout=0,	reads=1274617,sectors_read=86106644,writes=96976,sectors_written=5762562	default [performance] powersave powersupersave 
2026-09-13T14:26:28,545684968-04:00	8149904	0	0	0	0	0	avg10=0.00	avg10=0.00	avg10=0.00	avg10=0.00	pgpgin=1774790370,pgpgout=3181805,pswpin=0,pswpout=0,	reads=1274617,sectors_read=86106644,writes=96980,sectors_written=5762778	default [performance] powersave powersupersave 
2026-09-13T14:26:29,601983026-04:00	8150628	0	0	0	0	0	avg10=0.00	avg10=0.00	avg10=0.00	avg10=0.00	pgpgin=1774790370,pgpgout=3181813,pswpin=0,pswpout=0,	reads=1274617,sectors_read=86106644,writes=96982,sectors_written=5762794	default [performance] powersave powersupersave 
2026-09-13T14:26:30,659490245-04:00	8151384	0	0	0	0	0	avg10=0.00	avg10=0.00	avg10=0.00	avg10=0.00	pgpgin=1774790370,pgpgout=3181821,pswpin=0,pswpout=0,	reads=1274617,sectors_read=86106644,writes=96984,sectors_written=5762810	default [performance] powersave powersupersave 
2026-09-13T14:26:31,715345931-04:00	8151588	0	0	0	0	0	avg10=0.00	avg10=0.00	avg10=0.00	avg10=0.00	pgpgin=1774790370,pgpgout=3181829,pswpin=0,pswpout=0,	reads=1274617,sectors_read=86106644,writes=96986,sectors_written=5762826	default [performance] powersave powersupersave 
2026-09-13T14:26:32,774300932-04:00	8152664	0	0	0	0	0	avg10=0.00	avg10=0.00	avg10=0.00	avg10=0.00	pgpgin=1774790370,pgpgout=3181837,pswpin=0,pswpout=0,	reads=1274617,sectors_read=86106644,writes=96988,sectors_written=5762842	default [performance] powersave powersupersave 
2026-09-13T14:26:33,840557502-04:00	8151960	0	0	0	0	0	avg10=0.00	avg10=0.00	avg10=0.00	avg10=0.00	pgpgin=1774790370,pgpgout=3181953,pswpin=0,pswpout=0,	reads=1274617,sectors_read=86106644,writes=96992,sectors_written=5763074	default [performance] powersave powersupersave 
2026-09-13T14:26:34,898106531-04:00	8151500	0	0	0	0	0	avg10=0.00	avg10=0.00	avg10=0.00	avg10=0.00	pgpgin=1774790370,pgpgout=3181961,pswpin=0,pswpout=0,	reads=1274617,sectors_read=86106644,writes=96994,sectors_written=5763090	default [performance] powersave powersupersave 
2026-09-13T14:26:35,955058228-04:00	8149940	0	0	0	0	0	avg10=0.00	avg10=0.00	avg10=0.00	avg10=0.00	pgpgin=1774790370,pgpgout=3181969,pswpin=0,pswpout=0,	reads=1274617,sectors_read=86106644,writes=96996,sectors_written=5763106	default [performance] powersave powersupersave 
2026-09-13T14:26:37,012146591-04:00	8149144	0	0	0	0	0	avg10=0.00	avg10=0.00	avg10=0.00	avg10=0.00	pgpgin=1774790370,pgpgout=3181977,pswpin=0,pswpout=0,	reads=1274617,sectors_read=86106644,writes=96998,sectors_written=5763122	default [performance] powersave powersupersave 
2026-09-13T14:26:38,069250684-04:00	8149864	0	0	0	0	0	avg10=0.00	avg10=0.00	avg10=0.00	avg10=0.00	pgpgin=1774790370,pgpgout=3181985,pswpin=0,pswpout=0,	reads=1274617,sectors_read=86106644,writes=97000,sectors_written=5763138	default [performance] powersave powersupersave 
2026-09-13T14:26:39,133271454-04:00	8148448	0	0	0	0	0	avg10=0.00	avg10=0.00	avg10=0.00	avg10=0.00	pgpgin=1774790370,pgpgout=3182089,pswpin=0,pswpout=0,	reads=1274617,sectors_read=86106644,writes=97004,sectors_written=5763346	default [performance] powersave powersupersave 
2026-09-13T14:26:40,191511813-04:00	8148748	0	0	0	0	0	avg10=0.00	avg10=0.00	avg10=0.00	avg10=0.00	pgpgin=1774790370,pgpgout=3182097,pswpin=0,pswpout=0,	reads=1274617,sectors_read=86106644,writes=97006,sectors_written=5763362	default [performance] powersave powersupersave 
2026-09-13T14:26:41,249158977-04:00	8149544	0	0	0	0	0	avg10=0.00	avg10=0.00	avg10=0.00	avg10=0.00	pgpgin=1774790370,pgpgout=3182105,pswpin=0,pswpout=0,	reads=1274617,sectors_read=86106644,writes=97008,sectors_written=5763378	default [performance] powersave powersupersave 
2026-09-13T14:26:42,307125020-04:00	8148968	0	0	0	0	0	avg10=0.00	avg10=0.00	avg10=0.00	avg10=0.00	pgpgin=1774790370,pgpgout=3182113,pswpin=0,pswpout=0,	reads=1274617,sectors_read=86106644,writes=97010,sectors_written=5763394	default [performance] powersave powersupersave 
2026-09-13T14:26:43,364476398-04:00	8147608	0	0	0	0	0	avg10=0.00	avg10=0.00	avg10=0.00	avg10=0.00	pgpgin=1774790370,pgpgout=3182121,pswpin=0,pswpout=0,	reads=1274617,sectors_read=86106644,writes=97012,sectors_written=5763410	default [performance] powersave powersupersave 
2026-09-13T14:26:44,430306770-04:00	8147272	0	0	0	0	0	avg10=0.00	avg10=0.00	avg10=0.00	avg10=0.00	pgpgin=1774790370,pgpgout=3182225,pswpin=0,pswpout=0,	reads=1274617,sectors_read=86106644,writes=97016,sectors_written=5763618	default [performance] powersave powersupersave 
2026-09-13T14:26:45,488177945-04:00	8147712	0	0	0	0	0	avg10=0.00	avg10=0.00	avg10=0.00	avg10=0.00	pgpgin=1774790370,pgpgout=3182261,pswpin=0,pswpout=0,	reads=1274617,sectors_read=86106644,writes=97018,sectors_written=5763634	default [performance] powersave powersupersave 
2026-09-13T14:26:46,546834807-04:00	8148352	0	0	0	0	0	avg10=0.00	avg10=0.00	avg10=0.00	avg10=0.00	pgpgin=1774790370,pgpgout=3182269,pswpin=0,pswpout=0,	reads=1274617,sectors_read=86106644,writes=97020,sectors_written=5763650	default [performance] powersave powersupersave 
2026-09-13T14:26:47,604143596-04:00	8148448	0	0	0	0	0	avg10=0.00	avg10=0.00	avg10=0.00	avg10=0.00	pgpgin=1774790370,pgpgout=3182277,pswpin=0,pswpout=0,	reads=1274617,sectors_read=86106644,writes=97022,sectors_written=5763666	default [performance] powersave powersupersave 
2026-09-13T14:26:48,661163753-04:00	8147936	0	0	0	0	0	avg10=0.00	avg10=0.00	avg10=0.00	avg10=0.00	pgpgin=1774790370,pgpgout=3182285,pswpin=0,pswpout=0,	reads=1274617,sectors_read=86106644,writes=97024,sectors_written=5763682	default [performance] powersave powersupersave 
2026-09-13T14:26:49,726357469-04:00	8147480	0	0	0	0	0	avg10=0.00	avg10=0.00	avg10=0.00	avg10=0.00	pgpgin=1774790370,pgpgout=3182401,pswpin=0,pswpout=0,	reads=1274617,sectors_read=86106644,writes=97028,sectors_written=5763914	default [performance] powersave powersupersave 
2026-09-13T14:26:50,786066979-04:00	8147248	0	0	0	0	0	avg10=0.00	avg10=0.00	avg10=0.00	avg10=0.00	pgpgin=1774790370,pgpgout=3182409,pswpin=0,pswpout=0,	reads=1274617,sectors_read=86106644,writes=97030,sectors_written=5763930	default [performance] powersave powersupersave 
2026-09-13T14:26:51,844205578-04:00	8148028	0	0	0	0	0	avg10=0.00	avg10=0.00	avg10=0.00	avg10=0.00	pgpgin=1774790370,pgpgout=3182417,pswpin=0,pswpout=0,	reads=1274617,sectors_read=86106644,writes=97032,sectors_written=5763946	default [performance] powersave powersupersave 
2026-09-13T14:26:52,901636176-04:00	8149528	0	0	0	0	0	avg10=0.00	avg10=0.00	avg10=0.00	avg10=0.00	pgpgin=1774790370,pgpgout=3182425,pswpin=0,pswpout=0,	reads=1274617,sectors_read=86106644,writes=97034,sectors_written=5763962	default [performance] powersave powersupersave 
2026-09-13T14:26:53,960398477-04:00	8149668	0	0	0	0	0	avg10=0.00	avg10=0.00	avg10=0.00	avg10=0.00	pgpgin=1774790370,pgpgout=3182433,pswpin=0,pswpout=0,	reads=1274617,sectors_read=86106644,writes=97036,sectors_written=5763978	default [performance] powersave powersupersave 
2026-09-13T14:26:55,024053552-04:00	8149304	0	0	0	0	0	avg10=0.00	avg10=0.00	avg10=0.00	avg10=0.00	pgpgin=1774790370,pgpgout=3182521,pswpin=0,pswpout=0,	reads=1274617,sectors_read=86106644,writes=97040,sectors_written=5764154	default [performance] powersave powersupersave 
2026-09-13T14:26:56,081075834-04:00	8148360	0	0	0	0	0	avg10=0.00	avg10=0.00	avg10=0.00	avg10=0.00	pgpgin=1774790370,pgpgout=3182597,pswpin=0,pswpout=0,	reads=1274617,sectors_read=86106644,writes=97057,sectors_written=5764306	default [performance] powersave powersupersave 
2026-09-13T14:26:57,138243759-04:00	8148004	0	0	0	0	0	avg10=0.00	avg10=0.00	avg10=0.00	avg10=0.00	pgpgin=1774790370,pgpgout=3182605,pswpin=0,pswpout=0,	reads=1274617,sectors_read=86106644,writes=97059,sectors_written=5764322	default [performance] powersave powersupersave 
2026-09-13T14:26:58,193515522-04:00	8147512	0	0	0	0	0	avg10=0.00	avg10=0.00	avg10=0.00	avg10=0.00	pgpgin=1774790370,pgpgout=3182613,pswpin=0,pswpout=0,	reads=1274617,sectors_read=86106644,writes=97061,sectors_written=5764338	default [performance] powersave powersupersave 
2026-09-13T14:26:59,249989904-04:00	8146132	0	0	0	0	0	avg10=0.00	avg10=0.00	avg10=0.00	avg10=0.00	pgpgin=1774790370,pgpgout=3182621,pswpin=0,pswpout=0,	reads=1274617,sectors_read=86106644,writes=97063,sectors_written=5764354	default [performance] powersave powersupersave 
2026-09-13T14:27:00,316161880-04:00	8145900	0	0	0	0	0	avg10=0.00	avg10=0.00	avg10=0.00	avg10=0.00	pgpgin=1774790370,pgpgout=3182733,pswpin=0,pswpout=0,	reads=1274617,sectors_read=86106644,writes=97067,sectors_written=5764578	default [performance] powersave powersupersave 
2026-09-13T14:27:01,376935361-04:00	8145712	0	0	0	0	0	avg10=0.00	avg10=0.00	avg10=0.00	avg10=0.00	pgpgin=1774790370,pgpgout=3182741,pswpin=0,pswpout=0,	reads=1274617,sectors_read=86106644,writes=97069,sectors_written=5764594	default [performance] powersave powersupersave 
2026-09-13T14:27:02,436522693-04:00	8146832	0	0	0	0	0	avg10=0.00	avg10=0.00	avg10=0.00	avg10=0.00	pgpgin=1774790370,pgpgout=3182749,pswpin=0,pswpout=0,	reads=1274617,sectors_read=86106644,writes=97071,sectors_written=5764610	default [performance] powersave powersupersave 
2026-09-13T14:27:03,496107120-04:00	8146248	0	0	0	0	0	avg10=0.00	avg10=0.00	avg10=0.00	avg10=0.00	pgpgin=1774790370,pgpgout=3182757,pswpin=0,pswpout=0,	reads=1274617,sectors_read=86106644,writes=97073,sectors_written=5764626	default [performance] powersave powersupersave 
2026-09-13T14:27:04,553015409-04:00	8146548	0	0	0	0	0	avg10=0.00	avg10=0.00	avg10=0.00	avg10=0.00	pgpgin=1774790370,pgpgout=3182765,pswpin=0,pswpout=0,	reads=1274617,sectors_read=86106644,writes=97075,sectors_written=5764642	default [performance] powersave powersupersave 
2026-09-13T14:27:05,617265613-04:00	8146532	0	0	0	0	0	avg10=0.00	avg10=0.00	avg10=0.00	avg10=0.00	pgpgin=1774790370,pgpgout=3182885,pswpin=0,pswpout=0,	reads=1274617,sectors_read=86106644,writes=97079,sectors_written=5764882	default [performance] powersave powersupersave 
2026-09-13T14:27:06,670195356-04:00	8145404	0	0	0	0	0	avg10=0.00	avg10=0.00	avg10=0.00	avg10=0.00	pgpgin=1774790370,pgpgout=3182893,pswpin=0,pswpout=0,	reads=1274617,sectors_read=86106644,writes=97081,sectors_written=5764898	default [performance] powersave powersupersave 
2026-09-13T14:27:07,730278962-04:00	8145236	0	0	0	0	0	avg10=0.00	avg10=0.00	avg10=0.00	avg10=0.00	pgpgin=1774790370,pgpgout=3182901,pswpin=0,pswpout=0,	reads=1274617,sectors_read=86106644,writes=97083,sectors_written=5764914	default [performance] powersave powersupersave 
2026-09-13T14:27:08,790330147-04:00	8147064	0	0	0	0	0	avg10=0.00	avg10=0.00	avg10=0.00	avg10=0.00	pgpgin=1774790370,pgpgout=3182909,pswpin=0,pswpout=0,	reads=1274617,sectors_read=86106644,writes=97085,sectors_written=5764930	default [performance] powersave powersupersave 
2026-09-13T14:27:09,847013633-04:00	8145752	0	0	0	0	0	avg10=0.00	avg10=0.00	avg10=0.00	avg10=0.00	pgpgin=1774790370,pgpgout=3182917,pswpin=0,pswpout=0,	reads=1274617,sectors_read=86106644,writes=97087,sectors_written=5764946	default [performance] powersave powersupersave 
2026-09-13T14:27:10,913980213-04:00	8143944	0	0	0	0	0	avg10=0.00	avg10=0.00	avg10=0.00	avg10=0.00	pgpgin=1774790370,pgpgout=3183009,pswpin=0,pswpout=0,	reads=1274617,sectors_read=86106644,writes=97091,sectors_written=5765130	default [performance] powersave powersupersave 
2026-09-13T14:27:11,973042881-04:00	8144016	0	0	0	0	0	avg10=0.00	avg10=0.00	avg10=0.00	avg10=0.00	pgpgin=1774790370,pgpgout=3183017,pswpin=0,pswpout=0,	reads=1274617,sectors_read=86106644,writes=97093,sectors_written=5765146	default [performance] powersave powersupersave 
2026-09-13T14:27:13,031465776-04:00	8143788	0	0	0	0	0	avg10=0.00	avg10=0.00	avg10=0.00	avg10=0.00	pgpgin=1774790370,pgpgout=3183025,pswpin=0,pswpout=0,	reads=1274617,sectors_read=86106644,writes=97095,sectors_written=5765162	default [performance] powersave powersupersave 
2026-09-13T14:27:14,088616001-04:00	8146532	0	0	0	0	0	avg10=0.00	avg10=0.00	avg10=0.00	avg10=0.00	pgpgin=1774790370,pgpgout=3183033,pswpin=0,pswpout=0,	reads=1274617,sectors_read=86106644,writes=97097,sectors_written=5765178	default [performance] powersave powersupersave 
2026-09-13T14:27:15,146895917-04:00	8143820	0	0	0	0	0	avg10=0.00	avg10=0.00	avg10=0.00	avg10=0.00	pgpgin=1774790370,pgpgout=3183041,pswpin=0,pswpout=0,	reads=1274617,sectors_read=86106644,writes=97099,sectors_written=5765194	default [performance] powersave powersupersave 
2026-09-13T14:27:16,204400628-04:00	8143496	0	0	0	0	0	avg10=0.00	avg10=0.00	avg10=0.00	avg10=0.00	pgpgin=1774790370,pgpgout=3183149,pswpin=0,pswpout=0,	reads=1274617,sectors_read=86106644,writes=97103,sectors_written=5765354	default [performance] powersave powersupersave 
2026-09-13T14:27:17,261913825-04:00	8142500	0	0	0	0	0	avg10=0.00	avg10=0.00	avg10=0.00	avg10=0.00	pgpgin=1774790370,pgpgout=3183157,pswpin=0,pswpout=0,	reads=1274617,sectors_read=86106644,writes=97105,sectors_written=5765370	default [performance] powersave powersupersave 
2026-09-13T14:27:18,318675740-04:00	8141956	0	0	0	0	0	avg10=0.00	avg10=0.00	avg10=0.00	avg10=0.00	pgpgin=1774790370,pgpgout=3183165,pswpin=0,pswpout=0,	reads=1274617,sectors_read=86106644,writes=97107,sectors_written=5765386	default [performance] powersave powersupersave 
2026-09-13T14:27:19,375211781-04:00	8141884	0	0	0	0	0	avg10=0.00	avg10=0.00	avg10=0.00	avg10=0.00	pgpgin=1774790370,pgpgout=3183173,pswpin=0,pswpout=0,	reads=1274617,sectors_read=86106644,writes=97109,sectors_written=5765402	default [performance] powersave powersupersave 
2026-09-13T14:27:20,429445896-04:00	8143584	0	0	0	0	0	avg10=0.00	avg10=0.00	avg10=0.00	avg10=0.00	pgpgin=1774790370,pgpgout=3183181,pswpin=0,pswpout=0,	reads=1274617,sectors_read=86106644,writes=97111,sectors_written=5765418	default [performance] powersave powersupersave 
2026-09-13T14:27:21,495618996-04:00	8143520	0	0	0	0	0	avg10=0.00	avg10=0.00	avg10=0.00	avg10=0.00	pgpgin=1774790370,pgpgout=3183289,pswpin=0,pswpout=0,	reads=1274617,sectors_read=86106644,writes=97115,sectors_written=5765634	default [performance] powersave powersupersave 
2026-09-13T14:27:22,554086928-04:00	8143692	0	0	0	0	0	avg10=0.00	avg10=0.00	avg10=0.00	avg10=0.00	pgpgin=1774790370,pgpgout=3183297,pswpin=0,pswpout=0,	reads=1274617,sectors_read=86106644,writes=97117,sectors_written=5765650	default [performance] powersave powersupersave 
2026-09-13T14:27:23,612991219-04:00	8144364	0	0	0	0	0	avg10=0.00	avg10=0.00	avg10=0.00	avg10=0.00	pgpgin=1774790370,pgpgout=3183305,pswpin=0,pswpout=0,	reads=1274617,sectors_read=86106644,writes=97119,sectors_written=5765666	default [performance] powersave powersupersave 
2026-09-13T14:27:24,667889223-04:00	8144184	0	0	0	0	0	avg10=0.00	avg10=0.00	avg10=0.00	avg10=0.00	pgpgin=1774790370,pgpgout=3183313,pswpin=0,pswpout=0,	reads=1274617,sectors_read=86106644,writes=97121,sectors_written=5765682	default [performance] powersave powersupersave 
2026-09-13T14:27:25,721390912-04:00	8144736	0	0	0	0	0	avg10=0.00	avg10=0.00	avg10=0.00	avg10=0.00	pgpgin=1774790370,pgpgout=3183321,pswpin=0,pswpout=0,	reads=1274617,sectors_read=86106644,writes=97123,sectors_written=5765698	default [performance] powersave powersupersave 
2026-09-13T14:27:26,787609869-04:00	8146480	0	0	0	0	0	avg10=0.00	avg10=0.00	avg10=0.00	avg10=0.00	pgpgin=1774790370,pgpgout=3183417,pswpin=0,pswpout=0,	reads=1274617,sectors_read=86106644,writes=97127,sectors_written=5765890	default [performance] powersave powersupersave 
2026-09-13T14:27:27,848494502-04:00	8146244	0	0	0	0	0	avg10=0.00	avg10=0.00	avg10=0.00	avg10=0.00	pgpgin=1774790370,pgpgout=3183425,pswpin=0,pswpout=0,	reads=1274617,sectors_read=86106644,writes=97129,sectors_written=5765906	default [performance] powersave powersupersave 
2026-09-13T14:27:28,908293776-04:00	8146060	0	0	0	0	0	avg10=0.00	avg10=0.00	avg10=0.00	avg10=0.00	pgpgin=1774790370,pgpgout=3183433,pswpin=0,pswpout=0,	reads=1274617,sectors_read=86106644,writes=97131,sectors_written=5765922	default [performance] powersave powersupersave 
2026-09-13T14:27:29,967317212-04:00	8145760	0	0	0	0	0	avg10=0.00	avg10=0.00	avg10=0.00	avg10=0.00	pgpgin=1774790370,pgpgout=3183441,pswpin=0,pswpout=0,	reads=1274617,sectors_read=86106644,writes=97133,sectors_written=5765938	default [performance] powersave powersupersave 
2026-09-13T14:27:31,025646785-04:00	8144260	0	0	0	0	0	avg10=0.00	avg10=0.00	avg10=0.00	avg10=0.00	pgpgin=1774790370,pgpgout=3183465,pswpin=0,pswpout=0,	reads=1274617,sectors_read=86106644,writes=97139,sectors_written=5765986	default [performance] powersave powersupersave 
2026-09-13T14:27:32,090879729-04:00	8143812	0	0	0	0	0	avg10=0.00	avg10=0.00	avg10=0.00	avg10=0.00	pgpgin=1774790370,pgpgout=3183577,pswpin=0,pswpout=0,	reads=1274617,sectors_read=86106644,writes=97143,sectors_written=5766210	default [performance] powersave powersupersave 
2026-09-13T14:27:33,148941078-04:00	8141712	0	0	0	0	0	avg10=0.00	avg10=0.00	avg10=0.00	avg10=0.00	pgpgin=1774790370,pgpgout=3183585,pswpin=0,pswpout=0,	reads=1274617,sectors_read=86106644,writes=97145,sectors_written=5766226	default [performance] powersave powersupersave 
2026-09-13T14:27:34,205757998-04:00	8140368	0	0	0	0	0	avg10=0.00	avg10=0.00	avg10=0.00	avg10=0.00	pgpgin=1774790370,pgpgout=3183593,pswpin=0,pswpout=0,	reads=1274617,sectors_read=86106644,writes=97147,sectors_written=5766242	default [performance] powersave powersupersave 
2026-09-13T14:27:35,261738798-04:00	8140212	0	0	0	0	0	avg10=0.00	avg10=0.00	avg10=0.00	avg10=0.00	pgpgin=1774790370,pgpgout=3183601,pswpin=0,pswpout=0,	reads=1274617,sectors_read=86106644,writes=97149,sectors_written=5766258	default [performance] powersave powersupersave 
2026-09-13T14:27:36,317749123-04:00	8139392	0	0	0	0	0	avg10=0.00	avg10=0.00	avg10=0.00	avg10=0.00	pgpgin=1774790370,pgpgout=3183609,pswpin=0,pswpout=0,	reads=1274617,sectors_read=86106644,writes=97151,sectors_written=5766274	default [performance] powersave powersupersave 
2026-09-13T14:27:37,374237125-04:00	8138108	0	0	0	0	0	avg10=0.00	avg10=0.00	avg10=0.00	avg10=0.00	pgpgin=1774790370,pgpgout=3183709,pswpin=0,pswpout=0,	reads=1274617,sectors_read=86106644,writes=97155,sectors_written=5766474	default [performance] powersave powersupersave 
2026-09-13T14:27:38,430946925-04:00	8138064	0	0	0	0	0	avg10=0.00	avg10=0.00	avg10=0.00	avg10=0.00	pgpgin=1774790370,pgpgout=3183717,pswpin=0,pswpout=0,	reads=1274617,sectors_read=86106644,writes=97157,sectors_written=5766490	default [performance] powersave powersupersave 
2026-09-13T14:27:39,488120065-04:00	8137908	0	0	0	0	0	avg10=0.00	avg10=0.00	avg10=0.00	avg10=0.00	pgpgin=1774790370,pgpgout=3183725,pswpin=0,pswpout=0,	reads=1274617,sectors_read=86106644,writes=97159,sectors_written=5766506	default [performance] powersave powersupersave 
2026-09-13T14:27:40,545142082-04:00	8140816	0	0	0	0	0	avg10=0.00	avg10=0.00	avg10=0.00	avg10=0.00	pgpgin=1774790370,pgpgout=3183733,pswpin=0,pswpout=0,	reads=1274617,sectors_read=86106644,writes=97161,sectors_written=5766522	default [performance] powersave powersupersave 
2026-09-13T14:27:41,601859165-04:00	8141176	0	0	0	0	0	avg10=0.00	avg10=0.00	avg10=0.00	avg10=0.00	pgpgin=1774790370,pgpgout=3183741,pswpin=0,pswpout=0,	reads=1274617,sectors_read=86106644,writes=97163,sectors_written=5766538	default [performance] powersave powersupersave 
2026-09-13T14:27:42,667282870-04:00	8141540	0	0	0	0	0	avg10=0.00	avg10=0.00	avg10=0.00	avg10=0.00	pgpgin=1774790370,pgpgout=3183853,pswpin=0,pswpout=0,	reads=1274617,sectors_read=86106644,writes=97167,sectors_written=5766762	default [performance] powersave powersupersave 
2026-09-13T14:27:43,725147740-04:00	8140448	0	0	0	0	0	avg10=0.00	avg10=0.00	avg10=0.00	avg10=0.00	pgpgin=1774790370,pgpgout=3183861,pswpin=0,pswpout=0,	reads=1274617,sectors_read=86106644,writes=97169,sectors_written=5766778	default [performance] powersave powersupersave 
2026-09-13T14:27:44,783531676-04:00	8141784	0	0	0	0	0	avg10=0.00	avg10=0.00	avg10=0.00	avg10=0.00	pgpgin=1774790370,pgpgout=3183869,pswpin=0,pswpout=0,	reads=1274617,sectors_read=86106644,writes=97171,sectors_written=5766794	default [performance] powersave powersupersave 
2026-09-13T14:27:45,841895575-04:00	8143516	0	0	0	0	0	avg10=0.00	avg10=0.00	avg10=0.00	avg10=0.00	pgpgin=1774790370,pgpgout=3183877,pswpin=0,pswpout=0,	reads=1274617,sectors_read=86106644,writes=97173,sectors_written=5766810	default [performance] powersave powersupersave 
2026-09-13T14:27:46,900386422-04:00	8144172	0	0	0	0	0	avg10=0.00	avg10=0.00	avg10=0.00	avg10=0.00	pgpgin=1774790370,pgpgout=3183913,pswpin=0,pswpout=0,	reads=1274617,sectors_read=86106644,writes=97175,sectors_written=5766826	default [performance] powersave powersupersave 
2026-09-13T14:27:47,968316998-04:00	8143384	0	0	0	0	0	avg10=0.00	avg10=0.00	avg10=0.00	avg10=0.00	pgpgin=1774790370,pgpgout=3184013,pswpin=0,pswpout=0,	reads=1274617,sectors_read=86106644,writes=97179,sectors_written=5767026	default [performance] powersave powersupersave 
2026-09-13T14:27:49,026896923-04:00	8144036	0	0	0	0	0	avg10=0.00	avg10=0.00	avg10=0.00	avg10=0.00	pgpgin=1774790370,pgpgout=3184021,pswpin=0,pswpout=0,	reads=1274617,sectors_read=86106644,writes=97181,sectors_written=5767042	default [performance] powersave powersupersave 
2026-09-13T14:27:50,084948625-04:00	8144320	0	0	0	0	0	avg10=0.00	avg10=0.00	avg10=0.00	avg10=0.00	pgpgin=1774790370,pgpgout=3184029,pswpin=0,pswpout=0,	reads=1274617,sectors_read=86106644,writes=97183,sectors_written=5767058	default [performance] powersave powersupersave 
2026-09-13T14:27:51,144858570-04:00	8144008	0	0	0	0	0	avg10=0.00	avg10=0.00	avg10=0.00	avg10=0.00	pgpgin=1774790370,pgpgout=3184037,pswpin=0,pswpout=0,	reads=1274617,sectors_read=86106644,writes=97185,sectors_written=5767074	default [performance] powersave powersupersave 
2026-09-13T14:27:52,203885074-04:00	8143520	0	0	0	0	0	avg10=0.00	avg10=0.00	avg10=0.00	avg10=0.00	pgpgin=1774790370,pgpgout=3184045,pswpin=0,pswpout=0,	reads=1274617,sectors_read=86106644,writes=97187,sectors_written=5767090	default [performance] powersave powersupersave 
2026-09-13T14:27:53,270339617-04:00	8144728	0	0	0	0	0	avg10=0.00	avg10=0.00	avg10=0.00	avg10=0.00	pgpgin=1774790370,pgpgout=3184145,pswpin=0,pswpout=0,	reads=1274617,sectors_read=86106644,writes=97191,sectors_written=5767290	default [performance] powersave powersupersave 
2026-09-13T14:27:54,329885227-04:00	8143828	0	0	0	0	0	avg10=0.00	avg10=0.00	avg10=0.00	avg10=0.00	pgpgin=1774790370,pgpgout=3184153,pswpin=0,pswpout=0,	reads=1274617,sectors_read=86106644,writes=97193,sectors_written=5767306	default [performance] powersave powersupersave 
2026-09-13T14:27:55,387928975-04:00	8144308	0	0	0	0	0	avg10=0.00	avg10=0.00	avg10=0.00	avg10=0.00	pgpgin=1774790370,pgpgout=3184161,pswpin=0,pswpout=0,	reads=1274617,sectors_read=86106644,writes=97195,sectors_written=5767322	default [performance] powersave powersupersave 
2026-09-13T14:27:56,446879167-04:00	8145252	0	0	0	0	0	avg10=0.00	avg10=0.00	avg10=0.00	avg10=0.00	pgpgin=1774790370,pgpgout=3184169,pswpin=0,pswpout=0,	reads=1274617,sectors_read=86106644,writes=97197,sectors_written=5767338	default [performance] powersave powersupersave 
2026-09-13T14:27:57,504411193-04:00	8144452	0	0	0	0	0	avg10=0.00	avg10=0.00	avg10=0.00	avg10=0.00	pgpgin=1774790370,pgpgout=3184177,pswpin=0,pswpout=0,	reads=1274617,sectors_read=86106644,writes=97199,sectors_written=5767354	default [performance] powersave powersupersave 
2026-09-13T14:27:58,569170391-04:00	8145776	0	0	0	0	0	avg10=0.00	avg10=0.00	avg10=0.00	avg10=0.00	pgpgin=1774790370,pgpgout=3184285,pswpin=0,pswpout=0,	reads=1274617,sectors_read=86106644,writes=97203,sectors_written=5767570	default [performance] powersave powersupersave 
2026-09-13T14:27:59,628453979-04:00	8144708	0	0	0	0	0	avg10=0.00	avg10=0.00	avg10=0.00	avg10=0.00	pgpgin=1774790370,pgpgout=3184293,pswpin=0,pswpout=0,	reads=1274617,sectors_read=86106644,writes=97205,sectors_written=5767586	default [performance] powersave powersupersave 
2026-09-13T14:28:00,686545317-04:00	8145060	0	0	0	0	0	avg10=0.00	avg10=0.00	avg10=0.00	avg10=0.00	pgpgin=1774790370,pgpgout=3184301,pswpin=0,pswpout=0,	reads=1274617,sectors_read=86106644,writes=97207,sectors_written=5767602	default [performance] powersave powersupersave 
2026-09-13T14:28:01,746400750-04:00	8145352	0	0	0	0	0	avg10=0.00	avg10=0.00	avg10=0.00	avg10=0.00	pgpgin=1774790370,pgpgout=3184309,pswpin=0,pswpout=0,	reads=1274617,sectors_read=86106644,writes=97209,sectors_written=5767618	default [performance] powersave powersupersave 
2026-09-13T14:28:02,806249661-04:00	8145896	0	0	0	0	0	avg10=0.00	avg10=0.00	avg10=0.00	avg10=0.00	pgpgin=1774790466,pgpgout=3184317,pswpin=0,pswpout=0,	reads=1274619,sectors_read=86106836,writes=97211,sectors_written=5767634	default [performance] powersave powersupersave 
2026-09-13T14:28:03,873651806-04:00	8146828	0	0	0	0	0	avg10=0.00	avg10=0.00	avg10=0.00	avg10=0.00	pgpgin=1774790466,pgpgout=3184421,pswpin=0,pswpout=0,	reads=1274619,sectors_read=86106836,writes=97215,sectors_written=5767842	default [performance] powersave powersupersave 
2026-09-13T14:28:04,932148766-04:00	8145788	0	0	0	0	0	avg10=0.00	avg10=0.00	avg10=0.00	avg10=0.00	pgpgin=1774790466,pgpgout=3184429,pswpin=0,pswpout=0,	reads=1274619,sectors_read=86106836,writes=97217,sectors_written=5767858	default [performance] powersave powersupersave 
2026-09-13T14:28:05,990342197-04:00	8144856	0	0	0	0	0	avg10=0.00	avg10=0.00	avg10=0.00	avg10=0.00	pgpgin=1774790466,pgpgout=3184437,pswpin=0,pswpout=0,	reads=1274619,sectors_read=86106836,writes=97219,sectors_written=5767874	default [performance] powersave powersupersave 
2026-09-13T14:28:07,048261884-04:00	8143668	0	0	0	0	0	avg10=0.00	avg10=0.00	avg10=0.00	avg10=0.00	pgpgin=1774790466,pgpgout=3184489,pswpin=0,pswpout=0,	reads=1274619,sectors_read=86106836,writes=97231,sectors_written=5767978	default [performance] powersave powersupersave 
2026-09-13T14:28:08,107483246-04:00	8144592	0	0	0	0	0	avg10=0.00	avg10=0.00	avg10=0.00	avg10=0.00	pgpgin=1774790466,pgpgout=3184497,pswpin=0,pswpout=0,	reads=1274619,sectors_read=86106836,writes=97233,sectors_written=5767994	default [performance] powersave powersupersave 
2026-09-13T14:28:09,173790363-04:00	8146168	0	0	0	0	0	avg10=0.00	avg10=0.00	avg10=0.00	avg10=0.00	pgpgin=1774790466,pgpgout=3184601,pswpin=0,pswpout=0,	reads=1274619,sectors_read=86106836,writes=97237,sectors_written=5768202	default [performance] powersave powersupersave 
2026-09-13T14:28:10,232714147-04:00	8146352	0	0	0	0	0	avg10=0.00	avg10=0.00	avg10=0.00	avg10=0.00	pgpgin=1774790466,pgpgout=3184609,pswpin=0,pswpout=0,	reads=1274619,sectors_read=86106836,writes=97239,sectors_written=5768218	default [performance] powersave powersupersave 
2026-09-13T14:28:11,292145193-04:00	8145752	0	0	0	0	0	avg10=0.00	avg10=0.00	avg10=0.00	avg10=0.00	pgpgin=1774790466,pgpgout=3184617,pswpin=0,pswpout=0,	reads=1274619,sectors_read=86106836,writes=97241,sectors_written=5768234	default [performance] powersave powersupersave 
2026-09-13T14:28:12,351706245-04:00	8147592	0	0	0	0	0	avg10=0.00	avg10=0.00	avg10=0.00	avg10=0.00	pgpgin=1774790466,pgpgout=3184625,pswpin=0,pswpout=0,	reads=1274619,sectors_read=86106836,writes=97243,sectors_written=5768250	default [performance] powersave powersupersave 
2026-09-13T14:28:13,408532777-04:00	8147908	0	0	0	0	0	avg10=0.00	avg10=0.00	avg10=0.00	avg10=0.00	pgpgin=1774790466,pgpgout=3184633,pswpin=0,pswpout=0,	reads=1274619,sectors_read=86106836,writes=97245,sectors_written=5768266	default [performance] powersave powersupersave 
2026-09-13T14:28:14,474977654-04:00	8147560	0	0	0	0	0	avg10=0.00	avg10=0.00	avg10=0.00	avg10=0.00	pgpgin=1774790466,pgpgout=3184729,pswpin=0,pswpout=0,	reads=1274619,sectors_read=86106836,writes=97249,sectors_written=5768458	default [performance] powersave powersupersave 
2026-09-13T14:28:15,533392912-04:00	8147868	0	0	0	0	0	avg10=0.00	avg10=0.00	avg10=0.00	avg10=0.00	pgpgin=1774790466,pgpgout=3184737,pswpin=0,pswpout=0,	reads=1274619,sectors_read=86106836,writes=97251,sectors_written=5768474	default [performance] powersave powersupersave 
2026-09-13T14:28:16,590972822-04:00	8147032	0	0	0	0	0	avg10=0.00	avg10=0.00	avg10=0.00	avg10=0.00	pgpgin=1774790466,pgpgout=3184745,pswpin=0,pswpout=0,	reads=1274619,sectors_read=86106836,writes=97253,sectors_written=5768490	default [performance] powersave powersupersave 
2026-09-13T14:28:17,648909401-04:00	8146796	0	0	0	0	0	avg10=0.00	avg10=0.00	avg10=0.00	avg10=0.00	pgpgin=1774790466,pgpgout=3184781,pswpin=0,pswpout=0,	reads=1274619,sectors_read=86106836,writes=97255,sectors_written=5768506	default [performance] powersave powersupersave 
2026-09-13T14:28:18,709930556-04:00	8146192	0	0	0	0	0	avg10=0.00	avg10=0.00	avg10=0.00	avg10=0.00	pgpgin=1774790466,pgpgout=3184789,pswpin=0,pswpout=0,	reads=1274619,sectors_read=86106836,writes=97257,sectors_written=5768522	default [performance] powersave powersupersave 
2026-09-13T14:28:19,772858895-04:00	8144688	0	0	0	0	0	avg10=0.00	avg10=0.00	avg10=0.00	avg10=0.00	pgpgin=1774790466,pgpgout=3184881,pswpin=0,pswpout=0,	reads=1274619,sectors_read=86106836,writes=97261,sectors_written=5768706	default [performance] powersave powersupersave 
2026-09-13T14:28:20,827436273-04:00	8143320	0	0	0	0	0	avg10=0.00	avg10=0.00	avg10=0.00	avg10=0.00	pgpgin=1774790466,pgpgout=3184889,pswpin=0,pswpout=0,	reads=1274619,sectors_read=86106836,writes=97263,sectors_written=5768722	default [performance] powersave powersupersave 
2026-09-13T14:28:21,885551909-04:00	8143796	0	0	0	0	0	avg10=0.00	avg10=0.00	avg10=0.00	avg10=0.00	pgpgin=1774790466,pgpgout=3184897,pswpin=0,pswpout=0,	reads=1274619,sectors_read=86106836,writes=97265,sectors_written=5768738	default [performance] powersave powersupersave 
2026-09-13T14:28:22,945465524-04:00	8144568	0	0	0	0	0	avg10=0.00	avg10=0.00	avg10=0.00	avg10=0.00	pgpgin=1774790466,pgpgout=3184905,pswpin=0,pswpout=0,	reads=1274619,sectors_read=86106836,writes=97267,sectors_written=5768754	default [performance] powersave powersupersave 
2026-09-13T14:28:24,005722233-04:00	8145768	0	0	0	0	0	avg10=0.00	avg10=0.00	avg10=0.00	avg10=0.00	pgpgin=1774790466,pgpgout=3184913,pswpin=0,pswpout=0,	reads=1274619,sectors_read=86106836,writes=97269,sectors_written=5768770	default [performance] powersave powersupersave 
2026-09-13T14:28:25,071849284-04:00	8143620	0	0	0	0	0	avg10=0.00	avg10=0.00	avg10=0.00	avg10=0.00	pgpgin=1774790466,pgpgout=3184997,pswpin=0,pswpout=0,	reads=1274619,sectors_read=86106836,writes=97273,sectors_written=5768938	default [performance] powersave powersupersave 
2026-09-13T14:28:26,131331448-04:00	8143216	0	0	0	0	0	avg10=0.00	avg10=0.00	avg10=0.00	avg10=0.00	pgpgin=1774790466,pgpgout=3185005,pswpin=0,pswpout=0,	reads=1274619,sectors_read=86106836,writes=97275,sectors_written=5768954	default [performance] powersave powersupersave 
2026-09-13T14:28:27,188723535-04:00	8145704	0	0	0	0	0	avg10=0.00	avg10=0.00	avg10=0.00	avg10=0.00	pgpgin=1774790466,pgpgout=3185013,pswpin=0,pswpout=0,	reads=1274619,sectors_read=86106836,writes=97277,sectors_written=5768970	default [performance] powersave powersupersave 
2026-09-13T14:28:28,245823975-04:00	8145348	0	0	0	0	0	avg10=0.00	avg10=0.00	avg10=0.00	avg10=0.00	pgpgin=1774790466,pgpgout=3185021,pswpin=0,pswpout=0,	reads=1274619,sectors_read=86106836,writes=97279,sectors_written=5768986	default [performance] powersave powersupersave 
2026-09-13T14:28:29,303132004-04:00	8144656	0	0	0	0	0	avg10=0.00	avg10=0.00	avg10=0.00	avg10=0.00	pgpgin=1774790466,pgpgout=3185029,pswpin=0,pswpout=0,	reads=1274619,sectors_read=86106836,writes=97281,sectors_written=5769002	default [performance] powersave powersupersave 
2026-09-13T14:28:30,369390672-04:00	8144604	0	0	0	0	0	avg10=0.00	avg10=0.00	avg10=0.00	avg10=0.00	pgpgin=1774790466,pgpgout=3185101,pswpin=0,pswpout=0,	reads=1274619,sectors_read=86106836,writes=97285,sectors_written=5769146	default [performance] powersave powersupersave 
2026-09-13T14:28:31,428358451-04:00	8143804	0	0	0	0	0	avg10=0.00	avg10=0.00	avg10=0.00	avg10=0.00	pgpgin=1774790918,pgpgout=3185109,pswpin=0,pswpout=0,	reads=1274622,sectors_read=86107220,writes=97287,sectors_written=5769162	default [performance] powersave powersupersave 
2026-09-13T14:28:32,487567583-04:00	8144304	0	0	0	0	0	avg10=0.00	avg10=0.00	avg10=0.00	avg10=0.00	pgpgin=1774790918,pgpgout=3185117,pswpin=0,pswpout=0,	reads=1274622,sectors_read=86107220,writes=97289,sectors_written=5769178	default [performance] powersave powersupersave 
2026-09-13T14:28:33,545375812-04:00	8144268	0	0	0	0	0	avg10=0.00	avg10=0.00	avg10=0.00	avg10=0.00	pgpgin=1774790918,pgpgout=3185125,pswpin=0,pswpout=0,	reads=1274622,sectors_read=86107220,writes=97291,sectors_written=5769194	default [performance] powersave powersupersave 
2026-09-13T14:28:34,602209431-04:00	8144144	0	0	0	0	0	avg10=0.00	avg10=0.00	avg10=0.00	avg10=0.00	pgpgin=1774790918,pgpgout=3185133,pswpin=0,pswpout=0,	reads=1274622,sectors_read=86107220,writes=97293,sectors_written=5769210	default [performance] powersave powersupersave 
2026-09-13T14:28:35,668280417-04:00	8145756	0	0	0	0	0	avg10=0.00	avg10=0.00	avg10=0.00	avg10=0.00	pgpgin=1774790918,pgpgout=3185225,pswpin=0,pswpout=0,	reads=1274622,sectors_read=86107220,writes=97297,sectors_written=5769394	default [performance] powersave powersupersave 
2026-09-13T14:28:36,728133399-04:00	8144932	0	0	0	0	0	avg10=0.00	avg10=0.00	avg10=0.00	avg10=0.00	pgpgin=1774790918,pgpgout=3185233,pswpin=0,pswpout=0,	reads=1274622,sectors_read=86107220,writes=97299,sectors_written=5769410	default [performance] powersave powersupersave 
2026-09-13T14:28:37,786343555-04:00	8145464	0	0	0	0	0	avg10=0.00	avg10=0.00	avg10=0.00	avg10=0.00	pgpgin=1774790918,pgpgout=3185241,pswpin=0,pswpout=0,	reads=1274622,sectors_read=86107220,writes=97301,sectors_written=5769426	default [performance] powersave powersupersave 
2026-09-13T14:28:38,845021840-04:00	8148068	0	0	0	0	0	avg10=0.00	avg10=0.00	avg10=0.00	avg10=0.00	pgpgin=1774790918,pgpgout=3185249,pswpin=0,pswpout=0,	reads=1274622,sectors_read=86107220,writes=97303,sectors_written=5769442	default [performance] powersave powersupersave 
2026-09-13T14:28:39,904214822-04:00	8147024	0	0	0	0	0	avg10=0.00	avg10=0.00	avg10=0.00	avg10=0.00	pgpgin=1774790918,pgpgout=3185257,pswpin=0,pswpout=0,	reads=1274622,sectors_read=86107220,writes=97305,sectors_written=5769458	default [performance] powersave powersupersave 
2026-09-13T14:28:40,969208976-04:00	8144560	0	0	0	0	0	avg10=0.00	avg10=0.00	avg10=0.00	avg10=0.00	pgpgin=1774790918,pgpgout=3185341,pswpin=0,pswpout=0,	reads=1274622,sectors_read=86107220,writes=97309,sectors_written=5769626	default [performance] powersave powersupersave 
2026-09-13T14:28:42,027972442-04:00	8144180	0	0	0	0	0	avg10=0.00	avg10=0.00	avg10=0.00	avg10=0.00	pgpgin=1774790918,pgpgout=3185349,pswpin=0,pswpout=0,	reads=1274622,sectors_read=86107220,writes=97311,sectors_written=5769642	default [performance] powersave powersupersave 
2026-09-13T14:28:43,085088091-04:00	8144516	0	0	0	0	0	avg10=0.00	avg10=0.00	avg10=0.00	avg10=0.00	pgpgin=1774790918,pgpgout=3185401,pswpin=0,pswpout=0,	reads=1274622,sectors_read=86107220,writes=97324,sectors_written=5769746	default [performance] powersave powersupersave 
2026-09-13T14:28:44,141969450-04:00	8145064	0	0	0	0	0	avg10=0.00	avg10=0.00	avg10=0.00	avg10=0.00	pgpgin=1774790918,pgpgout=3185409,pswpin=0,pswpout=0,	reads=1274622,sectors_read=86107220,writes=97326,sectors_written=5769762	default [performance] powersave powersupersave 
2026-09-13T14:28:45,201412142-04:00	8144892	0	0	0	0	0	avg10=0.00	avg10=0.00	avg10=0.00	avg10=0.00	pgpgin=1774790918,pgpgout=3185417,pswpin=0,pswpout=0,	reads=1274622,sectors_read=86107220,writes=97328,sectors_written=5769778	default [performance] powersave powersupersave 
2026-09-13T14:28:46,268857422-04:00	8146708	0	0	0	0	0	avg10=0.00	avg10=0.00	avg10=0.00	avg10=0.00	pgpgin=1774790918,pgpgout=3185509,pswpin=0,pswpout=0,	reads=1274622,sectors_read=86107220,writes=97332,sectors_written=5769962	default [performance] powersave powersupersave 
2026-09-13T14:28:47,327579190-04:00	8145796	0	0	0	0	0	avg10=0.00	avg10=0.00	avg10=0.00	avg10=0.00	pgpgin=1774790918,pgpgout=3185517,pswpin=0,pswpout=0,	reads=1274622,sectors_read=86107220,writes=97334,sectors_written=5769978	default [performance] powersave powersupersave 
2026-09-13T14:28:48,386044967-04:00	8144100	0	0	0	0	0	avg10=0.00	avg10=0.00	avg10=0.00	avg10=0.00	pgpgin=1774790918,pgpgout=3185553,pswpin=0,pswpout=0,	reads=1274622,sectors_read=86107220,writes=97336,sectors_written=5769994	default [performance] powersave powersupersave 
2026-09-13T14:28:49,445850812-04:00	8143216	0	0	0	0	0	avg10=0.00	avg10=0.00	avg10=0.00	avg10=0.00	pgpgin=1774790918,pgpgout=3185561,pswpin=0,pswpout=0,	reads=1274622,sectors_read=86107220,writes=97338,sectors_written=5770010	default [performance] powersave powersupersave 
2026-09-13T14:28:50,504340263-04:00	8144252	0	0	0	0	0	avg10=0.00	avg10=0.00	avg10=0.00	avg10=0.00	pgpgin=1774790918,pgpgout=3185569,pswpin=0,pswpout=0,	reads=1274622,sectors_read=86107220,writes=97340,sectors_written=5770026	default [performance] powersave powersupersave 
2026-09-13T14:28:51,569507032-04:00	8142400	0	0	0	0	0	avg10=0.00	avg10=0.00	avg10=0.00	avg10=0.00	pgpgin=1774790918,pgpgout=3185653,pswpin=0,pswpout=0,	reads=1274622,sectors_read=86107220,writes=97344,sectors_written=5770194	default [performance] powersave powersupersave 
2026-09-13T14:28:52,628694215-04:00	8144140	0	0	0	0	0	avg10=0.00	avg10=0.00	avg10=0.00	avg10=0.00	pgpgin=1774790918,pgpgout=3185661,pswpin=0,pswpout=0,	reads=1274622,sectors_read=86107220,writes=97346,sectors_written=5770210	default [performance] powersave powersupersave 
2026-09-13T14:28:53,687533805-04:00	8144576	0	0	0	0	0	avg10=0.00	avg10=0.00	avg10=0.00	avg10=0.00	pgpgin=1774790918,pgpgout=3185669,pswpin=0,pswpout=0,	reads=1274622,sectors_read=86107220,writes=97348,sectors_written=5770226	default [performance] powersave powersupersave 
2026-09-13T14:28:54,745201743-04:00	8146576	0	0	0	0	0	avg10=0.00	avg10=0.00	avg10=0.00	avg10=0.00	pgpgin=1774790918,pgpgout=3185677,pswpin=0,pswpout=0,	reads=1274622,sectors_read=86107220,writes=97350,sectors_written=5770242	default [performance] powersave powersupersave 
2026-09-13T14:28:55,802855515-04:00	8147220	0	0	0	0	0	avg10=0.00	avg10=0.00	avg10=0.00	avg10=0.00	pgpgin=1774790918,pgpgout=3185685,pswpin=0,pswpout=0,	reads=1274622,sectors_read=86107220,writes=97352,sectors_written=5770258	default [performance] powersave powersupersave 
2026-09-13T14:28:56,870027402-04:00	8147928	0	0	0	0	0	avg10=0.00	avg10=0.00	avg10=0.00	avg10=0.00	pgpgin=1774790918,pgpgout=3185781,pswpin=0,pswpout=0,	reads=1274622,sectors_read=86107220,writes=97356,sectors_written=5770450	default [performance] powersave powersupersave 
2026-09-13T14:28:57,928974835-04:00	8148368	0	0	0	0	0	avg10=0.00	avg10=0.00	avg10=0.00	avg10=0.00	pgpgin=1774790918,pgpgout=3185789,pswpin=0,pswpout=0,	reads=1274622,sectors_read=86107220,writes=97358,sectors_written=5770466	default [performance] powersave powersupersave 
2026-09-13T14:28:58,987852867-04:00	8149284	0	0	0	0	0	avg10=0.00	avg10=0.00	avg10=0.00	avg10=0.00	pgpgin=1774790918,pgpgout=3185797,pswpin=0,pswpout=0,	reads=1274622,sectors_read=86107220,writes=97360,sectors_written=5770482	default [performance] powersave powersupersave 
2026-09-13T14:29:00,046316812-04:00	8149696	0	0	0	0	0	avg10=0.00	avg10=0.00	avg10=0.00	avg10=0.00	pgpgin=1774790918,pgpgout=3185805,pswpin=0,pswpout=0,	reads=1274622,sectors_read=86107220,writes=97362,sectors_written=5770498	default [performance] powersave powersupersave 
2026-09-13T14:29:01,106146934-04:00	8150140	0	0	0	0	0	avg10=0.00	avg10=0.00	avg10=0.00	avg10=0.00	pgpgin=1774790918,pgpgout=3185813,pswpin=0,pswpout=0,	reads=1274622,sectors_read=86107220,writes=97364,sectors_written=5770514	default [performance] powersave powersupersave 
2026-09-13T14:29:02,171887202-04:00	8149564	0	0	0	0	0	avg10=0.00	avg10=0.00	avg10=0.00	avg10=0.00	pgpgin=1774790918,pgpgout=3185909,pswpin=0,pswpout=0,	reads=1274622,sectors_read=86107220,writes=97368,sectors_written=5770706	default [performance] powersave powersupersave 
2026-09-13T14:29:03,230099794-04:00	8149572	0	0	0	0	0	avg10=0.00	avg10=0.00	avg10=0.00	avg10=0.00	pgpgin=1774790918,pgpgout=3185917,pswpin=0,pswpout=0,	reads=1274622,sectors_read=86107220,writes=97370,sectors_written=5770722	default [performance] powersave powersupersave 
2026-09-13T14:29:04,288838996-04:00	8150324	0	0	0	0	0	avg10=0.00	avg10=0.00	avg10=0.00	avg10=0.00	pgpgin=1774790918,pgpgout=3185925,pswpin=0,pswpout=0,	reads=1274622,sectors_read=86107220,writes=97372,sectors_written=5770738	default [performance] powersave powersupersave 
2026-09-13T14:29:05,349428676-04:00	8137216	0	0	0	0	0	avg10=0.00	avg10=0.00	avg10=0.00	avg10=0.00	pgpgin=1774790918,pgpgout=3186173,pswpin=0,pswpout=0,	reads=1274622,sectors_read=86107220,writes=97378,sectors_written=5771234	default [performance] powersave powersupersave 
2026-09-13T14:29:06,409058141-04:00	8133700	0	0	0	0	0	avg10=0.00	avg10=0.00	avg10=0.00	avg10=0.00	pgpgin=1774790918,pgpgout=3186181,pswpin=0,pswpout=0,	reads=1274622,sectors_read=86107220,writes=97380,sectors_written=5771250	default [performance] powersave powersupersave 
2026-09-13T14:29:07,467657661-04:00	8132484	0	0	0	0	0	avg10=0.00	avg10=0.00	avg10=0.00	avg10=0.00	pgpgin=1774790918,pgpgout=3186189,pswpin=0,pswpout=0,	reads=1274622,sectors_read=86107220,writes=97382,sectors_written=5771266	default [performance] powersave powersupersave 
2026-09-13T14:29:08,525193723-04:00	8130940	0	0	0	0	0	avg10=0.00	avg10=0.00	avg10=0.00	avg10=0.00	pgpgin=1774790918,pgpgout=3186197,pswpin=0,pswpout=0,	reads=1274622,sectors_read=86107220,writes=97384,sectors_written=5771282	default [performance] powersave powersupersave 
2026-09-13T14:29:09,580375350-04:00	8129212	0	0	0	0	0	avg10=0.00	avg10=0.00	avg10=0.00	avg10=0.00	pgpgin=1774790918,pgpgout=3186205,pswpin=0,pswpout=0,	reads=1274622,sectors_read=86107220,writes=97386,sectors_written=5771298	default [performance] powersave powersupersave 
2026-09-13T14:29:10,638611087-04:00	8130092	0	0	0	0	0	avg10=0.00	avg10=0.00	avg10=0.00	avg10=0.00	pgpgin=1774790918,pgpgout=3186369,pswpin=0,pswpout=0,	reads=1274622,sectors_read=86107220,writes=97391,sectors_written=5771626	default [performance] powersave powersupersave 
2026-09-13T14:29:11,694880088-04:00	8129344	0	0	0	0	0	avg10=0.00	avg10=0.00	avg10=0.00	avg10=0.00	pgpgin=1774790918,pgpgout=3186377,pswpin=0,pswpout=0,	reads=1274622,sectors_read=86107220,writes=97393,sectors_written=5771642	default [performance] powersave powersupersave 
2026-09-13T14:29:12,753578344-04:00	8130236	0	0	0	0	0	avg10=0.00	avg10=0.00	avg10=0.00	avg10=0.00	pgpgin=1774790918,pgpgout=3186385,pswpin=0,pswpout=0,	reads=1274622,sectors_read=86107220,writes=97395,sectors_written=5771658	default [performance] powersave powersupersave 
2026-09-13T14:29:13,808257107-04:00	8130232	0	0	0	0	0	avg10=0.00	avg10=0.00	avg10=0.00	avg10=0.00	pgpgin=1774790918,pgpgout=3186393,pswpin=0,pswpout=0,	reads=1274622,sectors_read=86107220,writes=97397,sectors_written=5771674	default [performance] powersave powersupersave 
2026-09-13T14:29:14,868667571-04:00	8131400	0	0	0	0	0	avg10=0.00	avg10=0.00	avg10=0.00	avg10=0.00	pgpgin=1774790918,pgpgout=3186401,pswpin=0,pswpout=0,	reads=1274622,sectors_read=86107220,writes=97399,sectors_written=5771690	default [performance] powersave powersupersave 
2026-09-13T14:29:15,935868515-04:00	8129304	0	0	0	0	0	avg10=0.00	avg10=0.00	avg10=0.00	avg10=0.00	pgpgin=1774790918,pgpgout=3186489,pswpin=0,pswpout=0,	reads=1274622,sectors_read=86107220,writes=97403,sectors_written=5771866	default [performance] powersave powersupersave 
2026-09-13T14:29:16,992443091-04:00	8131484	0	0	0	0	0	avg10=0.00	avg10=0.00	avg10=0.00	avg10=0.00	pgpgin=1774790918,pgpgout=3186497,pswpin=0,pswpout=0,	reads=1274622,sectors_read=86107220,writes=97405,sectors_written=5771882	default [performance] powersave powersupersave 
2026-09-13T14:29:18,052981956-04:00	8131232	0	0	0	0	0	avg10=0.00	avg10=0.00	avg10=0.00	avg10=0.00	pgpgin=1774790918,pgpgout=3186505,pswpin=0,pswpout=0,	reads=1274622,sectors_read=86107220,writes=97407,sectors_written=5771898	default [performance] powersave powersupersave 
2026-09-13T14:29:19,113065165-04:00	8133340	0	0	0	0	0	avg10=0.00	avg10=0.00	avg10=0.00	avg10=0.00	pgpgin=1774790918,pgpgout=3186757,pswpin=0,pswpout=0,	reads=1274622,sectors_read=86107220,writes=97438,sectors_written=5772186	default [performance] powersave powersupersave 
2026-09-13T14:29:20,172666709-04:00	8135348	0	0	0	0	0	avg10=0.00	avg10=0.00	avg10=0.00	avg10=0.00	pgpgin=1774790918,pgpgout=3186765,pswpin=0,pswpout=0,	reads=1274622,sectors_read=86107220,writes=97440,sectors_written=5772202	default [performance] powersave powersupersave 
2026-09-13T14:29:21,230174880-04:00	8137764	0	0	0	0	0	avg10=0.00	avg10=0.00	avg10=0.00	avg10=0.00	pgpgin=1774790918,pgpgout=3186857,pswpin=0,pswpout=0,	reads=1274622,sectors_read=86107220,writes=97444,sectors_written=5772386	default [performance] powersave powersupersave 
2026-09-13T14:29:22,288196075-04:00	8137048	0	0	0	0	0	avg10=0.00	avg10=0.00	avg10=0.00	avg10=0.00	pgpgin=1774790918,pgpgout=3186865,pswpin=0,pswpout=0,	reads=1274622,sectors_read=86107220,writes=97446,sectors_written=5772402	default [performance] powersave powersupersave 
2026-09-13T14:29:23,346822647-04:00	8137604	0	0	0	0	0	avg10=0.00	avg10=0.00	avg10=0.00	avg10=0.00	pgpgin=1774790918,pgpgout=3186873,pswpin=0,pswpout=0,	reads=1274622,sectors_read=86107220,writes=97448,sectors_written=5772418	default [performance] powersave powersupersave 
2026-09-13T14:29:24,403666589-04:00	8136928	0	0	0	0	0	avg10=0.00	avg10=0.00	avg10=0.00	avg10=0.00	pgpgin=1774790918,pgpgout=3186881,pswpin=0,pswpout=0,	reads=1274622,sectors_read=86107220,writes=97450,sectors_written=5772434	default [performance] powersave powersupersave 
2026-09-13T14:29:25,462420121-04:00	8137736	0	0	0	0	0	avg10=0.00	avg10=0.00	avg10=0.00	avg10=0.00	pgpgin=1774790918,pgpgout=3186889,pswpin=0,pswpout=0,	reads=1274622,sectors_read=86107220,writes=97452,sectors_written=5772450	default [performance] powersave powersupersave 
2026-09-13T14:29:26,528296206-04:00	8139524	0	0	0	0	0	avg10=0.00	avg10=0.00	avg10=0.00	avg10=0.00	pgpgin=1774790918,pgpgout=3186989,pswpin=0,pswpout=0,	reads=1274622,sectors_read=86107220,writes=97456,sectors_written=5772650	default [performance] powersave powersupersave 
2026-09-13T14:29:27,585212555-04:00	8139740	0	0	0	0	0	avg10=0.00	avg10=0.00	avg10=0.00	avg10=0.00	pgpgin=1774790918,pgpgout=3186997,pswpin=0,pswpout=0,	reads=1274622,sectors_read=86107220,writes=97458,sectors_written=5772666	default [performance] powersave powersupersave 
2026-09-13T14:29:28,642114427-04:00	8139360	0	0	0	0	0	avg10=0.00	avg10=0.00	avg10=0.00	avg10=0.00	pgpgin=1774790918,pgpgout=3187005,pswpin=0,pswpout=0,	reads=1274622,sectors_read=86107220,writes=97460,sectors_written=5772682	default [performance] powersave powersupersave 
2026-09-13T14:29:29,698978718-04:00	8139788	0	0	0	0	0	avg10=0.00	avg10=0.00	avg10=0.00	avg10=0.00	pgpgin=1774790918,pgpgout=3187013,pswpin=0,pswpout=0,	reads=1274622,sectors_read=86107220,writes=97462,sectors_written=5772698	default [performance] powersave powersupersave 
2026-09-13T14:29:30,754410338-04:00	8139592	0	0	0	0	0	avg10=0.00	avg10=0.00	avg10=0.00	avg10=0.00	pgpgin=1774790918,pgpgout=3187021,pswpin=0,pswpout=0,	reads=1274622,sectors_read=86107220,writes=97464,sectors_written=5772714	default [performance] powersave powersupersave 
2026-09-13T14:29:31,819388256-04:00	8137964	0	0	0	0	0	avg10=0.00	avg10=0.00	avg10=0.00	avg10=0.00	pgpgin=1774790918,pgpgout=3187109,pswpin=0,pswpout=0,	reads=1274622,sectors_read=86107220,writes=97468,sectors_written=5772890	default [performance] powersave powersupersave 
2026-09-13T14:29:32,876482690-04:00	8136860	0	0	0	0	0	avg10=0.00	avg10=0.00	avg10=0.00	avg10=0.00	pgpgin=1774790918,pgpgout=3187117,pswpin=0,pswpout=0,	reads=1274622,sectors_read=86107220,writes=97470,sectors_written=5772906	default [performance] powersave powersupersave 
2026-09-13T14:29:33,933796567-04:00	8134528	0	0	0	0	0	avg10=0.00	avg10=0.00	avg10=0.00	avg10=0.00	pgpgin=1774790918,pgpgout=3187125,pswpin=0,pswpout=0,	reads=1274622,sectors_read=86107220,writes=97472,sectors_written=5772922	default [performance] powersave powersupersave 
2026-09-13T14:29:34,991091177-04:00	8137680	0	0	0	0	0	avg10=0.00	avg10=0.00	avg10=0.00	avg10=0.00	pgpgin=1774790918,pgpgout=3187133,pswpin=0,pswpout=0,	reads=1274622,sectors_read=86107220,writes=97474,sectors_written=5772938	default [performance] powersave powersupersave 
2026-09-13T14:29:36,050210116-04:00	8137700	0	0	0	0	0	avg10=0.00	avg10=0.00	avg10=0.00	avg10=0.00	pgpgin=1774790918,pgpgout=3187141,pswpin=0,pswpout=0,	reads=1274622,sectors_read=86107220,writes=97476,sectors_written=5772954	default [performance] powersave powersupersave 
2026-09-13T14:29:37,116494049-04:00	8137472	0	0	0	0	0	avg10=0.00	avg10=0.00	avg10=0.00	avg10=0.00	pgpgin=1774790918,pgpgout=3187237,pswpin=0,pswpout=0,	reads=1274622,sectors_read=86107220,writes=97480,sectors_written=5773146	default [performance] powersave powersupersave 
2026-09-13T14:29:38,173170147-04:00	8137336	0	0	0	0	0	avg10=0.00	avg10=0.00	avg10=0.00	avg10=0.00	pgpgin=1774790918,pgpgout=3187245,pswpin=0,pswpout=0,	reads=1274622,sectors_read=86107220,writes=97482,sectors_written=5773162	default [performance] powersave powersupersave 
2026-09-13T14:29:39,232030571-04:00	8136704	0	0	0	0	0	avg10=0.00	avg10=0.00	avg10=0.00	avg10=0.00	pgpgin=1774790918,pgpgout=3187321,pswpin=0,pswpout=0,	reads=1274622,sectors_read=86107220,writes=97488,sectors_written=5773314	default [performance] powersave powersupersave 
2026-09-13T14:29:40,286986918-04:00	8136304	0	0	0	0	0	avg10=0.00	avg10=0.00	avg10=0.00	avg10=0.00	pgpgin=1774790918,pgpgout=3187329,pswpin=0,pswpout=0,	reads=1274622,sectors_read=86107220,writes=97490,sectors_written=5773330	default [performance] powersave powersupersave 
2026-09-13T14:29:41,343146927-04:00	8135836	0	0	0	0	0	avg10=0.00	avg10=0.00	avg10=0.00	avg10=0.00	pgpgin=1774790918,pgpgout=3187337,pswpin=0,pswpout=0,	reads=1274622,sectors_read=86107220,writes=97492,sectors_written=5773346	default [performance] powersave powersupersave 
2026-09-13T14:29:42,409525468-04:00	8135008	0	0	0	0	0	avg10=0.00	avg10=0.00	avg10=0.00	avg10=0.00	pgpgin=1774790918,pgpgout=3187445,pswpin=0,pswpout=0,	reads=1274622,sectors_read=86107220,writes=97496,sectors_written=5773562	default [performance] powersave powersupersave 
2026-09-13T14:29:43,467295483-04:00	8133268	0	0	0	0	0	avg10=0.00	avg10=0.00	avg10=0.00	avg10=0.00	pgpgin=1774790918,pgpgout=3187453,pswpin=0,pswpout=0,	reads=1274622,sectors_read=86107220,writes=97498,sectors_written=5773578	default [performance] powersave powersupersave 
2026-09-13T14:29:44,525405035-04:00	8132564	0	0	0	0	0	avg10=0.00	avg10=0.00	avg10=0.00	avg10=0.00	pgpgin=1774790918,pgpgout=3187461,pswpin=0,pswpout=0,	reads=1274622,sectors_read=86107220,writes=97500,sectors_written=5773594	default [performance] powersave powersupersave 
2026-09-13T14:29:45,583422275-04:00	8133392	0	0	0	0	0	avg10=0.00	avg10=0.00	avg10=0.00	avg10=0.00	pgpgin=1774790918,pgpgout=3187469,pswpin=0,pswpout=0,	reads=1274622,sectors_read=86107220,writes=97502,sectors_written=5773610	default [performance] powersave powersupersave 
2026-09-13T14:29:46,642390602-04:00	8132484	0	0	0	0	0	avg10=0.00	avg10=0.00	avg10=0.00	avg10=0.00	pgpgin=1774790918,pgpgout=3187477,pswpin=0,pswpout=0,	reads=1274622,sectors_read=86107220,writes=97504,sectors_written=5773626	default [performance] powersave powersupersave 
2026-09-13T14:29:47,707795483-04:00	8131520	0	0	0	0	0	avg10=0.00	avg10=0.00	avg10=0.00	avg10=0.00	pgpgin=1774790918,pgpgout=3187569,pswpin=0,pswpout=0,	reads=1274622,sectors_read=86107220,writes=97508,sectors_written=5773810	default [performance] powersave powersupersave 
2026-09-13T14:29:48,766982832-04:00	8131812	0	0	0	0	0	avg10=0.00	avg10=0.00	avg10=0.00	avg10=0.00	pgpgin=1774790918,pgpgout=3187577,pswpin=0,pswpout=0,	reads=1274622,sectors_read=86107220,writes=97510,sectors_written=5773826	default [performance] powersave powersupersave 
2026-09-13T14:29:49,825115659-04:00	8130340	0	0	0	0	0	avg10=0.00	avg10=0.00	avg10=0.00	avg10=0.00	pgpgin=1774790918,pgpgout=3187613,pswpin=0,pswpout=0,	reads=1274622,sectors_read=86107220,writes=97512,sectors_written=5773842	default [performance] powersave powersupersave 
2026-09-13T14:29:50,883376657-04:00	8130092	0	0	0	0	0	avg10=0.00	avg10=0.00	avg10=0.00	avg10=0.00	pgpgin=1774790918,pgpgout=3187621,pswpin=0,pswpout=0,	reads=1274622,sectors_read=86107220,writes=97514,sectors_written=5773858	default [performance] powersave powersupersave 
2026-09-13T14:29:51,941273781-04:00	8129940	0	0	0	0	0	avg10=0.00	avg10=0.00	avg10=0.00	avg10=0.00	pgpgin=1774790918,pgpgout=3187629,pswpin=0,pswpout=0,	reads=1274622,sectors_read=86107220,writes=97516,sectors_written=5773874	default [performance] powersave powersupersave 
2026-09-13T14:29:53,007508603-04:00	8130324	0	0	0	0	0	avg10=0.00	avg10=0.00	avg10=0.00	avg10=0.00	pgpgin=1774790918,pgpgout=3187733,pswpin=0,pswpout=0,	reads=1274622,sectors_read=86107220,writes=97520,sectors_written=5774082	default [performance] powersave powersupersave 
2026-09-13T14:29:54,065449329-04:00	8130188	0	0	0	0	0	avg10=0.00	avg10=0.00	avg10=0.00	avg10=0.00	pgpgin=1774790918,pgpgout=3187741,pswpin=0,pswpout=0,	reads=1274622,sectors_read=86107220,writes=97522,sectors_written=5774098	default [performance] powersave powersupersave 
2026-09-13T14:29:55,125609997-04:00	8129736	0	0	0	0	0	avg10=0.00	avg10=0.00	avg10=0.00	avg10=0.00	pgpgin=1774790918,pgpgout=3187785,pswpin=0,pswpout=0,	reads=1274622,sectors_read=86107220,writes=97533,sectors_written=5774186	default [performance] powersave powersupersave 
2026-09-13T14:29:56,184449332-04:00	8129792	0	0	0	0	0	avg10=0.00	avg10=0.00	avg10=0.00	avg10=0.00	pgpgin=1774790918,pgpgout=3187793,pswpin=0,pswpout=0,	reads=1274622,sectors_read=86107220,writes=97535,sectors_written=5774202	default [performance] powersave powersupersave 
2026-09-13T14:29:57,242195153-04:00	8129800	0	0	0	0	0	avg10=0.00	avg10=0.00	avg10=0.00	avg10=0.00	pgpgin=1774790918,pgpgout=3187801,pswpin=0,pswpout=0,	reads=1274622,sectors_read=86107220,writes=97537,sectors_written=5774218	default [performance] powersave powersupersave 
2026-09-13T14:29:58,307352280-04:00	8128900	0	0	0	0	0	avg10=0.00	avg10=0.00	avg10=0.00	avg10=0.00	pgpgin=1774790918,pgpgout=3187917,pswpin=0,pswpout=0,	reads=1274622,sectors_read=86107220,writes=97541,sectors_written=5774450	default [performance] powersave powersupersave 
2026-09-13T14:29:59,368910695-04:00	8127552	0	0	0	0	0	avg10=0.00	avg10=0.00	avg10=0.00	avg10=0.00	pgpgin=1774790918,pgpgout=3187925,pswpin=0,pswpout=0,	reads=1274622,sectors_read=86107220,writes=97543,sectors_written=5774466	default [performance] powersave powersupersave 
2026-09-13T14:30:00,426411225-04:00	8127288	0	0	0	0	0	avg10=0.00	avg10=0.00	avg10=0.00	avg10=0.00	pgpgin=1774790918,pgpgout=3187933,pswpin=0,pswpout=0,	reads=1274622,sectors_read=86107220,writes=97545,sectors_written=5774482	default [performance] powersave powersupersave 
2026-09-13T14:30:01,484173927-04:00	8127892	0	0	0	0	0	avg10=0.00	avg10=0.00	avg10=0.00	avg10=0.00	pgpgin=1774790918,pgpgout=3187941,pswpin=0,pswpout=0,	reads=1274622,sectors_read=86107220,writes=97547,sectors_written=5774498	default [performance] powersave powersupersave 
2026-09-13T14:30:02,544063196-04:00	8128516	0	0	0	0	0	avg10=0.00	avg10=0.00	avg10=0.00	avg10=0.00	pgpgin=1774791214,pgpgout=3187949,pswpin=0,pswpout=0,	reads=1274630,sectors_read=86107812,writes=97550,sectors_written=5774514	default [performance] powersave powersupersave 
2026-09-13T14:30:03,610149480-04:00	8128928	0	0	0	0	0	avg10=0.00	avg10=0.00	avg10=0.00	avg10=0.00	pgpgin=1774791214,pgpgout=3188065,pswpin=0,pswpout=0,	reads=1274630,sectors_read=86107812,writes=97554,sectors_written=5774746	default [performance] powersave powersupersave 
2026-09-13T14:30:04,670760635-04:00	8130376	0	0	0	0	0	avg10=0.00	avg10=0.00	avg10=0.00	avg10=0.00	pgpgin=1774791214,pgpgout=3188073,pswpin=0,pswpout=0,	reads=1274630,sectors_read=86107812,writes=97556,sectors_written=5774762	default [performance] powersave powersupersave 
2026-09-13T14:30:05,729807561-04:00	8130220	0	0	0	0	0	avg10=0.00	avg10=0.00	avg10=0.00	avg10=0.00	pgpgin=1774791214,pgpgout=3188081,pswpin=0,pswpout=0,	reads=1274630,sectors_read=86107812,writes=97558,sectors_written=5774778	default [performance] powersave powersupersave 
2026-09-13T14:30:06,788453133-04:00	8128544	0	0	0	0	0	avg10=0.00	avg10=0.00	avg10=0.00	avg10=0.00	pgpgin=1774791214,pgpgout=3188089,pswpin=0,pswpout=0,	reads=1274630,sectors_read=86107812,writes=97560,sectors_written=5774794	default [performance] powersave powersupersave 
2026-09-13T14:30:07,847343716-04:00	8127796	0	0	0	0	0	avg10=0.00	avg10=0.00	avg10=0.00	avg10=0.00	pgpgin=1774791214,pgpgout=3188097,pswpin=0,pswpout=0,	reads=1274630,sectors_read=86107812,writes=97562,sectors_written=5774810	default [performance] powersave powersupersave 
2026-09-13T14:30:08,912944127-04:00	8128492	0	0	0	0	0	avg10=0.00	avg10=0.00	avg10=0.00	avg10=0.00	pgpgin=1774791214,pgpgout=3188189,pswpin=0,pswpout=0,	reads=1274630,sectors_read=86107812,writes=97566,sectors_written=5774994	default [performance] powersave powersupersave 
2026-09-13T14:30:09,972876457-04:00	8129272	0	0	0	0	0	avg10=0.00	avg10=0.00	avg10=0.00	avg10=0.00	pgpgin=1774791214,pgpgout=3188197,pswpin=0,pswpout=0,	reads=1274630,sectors_read=86107812,writes=97568,sectors_written=5775010	default [performance] powersave powersupersave 
2026-09-13T14:30:11,030496602-04:00	8128288	0	0	0	0	0	avg10=0.00	avg10=0.00	avg10=0.00	avg10=0.00	pgpgin=1774791214,pgpgout=3188205,pswpin=0,pswpout=0,	reads=1274630,sectors_read=86107812,writes=97570,sectors_written=5775026	default [performance] powersave powersupersave 
2026-09-13T14:30:12,090249967-04:00	8129624	0	0	0	0	0	avg10=0.00	avg10=0.00	avg10=0.00	avg10=0.00	pgpgin=1774791214,pgpgout=3188213,pswpin=0,pswpout=0,	reads=1274630,sectors_read=86107812,writes=97572,sectors_written=5775042	default [performance] powersave powersupersave 
2026-09-13T14:30:13,150401248-04:00	8127912	0	0	0	0	0	avg10=0.00	avg10=0.00	avg10=0.00	avg10=0.00	pgpgin=1774791214,pgpgout=3188221,pswpin=0,pswpout=0,	reads=1274630,sectors_read=86107812,writes=97574,sectors_written=5775058	default [performance] powersave powersupersave 
2026-09-13T14:30:14,210756334-04:00	8126712	0	0	0	0	0	avg10=0.00	avg10=0.00	avg10=0.00	avg10=0.00	pgpgin=1774791214,pgpgout=3188329,pswpin=0,pswpout=0,	reads=1274630,sectors_read=86107812,writes=97578,sectors_written=5775274	default [performance] powersave powersupersave 
2026-09-13T14:30:15,269427004-04:00	8128080	0	0	0	0	0	avg10=0.00	avg10=0.00	avg10=0.00	avg10=0.00	pgpgin=1774791214,pgpgout=3188337,pswpin=0,pswpout=0,	reads=1274630,sectors_read=86107812,writes=97580,sectors_written=5775290	default [performance] powersave powersupersave 
2026-09-13T14:30:16,329544402-04:00	8130548	0	0	0	0	0	avg10=0.00	avg10=0.00	avg10=0.00	avg10=0.00	pgpgin=1774791214,pgpgout=3188345,pswpin=0,pswpout=0,	reads=1274630,sectors_read=86107812,writes=97582,sectors_written=5775306	default [performance] powersave powersupersave 
2026-09-13T14:30:17,387535074-04:00	8132132	0	0	0	0	0	avg10=0.00	avg10=0.00	avg10=0.00	avg10=0.00	pgpgin=1774791214,pgpgout=3188353,pswpin=0,pswpout=0,	reads=1274630,sectors_read=86107812,writes=97584,sectors_written=5775322	default [performance] powersave powersupersave 
2026-09-13T14:30:18,446471053-04:00	8131880	0	0	0	0	0	avg10=0.00	avg10=0.00	avg10=0.00	avg10=0.00	pgpgin=1774791214,pgpgout=3188361,pswpin=0,pswpout=0,	reads=1274630,sectors_read=86107812,writes=97586,sectors_written=5775338	default [performance] powersave powersupersave 
2026-09-13T14:30:19,503317666-04:00	8131872	0	0	0	0	0	avg10=0.00	avg10=0.00	avg10=0.00	avg10=0.00	pgpgin=1774791214,pgpgout=3188485,pswpin=0,pswpout=0,	reads=1274630,sectors_read=86107812,writes=97590,sectors_written=5775586	default [performance] powersave powersupersave 
2026-09-13T14:30:20,559985583-04:00	8132244	0	0	0	0	0	avg10=0.00	avg10=0.00	avg10=0.00	avg10=0.00	pgpgin=1774791214,pgpgout=3188521,pswpin=0,pswpout=0,	reads=1274630,sectors_read=86107812,writes=97592,sectors_written=5775602	default [performance] powersave powersupersave 
2026-09-13T14:30:21,618107091-04:00	8129084	0	0	0	0	0	avg10=0.00	avg10=0.00	avg10=0.00	avg10=0.00	pgpgin=1774791214,pgpgout=3188529,pswpin=0,pswpout=0,	reads=1274630,sectors_read=86107812,writes=97594,sectors_written=5775618	default [performance] powersave powersupersave 
2026-09-13T14:30:22,674378804-04:00	8128084	0	0	0	0	0	avg10=0.00	avg10=0.00	avg10=0.00	avg10=0.00	pgpgin=1774791214,pgpgout=3188537,pswpin=0,pswpout=0,	reads=1274630,sectors_read=86107812,writes=97596,sectors_written=5775634	default [performance] powersave powersupersave 
2026-09-13T14:30:23,732427647-04:00	8128912	0	0	0	0	0	avg10=0.00	avg10=0.00	avg10=0.00	avg10=0.00	pgpgin=1774791214,pgpgout=3188545,pswpin=0,pswpout=0,	reads=1274630,sectors_read=86107812,writes=97598,sectors_written=5775650	default [performance] powersave powersupersave 
2026-09-13T14:30:24,796075160-04:00	8129512	0	0	0	0	0	avg10=0.00	avg10=0.00	avg10=0.00	avg10=0.00	pgpgin=1774791214,pgpgout=3188649,pswpin=0,pswpout=0,	reads=1274630,sectors_read=86107812,writes=97602,sectors_written=5775858	default [performance] powersave powersupersave 
2026-09-13T14:30:25,853840740-04:00	8128648	0	0	0	0	0	avg10=0.00	avg10=0.00	avg10=0.00	avg10=0.00	pgpgin=1774791214,pgpgout=3188657,pswpin=0,pswpout=0,	reads=1274630,sectors_read=86107812,writes=97604,sectors_written=5775874	default [performance] powersave powersupersave 
2026-09-13T14:30:26,911585491-04:00	8130024	0	0	0	0	0	avg10=0.00	avg10=0.00	avg10=0.00	avg10=0.00	pgpgin=1774791214,pgpgout=3188665,pswpin=0,pswpout=0,	reads=1274630,sectors_read=86107812,writes=97606,sectors_written=5775890	default [performance] powersave powersupersave 
2026-09-13T14:30:27,971091752-04:00	8133380	0	0	0	0	0	avg10=0.00	avg10=0.00	avg10=0.00	avg10=0.00	pgpgin=1774791214,pgpgout=3188673,pswpin=0,pswpout=0,	reads=1274630,sectors_read=86107812,writes=97608,sectors_written=5775906	default [performance] powersave powersupersave 
2026-09-13T14:30:29,029732647-04:00	8133700	0	0	0	0	0	avg10=0.00	avg10=0.00	avg10=0.00	avg10=0.00	pgpgin=1774791214,pgpgout=3188681,pswpin=0,pswpout=0,	reads=1274630,sectors_read=86107812,writes=97610,sectors_written=5775922	default [performance] powersave powersupersave 
2026-09-13T14:30:30,097760131-04:00	8133116	0	0	0	0	0	avg10=0.00	avg10=0.00	avg10=0.00	avg10=0.00	pgpgin=1774791214,pgpgout=3188777,pswpin=0,pswpout=0,	reads=1274630,sectors_read=86107812,writes=97614,sectors_written=5776114	default [performance] powersave powersupersave 
2026-09-13T14:30:31,152304088-04:00	8132184	0	0	0	0	0	avg10=0.00	avg10=0.00	avg10=0.00	avg10=0.00	pgpgin=1774791214,pgpgout=3188853,pswpin=0,pswpout=0,	reads=1274630,sectors_read=86107812,writes=97632,sectors_written=5776266	default [performance] powersave powersupersave 
2026-09-13T14:30:32,212066420-04:00	8130944	0	0	0	0	0	avg10=0.00	avg10=0.00	avg10=0.00	avg10=0.00	pgpgin=1774791214,pgpgout=3188861,pswpin=0,pswpout=0,	reads=1274630,sectors_read=86107812,writes=97634,sectors_written=5776282	default [performance] powersave powersupersave 
2026-09-13T14:30:33,270630431-04:00	8129948	0	0	0	0	0	avg10=0.00	avg10=0.00	avg10=0.00	avg10=0.00	pgpgin=1774791214,pgpgout=3189069,pswpin=0,pswpout=0,	reads=1274630,sectors_read=86107812,writes=97663,sectors_written=5776698	default [performance] powersave powersupersave 
2026-09-13T14:30:34,328055572-04:00	8128472	0	0	0	0	0	avg10=0.00	avg10=0.00	avg10=0.00	avg10=0.00	pgpgin=1774791214,pgpgout=3189077,pswpin=0,pswpout=0,	reads=1274630,sectors_read=86107812,writes=97665,sectors_written=5776714	default [performance] powersave powersupersave 
2026-09-13T14:30:35,385093696-04:00	8126972	0	0	0	0	0	avg10=0.00	avg10=0.00	avg10=0.00	avg10=0.00	pgpgin=1774791214,pgpgout=3189177,pswpin=0,pswpout=0,	reads=1274630,sectors_read=86107812,writes=97669,sectors_written=5776914	default [performance] powersave powersupersave 
2026-09-13T14:30:36,443395835-04:00	8128228	0	0	0	0	0	avg10=0.00	avg10=0.00	avg10=0.00	avg10=0.00	pgpgin=1774791214,pgpgout=3189185,pswpin=0,pswpout=0,	reads=1274630,sectors_read=86107812,writes=97671,sectors_written=5776930	default [performance] powersave powersupersave 
2026-09-13T14:30:37,502425071-04:00	8128764	0	0	0	0	0	avg10=0.00	avg10=0.00	avg10=0.00	avg10=0.00	pgpgin=1774791214,pgpgout=3189193,pswpin=0,pswpout=0,	reads=1274630,sectors_read=86107812,writes=97673,sectors_written=5776946	default [performance] powersave powersupersave 
2026-09-13T14:30:38,559209879-04:00	8130596	0	0	0	0	0	avg10=0.00	avg10=0.00	avg10=0.00	avg10=0.00	pgpgin=1774791214,pgpgout=3189201,pswpin=0,pswpout=0,	reads=1274630,sectors_read=86107812,writes=97675,sectors_written=5776962	default [performance] powersave powersupersave 
2026-09-13T14:30:39,616705403-04:00	8131216	0	0	0	0	0	avg10=0.00	avg10=0.00	avg10=0.00	avg10=0.00	pgpgin=1774791230,pgpgout=3189209,pswpin=0,pswpout=0,	reads=1274631,sectors_read=86107844,writes=97677,sectors_written=5776978	default [performance] powersave powersupersave 
2026-09-13T14:30:40,676491821-04:00	8113552	0	0	0	0	0	avg10=0.00	avg10=0.00	avg10=0.00	avg10=0.00	pgpgin=1774791390,pgpgout=3189453,pswpin=0,pswpout=0,	reads=1274636,sectors_read=86108164,writes=97683,sectors_written=5777466	default [performance] powersave powersupersave 
2026-09-13T14:30:41,736086640-04:00	8112748	0	0	0	0	0	avg10=0.00	avg10=0.00	avg10=0.00	avg10=0.00	pgpgin=1774791390,pgpgout=3189461,pswpin=0,pswpout=0,	reads=1274636,sectors_read=86108164,writes=97685,sectors_written=5777482	default [performance] powersave powersupersave 
2026-09-13T14:30:42,795839566-04:00	8112920	0	0	0	0	0	avg10=0.00	avg10=0.00	avg10=0.00	avg10=0.00	pgpgin=1774791518,pgpgout=3189469,pswpin=0,pswpout=0,	reads=1274637,sectors_read=86108420,writes=97687,sectors_written=5777498	default [performance] powersave powersupersave 
2026-09-13T14:30:43,856243816-04:00	8115996	0	0	0	0	0	avg10=0.00	avg10=0.00	avg10=0.00	avg10=0.00	pgpgin=1774793174,pgpgout=3189477,pswpin=0,pswpout=0,	reads=1274662,sectors_read=86111732,writes=97689,sectors_written=5777514	default [performance] powersave powersupersave 
2026-09-13T14:30:44,915386355-04:00	8119996	0	0	0	0	0	avg10=0.00	avg10=0.00	avg10=0.00	avg10=0.00	pgpgin=1774794674,pgpgout=3189657,pswpin=0,pswpout=0,	reads=1274702,sectors_read=86114732,writes=97695,sectors_written=5777874	default [performance] powersave powersupersave 
2026-09-13T14:30:45,971094631-04:00	8121324	0	0	0	0	0	avg10=0.00	avg10=0.00	avg10=0.00	avg10=0.00	pgpgin=1774795426,pgpgout=3189665,pswpin=0,pswpout=0,	reads=1274713,sectors_read=86116236,writes=97697,sectors_written=5777890	default [performance] powersave powersupersave 
2026-09-13T14:30:47,026588123-04:00	8105592	0	0	0	0	0	avg10=0.00	avg10=0.00	avg10=0.00	avg10=0.00	pgpgin=1774795926,pgpgout=3189673,pswpin=0,pswpout=0,	reads=1274725,sectors_read=86117236,writes=97699,sectors_written=5777906	default [performance] powersave powersupersave 
2026-09-13T14:30:48,084407506-04:00	8106620	0	0	0	0	0	avg10=0.00	avg10=0.00	avg10=0.00	avg10=0.00	pgpgin=1774795926,pgpgout=3189681,pswpin=0,pswpout=0,	reads=1274725,sectors_read=86117236,writes=97701,sectors_written=5777922	default [performance] powersave powersupersave 
2026-09-13T14:30:49,138965009-04:00	8106372	0	0	0	0	0	avg10=0.00	avg10=0.00	avg10=0.00	avg10=0.00	pgpgin=1774795966,pgpgout=3189689,pswpin=0,pswpout=0,	reads=1274726,sectors_read=86117316,writes=97703,sectors_written=5777938	default [performance] powersave powersupersave 
2026-09-13T14:30:50,205038363-04:00	8111788	0	0	0	0	0	avg10=0.00	avg10=0.00	avg10=0.00	avg10=0.00	pgpgin=1774795966,pgpgout=3189817,pswpin=0,pswpout=0,	reads=1274726,sectors_read=86117316,writes=97708,sectors_written=5778194	default [performance] powersave powersupersave 
2026-09-13T14:30:51,266016291-04:00	8111400	0	0	0	0	0	avg10=0.00	avg10=0.00	avg10=0.00	avg10=0.00	pgpgin=1774795966,pgpgout=3189853,pswpin=0,pswpout=0,	reads=1274726,sectors_read=86117316,writes=97710,sectors_written=5778210	default [performance] powersave powersupersave 
2026-09-13T14:30:52,326241625-04:00	8111980	0	0	0	0	0	avg10=0.00	avg10=0.00	avg10=0.00	avg10=0.00	pgpgin=1774795966,pgpgout=3189861,pswpin=0,pswpout=0,	reads=1274726,sectors_read=86117316,writes=97712,sectors_written=5778226	default [performance] powersave powersupersave 
2026-09-13T14:30:53,385244723-04:00	8110460	0	0	0	0	0	avg10=0.00	avg10=0.00	avg10=0.00	avg10=0.00	pgpgin=1774795966,pgpgout=3189869,pswpin=0,pswpout=0,	reads=1274726,sectors_read=86117316,writes=97714,sectors_written=5778242	default [performance] powersave powersupersave 
2026-09-13T14:30:54,445422298-04:00	8111928	0	0	0	0	0	avg10=0.00	avg10=0.00	avg10=0.00	avg10=0.00	pgpgin=1774795966,pgpgout=3189877,pswpin=0,pswpout=0,	reads=1274726,sectors_read=86117316,writes=97716,sectors_written=5778258	default [performance] powersave powersupersave 
2026-09-13T14:30:55,511517633-04:00	8112092	0	0	0	0	0	avg10=0.00	avg10=0.00	avg10=0.00	avg10=0.00	pgpgin=1774795966,pgpgout=3189965,pswpin=0,pswpout=0,	reads=1274726,sectors_read=86117316,writes=97720,sectors_written=5778434	default [performance] powersave powersupersave 
2026-09-13T14:30:56,566477594-04:00	8112376	0	0	0	0	0	avg10=0.00	avg10=0.00	avg10=0.00	avg10=0.00	pgpgin=1774795966,pgpgout=3189973,pswpin=0,pswpout=0,	reads=1274726,sectors_read=86117316,writes=97722,sectors_written=5778450	default [performance] powersave powersupersave 
2026-09-13T14:30:57,627024332-04:00	8112788	0	0	0	0	0	avg10=0.00	avg10=0.00	avg10=0.00	avg10=0.00	pgpgin=1774795966,pgpgout=3189981,pswpin=0,pswpout=0,	reads=1274726,sectors_read=86117316,writes=97724,sectors_written=5778466	default [performance] powersave powersupersave 
2026-09-13T14:30:58,684375105-04:00	8113384	0	0	0	0	0	avg10=0.00	avg10=0.00	avg10=0.00	avg10=0.00	pgpgin=1774795966,pgpgout=3189989,pswpin=0,pswpout=0,	reads=1274726,sectors_read=86117316,writes=97726,sectors_written=5778482	default [performance] powersave powersupersave 
2026-09-13T14:30:59,741834883-04:00	8113832	0	0	0	0	0	avg10=0.00	avg10=0.00	avg10=0.00	avg10=0.00	pgpgin=1774795966,pgpgout=3189997,pswpin=0,pswpout=0,	reads=1274726,sectors_read=86117316,writes=97728,sectors_written=5778498	default [performance] powersave powersupersave 
2026-09-13T14:31:00,809529304-04:00	8112948	0	0	0	0	0	avg10=0.00	avg10=0.00	avg10=0.00	avg10=0.00	pgpgin=1774795966,pgpgout=3190101,pswpin=0,pswpout=0,	reads=1274726,sectors_read=86117316,writes=97732,sectors_written=5778706	default [performance] powersave powersupersave 
2026-09-13T14:31:01,869213722-04:00	8113016	0	0	0	0	0	avg10=0.00	avg10=0.00	avg10=0.00	avg10=0.00	pgpgin=1774795966,pgpgout=3190109,pswpin=0,pswpout=0,	reads=1274726,sectors_read=86117316,writes=97734,sectors_written=5778722	default [performance] powersave powersupersave 
2026-09-13T14:31:02,928143263-04:00	8111452	0	0	0	0	0	avg10=0.00	avg10=0.00	avg10=0.00	avg10=0.00	pgpgin=1774795966,pgpgout=3190117,pswpin=0,pswpout=0,	reads=1274726,sectors_read=86117316,writes=97736,sectors_written=5778738	default [performance] powersave powersupersave 
2026-09-13T14:31:03,986287637-04:00	8110072	0	0	0	0	0	avg10=0.00	avg10=0.00	avg10=0.00	avg10=0.00	pgpgin=1774795966,pgpgout=3190125,pswpin=0,pswpout=0,	reads=1274726,sectors_read=86117316,writes=97738,sectors_written=5778754	default [performance] powersave powersupersave 
2026-09-13T14:31:05,045977908-04:00	8111348	0	0	0	0	0	avg10=0.00	avg10=0.00	avg10=0.00	avg10=0.00	pgpgin=1774795966,pgpgout=3190133,pswpin=0,pswpout=0,	reads=1274726,sectors_read=86117316,writes=97740,sectors_written=5778770	default [performance] powersave powersupersave 
2026-09-13T14:31:06,102381662-04:00	8110592	0	0	0	0	0	avg10=0.00	avg10=0.00	avg10=0.00	avg10=0.00	pgpgin=1774795966,pgpgout=3190369,pswpin=0,pswpout=0,	reads=1274726,sectors_read=86117316,writes=97773,sectors_written=5779242	default [performance] powersave powersupersave 
2026-09-13T14:31:07,160974890-04:00	8110308	0	0	0	0	0	avg10=0.00	avg10=0.00	avg10=0.00	avg10=0.00	pgpgin=1774795966,pgpgout=3190377,pswpin=0,pswpout=0,	reads=1274726,sectors_read=86117316,writes=97775,sectors_written=5779258	default [performance] powersave powersupersave 
2026-09-13T14:31:08,216480287-04:00	8109716	0	0	0	0	0	avg10=0.00	avg10=0.00	avg10=0.00	avg10=0.00	pgpgin=1774795966,pgpgout=3190385,pswpin=0,pswpout=0,	reads=1274726,sectors_read=86117316,writes=97777,sectors_written=5779274	default [performance] powersave powersupersave 
2026-09-13T14:31:09,274032830-04:00	8110416	0	0	0	0	0	avg10=0.00	avg10=0.00	avg10=0.00	avg10=0.00	pgpgin=1774795966,pgpgout=3190393,pswpin=0,pswpout=0,	reads=1274726,sectors_read=86117316,writes=97779,sectors_written=5779290	default [performance] powersave powersupersave 
2026-09-13T14:31:10,328779941-04:00	8112068	0	0	0	0	0	avg10=0.00	avg10=0.00	avg10=0.00	avg10=0.00	pgpgin=1774795966,pgpgout=3190401,pswpin=0,pswpout=0,	reads=1274726,sectors_read=86117316,writes=97781,sectors_written=5779306	default [performance] powersave powersupersave 
2026-09-13T14:31:11,385515950-04:00	8111888	0	0	0	0	0	avg10=0.00	avg10=0.00	avg10=0.00	avg10=0.00	pgpgin=1774795970,pgpgout=3190593,pswpin=0,pswpout=0,	reads=1274727,sectors_read=86117324,writes=97788,sectors_written=5779690	default [performance] powersave powersupersave 
2026-09-13T14:31:12,440312114-04:00	8112172	0	0	0	0	0	avg10=0.00	avg10=0.00	avg10=0.00	avg10=0.00	pgpgin=1774795970,pgpgout=3190601,pswpin=0,pswpout=0,	reads=1274727,sectors_read=86117324,writes=97790,sectors_written=5779706	default [performance] powersave powersupersave 
2026-09-13T14:31:13,500538342-04:00	8110964	0	0	0	0	0	avg10=0.00	avg10=0.00	avg10=0.00	avg10=0.00	pgpgin=1774795970,pgpgout=3190609,pswpin=0,pswpout=0,	reads=1274727,sectors_read=86117324,writes=97792,sectors_written=5779722	default [performance] powersave powersupersave 
2026-09-13T14:31:14,558499543-04:00	8111108	0	0	0	0	0	avg10=0.00	avg10=0.00	avg10=0.00	avg10=0.00	pgpgin=1774795970,pgpgout=3190617,pswpin=0,pswpout=0,	reads=1274727,sectors_read=86117324,writes=97794,sectors_written=5779738	default [performance] powersave powersupersave 
2026-09-13T14:31:15,617563167-04:00	8111496	0	0	0	0	0	avg10=0.00	avg10=0.00	avg10=0.00	avg10=0.00	pgpgin=1774795970,pgpgout=3190625,pswpin=0,pswpout=0,	reads=1274727,sectors_read=86117324,writes=97796,sectors_written=5779754	default [performance] powersave powersupersave 
2026-09-13T14:31:16,683031565-04:00	8111028	0	0	0	0	0	avg10=0.00	avg10=0.00	avg10=0.00	avg10=0.00	pgpgin=1774795970,pgpgout=3190737,pswpin=0,pswpout=0,	reads=1274727,sectors_read=86117324,writes=97800,sectors_written=5779978	default [performance] powersave powersupersave 
2026-09-13T14:31:17,741563089-04:00	8113148	0	0	0	0	0	avg10=0.00	avg10=0.00	avg10=0.00	avg10=0.00	pgpgin=1774795970,pgpgout=3190745,pswpin=0,pswpout=0,	reads=1274727,sectors_read=86117324,writes=97802,sectors_written=5779994	default [performance] powersave powersupersave 
2026-09-13T14:31:18,800000355-04:00	8112924	0	0	0	0	0	avg10=0.00	avg10=0.00	avg10=0.00	avg10=0.00	pgpgin=1774795970,pgpgout=3190753,pswpin=0,pswpout=0,	reads=1274727,sectors_read=86117324,writes=97804,sectors_written=5780010	default [performance] powersave powersupersave 
2026-09-13T14:31:19,860472756-04:00	8112760	0	0	0	0	0	avg10=0.00	avg10=0.00	avg10=0.00	avg10=0.00	pgpgin=1774795970,pgpgout=3190761,pswpin=0,pswpout=0,	reads=1274727,sectors_read=86117324,writes=97806,sectors_written=5780026	default [performance] powersave powersupersave 
2026-09-13T14:31:20,917169963-04:00	8112096	0	0	0	0	0	avg10=0.00	avg10=0.00	avg10=0.00	avg10=0.00	pgpgin=1774795970,pgpgout=3190769,pswpin=0,pswpout=0,	reads=1274727,sectors_read=86117324,writes=97808,sectors_written=5780042	default [performance] powersave powersupersave 
2026-09-13T14:31:21,982239863-04:00	8112244	0	0	0	0	0	avg10=0.00	avg10=0.00	avg10=0.00	avg10=0.00	pgpgin=1774795970,pgpgout=3190897,pswpin=0,pswpout=0,	reads=1274727,sectors_read=86117324,writes=97812,sectors_written=5780242	default [performance] powersave powersupersave 
2026-09-13T14:31:23,037456347-04:00	8111720	0	0	0	0	0	avg10=0.00	avg10=0.00	avg10=0.00	avg10=0.00	pgpgin=1774795970,pgpgout=3190905,pswpin=0,pswpout=0,	reads=1274727,sectors_read=86117324,writes=97814,sectors_written=5780258	default [performance] powersave powersupersave 
2026-09-13T14:31:24,092948099-04:00	8111756	0	0	0	0	0	avg10=0.00	avg10=0.00	avg10=0.00	avg10=0.00	pgpgin=1774795970,pgpgout=3190913,pswpin=0,pswpout=0,	reads=1274727,sectors_read=86117324,writes=97816,sectors_written=5780274	default [performance] powersave powersupersave 
2026-09-13T14:31:25,149324503-04:00	8137000	0	0	0	0	0	avg10=0.00	avg10=0.00	avg10=0.00	avg10=0.00	pgpgin=1774795986,pgpgout=3190921,pswpin=0,pswpout=0,	reads=1274729,sectors_read=86117356,writes=97818,sectors_written=5780290	default [performance] powersave powersupersave 
2026-09-13T14:31:26,207902635-04:00	8137628	0	0	0	0	0	avg10=0.00	avg10=0.00	avg10=0.00	avg10=0.00	pgpgin=1774795986,pgpgout=3190929,pswpin=0,pswpout=0,	reads=1274729,sectors_read=86117356,writes=97820,sectors_written=5780306	default [performance] powersave powersupersave 
2026-09-13T14:31:27,275748422-04:00	8137808	0	0	0	0	0	avg10=0.00	avg10=0.00	avg10=0.00	avg10=0.00	pgpgin=1774795986,pgpgout=3191029,pswpin=0,pswpout=0,	reads=1274729,sectors_read=86117356,writes=97824,sectors_written=5780506	default [performance] powersave powersupersave 
2026-09-13T14:31:28,333292160-04:00	8138432	0	0	0	0	0	avg10=0.00	avg10=0.00	avg10=0.00	avg10=0.00	pgpgin=1774795986,pgpgout=3191037,pswpin=0,pswpout=0,	reads=1274729,sectors_read=86117356,writes=97826,sectors_written=5780522	default [performance] powersave powersupersave 
2026-09-13T14:31:29,387702791-04:00	8138300	0	0	0	0	0	avg10=0.00	avg10=0.00	avg10=0.00	avg10=0.00	pgpgin=1774795986,pgpgout=3191045,pswpin=0,pswpout=0,	reads=1274729,sectors_read=86117356,writes=97828,sectors_written=5780538	default [performance] powersave powersupersave 
2026-09-13T14:31:30,443841729-04:00	8138324	0	0	0	0	0	avg10=0.00	avg10=0.00	avg10=0.00	avg10=0.00	pgpgin=1774795986,pgpgout=3191053,pswpin=0,pswpout=0,	reads=1274729,sectors_read=86117356,writes=97830,sectors_written=5780554	default [performance] powersave powersupersave 
2026-09-13T14:31:31,503435940-04:00	8136940	0	0	0	0	0	avg10=0.00	avg10=0.00	avg10=0.00	avg10=0.00	pgpgin=1774795986,pgpgout=3191061,pswpin=0,pswpout=0,	reads=1274729,sectors_read=86117356,writes=97832,sectors_written=5780570	default [performance] powersave powersupersave 
2026-09-13T14:31:32,567512044-04:00	8137112	0	0	0	0	0	avg10=0.00	avg10=0.00	avg10=0.00	avg10=0.00	pgpgin=1774795986,pgpgout=3191161,pswpin=0,pswpout=0,	reads=1274729,sectors_read=86117356,writes=97836,sectors_written=5780770	default [performance] powersave powersupersave 
2026-09-13T14:31:33,626196035-04:00	8136976	0	0	0	0	0	avg10=0.00	avg10=0.00	avg10=0.00	avg10=0.00	pgpgin=1774795986,pgpgout=3191169,pswpin=0,pswpout=0,	reads=1274729,sectors_read=86117356,writes=97838,sectors_written=5780786	default [performance] powersave powersupersave 
2026-09-13T14:31:34,681874989-04:00	8135496	0	0	0	0	0	avg10=0.00	avg10=0.00	avg10=0.00	avg10=0.00	pgpgin=1774795986,pgpgout=3191177,pswpin=0,pswpout=0,	reads=1274729,sectors_read=86117356,writes=97840,sectors_written=5780802	default [performance] powersave powersupersave 
2026-09-13T14:31:35,737196893-04:00	8134624	0	0	0	0	0	avg10=0.00	avg10=0.00	avg10=0.00	avg10=0.00	pgpgin=1774795986,pgpgout=3191185,pswpin=0,pswpout=0,	reads=1274729,sectors_read=86117356,writes=97842,sectors_written=5780818	default [performance] powersave powersupersave 
2026-09-13T14:31:36,796372628-04:00	8134528	0	0	0	0	0	avg10=0.00	avg10=0.00	avg10=0.00	avg10=0.00	pgpgin=1774795986,pgpgout=3191265,pswpin=0,pswpout=0,	reads=1274729,sectors_read=86117356,writes=97862,sectors_written=5780978	default [performance] powersave powersupersave 
2026-09-13T14:31:37,862219510-04:00	8136172	0	0	0	0	0	avg10=0.00	avg10=0.00	avg10=0.00	avg10=0.00	pgpgin=1774795986,pgpgout=3191353,pswpin=0,pswpout=0,	reads=1274729,sectors_read=86117356,writes=97866,sectors_written=5781154	default [performance] powersave powersupersave 
2026-09-13T14:31:38,921621480-04:00	8136192	0	0	0	0	0	avg10=0.00	avg10=0.00	avg10=0.00	avg10=0.00	pgpgin=1774795986,pgpgout=3191361,pswpin=0,pswpout=0,	reads=1274729,sectors_read=86117356,writes=97868,sectors_written=5781170	default [performance] powersave powersupersave 
2026-09-13T14:31:39,981905218-04:00	8136460	0	0	0	0	0	avg10=0.00	avg10=0.00	avg10=0.00	avg10=0.00	pgpgin=1774795986,pgpgout=3191369,pswpin=0,pswpout=0,	reads=1274729,sectors_read=86117356,writes=97870,sectors_written=5781186	default [performance] powersave powersupersave 
2026-09-13T14:31:41,041665753-04:00	8137324	0	0	0	0	0	avg10=0.00	avg10=0.00	avg10=0.00	avg10=0.00	pgpgin=1774795986,pgpgout=3191377,pswpin=0,pswpout=0,	reads=1274729,sectors_read=86117356,writes=97872,sectors_written=5781202	default [performance] powersave powersupersave 
2026-09-13T14:31:42,099508223-04:00	8137288	0	0	0	0	0	avg10=0.00	avg10=0.00	avg10=0.00	avg10=0.00	pgpgin=1774795986,pgpgout=3191385,pswpin=0,pswpout=0,	reads=1274729,sectors_read=86117356,writes=97874,sectors_written=5781218	default [performance] powersave powersupersave 
2026-09-13T14:31:43,162556266-04:00	8137736	0	0	0	0	0	avg10=0.00	avg10=0.00	avg10=0.00	avg10=0.00	pgpgin=1774795986,pgpgout=3191473,pswpin=0,pswpout=0,	reads=1274729,sectors_read=86117356,writes=97878,sectors_written=5781394	default [performance] powersave powersupersave 
2026-09-13T14:31:44,220905909-04:00	8136176	0	0	0	0	0	avg10=0.00	avg10=0.00	avg10=0.00	avg10=0.00	pgpgin=1774795986,pgpgout=3191481,pswpin=0,pswpout=0,	reads=1274729,sectors_read=86117356,writes=97880,sectors_written=5781410	default [performance] powersave powersupersave 
2026-09-13T14:31:45,282006623-04:00	8135488	0	0	0	0	0	avg10=0.00	avg10=0.00	avg10=0.00	avg10=0.00	pgpgin=1774795986,pgpgout=3191489,pswpin=0,pswpout=0,	reads=1274729,sectors_read=86117356,writes=97882,sectors_written=5781426	default [performance] powersave powersupersave 
2026-09-13T14:31:46,336346502-04:00	8134000	0	0	0	0	0	avg10=0.00	avg10=0.00	avg10=0.00	avg10=0.00	pgpgin=1774795986,pgpgout=3191497,pswpin=0,pswpout=0,	reads=1274729,sectors_read=86117356,writes=97884,sectors_written=5781442	default [performance] powersave powersupersave 
2026-09-13T14:31:47,393658606-04:00	8132588	0	0	0	0	0	avg10=0.00	avg10=0.00	avg10=0.00	avg10=0.00	pgpgin=1774796108,pgpgout=3191505,pswpin=0,pswpout=0,	reads=1274730,sectors_read=86117484,writes=97886,sectors_written=5781458	default [performance] powersave powersupersave 
2026-09-13T14:31:48,459583645-04:00	8132932	0	0	0	0	0	avg10=0.00	avg10=0.00	avg10=0.00	avg10=0.00	pgpgin=1774796108,pgpgout=3191597,pswpin=0,pswpout=0,	reads=1274730,sectors_read=86117484,writes=97890,sectors_written=5781642	default [performance] powersave powersupersave 
2026-09-13T14:31:49,520171504-04:00	8133744	0	0	0	0	0	avg10=0.00	avg10=0.00	avg10=0.00	avg10=0.00	pgpgin=1774796108,pgpgout=3191605,pswpin=0,pswpout=0,	reads=1274730,sectors_read=86117484,writes=97892,sectors_written=5781658	default [performance] powersave powersupersave 
2026-09-13T14:31:50,578714863-04:00	8133548	0	0	0	0	0	avg10=0.00	avg10=0.00	avg10=0.00	avg10=0.00	pgpgin=1774796108,pgpgout=3191613,pswpin=0,pswpout=0,	reads=1274730,sectors_read=86117484,writes=97894,sectors_written=5781674	default [performance] powersave powersupersave 
2026-09-13T14:31:51,635976883-04:00	8136040	0	0	0	0	0	avg10=0.00	avg10=0.00	avg10=0.00	avg10=0.00	pgpgin=1774796108,pgpgout=3191621,pswpin=0,pswpout=0,	reads=1274730,sectors_read=86117484,writes=97896,sectors_written=5781690	default [performance] powersave powersupersave 
2026-09-13T14:31:52,694956291-04:00	8135024	0	0	0	0	0	avg10=0.00	avg10=0.00	avg10=0.00	avg10=0.00	pgpgin=1774796108,pgpgout=3191657,pswpin=0,pswpout=0,	reads=1274730,sectors_read=86117484,writes=97898,sectors_written=5781706	default [performance] powersave powersupersave 
2026-09-13T14:31:53,760661186-04:00	8136200	0	0	0	0	0	avg10=0.00	avg10=0.00	avg10=0.00	avg10=0.00	pgpgin=1774796108,pgpgout=3191745,pswpin=0,pswpout=0,	reads=1274730,sectors_read=86117484,writes=97902,sectors_written=5781882	default [performance] powersave powersupersave 
2026-09-13T14:31:54,820677142-04:00	8137208	0	0	0	0	0	avg10=0.00	avg10=0.00	avg10=0.00	avg10=0.00	pgpgin=1774796108,pgpgout=3191753,pswpin=0,pswpout=0,	reads=1274730,sectors_read=86117484,writes=97904,sectors_written=5781898	default [performance] powersave powersupersave 
2026-09-13T14:31:55,879549268-04:00	8138340	0	0	0	0	0	avg10=0.00	avg10=0.00	avg10=0.00	avg10=0.00	pgpgin=1774796108,pgpgout=3191761,pswpin=0,pswpout=0,	reads=1274730,sectors_read=86117484,writes=97906,sectors_written=5781914	default [performance] powersave powersupersave 
2026-09-13T14:31:56,936511796-04:00	8139184	0	0	0	0	0	avg10=0.00	avg10=0.00	avg10=0.00	avg10=0.00	pgpgin=1774796108,pgpgout=3191769,pswpin=0,pswpout=0,	reads=1274730,sectors_read=86117484,writes=97908,sectors_written=5781930	default [performance] powersave powersupersave 
2026-09-13T14:31:57,993382572-04:00	8139120	0	0	0	0	0	avg10=0.00	avg10=0.00	avg10=0.00	avg10=0.00	pgpgin=1774796108,pgpgout=3191777,pswpin=0,pswpout=0,	reads=1274730,sectors_read=86117484,writes=97910,sectors_written=5781946	default [performance] powersave powersupersave 
2026-09-13T14:31:59,059668620-04:00	8139032	0	0	0	0	0	avg10=0.00	avg10=0.00	avg10=0.00	avg10=0.00	pgpgin=1774796108,pgpgout=3191881,pswpin=0,pswpout=0,	reads=1274730,sectors_read=86117484,writes=97914,sectors_written=5782154	default [performance] powersave powersupersave 
2026-09-13T14:32:00,115922206-04:00	8140304	0	0	0	0	0	avg10=0.00	avg10=0.00	avg10=0.00	avg10=0.00	pgpgin=1774796108,pgpgout=3191889,pswpin=0,pswpout=0,	reads=1274730,sectors_read=86117484,writes=97916,sectors_written=5782170	default [performance] powersave powersupersave 
2026-09-13T14:32:01,172800546-04:00	8139292	0	0	0	0	0	avg10=0.00	avg10=0.00	avg10=0.00	avg10=0.00	pgpgin=1774796108,pgpgout=3191897,pswpin=0,pswpout=0,	reads=1274730,sectors_read=86117484,writes=97918,sectors_written=5782186	default [performance] powersave powersupersave 
2026-09-13T14:32:02,231015227-04:00	8138320	0	0	0	0	0	avg10=0.00	avg10=0.00	avg10=0.00	avg10=0.00	pgpgin=1774796108,pgpgout=3191905,pswpin=0,pswpout=0,	reads=1274730,sectors_read=86117484,writes=97920,sectors_written=5782202	default [performance] powersave powersupersave 
2026-09-13T14:32:03,289512860-04:00	8137344	0	0	0	0	0	avg10=0.00	avg10=0.00	avg10=0.00	avg10=0.00	pgpgin=1774796108,pgpgout=3191913,pswpin=0,pswpout=0,	reads=1274730,sectors_read=86117484,writes=97922,sectors_written=5782218	default [performance] powersave powersupersave 
2026-09-13T14:32:04,356381654-04:00	8137664	0	0	0	0	0	avg10=0.00	avg10=0.00	avg10=0.00	avg10=0.00	pgpgin=1774796108,pgpgout=3192005,pswpin=0,pswpout=0,	reads=1274730,sectors_read=86117484,writes=97926,sectors_written=5782402	default [performance] powersave powersupersave 
2026-09-13T14:32:05,414889486-04:00	8138828	0	0	0	0	0	avg10=0.00	avg10=0.00	avg10=0.00	avg10=0.00	pgpgin=1774796108,pgpgout=3192013,pswpin=0,pswpout=0,	reads=1274730,sectors_read=86117484,writes=97928,sectors_written=5782418	default [performance] powersave powersupersave 
2026-09-13T14:32:06,472836966-04:00	8138064	0	0	0	0	0	avg10=0.00	avg10=0.00	avg10=0.00	avg10=0.00	pgpgin=1774796108,pgpgout=3192021,pswpin=0,pswpout=0,	reads=1274730,sectors_read=86117484,writes=97930,sectors_written=5782434	default [performance] powersave powersupersave 
2026-09-13T14:32:07,530981946-04:00	8137440	0	0	0	0	0	avg10=0.00	avg10=0.00	avg10=0.00	avg10=0.00	pgpgin=1774796108,pgpgout=3192029,pswpin=0,pswpout=0,	reads=1274730,sectors_read=86117484,writes=97932,sectors_written=5782450	default [performance] powersave powersupersave 
2026-09-13T14:32:08,590506469-04:00	8138508	0	0	0	0	0	avg10=0.00	avg10=0.00	avg10=0.00	avg10=0.00	pgpgin=1774796108,pgpgout=3192037,pswpin=0,pswpout=0,	reads=1274730,sectors_read=86117484,writes=97934,sectors_written=5782466	default [performance] powersave powersupersave 
2026-09-13T14:32:09,654703463-04:00	8139028	0	0	0	0	0	avg10=0.00	avg10=0.00	avg10=0.00	avg10=0.00	pgpgin=1774796108,pgpgout=3192137,pswpin=0,pswpout=0,	reads=1274730,sectors_read=86117484,writes=97938,sectors_written=5782666	default [performance] powersave powersupersave 
2026-09-13T14:32:10,713344807-04:00	8137880	0	0	0	0	0	avg10=0.00	avg10=0.00	avg10=0.00	avg10=0.00	pgpgin=1774796108,pgpgout=3192145,pswpin=0,pswpout=0,	reads=1274730,sectors_read=86117484,writes=97940,sectors_written=5782682	default [performance] powersave powersupersave 
2026-09-13T14:32:11,773133126-04:00	8137668	0	0	0	0	0	avg10=0.00	avg10=0.00	avg10=0.00	avg10=0.00	pgpgin=1774796108,pgpgout=3192153,pswpin=0,pswpout=0,	reads=1274730,sectors_read=86117484,writes=97942,sectors_written=5782698	default [performance] powersave powersupersave 
2026-09-13T14:32:12,831124939-04:00	8137416	0	0	0	0	0	avg10=0.00	avg10=0.00	avg10=0.00	avg10=0.00	pgpgin=1774796108,pgpgout=3192197,pswpin=0,pswpout=0,	reads=1274730,sectors_read=86117484,writes=97953,sectors_written=5782786	default [performance] powersave powersupersave 
2026-09-13T14:32:13,888403291-04:00	8136672	0	0	0	0	0	avg10=0.00	avg10=0.00	avg10=0.00	avg10=0.00	pgpgin=1774796108,pgpgout=3192205,pswpin=0,pswpout=0,	reads=1274730,sectors_read=86117484,writes=97955,sectors_written=5782802	default [performance] powersave powersupersave 
2026-09-13T14:32:14,953863860-04:00	8135960	0	0	0	0	0	avg10=0.00	avg10=0.00	avg10=0.00	avg10=0.00	pgpgin=1774796108,pgpgout=3192297,pswpin=0,pswpout=0,	reads=1274730,sectors_read=86117484,writes=97959,sectors_written=5782986	default [performance] powersave powersupersave 
2026-09-13T14:32:16,013576106-04:00	8135860	0	0	0	0	0	avg10=0.00	avg10=0.00	avg10=0.00	avg10=0.00	pgpgin=1774796108,pgpgout=3192305,pswpin=0,pswpout=0,	reads=1274730,sectors_read=86117484,writes=97961,sectors_written=5783002	default [performance] powersave powersupersave 
2026-09-13T14:32:17,071889564-04:00	8136304	0	0	0	0	0	avg10=0.00	avg10=0.00	avg10=0.00	avg10=0.00	pgpgin=1774796108,pgpgout=3192313,pswpin=0,pswpout=0,	reads=1274730,sectors_read=86117484,writes=97963,sectors_written=5783018	default [performance] powersave powersupersave 
2026-09-13T14:32:18,131832814-04:00	8138128	0	0	0	0	0	avg10=0.00	avg10=0.00	avg10=0.00	avg10=0.00	pgpgin=1774796108,pgpgout=3192321,pswpin=0,pswpout=0,	reads=1274730,sectors_read=86117484,writes=97965,sectors_written=5783034	default [performance] powersave powersupersave 
2026-09-13T14:32:19,188194184-04:00	8139380	0	0	0	0	0	avg10=0.00	avg10=0.00	avg10=0.00	avg10=0.00	pgpgin=1774796108,pgpgout=3192329,pswpin=0,pswpout=0,	reads=1274730,sectors_read=86117484,writes=97967,sectors_written=5783050	default [performance] powersave powersupersave 
2026-09-13T14:32:20,252655815-04:00	8138328	0	0	0	0	0	avg10=0.00	avg10=0.00	avg10=0.00	avg10=0.00	pgpgin=1774796108,pgpgout=3192433,pswpin=0,pswpout=0,	reads=1274730,sectors_read=86117484,writes=97971,sectors_written=5783258	default [performance] powersave powersupersave 
2026-09-13T14:32:21,312121138-04:00	8138004	0	0	0	0	0	avg10=0.00	avg10=0.00	avg10=0.00	avg10=0.00	pgpgin=1774796108,pgpgout=3192441,pswpin=0,pswpout=0,	reads=1274730,sectors_read=86117484,writes=97973,sectors_written=5783274	default [performance] powersave powersupersave 
2026-09-13T14:32:22,372112409-04:00	8137952	0	0	0	0	0	avg10=0.00	avg10=0.00	avg10=0.00	avg10=0.00	pgpgin=1774796108,pgpgout=3192449,pswpin=0,pswpout=0,	reads=1274730,sectors_read=86117484,writes=97975,sectors_written=5783290	default [performance] powersave powersupersave 
2026-09-13T14:32:23,427758776-04:00	8137416	0	0	0	0	0	avg10=0.00	avg10=0.00	avg10=0.00	avg10=0.00	pgpgin=1774796108,pgpgout=3192485,pswpin=0,pswpout=0,	reads=1274730,sectors_read=86117484,writes=97977,sectors_written=5783306	default [performance] powersave powersupersave 
2026-09-13T14:32:24,484937883-04:00	8137268	0	0	0	0	0	avg10=0.00	avg10=0.00	avg10=0.00	avg10=0.00	pgpgin=1774796108,pgpgout=3192493,pswpin=0,pswpout=0,	reads=1274730,sectors_read=86117484,writes=97979,sectors_written=5783322	default [performance] powersave powersupersave 
2026-09-13T14:32:25,549693437-04:00	8136292	0	0	0	0	0	avg10=0.00	avg10=0.00	avg10=0.00	avg10=0.00	pgpgin=1774796108,pgpgout=3192585,pswpin=0,pswpout=0,	reads=1274730,sectors_read=86117484,writes=97983,sectors_written=5783506	default [performance] powersave powersupersave 
2026-09-13T14:32:26,609158359-04:00	8135976	0	0	0	0	0	avg10=0.00	avg10=0.00	avg10=0.00	avg10=0.00	pgpgin=1774796108,pgpgout=3192593,pswpin=0,pswpout=0,	reads=1274730,sectors_read=86117484,writes=97985,sectors_written=5783522	default [performance] powersave powersupersave 
2026-09-13T14:32:27,667984881-04:00	8135232	0	0	0	0	0	avg10=0.00	avg10=0.00	avg10=0.00	avg10=0.00	pgpgin=1774796108,pgpgout=3192601,pswpin=0,pswpout=0,	reads=1274730,sectors_read=86117484,writes=97987,sectors_written=5783538	default [performance] powersave powersupersave 
2026-09-13T14:32:28,727623059-04:00	8135372	0	0	0	0	0	avg10=0.00	avg10=0.00	avg10=0.00	avg10=0.00	pgpgin=1774796108,pgpgout=3192609,pswpin=0,pswpout=0,	reads=1274730,sectors_read=86117484,writes=97989,sectors_written=5783554	default [performance] powersave powersupersave 
2026-09-13T14:32:29,786820469-04:00	8135064	0	0	0	0	0	avg10=0.00	avg10=0.00	avg10=0.00	avg10=0.00	pgpgin=1774796108,pgpgout=3192617,pswpin=0,pswpout=0,	reads=1274730,sectors_read=86117484,writes=97991,sectors_written=5783570	default [performance] powersave powersupersave 
2026-09-13T14:32:30,854288200-04:00	8134428	0	0	0	0	0	avg10=0.00	avg10=0.00	avg10=0.00	avg10=0.00	pgpgin=1774796108,pgpgout=3192709,pswpin=0,pswpout=0,	reads=1274730,sectors_read=86117484,writes=97995,sectors_written=5783754	default [performance] powersave powersupersave 
2026-09-13T14:32:31,914303367-04:00	8133968	0	0	0	0	0	avg10=0.00	avg10=0.00	avg10=0.00	avg10=0.00	pgpgin=1774796108,pgpgout=3192717,pswpin=0,pswpout=0,	reads=1274730,sectors_read=86117484,writes=97997,sectors_written=5783770	default [performance] powersave powersupersave 
2026-09-13T14:32:32,972527408-04:00	8134004	0	0	0	0	0	avg10=0.00	avg10=0.00	avg10=0.00	avg10=0.00	pgpgin=1774796108,pgpgout=3192725,pswpin=0,pswpout=0,	reads=1274730,sectors_read=86117484,writes=97999,sectors_written=5783786	default [performance] powersave powersupersave 
2026-09-13T14:32:34,031536704-04:00	8135404	0	0	0	0	0	avg10=0.00	avg10=0.00	avg10=0.00	avg10=0.00	pgpgin=1774796800,pgpgout=3192961,pswpin=0,pswpout=0,	reads=1274788,sectors_read=86118868,writes=98005,sectors_written=5784258	default [performance] powersave powersupersave 
2026-09-13T14:32:40,500617842-04:00	126937124	0	0	0	0	0	avg10=0.00	avg10=0.00	avg10=0.92	avg10=0.74	pgpgin=1774920028,pgpgout=3193465,pswpin=0,pswpout=0,	reads=1277239,sectors_read=86358132,writes=98009,sectors_written=5785266	default [performance] powersave powersupersave 
