attempt,monotonic,seconds_from_constructor,phase,pressure_bytes,mem_available_bytes,GPUActive,AnonPages,Cached,Shmem,Unevictable,Mlocked,worker_rss_bytes,cgroup_anon_bytes,completed_parameters,expert_payload_bytes,expert_reserved_assumption_bytes,expert_device_payload_bytes,ple_bound_ranks,ple_cache_bytes,ple_metadata_bytes
4,358890.867482679,-147.544484308979,startup_or_init_device,4957184000,119221948416,114688,596795392,83540520960,3772416,3076096,32768,"[None, None, None, None]",,0,0,0,0,0,0,0
4,358890.869702573,-147.5422644150094,startup_or_init_device,4961361920,119217770496,114688,595779584,83540520960,3772416,3076096,32768,"[None, None, None, None]",,0,0,0,0,0,0,0
4,358891.369789616,-147.04217737202998,startup_or_init_device,4998406144,119180726272,114688,619196416,83582242816,3833856,3178496,32768,"[None, None, None, None]",8482816,0,0,0,0,0,0,0
4,358891.869824059,-146.5421429289854,startup_or_init_device,4983603200,119195529216,114688,644657152,83728723968,3833856,3178496,32768,"[None, None, None, None]",33386496,0,0,0,0,0,0,0
4,358892.369891021,-146.0420759670087,startup_or_init_device,5054128128,119125004288,114688,731926528,83945631744,3842048,3178496,32768,"[None, None, None, None]",121118720,0,0,0,0,0,0,0
4,358892.869980984,-145.54198600398377,startup_or_init_device,5118091264,119061041152,114688,791810048,84086870016,3842048,3178496,32768,"[None, None, None, None]",182853632,0,0,0,0,0,0,0
4,358893.37001044,-145.04195654799696,startup_or_init_device,5160546304,119018586112,114688,836341760,84098514944,3842048,3178496,32768,"[None, None, None, None]",225898496,0,0,0,0,0,0,0
4,358893.870089149,-144.5418778390158,startup_or_init_device,5196582912,118982549504,114688,872538112,84168015872,3842048,3178496,32768,"[None, None, None, None]",263446528,0,0,0,0,0,0,0
4,358894.370214431,-144.0417525569792,startup_or_init_device,5200207872,118978924544,114688,879460352,84174069760,3842048,3178496,32768,"[None, None, None, None]",270438400,0,0,0,0,0,0,0
4,358894.870265092,-143.54170189599972,startup_or_init_device,5213650944,118965481472,114688,892665856,84179267584,3842048,3178496,32768,"[None, None, None, None]",283242496,0,0,0,0,0,0,0
4,358895.370380602,-143.04158638598165,startup_or_init_device,5228851200,118950281216,114688,906833920,84262666240,3842048,3178496,32768,"[None, None, None, None]",297340928,0,0,0,0,0,0,0
4,358895.870440095,-142.54152689297916,startup_or_init_device,5244497920,118934634496,114688,923844608,84266373120,3842048,3178496,32768,"[None, None, None, None]",313516032,0,0,0,0,0,0,0
4,358896.370535893,-142.04143109498546,startup_or_init_device,5256663040,118922469376,114688,935862272,84270927872,3842048,3178496,32768,"[None, None, None, None]",326701056,0,0,0,0,0,0,0
4,358896.870643913,-141.54132307501277,startup_or_init_device,5284970496,118894161920,114688,960409600,84273635328,3842048,3178496,32768,"[None, None, None, None]",350908416,0,0,0,0,0,0,0
4,358897.370720471,-141.0412465169793,startup_or_init_device,5293682688,118885449728,114688,973918208,84279803904,3842048,3178496,32768,"[None, None, None, None]",364466176,0,0,0,0,0,0,0
4,358897.870814861,-140.5411521270289,startup_or_init_device,5311012864,118868119552,114688,989757440,84286058496,3842048,3178496,32768,"[None, None, None, None]",380551168,0,0,0,0,0,0,0
4,358898.370888829,-140.04107815900352,startup_or_init_device,5309759488,118869372928,114688,994791424,84288999424,3842048,3178496,32768,"[None, None, None, None]",384507904,0,0,0,0,0,0,0
4,358898.870951465,-139.54101552302018,startup_or_init_device,5312638976,118866493440,114688,999141376,84296962048,3842048,3178496,32768,"[None, None, None, None]",389926912,0,0,0,0,0,0,0
4,358899.371119456,-139.0408475319855,startup_or_init_device,5325160448,118853971968,114688,1012494336,84304568320,3842048,3178496,32768,"[None, None, None, None]",403320832,0,0,0,0,0,0,0
4,358899.871105915,-138.54086107300827,startup_or_init_device,5323923456,118855208960,114688,1012887552,84307124224,3842048,3178496,32768,"[None, None, None, None]",403378176,0,0,0,0,0,0,0
4,358900.371184263,-138.04078272503102,startup_or_init_device,5323272192,118855860224,114688,1013424128,84309733376,3842048,3178496,32768,"[None, None, None, None]",403922944,0,0,0,0,0,0,0
4,358900.871222264,-137.54074472398497,startup_or_init_device,5326229504,118852902912,114688,1016520704,84311801856,3842048,3178496,32768,"[None, None, None, None]",406290432,0,0,0,0,0,0,0
4,358901.371359378,-137.04060761001892,startup_or_init_device,5342310400,118836822016,114688,1031397376,84317626368,3842048,3178496,32768,"[None, None, None, None]",422072320,0,0,0,0,0,0,0
4,358901.871392705,-136.54057428298984,startup_or_init_device,5340422144,118838710272,114688,1031901184,84357677056,3842048,3178496,32768,"[None, None, None, None]",423596032,0,0,0,0,0,0,0
4,358902.371510759,-136.04045622900594,startup_or_init_device,5343547392,118835585024,114688,1036263424,84366229504,3842048,3178496,32768,"[None, None, None, None]",427745280,0,0,0,0,0,0,0
4,358902.871606951,-135.54036003700458,startup_or_init_device,5358112768,118821019648,114688,1050398720,84375310336,3842048,3178496,32768,"[None, None, None, None]",441860096,0,0,0,0,0,0,0
4,358903.396986318,-135.01498067000648,startup_or_init_device,5382365184,118796767232,114688,1069871104,84388548608,3842048,3178496,32768,"[None, None, None, None]",461897728,0,0,0,0,0,0,0
4,358903.876831719,-134.53513526899042,startup_or_init_device,5395542016,118783590400,114688,1085022208,84408836096,3842048,3178496,32768,"[None, None, None, None]",476684288,0,0,0,0,0,0,0
4,358904.376929767,-134.03503722097958,startup_or_init_device,5428338688,118750793728,114688,1115385856,84418056192,3842048,3178496,32768,"[None, None, None, None]",506773504,0,0,0,0,0,0,0
4,358904.877029077,-133.53493791102665,startup_or_init_device,5425025024,118754107392,114688,1116151808,84424699904,3842048,3178496,32768,"[None, None, None, None]",507973632,0,0,0,0,0,0,0
4,358905.377123964,-133.03484302398283,startup_or_init_device,5447995392,118731137024,114688,1135046656,84475318272,3842048,3178496,32768,"[None, None, None, None]",526229504,0,0,0,0,0,0,0
4,358905.877119554,-132.53484743402805,startup_or_init_device,5456601088,118722531328,114688,1144209408,84490969088,3842048,3178496,32768,"[None, None, None, None]",535457792,0,0,0,0,0,0,0
4,358906.377280612,-132.03468637599144,startup_or_init_device,5484335104,118694797312,114688,1171533824,84498878464,3842048,3178496,32768,"[None, None, None, None]",555110400,0,0,0,0,0,0,0
4,358906.877369584,-131.53459740401013,startup_or_init_device,5504016384,118675116032,114688,1166692352,84509122560,3842048,3178496,32768,"[None, None, None, None]",557928448,0,0,0,0,0,0,0
4,358907.37743078,-131.0345362080261,startup_or_init_device,5500411904,118678720512,114688,1175584768,84512661504,3842048,3178496,32768,"[None, None, None, None]",566980608,0,0,0,0,0,0,0
4,358907.877508936,-130.53445805201773,startup_or_init_device,5509767168,118669365248,114688,1188458496,84515078144,3842048,3178496,32768,"[None, None, None, None]",579170304,0,0,0,0,0,0,0
4,358908.377569477,-130.0343975109863,startup_or_init_device,5515694080,118663438336,114688,1205559296,84606246912,3842048,3178496,32768,"[None, None, None, None]",596946944,0,0,0,0,0,0,0
4,358908.877721198,-129.53424578998238,startup_or_init_device,5535219712,118643912704,114688,1225138176,84629417984,3842048,3194880,49152,"[None, None, None, None]",616419328,0,0,0,0,0,0,0
4,358909.377794157,-129.0341728309868,startup_or_init_device,5546131456,118633000960,114688,1236676608,84637847552,3842048,3194880,49152,"[None, None, None, None]",627916800,0,0,0,0,0,0,0
4,358909.877883216,-128.53408377198502,startup_or_init_device,5568090112,118611042304,114688,1256660992,84651089920,3842048,3194880,49152,"[None, None, None, None]",648081408,0,0,0,0,0,0,0
4,358910.377944379,-128.03402260900475,startup_or_init_device,5582426112,118596706304,114688,1275977728,84672417792,3842048,3194880,49152,"[None, None, None, None]",666140672,0,0,0,0,0,0,0
4,358910.879383598,-127.53258339001331,startup_or_init_device,5728763904,118450368512,114688,1424699392,84674916352,3842048,3194880,49152,"[None, None, None, None]",816152576,0,0,0,0,0,0,0
4,358911.379370356,-127.03259663202334,startup_or_init_device,5795549184,118383583232,114688,1489641472,84674920448,3842048,3194880,49152,"[None, None, None, None]",880984064,0,0,0,0,0,0,0
4,358911.879422016,-126.53254497202579,startup_or_init_device,5864099840,118315032576,114688,1539600384,84674924544,3842048,3194880,49152,"[None, None, None, None]",930652160,0,0,0,0,0,0,0
4,358912.379507166,-126.0324598220177,startup_or_init_device,5868228608,118310903808,114688,1546313728,84674928640,3842048,3194880,49152,"[None, None, None, None]",937660416,0,0,0,0,0,0,0
4,358912.879571105,-125.53239588299766,startup_or_init_device,5883699200,118295433216,114688,1558073344,84674932736,3842048,3194880,49152,"[None, None, None, None]",950448128,0,0,0,0,0,0,0
4,358913.379639319,-125.03232766897418,startup_or_init_device,5904326656,118274805760,114688,1577906176,84674936832,3842048,3194880,49152,"[None, None, None, None]",971304960,0,0,0,0,0,0,0
4,358913.879719364,-124.53224762401078,startup_or_init_device,5915164672,118263967744,114688,1588752384,84674932736,3842048,3194880,49152,"[None, None, None, None]",981667840,0,0,0,0,0,0,0
4,358914.379769329,-124.03219765902031,startup_or_init_device,5943803904,118235328512,114688,1611403264,84674936832,3842048,3194880,49152,"[None, None, None, None]",1004408832,0,0,0,0,0,0,0
4,358914.879859308,-123.53210767998826,startup_or_init_device,5960318976,118218813440,114688,1628434432,84674940928,3842048,3194880,49152,"[None, None, None, None]",1021288448,0,0,0,0,0,0,0
4,358915.379942732,-123.03202425601194,startup_or_init_device,5969092608,118210039808,114688,1641508864,84674949120,3842048,3194880,49152,"[None, None, None, None]",1033375744,0,0,0,0,0,0,0
4,358915.880052946,-122.53191404201789,startup_or_init_device,5987655680,118191476736,114688,1655939072,84674953216,3842048,3194880,49152,"[None, None, None, None]",1048985600,0,0,0,0,0,0,0
4,358916.380116579,-122.03185040899552,startup_or_init_device,5986881536,118192250880,114688,1660272640,84674961408,3842048,3194880,49152,"[None, None, None, None]",1052991488,0,0,0,0,0,0,0
4,358916.880178817,-121.53178817097796,startup_or_init_device,5993590784,118185541632,114688,1667502080,84674965504,3842048,3194880,49152,"[None, None, None, None]",1060179968,0,0,0,0,0,0,0
4,358917.380259087,-121.03170790098375,startup_or_init_device,6016557056,118162575360,114688,1683427328,84674969600,3842048,3194880,49152,"[None, None, None, None]",1076387840,0,0,0,0,0,0,0
4,358917.880289402,-120.53167758602649,startup_or_init_device,6017851392,118161281024,114688,1684987904,84674969600,3842048,3194880,49152,"[None, None, None, None]",1076387840,0,0,0,0,0,0,0
4,358918.380425853,-120.03154113498749,startup_or_init_device,6021464064,118157668352,114688,1693462528,84674973696,3842048,3194880,49152,"[None, None, None, None]",1086144512,0,0,0,0,0,0,0
4,358918.880512129,-119.53145485901041,startup_or_init_device,6040043520,118139088896,114688,1711525888,84674977792,3842048,3194880,49152,"[None, None, None, None]",1104621568,0,0,0,0,0,0,0
4,358919.380596068,-119.0313709200127,startup_or_init_device,6058868736,118120263680,114688,1729941504,84674985984,3842048,3194880,49152,"[None, None, None, None]",1122885632,0,0,0,0,0,0,0
4,358919.880625142,-118.53134184598457,startup_or_init_device,6082093056,118097039360,114688,1747488768,84674990080,3842048,3194880,49152,"[None, None, None, None]",1140121600,0,0,0,0,0,0,0
4,358920.380691803,-118.03127518499969,startup_or_init_device,6107840512,118071291904,114688,1777967104,84674994176,3842048,3194880,49152,"[None, None, None, None]",1170452480,0,0,0,0,0,0,0
4,358920.880819469,-117.53114751901012,startup_or_init_device,6111453184,118067679232,114688,1782636544,84674998272,3842048,3194880,49152,"[None, None, None, None]",1175339008,0,0,0,0,0,0,0
4,358921.380918617,-117.0310483709909,startup_or_init_device,6127710208,118051422208,114688,1797783552,84675002368,3842048,3194880,49152,"[None, None, None, None]",1191100416,0,0,0,0,0,0,0
4,358921.88099898,-116.53096800798085,startup_or_init_device,6156095488,118023036928,114688,1822040064,84675006464,3842048,3194880,49152,"[None, None, None, None]",1215254528,0,0,0,0,0,0,0
4,358922.381087394,-116.03087959397817,startup_or_init_device,6168481792,118010650624,114688,1826557952,84675006464,3842048,3194880,49152,"[None, None, None, None]",1218150400,0,0,0,0,0,0,0
4,358922.881132456,-115.5308345319936,startup_or_init_device,6177771520,118001360896,114688,1831165952,84675006464,3842048,3194880,49152,"[None, None, None, None]",1224585216,0,0,0,0,0,0,0
4,358923.381215296,-115.03075169201475,startup_or_init_device,6178029568,118001102848,114688,1839353856,84675010560,3842048,3194880,49152,"[None, None, None, None]",1232510976,0,0,0,0,0,0,0
4,358923.881290961,-114.53067602700321,startup_or_init_device,6185594880,117993537536,114688,1859080192,84675420160,3842048,3194880,49152,"[None, None, None, None]",1251876864,0,0,0,0,0,0,0
4,358924.381427899,-114.03053908899892,startup_or_init_device,6209523712,117969608704,114688,1882574848,84675780608,3842048,3194880,49152,"[None, None, None, None]",1274396672,0,0,0,0,0,0,0
4,358924.881437756,-113.5305292319972,startup_or_init_device,6224977920,117954154496,114688,1897668608,84675784704,3842048,3194880,49152,"[None, None, None, None]",1289523200,0,0,0,0,0,0,0
4,358925.381546897,-113.03042009100318,startup_or_init_device,6243061760,117936070656,114688,1920098304,84676935680,3842048,3211264,65536,"[None, None, None, None]",1313337344,0,0,0,0,0,0,0
4,358925.881618206,-112.53034878202016,startup_or_init_device,6250221568,117928910848,114688,1931943936,84680048640,3842048,3211264,65536,"[None, None, None, None]",1325150208,0,0,0,0,0,0,0
4,358926.381735669,-112.03023131901864,startup_or_init_device,6341353472,117837778944,114688,2025897984,84710039552,3842048,3211264,65536,"[None, None, None, None]",1419194368,0,0,0,0,0,0,0
4,358926.881802244,-111.53016474400647,startup_or_init_device,6463893504,117715238912,114688,2142076928,84712480768,3842048,3211264,65536,"[None, None, None, None]",1535016960,0,0,0,0,0,0,0
4,358927.381892362,-111.03007462597452,startup_or_init_device,6546714624,117632417792,114688,2228449280,84712726528,3842048,3211264,65536,"[None, None, None, None]",1620672512,0,0,0,0,0,0,0
4,358927.881957371,-110.53000961698126,startup_or_init_device,6569463808,117609668608,114688,2247180288,84719120384,3842048,3211264,65536,"[None, None, None, None]",1640173568,0,0,0,0,0,0,0
4,358928.382254514,-110.02971247397363,startup_or_init_device,6586744832,117592387584,114688,1947041792,84725059584,3842048,3211264,65536,"[None, None, None, None]",1340608512,0,0,0,0,0,0,0
4,358928.882185927,-109.52978106099181,startup_or_init_device,6654992384,117524140032,72138752,1965035520,84800356352,3842048,3211264,65536,"[None, None, None, None]",1359527936,0,0,0,0,0,0,0
4,358929.382239787,-109.0297272009775,startup_or_init_device,6785941504,117393190912,72204288,2089721856,84800847872,3842048,3211264,65536,"[None, None, None, None]",1483194368,0,0,0,0,0,0,0
4,358929.897479787,-108.5144872009987,startup_or_init_device,6893543424,117285588992,72204288,2197557248,84800847872,3842048,3211264,65536,"[None, None, None, None]",1599324160,0,0,0,0,0,0,0
4,358930.387527613,-108.02443937497446,startup_or_init_device,6961893376,117217239040,72204288,1951514624,84800856064,3842048,3211264,65536,"[None, None, None, None]",1344995328,0,0,0,0,0,0,0
4,358930.887580316,-107.52438667201204,startup_or_init_device,6953713664,117225418752,72204288,2073137152,84800770048,3842048,3211264,65536,"[None, None, None, None]",1466781696,0,0,0,0,0,0,0
4,358931.387652042,-107.02431494602934,startup_or_init_device,6952751104,117226381312,72204288,2179596288,84800872448,3842048,3211264,65536,"[None, None, None, None]",1572859904,0,0,0,0,0,0,0
4,358931.887735539,-106.5242314490024,startup_or_init_device,6917566464,117261565952,72204288,1959186432,84801380352,3842048,3211264,65536,"[None, None, None, None]",1351999488,0,0,0,0,0,0,0
4,358932.387755975,-106.02421101299115,startup_or_init_device,6900654080,117278478336,72269824,1966469120,84802039808,3842048,3211264,65536,"[None, None, None, None]",1359327232,0,0,0,0,0,0,0
4,358932.887933666,-105.52403332199901,startup_or_init_device,6900510720,117278621696,72269824,1967312896,84802482176,3842048,3211264,65536,"[None, None, None, None]",1359327232,0,0,0,0,0,0,0
4,358933.388112807,-105.02385418099584,startup_or_init_device,6882463744,117296668672,72269824,1959628800,84804763648,3842048,3211264,65536,"[None, None, None, None]",1351585792,0,0,0,0,0,0,0
4,358933.888174515,-104.52379247301724,startup_or_init_device,6142709760,118036422656,114688,1280876544,84821364736,3842048,3211264,65536,"[None, None, None, None]",673316864,0,0,0,0,0,0,0
4,358934.388190243,-104.02377674501622,startup_or_init_device,6127083520,118052048896,114688,1288433664,84821487616,3842048,3211264,65536,"[None, None, None, None]",680239104,0,0,0,0,0,0,0
4,358934.888373917,-103.52359307097504,startup_or_init_device,6127337472,118051794944,114688,1297657856,84821491712,3842048,3211264,65536,"[None, None, None, None]",690106368,0,0,0,0,0,0,0
4,358935.388365837,-103.02360115101328,startup_or_init_device,6189277184,117989855232,72204288,1321689088,84821495808,3842048,3211264,65536,"[None, None, None, None]",714211328,0,0,0,0,0,0,0
4,358935.888431634,-102.52353535400471,startup_or_init_device,6191779840,117987352576,72269824,1530793984,84823457792,3842048,3211264,65536,"[None, None, None, None]",923328512,0,0,0,0,0,0,0
4,358936.388648654,-102.02331833401695,startup_or_init_device,6237593600,117941538816,72269824,1577762816,84824870912,3842048,3211264,65536,"[None, None, None, None]",971296768,0,0,0,0,0,0,0
4,358936.88858812,-101.52337886800524,startup_or_init_device,6391357440,117787774976,72269824,1738665984,84824875008,3842048,3211264,65536,"[None, None, None, None]",1130287104,0,0,0,0,0,0,0
4,358937.388688115,-101.02327887300635,startup_or_init_device,6448320512,117730811904,72269824,1788284928,84824879104,3842048,3211264,65536,"[None, None, None, None]",1180852224,0,0,0,0,0,0,0
4,358937.888743786,-100.52322320197709,startup_or_init_device,6488813568,117690318848,72269824,1826590720,84824883200,3842048,3211264,65536,"[None, None, None, None]",1219284992,0,0,0,0,0,0,0
4,358938.388826024,-100.02314096398186,startup_or_init_device,6505070592,117674061824,72269824,1840803840,84824887296,3842048,3211264,65536,"[None, None, None, None]",1233387520,0,0,0,0,0,0,0
4,358938.888907208,-99.52305978001095,startup_or_init_device,6498877440,117680254976,72269824,1849061376,84824891392,3842048,3211264,65536,"[None, None, None, None]",1241788416,0,0,0,0,0,0,0
4,358939.388968783,-99.02299820497865,startup_or_init_device,6522560512,117656571904,72269824,1870286848,84824895488,3842048,3211264,65536,"[None, None, None, None]",1261637632,0,0,0,0,0,0,0
4,358939.889112813,-98.52285417501116,startup_or_init_device,6536744960,117642387456,72269824,1883168768,84824899584,3842048,3211264,65536,"[None, None, None, None]",1275817984,0,0,0,0,0,0,0
4,358940.389167681,-98.0227993070148,startup_or_init_device,6564872192,117614260224,72269824,1913360384,84824903680,3842048,3211264,65536,"[None, None, None, None]",1305542656,0,0,0,0,0,0,0
4,358940.889208742,-97.52275824599201,startup_or_init_device,6569259008,117609873408,72269824,1925746688,84824907776,3842048,3211264,65536,"[None, None, None, None]",1318223872,0,0,0,0,0,0,0
4,358941.389246214,-97.02272077399539,startup_or_init_device,6574936064,117604196352,72269824,1930883072,84824911872,3842048,3211264,65536,"[None, None, None, None]",1323515904,0,0,0,0,0,0,0
4,358941.889389243,-96.52257774502505,startup_or_init_device,6584184832,117594947584,72269824,1947418624,84824915968,3842048,3211264,65536,"[None, None, None, None]",1339166720,0,0,0,0,0,0,0
4,358942.389506852,-96.02246013598051,startup_or_init_device,6587510784,117591621632,72269824,1952890880,84824920064,3842048,3211264,65536,"[None, None, None, None]",1345261568,0,0,0,0,0,0,0
4,358942.88951876,-95.52244822797365,startup_or_init_device,6591885312,117587247104,72269824,1956470784,84824924160,3842048,3211264,65536,"[None, None, None, None]",1349066752,0,0,0,0,0,0,0
4,358943.389582784,-95.02238420402864,startup_or_init_device,6604271616,117574860800,72269824,1971056640,84824928256,3842048,3211264,65536,"[None, None, None, None]",1363746816,0,0,0,0,0,0,0
4,358943.889671783,-94.52229520498076,startup_or_init_device,6604271616,117574860800,72269824,1976733696,84824932352,3842048,3211264,65536,"[None, None, None, None]",1369272320,0,0,0,0,0,0,0
4,358944.404920399,-94.00704658898758,startup_or_init_device,6601719808,117577412608,72269824,1985744896,84824932352,3842048,3211264,65536,"[None, None, None, None]",1378082816,0,0,0,0,0,0,0
4,358944.894861738,-93.51710524997907,startup_or_init_device,6619267072,117559865344,72269824,2002776064,84824936448,3842048,3211264,65536,"[None, None, None, None]",1395097600,0,0,0,0,0,0,0
4,358945.394953065,-93.017013922974,startup_or_init_device,6628036608,117551095808,72269824,2020012032,84824944640,3842048,3211264,65536,"[None, None, None, None]",1412386816,0,0,0,0,0,0,0
4,358945.894994868,-92.51697211997816,startup_or_init_device,6651260928,117527871488,72269824,2038075392,84824948736,3842048,3211264,65536,"[None, None, None, None]",1430282240,0,0,0,0,0,0,0
4,358946.39510657,-92.01686041802168,startup_or_init_device,6676008960,117503123456,72269824,2066300928,84824952832,3842048,3211264,65536,"[None, None, None, None]",1457942528,0,0,0,0,0,0,0
4,358946.895123482,-91.51684350601863,startup_or_init_device,6677893120,117501239296,72269824,2076655616,84824956928,3842048,3211264,65536,"[None, None, None, None]",1468895232,0,0,0,0,0,0,0
4,358947.39523536,-91.01673162798397,startup_or_init_device,6693675008,117485457408,72269824,2091479040,84824961024,3842048,3211264,65536,"[None, None, None, None]",1483423744,0,0,0,0,0,0,0
4,358947.895320226,-90.51664676202927,startup_or_init_device,6718705664,117460426752,72269824,2106109952,84824965120,3842048,3211264,65536,"[None, None, None, None]",1497477120,0,0,0,0,0,0,0
4,358948.395368059,-90.0165989290108,startup_or_init_device,6729379840,117449752576,72269824,2116526080,84824969216,3842048,3211264,65536,"[None, None, None, None]",1507971072,0,0,0,0,0,0,0
4,358948.895463762,-89.51650322601199,startup_or_init_device,6722154496,117456977920,72269824,2126336000,84824973312,3842048,3211264,65536,"[None, None, None, None]",1517600768,0,0,0,0,0,0,0
4,358949.395513605,-89.01645338302478,startup_or_init_device,6723747840,117455384576,72269824,2138365952,84824662016,3842048,3211264,65536,"[None, None, None, None]",1530200064,0,0,0,0,0,0,0
4,358949.895600447,-88.5163665409782,startup_or_init_device,6740262912,117438869504,72269824,2155397120,84824666112,3842048,3211264,65536,"[None, None, None, None]",1548333056,0,0,0,0,0,0,0
4,358950.395698548,-88.01626843999838,startup_or_init_device,6760218624,117418913792,72269824,2180734976,84824985600,3842048,3211264,65536,"[None, None, None, None]",1572851712,0,0,0,0,0,0,0
4,358950.895739569,-87.51622741902247,startup_or_init_device,6777765888,117401366528,72269824,2200346624,84824989696,3842048,3211264,65536,"[None, None, None, None]",1592799232,0,0,0,0,0,0,0
4,358951.395812288,-87.01615470001707,startup_or_init_device,6785634304,117393498112,72269824,2219188224,84824993792,3842048,3211264,65536,"[None, None, None, None]",1610141696,0,0,0,0,0,0,0
4,358951.895937925,-86.51602906303015,startup_or_init_device,6871769088,117307363328,126533632,2238091264,84824997888,3842048,3211264,65536,"[None, None, None, None]",1630257152,0,0,0,0,0,0,0
4,358952.39598377,-86.01598321797792,startup_or_init_device,6907191296,117271941120,144424960,2254839808,84825001984,3842048,3211264,65536,"[None, None, None, None]",1646710784,0,0,0,0,0,0,0
4,358952.896095336,-85.51587165199453,startup_or_init_device,6897119232,117282013184,144424960,2254839808,84825014272,3842048,3211264,65536,"[None, None, None, None]",1646710784,0,0,0,0,0,0,0
4,358953.396150023,-85.01581696502399,startup_or_init_device,6897115136,117282017280,144424960,2254856192,84825014272,3842048,3211264,65536,"[None, None, None, None]",1646710784,0,0,0,0,0,0,0
4,358953.896281724,-84.51568526402116,startup_or_init_device,6147932160,118031200256,72269824,1563918336,84825022464,3842048,3211264,65536,"[None, None, None, None]",955027456,0,0,0,0,0,0,0
4,358954.396387413,-84.01557957497425,startup_or_init_device,6138900480,118040231936,72269824,1633005568,84825792512,3842048,3211264,65536,"[None, None, None, None]",1024892928,0,0,0,0,0,0,0
4,358954.896499844,-83.51546714402502,startup_or_init_device,6139158528,118039973888,72269824,1633050624,84825866240,3842048,3211264,65536,"[None, None, None, None]",1024892928,0,0,0,0,0,0,0
4,358955.396482678,-83.0154843099881,startup_or_init_device,6336622592,117842509824,72269824,1828585472,84825894912,3842048,3211264,65536,"[None, None, None, None]",1220571136,0,0,0,0,0,0,0
4,358955.896554097,-82.5154128909926,startup_or_init_device,6361395200,117817737216,72269824,1855422464,84825899008,3842048,3211264,65536,"[None, None, None, None]",1247666176,0,0,0,0,0,0,0
4,358956.396643447,-82.01532354101073,startup_or_init_device,6362996736,117816135680,72269824,1856512000,84825903104,3842048,3211264,65536,"[None, None, None, None]",1247666176,0,0,0,0,0,0,0
4,358956.896848736,-81.51511825202033,startup_or_init_device,6478905344,117700227072,72269824,1974173696,84826214400,3842048,3211264,65536,"[None, None, None, None]",1366982656,0,0,0,0,0,0,0
4,358957.396837292,-81.01512969599571,startup_or_init_device,6638096384,117541036032,72269824,2140577792,84826411008,3842048,3211264,65536,"[None, None, None, None]",1532919808,0,0,0,0,0,0,0
4,358957.89690096,-80.51506602799054,startup_or_init_device,6655373312,117523759104,72269824,2194321408,84826415104,3842048,3211264,65536,"[None, None, None, None]",1586335744,0,0,0,0,0,0,0
4,358958.396979232,-80.01498775597429,startup_or_init_device,6694797312,117484335104,72269824,2240274432,84826419200,3842048,3211264,65536,"[None, None, None, None]",1631813632,0,0,0,0,0,0,0
4,358958.903926963,-79.50804002501536,startup_or_init_device,6701490176,117477642240,72269824,2248531968,84826423296,3842048,3211264,65536,"[None, None, None, None]",1640484864,0,0,0,0,0,0,0
4,358959.402233564,-79.00973342399811,startup_or_init_device,6714134528,117464997888,72269824,2260754432,84826427392,3842048,3211264,65536,"[None, None, None, None]",1652588544,0,0,0,0,0,0,0
4,358959.902263449,-78.50970353902085,startup_or_init_device,6739906560,117439225856,72269824,2282377216,84826472448,3842048,3211264,65536,"[None, None, None, None]",1675292672,0,0,0,0,0,0,0
4,358960.402358015,-78.00960897299228,startup_or_init_device,6751473664,117427658752,72269824,2296061952,84826476544,3842048,3211264,65536,"[None, None, None, None]",1688240128,0,0,0,0,0,0,0
4,358960.902444093,-77.50952289497945,startup_or_init_device,6792761344,117386371072,72269824,2328576000,84826480640,3842048,3211264,65536,"[None, None, None, None]",1720320000,0,0,0,0,0,0,0
4,358961.402463012,-77.00950397597626,startup_or_init_device,6793797632,117385334784,72269824,2333233152,84826476544,3842048,3211264,65536,"[None, None, None, None]",1725390848,0,0,0,0,0,0,0
4,358961.902596816,-76.50937017198885,startup_or_init_device,6803349504,117375782912,72269824,2345701376,84826800128,3842048,3211264,65536,"[None, None, None, None]",1737560064,0,0,0,0,0,0,0
4,358962.402675283,-76.00929170497693,startup_or_init_device,6822060032,117357072384,72269824,2362064896,84827189248,3842048,3211264,65536,"[None, None, None, None]",1753915392,0,0,0,0,0,0,0
4,358962.902749862,-75.50921712600393,startup_or_init_device,6824124416,117355008000,72269824,2366287872,84827197440,3842048,3211264,65536,"[None, None, None, None]",1758683136,0,0,0,0,0,0,0
4,358963.402806714,-75.00916027399944,startup_or_init_device,6831554560,117347577856,72269824,2375983104,84827209728,3842048,3211264,65536,"[None, None, None, None]",1766887424,0,0,0,0,0,0,0
4,358963.902899814,-74.50906717398902,startup_or_init_device,6853148672,117325983744,72269824,2392674304,84827283456,3842048,3211264,65536,"[None, None, None, None]",1784963072,0,0,0,0,0,0,0
4,358964.403023268,-74.00894372002222,startup_or_init_device,6852894720,117326237696,72269824,2395074560,84827439104,3842048,3211264,65536,"[None, None, None, None]",1787691008,0,0,0,0,0,0,0
4,358964.903083362,-73.50888362602564,startup_or_init_device,6857023488,117322108928,72269824,2399723520,84827443200,3842048,3211264,65536,"[None, None, None, None]",1792471040,0,0,0,0,0,0,0
4,358965.403196273,-73.00877071497962,startup_or_init_device,6866522112,117312610304,72269824,2414972928,84827447296,3842048,3211264,65536,"[None, None, None, None]",1807671296,0,0,0,0,0,0,0
4,358965.903224673,-72.5087423149962,startup_or_init_device,6886588416,117292544000,72269824,2434523136,84827455488,3842048,3211264,65536,"[None, None, None, None]",1826410496,0,0,0,0,0,0,0
4,358966.403298566,-72.00866842200048,startup_or_init_device,6904381440,117274750976,72269824,2449690624,84827459584,3842048,3211264,65536,"[None, None, None, None]",1842307072,0,0,0,0,0,0,0
4,358966.903422002,-71.50854498601984,startup_or_init_device,6929154048,117249978368,72269824,2478616576,84827463680,3842048,3211264,65536,"[None, None, None, None]",1871368192,0,0,0,0,0,0,0
4,358967.403492455,-71.00847453298047,startup_or_init_device,6934568960,117244563456,72269824,2488987648,84827467776,3842048,3211264,65536,"[None, None, None, None]",1881477120,0,0,0,0,0,0,0
4,358967.903581222,-70.50838576600654,startup_or_init_device,6946697216,117232435200,72269824,2502922240,84827471872,3842048,3211264,65536,"[None, None, None, None]",1895505920,0,0,0,0,0,0,0
4,358968.403657762,-70.00830922601745,startup_or_init_device,6976761856,117202370560,72269824,2521636864,84827475968,3842048,3211264,65536,"[None, None, None, None]",1913466880,0,0,0,0,0,0,0
4,358968.903720075,-69.50824691302842,startup_or_init_device,6988873728,117190258688,72269824,2546929664,84827480064,3842048,3211264,65536,"[None, None, None, None]",1940803584,0,0,0,0,0,0,0
4,358969.403765684,-69.00820130400825,startup_or_init_device,6991196160,117187936256,72269824,2536652800,84827484160,3842048,3211264,65536,"[None, None, None, None]",1929220096,0,0,0,0,0,0,0
4,358969.903843803,-68.50812318501994,startup_or_init_device,6991167488,117187964928,72269824,2553229312,84827484160,3842048,3211264,65536,"[None, None, None, None]",1946124288,0,0,0,0,0,0,0
4,358970.40398088,-68.00798610801576,startup_or_init_device,7010263040,117168869376,72269824,2571952128,84827492352,3842048,3211264,65536,"[None, None, None, None]",1963294720,0,0,0,0,0,0,0
4,358970.929351618,-67.48261537001235,startup_or_init_device,7032225792,117146906624,72269824,2592899072,84827492352,3842048,3227648,81920,"[None, None, None, None]",1986310144,0,0,0,0,0,0,0
4,358971.409150271,-67.00281671702396,startup_or_init_device,7042195456,117136936960,72269824,2608705536,84827500544,3842048,3227648,81920,"[None, None, None, None]",2001154048,0,0,0,0,0,0,0
4,358971.909232059,-66.50273492897395,startup_or_init_device,7068971008,117110161408,72269824,2636058624,84827504640,3842048,3227648,81920,"[None, None, None, None]",2028589056,0,0,0,0,0,0,0
4,358972.40929549,-66.00267149799038,startup_or_init_device,7077744640,117101387776,72269824,2645839872,84827508736,3842048,3211264,65536,"[None, None, None, None]",2038673408,0,0,0,0,0,0,0
4,358972.909387774,-65.50257921399316,startup_or_init_device,7234166784,116944965632,72269824,2799427584,84828729344,3850240,3211264,65536,"[None, None, None, None]",2192384000,0,0,0,0,0,0,0
4,358973.409431494,-65.00253549398622,startup_or_init_device,7271325696,116907806720,72269824,2861019136,84828729344,3850240,3211264,65536,"[None, None, None, None]",2254352384,0,0,0,0,0,0,0
4,358973.909597303,-64.50236968498211,startup_or_init_device,7328096256,116851036160,72269824,2909806592,84828733440,3850240,3211264,65536,"[None, None, None, None]",2302283776,0,0,0,0,0,0,0
4,358974.409674002,-64.0022929860279,startup_or_init_device,7332483072,116846649344,72269824,2917236736,84828737536,3850240,3211264,65536,"[None, None, None, None]",2309939200,0,0,0,0,0,0,0
4,358974.909678153,-63.502288835006766,startup_or_init_device,7344865280,116834267136,72269824,2930147328,84828745728,3850240,3211264,65536,"[None, None, None, None]",2322460672,0,0,0,0,0,0,0
4,358975.40972966,-63.002237327978946,startup_or_init_device,7368089600,116811042816,72269824,2952708096,84828749824,3850240,3211264,65536,"[None, None, None, None]",2344288256,0,0,0,0,0,0,0
4,358975.909785635,-62.50218135298928,startup_or_init_device,7382544384,116796588032,72269824,2965094400,84828749824,3850240,3211264,65536,"[None, None, None, None]",2357592064,0,0,0,0,0,0,0
4,358976.409937518,-62.00202946999343,startup_or_init_device,7415058432,116764073984,72269824,2992386048,84828758016,3850240,3211264,65536,"[None, None, None, None]",2384859136,0,0,0,0,0,0,0
4,358976.910023305,-61.50194368301891,startup_or_init_device,7423311872,116755820544,72269824,3001171968,84828766208,3850240,3211264,65536,"[None, None, None, None]",2393882624,0,0,0,0,0,0,0
4,358977.410101836,-61.00186515197856,startup_or_init_device,7431311360,116747821056,72269824,3014823936,84828770304,3850240,3211264,65536,"[None, None, None, None]",2407387136,0,0,0,0,0,0,0
4,358977.910178111,-60.50178887700895,startup_or_init_device,7453503488,116725628928,72269824,3032383488,84828774400,3850240,3211264,65536,"[None, None, None, None]",2423746560,0,0,0,0,0,0,0
4,358978.410207666,-60.00175932201091,startup_or_init_device,7453724672,116725407744,72269824,3035815936,84828778496,3850240,3211264,65536,"[None, None, None, None]",2428350464,0,0,0,0,0,0,0
4,358978.910319585,-59.50164740299806,startup_or_init_device,7460433920,116718698496,72269824,3044073472,84828782592,3850240,3211264,65536,"[None, None, None, None]",2436685824,0,0,0,0,0,0,0
4,358979.410348816,-59.001618171983864,startup_or_init_device,7460433920,116718698496,72269824,3044589568,84828786688,3850240,3211264,65536,"[None, None, None, None]",2437148672,0,0,0,0,0,0,0
4,358979.91043877,-58.501528217981104,startup_or_init_device,7481032704,116698099712,72269824,3061882880,84828790784,3850240,3211264,65536,"[None, None, None, None]",2454450176,0,0,0,0,0,0,0
4,358980.410540243,-58.00142674497329,startup_or_init_device,7483097088,116696035328,72269824,3064389632,84828794880,3850240,3211264,65536,"[None, None, None, None]",2456072192,0,0,0,0,0,0,0
4,358980.910581832,-57.50138515600702,startup_or_init_device,7486697472,116692434944,72269824,3069022208,84828790784,3850240,3211264,65536,"[None, None, None, None]",2461569024,0,0,0,0,0,0,0
4,358981.410695785,-57.00127120298566,startup_or_init_device,7502434304,116676698112,72269824,3084496896,84828803072,3850240,3211264,65536,"[None, None, None, None]",2475876352,0,0,0,0,0,0,0
4,358981.910780151,-56.50118683697656,startup_or_init_device,7537012736,116642119680,72269824,3104141312,84828807168,3850240,3211264,65536,"[None, None, None, None]",2496471040,0,0,0,0,0,0,0
4,358982.410859145,-56.001107843010686,startup_or_init_device,7546818560,116632313856,72269824,3120709632,84828811264,3850240,3211264,65536,"[None, None, None, None]",2512998400,0,0,0,0,0,0,0
4,358982.910944198,-55.50102278997656,startup_or_init_device,7578816512,116600315904,72269824,3150168064,84828815360,3850240,3211264,65536,"[None, None, None, None]",2541420544,0,0,0,0,0,0,0
4,358983.411068744,-55.000898243975826,startup_or_init_device,7588622336,116590510080,72269824,3158556672,84828815360,3850240,3211264,65536,"[None, None, None, None]",2551214080,0,0,0,0,0,0,0
4,358983.911135529,-54.50083145900862,startup_or_init_device,7605137408,116573995008,72269824,3172491264,84828819456,3850240,3211264,65536,"[None, None, None, None]",2565070848,0,0,0,0,0,0,0
4,358984.411219114,-54.00074787402991,startup_or_init_device,7633006592,116546125824,72269824,3187163136,84828823552,3850240,3211264,65536,"[None, None, None, None]",2579038208,0,0,0,0,0,0,0
4,358984.911295424,-53.500671564019285,startup_or_init_device,7645392896,116533739520,72269824,3198521344,84828827648,3850240,3211264,65536,"[None, None, None, None]",2590695424,0,0,0,0,0,0,0
4,358985.436664732,-52.97530225600349,startup_or_init_device,7646621696,116532510720,72269824,3206701056,84829044736,3850240,3211264,65536,"[None, None, None, None]",2600173568,0,0,0,0,0,0,0
4,358985.916518508,-52.495448480010964,startup_or_init_device,7647158272,116531974144,72269824,3216990208,84828831744,3850240,3211264,65536,"[None, None, None, None]",2609659904,0,0,0,0,0,0,0
4,358986.4166203,-51.995346688025165,startup_or_init_device,7670124544,116509007872,72269824,3241345024,84828844032,3850240,3211264,65536,"[None, None, None, None]",2633994240,0,0,0,0,0,0,0
4,358986.916679831,-51.49528715701308,startup_or_init_device,7689220096,116489912320,72269824,3260440576,84828848128,3850240,3211264,65536,"[None, None, None, None]",2652717056,0,0,0,0,0,0,0
4,358987.416730092,-50.99523689597845,startup_or_init_device,7710638080,116468494336,72269824,3281616896,84828852224,3850240,3227648,81920,"[None, None, None, None]",2674044928,0,0,0,0,0,0,0
4,358987.916842749,-50.495124239008874,startup_or_init_device,7873429504,116305702912,72269824,3443220480,84828647424,3850240,3227648,81920,"[None, None, None, None]",2835652608,0,0,0,0,0,0,0
4,358988.416952328,-49.9950146600022,startup_or_init_device,7966826496,116212305920,72269824,3532484608,84829855744,3850240,3227648,81920,"[None, None, None, None]",2925469696,0,0,0,0,0,0,0
4,358988.917040275,-49.494926712999586,startup_or_init_device,8047382528,116131749888,72826880,3595296768,84831084544,3850240,3227648,81920,"[None, None, None, None]",2987683840,0,0,0,0,0,0,0
4,358989.417110637,-48.994856350997,startup_or_init_device,8125853696,116053278720,144424960,3612749824,84831092736,3850240,3227648,81920,"[None, None, None, None]",3005243392,0,0,0,0,0,0,0
4,358989.917177691,-48.494789296993986,startup_or_init_device,8319389696,115859742720,144424960,3802083328,84831096832,3850240,3227648,81920,"[None, None, None, None]",3193991168,0,0,0,0,0,0,0
4,358990.417276042,-47.99469094601227,startup_or_init_device,8484306944,115694825472,228966400,3881013248,84831203328,3850240,3227648,81920,"[None, None, None, None]",3273416704,0,0,0,0,0,0,0
4,358990.917353362,-47.49461362598231,startup_or_init_device,8629735424,115549396992,358268928,3896541184,84832059392,3850240,3227648,81920,"[None, None, None, None]",3288961024,0,0,0,0,0,0,0
4,358991.417437563,-46.994529424991924,startup_or_init_device,8657862656,115521269760,358268928,3919069184,84832063488,3850240,3227648,81920,"[None, None, None, None]",3311751168,0,0,0,0,0,0,0
4,358991.917539375,-46.49442761298269,startup_or_init_device,8674377728,115504754688,358268928,3936100352,84832067584,3850240,3227648,81920,"[None, None, None, None]",3328675840,0,0,0,0,0,0,0
4,358992.417595158,-45.9943718300201,startup_or_init_device,8683380736,115495751680,358268928,3948961792,84832071680,3850240,3227648,81920,"[None, None, None, None]",3340939264,0,0,0,0,0,0,0
4,358992.917688071,-45.4942789170309,startup_or_init_device,8703737856,115475394560,358334464,3964350464,84832079872,3850240,3227648,81920,"[None, None, None, None]",3356725248,0,0,0,0,0,0,0
4,358993.417767535,-44.994199452979956,startup_or_init_device,8703995904,115475136512,358334464,3968274432,84832083968,3850240,3227648,81920,"[None, None, None, None]",3360493568,0,0,0,0,0,0,0
4,358993.917859762,-44.494107226026244,startup_or_init_device,8713801728,115465330688,358334464,3978588160,84832088064,3850240,3227648,81920,"[None, None, None, None]",3371782144,0,0,0,0,0,0,0
4,358994.417862028,-43.994104960002005,startup_or_init_device,8713801728,115465330688,358334464,3979038720,84832092160,3850240,3227648,81920,"[None, None, None, None]",3371909120,0,0,0,0,0,0,0
4,358994.917948039,-43.494018948986195,startup_or_init_device,8719994880,115459137536,358334464,3985252352,84832096256,3850240,3227648,81920,"[None, None, None, None]",3377082368,0,0,0,0,0,0,0
4,358995.418164214,-42.99380277399905,startup_or_init_device,8736256000,115442876416,358334464,3996839936,84832092160,3850240,3227648,81920,"[None, None, None, None]",3389886464,0,0,0,0,0,0,0
4,358995.918178117,-42.493788870982826,startup_or_init_device,8738320384,115440812032,358334464,4002516992,84832096256,3850240,3227648,81920,"[None, None, None, None]",3395465216,0,0,0,0,0,0,0
4,358996.418255787,-41.99371120100841,startup_or_init_device,8754319360,115424813056,358334464,4017840128,84832100352,3850240,3227648,81920,"[None, None, None, None]",3411025920,0,0,0,0,0,0,0
4,358996.918343155,-41.4936238329974,startup_or_init_device,8773926912,115405205504,358334464,4038029312,84832112640,3850240,3227648,81920,"[None, None, None, None]",3430858752,0,0,0,0,0,0,0
4,358997.418405412,-40.99356157600414,startup_or_init_device,8797667328,115381465088,358334464,4054773760,84832116736,3850240,3227648,81920,"[None, None, None, None]",3446583296,0,0,0,0,0,0,0
4,358997.918504047,-40.493462941027246,startup_or_init_device,8821891072,115357241344,358334464,4083085312,84832120832,3850240,3227648,81920,"[None, None, None, None]",3475673088,0,0,0,0,0,0,0
4,358998.418587642,-39.99337934597861,startup_or_init_device,8832471040,115346661376,358334464,4092444672,84832124928,3850240,3227648,81920,"[None, None, None, None]",3485487104,0,0,0,0,0,0,0
4,358998.918659182,-39.49330780602759,startup_or_init_device,8848986112,115330146304,358334464,4106379264,84832129024,3850240,3227648,81920,"[None, None, None, None]",3499376640,0,0,0,0,0,0,0
4,358999.418759284,-38.99320770398481,startup_or_init_device,8876077056,115303055360,358334464,4121600000,84832133120,3850240,3227648,81920,"[None, None, None, None]",3514269696,0,0,0,0,0,0,0
4,358999.944191015,-38.46777597302571,startup_or_init_device,8901095424,115278036992,358334464,4135403520,84832137216,3850240,3227648,81920,"[None, None, None, None]",3540799488,0,0,0,0,0,0,0
4,359000.423966343,-37.9880006450112,startup_or_init_device,8908836864,115270295552,358334464,4139945984,84832141312,3850240,3227648,81920,"[None, None, None, None]",3533135872,0,0,0,0,0,0,0
4,359000.924069186,-37.487897802027874,startup_or_init_device,8908836864,115270295552,358334464,4146139136,84832145408,3850240,3227648,81920,"[None, None, None, None]",3539091456,0,0,0,0,0,0,0
4,359001.424209135,-36.98775785299949,startup_or_init_device,8926384128,115252748288,358334464,4171771904,84832149504,3850240,3227648,81920,"[None, None, None, None]",3564949504,0,0,0,0,0,0,0
4,359001.924221163,-36.48774582502665,startup_or_init_device,8945709056,115233423360,358334464,4193325056,84832153600,3850240,3244032,98304,"[None, None, None, None]",3586125824,0,0,0,0,0,0,0
4,359002.424247586,-35.987719402008224,startup_or_init_device,8967991296,115211141120,358334464,4212248576,84832366592,3850240,3244032,98304,"[None, None, None, None]",3605286912,0,0,0,0,0,0,0
4,359002.924406516,-35.48756047198549,startup_or_init_device,9090265088,115088867328,358334464,4336766976,84832370688,3850240,3244032,98304,"[None, None, None, None]",3730616320,0,0,0,0,0,0,0
4,359003.424490834,-34.987476153997704,startup_or_init_device,9198751744,114980380672,358334464,4448276480,84832165888,3850240,3244032,98304,"[None, None, None, None]",3841568768,0,0,0,0,0,0,0
4,359003.924559822,-34.48740716598695,startup_or_init_device,9294528512,114884603904,358535168,4524257280,84832169984,3850240,3244032,98304,"[None, None, None, None]",3917508608,0,0,0,0,0,0,0
4,359004.424654536,-33.98731245199451,startup_or_init_device,9381806080,114797326336,430424064,4546273280,84832174080,3850240,3244032,98304,"[None, None, None, None]",3937906688,0,0,0,0,0,0,0
4,359004.924754129,-33.48721285897773,startup_or_init_device,9545732096,114633400320,430489600,4706545664,84832178176,3850240,3244032,98304,"[None, None, None, None]",4100685824,0,0,0,0,0,0,0
4,359005.424825575,-32.98714141297387,startup_or_init_device,9725243392,114453889024,501792768,4812877824,84832186368,3850240,3244032,98304,"[None, None, None, None]",4206002176,0,0,0,0,0,0,0
4,359005.924936846,-32.48703014198691,startup_or_init_device,9886879744,114292252672,644464640,4828921856,84832190464,3850240,3244032,98304,"[None, None, None, None]",4222287872,0,0,0,0,0,0,0
4,359006.424988392,-31.98697859601816,startup_or_init_device,9898233856,114280898560,644464640,4842274816,84832194560,3850240,3244032,98304,"[None, None, None, None]",4235452416,0,0,0,0,0,0,0
4,359006.925092766,-31.486874221998733,startup_or_init_device,9932746752,114246385664,644399104,4868104192,84832202752,3850240,3244032,98304,"[None, None, None, None]",4260577280,0,0,0,0,0,0,0
4,359007.425188972,-30.98677801602753,startup_or_init_device,9940738048,114238394368,644399104,4881072128,84832206848,3850240,3244032,98304,"[None, None, None, None]",4274499584,0,0,0,0,0,0,0
4,359007.925267524,-30.48669946397422,startup_or_init_device,9960865792,114218266624,644399104,4897071104,84832210944,3850240,3244032,98304,"[None, None, None, None]",4290568192,0,0,0,0,0,0,0
4,359008.425298624,-29.986668364028446,startup_or_init_device,9960865792,114218266624,644399104,4901117952,84832215040,3850240,3244032,98304,"[None, None, None, None]",4294578176,0,0,0,0,0,0,0
4,359008.92537048,-29.486596508009825,startup_or_init_device,9969123328,114210009088,644399104,4911439872,84832219136,3850240,3244032,98304,"[None, None, None, None]",4304568320,0,0,0,0,0,0,0
4,359009.425412678,-28.9865543100168,startup_or_init_device,9972219904,114206912512,644399104,4914053120,84832223232,3850240,3244032,98304,"[None, None, None, None]",4306186240,0,0,0,0,0,0,0
4,359009.925472938,-28.48649405001197,startup_or_init_device,9972203520,114206928896,644399104,4916101120,84832223232,3850240,3244032,98304,"[None, None, None, None]",4309491712,0,0,0,0,0,0,0
4,359010.425637413,-27.98632957501104,startup_or_init_device,9988141056,114190991360,644399104,4930850816,84832227328,3850240,3244032,98304,"[None, None, None, None]",4324352000,0,0,0,0,0,0,0
4,359010.92568698,-27.486280007986352,startup_or_init_device,9990205440,114188926976,644399104,4934979584,84832231424,3850240,3244032,98304,"[None, None, None, None]",4328181760,0,0,0,0,0,0,0
4,359011.425769647,-26.98619734100066,startup_or_init_device,10007236608,114171895808,644399104,4948688896,84832235520,3850240,3244032,98304,"[None, None, None, None]",4341370880,0,0,0,0,0,0,0
4,359011.92584059,-26.48612639802741,startup_or_init_device,10028138496,114150993920,644399104,4969406464,84832243712,3850240,3244032,98304,"[None, None, None, None]",4361465856,0,0,0,0,0,0,0
4,359012.425935888,-25.9860310999793,startup_or_init_device,10044121088,114135011328,644399104,4986937344,84832247808,3850240,3244032,98304,"[None, None, None, None]",4380495872,0,0,0,0,0,0,0
4,359012.926054278,-25.485912710020784,startup_or_init_device,10077151232,114101981184,644399104,5016870912,84832251904,3850240,3244032,98304,"[None, None, None, None]",4410015744,0,0,0,0,0,0,0
4,359013.426133862,-24.985833126003854,startup_or_init_device,10078183424,114100948992,644399104,5021085696,84832256000,3850240,3244032,98304,"[None, None, None, None]",4413333504,0,0,0,0,0,0,0
4,359013.926222542,-24.485744445992168,startup_or_init_device,10095214592,114083917824,644399104,5037084672,84832260096,3850240,3244032,98304,"[None, None, None, None]",4430352384,0,0,0,0,0,0,0
4,359014.447195232,-23.964771756029222,startup_or_init_device,10124873728,114054258688,644399104,5062053888,84832264192,3850240,3244032,98304,"[None, None, None, None]",4456378368,0,0,0,0,0,0,0
4,359014.931388883,-23.480578105023596,startup_or_init_device,10134659072,114044473344,644399104,5077536768,84832268288,3850240,3244032,98304,"[None, None, None, None]",4471410688,0,0,0,0,0,0,0
4,359015.431497264,-22.98046972398879,startup_or_init_device,10148052992,114031079424,644399104,5068890112,84832276480,3850240,3244032,98304,"[None, None, None, None]",4462247936,0,0,0,0,0,0,0
4,359015.931583142,-22.480383845977485,startup_or_init_device,10148052992,114031079424,644399104,5080244224,84832280576,3850240,3244032,98304,"[None, None, None, None]",4473364480,0,0,0,0,0,0,0
4,359016.431678857,-21.9802881309879,startup_or_init_device,10164826112,114014306304,644399104,5105811456,84832284672,3850240,3244032,98304,"[None, None, None, None]",4499283968,0,0,0,0,0,0,0
4,359016.931699388,-21.480267599981744,startup_or_init_device,10181345280,113997787136,644399104,5123383296,84832284672,3850240,3244032,98304,"[None, None, None, None]",4516311040,0,0,0,0,0,0,0
4,359017.431823823,-20.98014316498302,startup_or_init_device,10198831104,113980301312,644399104,5140029440,84832288768,3850240,3260416,114688,"[None, None, None, None]",4533186560,0,0,0,0,0,0,0
4,359017.931951934,-20.480015053995885,startup_or_init_device,10260480000,113918652416,644399104,5202116608,84832296960,3850240,3260416,114688,"[None, None, None, None]",4595453952,0,0,0,0,0,0,0
4,359018.432046139,-19.97992084902944,startup_or_init_device,10411020288,113768112128,644399104,5370368000,84832301056,3850240,3260416,114688,"[None, None, None, None]",4764213248,0,0,0,0,0,0,0
4,359018.932098804,-19.479868184018414,startup_or_init_device,10495016960,113684115456,644399104,5444526080,84832305152,3850240,3260416,114688,"[None, None, None, None]",4837232640,0,0,0,0,0,0,0
4,359019.43222759,-18.979739397997037,startup_or_init_device,10607677440,113571454976,716492800,5477490688,84832350208,3850240,3260416,114688,"[None, None, None, None]",4870742016,0,0,0,0,0,0,0
4,359019.932286444,-18.479680543998256,startup_or_init_device,10741346304,113437786112,716492800,5600321536,84832354304,3850240,3260416,114688,"[None, None, None, None]",4993953792,0,0,0,0,0,0,0
4,359020.432397573,-17.97956941497978,startup_or_init_device,10894958592,113284173824,739885056,5738565632,84832362496,3850240,3260416,114688,"[None, None, None, None]",5131124736,0,0,0,0,0,0,0
4,359020.932467785,-17.47949920297833,startup_or_init_device,11117129728,113062002688,930463744,5763383296,84832366592,3850240,3260416,114688,"[None, None, None, None]",5156032512,0,0,0,0,0,0,0
4,359021.432529799,-16.979437189002056,startup_or_init_device,11127709696,113051422720,930463744,5774991360,84832370688,3850240,3260416,114688,"[None, None, None, None]",5166460928,0,0,0,0,0,0,0
4,359021.932638749,-16.479328238987364,startup_or_init_device,11164344320,113014788096,930463744,5801807872,84832374784,3850240,3260416,114688,"[None, None, None, None]",5194076160,0,0,0,0,0,0,0
4,359022.432734132,-15.979232856014278,startup_or_init_device,11172085760,113007046656,930463744,5814566912,84832374784,3850240,3260416,114688,"[None, None, None, None]",5207474176,0,0,0,0,0,0,0
4,359022.932814737,-15.479152250976767,startup_or_init_device,11190665216,112988467200,930463744,5831081984,84832378880,3850240,3260416,114688,"[None, None, None, None]",5223743488,0,0,0,0,0,0,0
4,359023.432886232,-14.979080756020267,startup_or_init_device,11190665216,112988467200,930463744,5834956800,84832382976,3850240,3260416,114688,"[None, None, None, None]",5227732992,0,0,0,0,0,0,0
4,359023.932954519,-14.479012469004374,startup_or_init_device,11198377984,112980754432,930463744,5842706432,84832391168,3850240,3260416,114688,"[None, None, None, None]",5234995200,0,0,0,0,0,0,0
4,359024.432999681,-13.978967307019047,startup_or_init_device,11203796992,112975335424,930463744,5847650304,84832391168,3850240,3260416,114688,"[None, None, None, None]",5240631296,0,0,0,0,0,0,0
4,359024.933081541,-13.478885447024368,startup_or_init_device,11204313088,112974819328,930463744,5848166400,84832395264,3850240,3260416,114688,"[None, None, None, None]",5241618432,0,0,0,0,0,0,0
4,359025.43324403,-12.978722958010621,startup_or_init_device,11223908352,112955224064,930463744,5865029632,84832399360,3850240,3260416,114688,"[None, None, None, None]",5258424320,0,0,0,0,0,0,0
4,359025.93326389,-12.478703098022379,startup_or_init_device,11224162304,112954970112,930463744,5868302336,84832407552,3850240,3260416,114688,"[None, None, None, None]",5261443072,0,0,0,0,0,0,0
4,359026.433325196,-11.978641792025883,startup_or_init_device,11229859840,112949272576,930463744,5876584448,84832411648,3850240,3260416,114688,"[None, None, None, None]",5268525056,0,0,0,0,0,0,0
4,359026.933410265,-11.47855672298465,startup_or_init_device,11252568064,112926564352,930463744,5896695808,84832411648,3850240,3260416,114688,"[None, None, None, None]",5289578496,0,0,0,0,0,0,0
4,359027.433500361,-10.978466627013404,startup_or_init_device,11263041536,112916090880,930463744,5908844544,84832497664,3850240,3260416,114688,"[None, None, None, None]",5302140928,0,0,0,0,0,0,0
4,359027.93357627,-10.478390717995353,startup_or_init_device,11291426816,112887705600,930463744,5937229824,84832501760,3850240,3260416,114688,"[None, None, None, None]",5331050496,0,0,0,0,0,0,0
4,359028.433669128,-9.97829786001239,startup_or_init_device,11306831872,112872300544,930463744,5952368640,84832505856,3850240,3260416,114688,"[None, None, None, None]",5345320960,0,0,0,0,0,0,0
4,359028.94209088,-9.469876107992604,startup_or_init_device,11328499712,112850632704,930463744,5970993152,84831985664,3850240,3260416,114688,"[None, None, None, None]",5363855360,0,0,0,0,0,0,0
4,359029.438881777,-8.973085211007856,startup_or_init_device,11336024064,112843108352,930463744,5981093888,84832198656,3850240,3260416,114688,"[None, None, None, None]",5374361600,0,0,0,0,0,0,0
4,359029.938960785,-8.473006203013938,startup_or_init_device,11363893248,112815239168,930463744,6003306496,84832202752,3850240,3260416,114688,"[None, None, None, None]",5396262912,0,0,0,0,0,0,0
4,359030.439061381,-7.972905607020948,startup_or_init_device,11375689728,112803442688,930463744,6001926144,84832206848,3850240,3260416,114688,"[None, None, None, None]",5395222528,0,0,0,0,0,0,0
4,359030.939107333,-7.47285965498304,startup_or_init_device,11375689728,112803442688,930463744,6013829120,84832210944,3850240,3260416,114688,"[None, None, None, None]",5406842880,0,0,0,0,0,0,0
4,359031.439169964,-6.972797024005558,startup_or_init_device,11383123968,112796008448,930463744,6031683584,84832526336,3850240,3260416,114688,"[None, None, None, None]",5424730112,0,0,0,0,0,0,0
4,359031.939285184,-6.472681803978048,startup_or_init_device,11407892480,112771239936,930463744,6056472576,84832530432,3850240,3260416,114688,"[None, None, None, None]",5449613312,0,0,0,0,0,0,0
4,359032.439355877,-5.9726111110066995,startup_or_init_device,11418882048,112760250368,930463744,6067113984,84832538624,3850240,3276800,131072,"[None, None, None, None]",5460230144,0,0,0,0,0,0,0
4,359032.939464891,-5.472502097021788,startup_or_init_device,11455401984,112723730432,930463744,6096420864,84832542720,3850240,3276800,131072,"[None, None, None, None]",5489405952,0,0,0,0,0,0,0
4,359033.439547553,-4.972419434983749,startup_or_init_device,11459776512,112719355904,930463744,6106722304,84832546816,3850240,3276800,131072,"[None, None, None, None]",5498671104,0,0,0,0,0,0,0
4,359033.939628532,-4.472338456020225,startup_or_init_device,11480162304,112698970112,930463744,6126080000,84832550912,3850240,3276800,131072,"[None, None, None, None]",5518446592,0,0,0,0,0,0,0
4,359034.439730777,-3.9722362110042013,startup_or_init_device,11583422464,112595709952,1002622976,6147682304,84832555008,3850240,3276800,131072,"[None, None, None, None]",5540417536,0,0,0,0,0,0,0
4,359034.939816561,-3.472150426998269,startup_or_init_device,11640709120,112538423296,1002622976,6190518272,84832559104,3850240,3276800,131072,"[None, None, None, None]",5583319040,0,0,0,0,0,0,0
4,359035.439940795,-2.9720261929905973,startup_or_init_device,11821850624,112357281792,1002622976,6386257920,84832563200,3850240,3276800,131072,"[None, None, None, None]",5778571264,0,0,0,0,0,0,0
4,359035.93995467,-2.4720123180304654,startup_or_init_device,12044189696,112134942720,1216462848,6387474432,84837335040,3850240,3276800,131072,"[None, None, None, None]",5781204992,0,0,0,0,0,0,0
4,359036.440134703,-1.971832284994889,startup_or_init_device,12071047168,112108085248,1233764352,6389194752,84845998080,3854336,3276800,131072,"[None, None, None, None]",5783126016,0,0,0,0,0,0,0
4,359036.940068745,-1.4718982430058531,startup_or_init_device,12072398848,112106733568,1233764352,6389547008,84847403008,3854336,3276800,131072,"[None, None, None, None]",5783437312,0,0,0,0,0,0,0
4,359037.440318166,-0.9716488220146857,startup_or_init_device,14017523712,110161608704,3157508096,6391611392,84862951424,3854336,3276800,131072,"[None, None, None, None]",5783961600,0,0,0,0,0,0,0
4,359037.940362531,-0.4716044570086524,startup_or_init_device,14155141120,110023991296,3206332416,6445596672,84885823488,3854336,3276800,131072,"[None, None, None, None]",5837996032,0,0,0,0,0,0,0
4,359038.440423276,0.028456287982407957,construction,14246473728,109932658688,3290480640,6469054464,84888334336,3854336,3276800,131072,"[1707913216, 1708998656, 1706676224, 1708867584]",5861470208,0,0,0,0,0,0,0
4,359038.940565984,0.5285989959957078,construction,18926137344,105252995072,6712836096,7660638208,82995773440,3854336,3276800,131072,"[1984262144, 2138832896, 1801068544, 2139639808]",7059070976,0,0,0,0,0,0,0
4,359039.440648046,1.0286810579709709,construction,22980034560,101199097856,9876193280,8565293056,79112548352,3866624,3276800,131072,"[2242723840, 2240405504, 2240102400, 2242793472]",7957499904,12,113049600,163577856,3661824000,0,0,0
4,359039.940766635,1.528799646999687,construction,29391826944,94787305472,15065071616,9706557440,67128999936,3854336,3276800,131072,"[2781143040, 2658795520, 2240798720, 2495176704]",9100115968,23,227737600,312475648,7112294400,0,0,0
4,359040.440848212,2.0288812239887193,construction,36145250304,88033882112,20823851008,10629419008,56524894208,3854336,3276800,131072,"[2781143040, 2780667904, 2778812416, 2780622848]",10021351424,37,545587200,706740224,11198464000,0,0,0
4,359040.940916623,2.5289496349869296,construction,41664417792,82514714624,26400178176,10630262784,37256822784,3854336,3276800,131072,"[2781179904, 2780667904, 2778812416, 2780622848]",10021388288,55,965017600,1293942784,16441344000,0,0,0
4,359041.441040006,3.0290730179985985,construction,47405522944,76773609472,32077168640,10630008832,28677476352,3854336,3276800,131072,"[2781327360, 2780672000, 2778816512, 2780622848]",10021543936,72,1253376000,1711276032,21395865600,0,0,0
4,359041.941139994,3.52917300601257,construction,53511176192,70667956224,38114869248,10630684672,19524354048,3854336,3276800,131072,"[2781630464, 2780672000, 2779029504, 2780655616]",10021449728,90,1617100800,2189426688,26694451200,0,0,0
4,359042.441210825,4.029243836994283,construction,58588577792,65590554624,43110285312,10630787072,15853223936,3854336,3276800,131072,"[2781802496, 2780413952, 2778976256, 2780504064]",10022780928,104,1980825600,2717908992,30734745600,0,0,0
4,359042.941257318,4.529290330014192,construction,64148176896,60030955520,48126672896,10632192000,12078239744,3854336,3276800,131072,"[2781286400, 2779930624, 2779090944, 2780012544]",10023792640,118,2383872000,3246391296,34735718400,0,0,0
4,359043.461776963,5.04980997502571,construction,69038751744,55140380672,52977385472,10633740288,8802934784,3854336,3276800,131072,"[2780975104, 2779234304, 2778738688, 2779312128]",10024980480,132,2703360000,3674210304,38820249600,0,0,0
4,359043.946675878,5.534708890016191,construction,72969654272,51209478144,57332367360,10634854400,4950241280,28114944,3276800,131072,"[2780196864, 2778411008, 2778972160, 2778341376]",10026491904,144,2983526400,4076863488,42314956800,0,0,0
4,359044.446699894,6.034732905973215,construction,75505094656,48674037760,58684723200,10637008896,5847072768,925614080,3276800,131072,"[2780532736, 2778869760, 2779144192, 2778537984]",10027659264,150,3189964800,4328521728,43995955200,0,0,0
4,359044.946876126,6.534909137990326,construction,78957105152,45222027264,61679882240,10337267712,5980311552,1217720320,3276800,131072,"[2777726976, 2776047616, 2776330240, 2775728128]",9727299584,159,3517644800,4798283776,46604288000,0,0,0
4,359045.446912842,7.034945853985846,construction,82114584576,42064547840,65911029760,9821052928,5691269120,1215475712,3276800,131072,"[2775400448, 2774237184, 2774503424, 2773389312]",9212489728,171,3837132800,5226102784,50059673600,0,0,0
4,359045.962678357,7.550711369025521,construction,86789484544,37389647872,70438780928,9326534656,5497974784,1215471616,3276800,131072,"[2775584768, 2774421504, 2775011328, 2774069248]",8717934592,184,4168089600,5662310400,53713305600,0,0,0
4,359046.452232771,8.040265782969072,construction,90012622848,34166509568,74062659584,8890830848,5197336576,1215438848,3276800,131072,"[2424803328, 2774417408, 2774884352, 2774310912]",8283127808,194,4507238400,6115295232,56519884800,0,0,0
4,359046.952292175,8.54032518697204,cancellation_and_drain,89191174144,34987958272,73387425792,8900644864,5157371904,1215422464,3276800,131072,"[2456633344, 2759634944, 2778288128, 2774310912]",8294846464,194,4507238400,6115295232,56519884800,0,0,0
4,359047.452383188,9.040416200004984,cancellation_and_drain,89259331584,34919800832,73387450368,8960090112,5157679104,1215365120,3276800,131072,"[2511986688, 2760282112, 2778804224, 2774827008]",8353808384,194,4507238400,6115295232,56519884800,0,0,0
4,359047.95248549,9.540518502006307,cancellation_and_drain,41776685056,82402447360,26287513600,9027457024,5157679104,1215365120,3276800,131072,"[2579271680, 2760683520, 2778849280, 2775035904]",8421142528,194,4507238400,6115295232,56519884800,0,0,0
4,359048.452574395,10.040607406990603,cancellation_and_drain,41815773184,82363359232,26287513600,9092255744,5158133760,1215365120,3276800,131072,"[2643599360, 2760736768, 2778849280, 2775035904]",8485539840,194,4507238400,6115295232,56519884800,0,0,0
4,359048.952634375,10.540667387016583,cancellation_and_drain,41534820352,82644312064,25951969280,9092943872,5158137856,1215365120,3276800,131072,"[2643939328, 2760843264, 2778886144, 2775072768]",8485924864,194,4507238400,6115295232,56519884800,0,0,0
4,359049.452734157,11.040767168975435,cancellation_and_drain,40934563840,83244568576,25375277056,9093451776,5158146048,1215340544,3276800,131072,"[2644627456, 2760855552, 2778845184, 2775031808]",8485924864,194,4507238400,6115295232,56519884800,0,0,0
4,359049.952832526,11.540865538001526,cancellation_and_drain,20791799808,103387332608,10367434752,4355235840,4872962048,929632256,3227648,81920,"[2663858176, 1914826752, None, None]",3747844096,194,4507238400,6115295232,56519884800,0,0,0
4,359050.452888913,12.040921924985014,cancellation_and_drain,12303519744,111875612672,3780136960,3134439424,4304130048,360792064,3227648,81920,"[2664001536, None, None, None]",2526633984,194,4507238400,6115295232,56519884800,0,0,0
4,359050.952975947,12.541008959000465,cancellation_and_drain,12308656128,111870476288,3780136960,3138052096,4304142336,360792064,3227648,81920,"[2668781568, None, None, None]",2531434496,194,4507238400,6115295232,56519884800,0,0,0
4,359051.45317003,13.04120304202661,cancellation_and_drain,11926413312,112252719104,3780136960,2769924096,4304138240,360792064,3227648,81920,"[2306174976, None, None, None]",2163548160,194,4507238400,6115295232,56519884800,0,0,0
4,359051.953267541,13.54130055301357,cancellation_and_drain,11565760512,112613371904,3780100096,2418044928,4303392768,360042496,3211264,65536,"[1884524544, None, None, None]",1811202048,194,4507238400,6115295232,56519884800,0,0,0
4,359052.45333361,14.041366622026544,cancellation_and_drain,6296748032,117882384384,114688,1265332224,4019826688,75943936,3211264,65536,"[None, None, None, None]",658923520,194,4507238400,6115295232,56519884800,0,0,0
4,359052.953269814,14.54130282602273,cancellation_and_drain,6346145792,117832986624,114688,1309483008,4020174848,75943936,3211264,65536,"[None, None, None, None]",702406656,194,4507238400,6115295232,56519884800,0,0,0
4,359053.453373921,15.04140693298541,cancellation_and_drain,6403940352,117775192064,114688,1365315584,4020178944,75943936,3211264,65536,"[None, None, None, None]",758673408,194,4507238400,6115295232,56519884800,0,0,0
4,359053.95345766,15.541490671981592,cancellation_and_drain,6461743104,117717389312,114688,1423876096,4020183040,75943936,3211264,65536,"[None, None, None, None]",817537024,194,4507238400,6115295232,56519884800,0,0,0
4,359054.453575289,16.041608300991356,cancellation_and_drain,6509813760,117669318656,114688,1490386944,4020187136,75943936,3211264,65536,"[None, None, None, None]",883998720,194,4507238400,6115295232,56519884800,0,0,0
4,359054.953603019,16.5416360310046,cancellation_and_drain,6567616512,117611515904,114688,1561198592,4020191232,75943936,3211264,65536,"[None, None, None, None]",954896384,194,4507238400,6115295232,56519884800,0,0,0
4,359055.453696541,17.04172955302056,cancellation_and_drain,6566137856,117612994560,114688,1562820608,4020195328,75943936,3211264,65536,"[None, None, None, None]",954896384,194,4507238400,6115295232,56519884800,0,0,0
4,359055.953752089,17.541785100998823,cancellation_and_drain,6573215744,117605916672,114688,1568980992,4020199424,75943936,3211264,65536,"[None, None, None, None]",962527232,194,4507238400,6115295232,56519884800,0,0,0
4,359056.453904118,18.041937129979488,cancellation_and_drain,6598647808,117580484608,114688,1600684032,4023140352,75943936,3211264,65536,"[None, None, None, None]",994054144,194,4507238400,6115295232,56519884800,0,0,0
4,359056.95393162,18.541964631993324,cancellation_and_drain,6062034944,118117097472,114688,1005338624,4023144448,75943936,3194880,49152,"[None, None, None, None]",398110720,194,4507238400,6115295232,56519884800,0,0,0
4,359057.454063528,19.042096539982595,cancellation_and_drain,6064037888,118115094528,114688,1048031232,4023304192,75943936,3194880,49152,"[None, None, None, None]",441532416,194,4507238400,6115295232,56519884800,0,0,0
4,359057.984494789,19.572527800977696,cancellation_and_drain,6074093568,118105038848,114688,1079349248,4023304192,75943936,3194880,49152,"[None, None, None, None]",476684288,194,4507238400,6115295232,56519884800,0,0,0
4,359058.459238276,20.047271288000047,cancellation_and_drain,6108655616,118070476800,114688,1109991424,4023312384,75943936,3194880,49152,"[None, None, None, None]",503517184,194,4507238400,6115295232,56519884800,0,0,0
4,359058.959274609,20.54730762098916,cancellation_and_drain,6151487488,118027644928,114688,1147318272,4023316480,75943936,3194880,49152,"[None, None, None, None]",540614656,194,4507238400,6115295232,56519884800,0,0,0
4,359059.459403624,21.047436635999475,cancellation_and_drain,6183997440,117995134976,114688,1183318016,4023320576,75943936,3194880,49152,"[None, None, None, None]",576921600,194,4507238400,6115295232,56519884800,0,0,0
4,359059.959455784,21.547488796000835,cancellation_and_drain,6225285120,117953847296,114688,1220005888,4023324672,75943936,3194880,49152,"[None, None, None, None]",613171200,194,4507238400,6115295232,56519884800,0,0,0
4,359060.459479017,22.04751202900661,cancellation_and_drain,6264991744,117914140672,114688,1262239744,4023332864,75943936,3194880,49152,"[None, None, None, None]",655495168,194,4507238400,6115295232,56519884800,0,0,0
4,359060.959702637,22.547735648986418,cancellation_and_drain,6314536960,117864595456,114688,1309171712,4023336960,75943936,3194880,49152,"[None, None, None, None]",702693376,194,4507238400,6115295232,56519884800,0,0,0
4,359061.459775701,23.047808712988626,cancellation_and_drain,6355542016,117823590400,114688,1354485760,4023341056,75943936,3194880,49152,"[None, None, None, None]",748081152,194,4507238400,6115295232,56519884800,0,0,0
4,359061.959862239,23.547895251016598,cancellation_and_drain,6396829696,117782302720,114688,1404776448,4023345152,75943936,3194880,49152,"[None, None, None, None]",798195712,194,4507238400,6115295232,56519884800,0,0,0
4,359062.459842936,24.047875948017463,cancellation_and_drain,6413086720,117766045696,114688,1425436672,4023349248,75943936,3194880,49152,"[None, None, None, None]",818098176,194,4507238400,6115295232,56519884800,0,0,0
4,359062.960018077,24.548051088990178,cancellation_and_drain,6414348288,117764784128,114688,1417650176,4023353344,75943936,3194880,49152,"[None, None, None, None]",812326912,194,4507238400,6115295232,56519884800,0,0,0
4,359063.460157801,25.04819081298774,cancellation_and_drain,6446600192,117732532224,114688,1451470848,4023357440,75943936,3194880,49152,"[None, None, None, None]",846405632,194,4507238400,6115295232,56519884800,0,0,0
4,359063.960238492,25.548271503997967,cancellation_and_drain,6472142848,117706989568,114688,1481871360,4023361536,75943936,3194880,49152,"[None, None, None, None]",877084672,194,4507238400,6115295232,56519884800,0,0,0
4,359064.460269156,26.048302168026567,cancellation_and_drain,6512652288,117666480128,114688,1481236480,4023365632,75943936,3194880,49152,"[None, None, None, None]",876302336,194,4507238400,6115295232,56519884800,0,0,0
4,359064.960343112,26.54837612400297,cancellation_and_drain,6513426432,117665705984,114688,1485357056,4023369728,75943936,3194880,49152,"[None, None, None, None]",879423488,194,4507238400,6115295232,56519884800,0,0,0
4,359065.46045197,27.04848498199135,cancellation_and_drain,6546186240,117632946176,114688,1518149632,4023373824,75943936,3194880,49152,"[None, None, None, None]",913268736,194,4507238400,6115295232,56519884800,0,0,0
4,359065.960553234,27.548586245975457,cancellation_and_drain,6565015552,117614116864,122880,1544609792,4000661504,52711424,3194880,49152,"[None, None, None, None]",939945984,194,4507238400,6115295232,56519884800,0,0,0
4,359066.460632273,28.04866528499406,cancellation_and_drain,6524583936,117654548480,114688,1564913664,3951226880,3788800,3178496,32768,"[None, None, None, None]",960139264,194,4507238400,6115295232,56519884800,0,0,0
4,359066.960845926,28.54887893801788,cancellation_and_drain,5473558528,118705573888,114688,591155200,3951587328,3739648,3178496,32768,"[None, None, None, None]",,194,4507238400,6115295232,56519884800,0,0,0
5,361278.331246733,,startup_or_init_device,5002522624,119176609792,114688,601333760,92634505216,3747840,3178496,32768,"[None, None, None, None]",,0,0,0,0,0,0,0
5,361278.333283041,,startup_or_init_device,5004070912,119175061504,114688,601333760,92634505216,3747840,3178496,32768,"[None, None, None, None]",,0,0,0,0,0,0,0
5,361278.833337393,,startup_or_init_device,5060349952,119118782464,114688,624939008,92645265408,3768320,3178496,32768,"[None, None, None, None]",8491008,0,0,0,0,0,0,0
5,361279.333358782,,startup_or_init_device,5148139520,119030992896,114688,718483456,92674150400,3768320,3178496,32768,"[None, None, None, None]",102162432,0,0,0,0,0,0,0
5,361279.833352209,,startup_or_init_device,5240643584,118938488832,114688,813379584,92691660800,3768320,3178496,32768,"[None, None, None, None]",197115904,0,0,0,0,0,0,0
5,361280.333388677,,startup_or_init_device,5284417536,118894714880,114688,858365952,92699369472,3805184,3178496,32768,"[None, None, None, None]",240988160,0,0,0,0,0,0,0
5,361280.833418653,,startup_or_init_device,5296087040,118883045376,114688,883953664,92707577856,3805184,3178496,32768,"[None, None, None, None]",265162752,0,0,0,0,0,0,0
5,361281.333514623,,startup_or_init_device,5301981184,118877151232,114688,896630784,92711960576,3805184,3178496,32768,"[None, None, None, None]",278720512,0,0,0,0,0,0,0
5,361281.833603839,,startup_or_init_device,5297442816,118881689600,114688,902713344,92717121536,3805184,3178496,32768,"[None, None, None, None]",284962816,0,0,0,0,0,0,0
5,361282.333700771,,startup_or_init_device,5291106304,118888026112,114688,925794304,92723970048,3805184,3178496,32768,"[None, None, None, None]",307916800,0,0,0,0,0,0,0
5,361282.833798253,,startup_or_init_device,5287813120,118891319296,114688,938860544,92727586816,3805184,3178496,32768,"[None, None, None, None]",321241088,0,0,0,0,0,0,0
5,361283.333917727,,startup_or_init_device,5287600128,118891532288,114688,970731520,92731289600,3805184,3178496,32768,"[None, None, None, None]",350953472,0,0,0,0,0,0,0
5,361283.833963302,,startup_or_init_device,5286019072,118893113344,114688,974397440,92734615552,3805184,3178496,32768,"[None, None, None, None]",355958784,0,0,0,0,0,0,0
5,361284.334088425,,startup_or_init_device,5305176064,118873956352,114688,986271744,92740136960,3805184,3178496,32768,"[None, None, None, None]",367669248,0,0,0,0,0,0,0
5,361284.834158035,,startup_or_init_device,5321379840,118857752576,114688,1000656896,92744454144,3805184,3178496,32768,"[None, None, None, None]",381997056,0,0,0,0,0,0,0
5,361285.334234808,,startup_or_init_device,5324201984,118854930432,114688,1005879296,92748451840,3805184,3178496,32768,"[None, None, None, None]",387411968,0,0,0,0,0,0,0
5,361285.834317994,,startup_or_init_device,5330350080,118848782336,114688,1015480320,92752732160,3805184,3178496,32768,"[None, None, None, None]",396423168,0,0,0,0,0,0,0
5,361286.334388926,,startup_or_init_device,5335310336,118843822080,114688,1022021632,92757749760,3805184,3178496,32768,"[None, None, None, None]",403345408,0,0,0,0,0,0,0
5,361286.834448116,,startup_or_init_device,5334716416,118844416000,114688,1022070784,92760412160,3805184,3178496,32768,"[None, None, None, None]",403406848,0,0,0,0,0,0,0
5,361287.334520881,,startup_or_init_device,5335441408,118843691008,114688,1023057920,92762955776,3805184,3178496,32768,"[None, None, None, None]",404549632,0,0,0,0,0,0,0
5,361287.8346701,,startup_or_init_device,5354070016,118825062400,114688,1034125312,92765847552,3805184,3178496,32768,"[None, None, None, None]",421654528,0,0,0,0,0,0,0
5,361288.334714282,,startup_or_init_device,5331005440,118848126976,114688,1006276608,92794998784,3805184,3178496,32768,"[None, None, None, None]",422395904,0,0,0,0,0,0,0
5,361288.834807585,,startup_or_init_device,5326905344,118852227072,114688,1008087040,92804378624,3805184,3178496,32768,"[None, None, None, None]",425119744,0,0,0,0,0,0,0
5,361289.334923873,,startup_or_init_device,5339213824,118839918592,114688,1020952576,92811272192,3805184,3178496,32768,"[None, None, None, None]",438050816,0,0,0,0,0,0,0
5,361289.835027816,,startup_or_init_device,5351067648,118828064768,114688,1035771904,92818362368,3805184,3178496,32768,"[None, None, None, None]",453033984,0,0,0,0,0,0,0
5,361290.335122313,,startup_or_init_device,5368373248,118810759168,114688,1050988544,92826890240,3805184,3178496,32768,"[None, None, None, None]",468586496,0,0,0,0,0,0,0
5,361290.843996233,,startup_or_init_device,5408002048,118771130368,114688,1085521920,92832309248,3805184,3178496,32768,"[None, None, None, None]",502550528,0,0,0,0,0,0,0
5,361291.340339767,,startup_or_init_device,5419630592,118759501824,114688,1090211840,92836171776,3805184,3178496,32768,"[None, None, None, None]",507351040,0,0,0,0,0,0,0
5,361291.840423493,,startup_or_init_device,5443973120,118735159296,114688,1108930560,92846780416,3805184,3178496,32768,"[None, None, None, None]",526008320,0,0,0,0,0,0,0
5,361292.340522437,,startup_or_init_device,5446688768,118732443648,114688,1117974528,92853772288,3805184,3178496,32768,"[None, None, None, None]",535146496,0,0,0,0,0,0,0
5,361292.840608297,,startup_or_init_device,5475266560,118703865856,114688,1137967104,92861186048,3805184,3178496,32768,"[None, None, None, None]",556122112,0,0,0,0,0,0,0
5,361293.340638462,,startup_or_init_device,5489254400,118689878016,114688,1140584448,92869341184,3805184,3178496,32768,"[None, None, None, None]",557973504,0,0,0,0,0,0,0
5,361293.840694364,,startup_or_init_device,5485920256,118693212160,114688,1149161472,92872982528,3805184,3178496,32768,"[None, None, None, None]",566808576,0,0,0,0,0,0,0
5,361294.340825008,,startup_or_init_device,5493407744,118685724672,114688,1162407936,92874485760,3805184,3178496,32768,"[None, None, None, None]",579653632,0,0,0,0,0,0,0
5,361294.840909224,,startup_or_init_device,5509640192,118669492224,114688,1179439104,92901957632,3805184,3178496,32768,"[None, None, None, None]",597016576,0,0,0,0,0,0,0
5,361295.340968393,,startup_or_init_device,5531914240,118647218176,114688,1201098752,92909993984,3805184,3194880,49152,"[None, None, None, None]",617324544,0,0,0,0,0,0,0
5,361295.841088136,,startup_or_init_device,5544628224,118634504192,114688,1217515520,92915032064,3805184,3194880,49152,"[None, None, None, None]",634986496,0,0,0,0,0,0,0
5,361296.341172392,,startup_or_init_device,5559558144,118619574272,114688,1234604032,92919111680,3805184,3194880,49152,"[None, None, None, None]",652414976,0,0,0,0,0,0,0
5,361296.841258392,,startup_or_init_device,5584400384,118594732032,114688,1264545792,92924100608,3805184,3194880,49152,"[None, None, None, None]",682266624,0,0,0,0,0,0,0
5,361297.341351795,,startup_or_init_device,5756166144,118422966272,114688,1428934656,92924104704,3805184,3194880,49152,"[None, None, None, None]",846794752,0,0,0,0,0,0,0
5,361297.841418718,,startup_or_init_device,5811085312,118368047104,114688,1477709824,92924116992,3805184,3194880,49152,"[None, None, None, None]",897925120,0,0,0,0,0,0,0
5,361298.341488387,,startup_or_init_device,5844590592,118334541824,114688,1510215680,92924121088,3805184,3194880,49152,"[None, None, None, None]",931430400,0,0,0,0,0,0,0
5,361298.841589224,,startup_or_init_device,5861105664,118318026752,114688,1524670464,92924125184,3805184,3194880,49152,"[None, None, None, None]",945868800,0,0,0,0,0,0,0
5,361299.341681054,,startup_or_init_device,5861105664,118318026752,114688,1532641280,92924129280,3805184,3194880,49152,"[None, None, None, None]",954204160,0,0,0,0,0,0,0
5,361299.841769678,,startup_or_init_device,5882265600,118296866816,114688,1552773120,92924133376,3805184,3194880,49152,"[None, None, None, None]",974254080,0,0,0,0,0,0,0
5,361300.341856108,,startup_or_init_device,5900070912,118279061504,114688,1568313344,92924137472,3805184,3194880,49152,"[None, None, None, None]",988340224,0,0,0,0,0,0,0
5,361300.8419171,,startup_or_init_device,5934116864,118245015552,114688,1597206528,92923695104,3805184,3194880,49152,"[None, None, None, None]",1018085376,0,0,0,0,0,0,0
5,361301.341999872,,startup_or_init_device,5935665152,118243467264,114688,1606328320,92923699200,3805184,3194880,49152,"[None, None, None, None]",1027874816,0,0,0,0,0,0,0
5,361301.842105228,,startup_or_init_device,5943922688,118235209728,114688,1612963840,92923699200,3805184,3194880,49152,"[None, None, None, None]",1035526144,0,0,0,0,0,0,0
5,361302.342197108,,startup_or_init_device,5961207808,118217924608,114688,1629388800,92923707392,3805184,3194880,49152,"[None, None, None, None]",1051676672,0,0,0,0,0,0,0
5,361302.842236037,,startup_or_init_device,5965508608,118213623808,114688,1635205120,92924157952,3805184,3194880,49152,"[None, None, None, None]",1056669696,0,0,0,0,0,0,0
5,361303.342316957,,startup_or_init_device,5971419136,118207713280,114688,1638649856,92924162048,3805184,3194880,49152,"[None, None, None, None]",1061236736,0,0,0,0,0,0,0
5,361303.842395331,,startup_or_init_device,5991030784,118188101632,114688,1653616640,92924166144,3805184,3194880,49152,"[None, None, None, None]",1075834880,0,0,0,0,0,0,0
5,361304.342486409,,startup_or_init_device,5991284736,118187847680,114688,1658900480,92924170240,3805184,3194880,49152,"[None, None, None, None]",1081122816,0,0,0,0,0,0,0
5,361304.842556838,,startup_or_init_device,5997993984,118181138432,114688,1667158016,92924174336,3805184,3194880,49152,"[None, None, None, None]",1089482752,0,0,0,0,0,0,0
5,361305.342541376,,startup_or_init_device,6025342976,118153789440,114688,1685229568,92923969536,3805184,3194880,49152,"[None, None, None, None]",1107542016,0,0,0,0,0,0,0
5,361305.842710842,,startup_or_init_device,6040944640,118138187776,114688,1702367232,92924182528,3805184,3194880,49152,"[None, None, None, None]",1124868096,0,0,0,0,0,0,0
5,361306.342804895,,startup_or_init_device,6063144960,118115987456,114688,1720430592,92924186624,3805184,3194880,49152,"[None, None, None, None]",1142611968,0,0,0,0,0,0,0
5,361306.842896554,,startup_or_init_device,6095659008,118083473408,114688,1748303872,92924190720,3805184,3194880,49152,"[None, None, None, None]",1170444288,0,0,0,0,0,0,0
5,361307.342921027,,startup_or_init_device,6094884864,118084247552,114688,1758216192,92924194816,3805184,3194880,49152,"[None, None, None, None]",1180729344,0,0,0,0,0,0,0
5,361307.842984212,,startup_or_init_device,6108950528,118070181888,114688,1772666880,92924198912,3805184,3194880,49152,"[None, None, None, None]",1195167744,0,0,0,0,0,0,0
5,361308.343155731,,startup_or_init_device,6141206528,118037925888,114688,1792016384,92924203008,3805184,3194880,49152,"[None, None, None, None]",1214513152,0,0,0,0,0,0,0
5,361308.843247821,,startup_or_init_device,6153592832,118025539584,114688,1797697536,92924207104,3805184,3194880,49152,"[None, None, None, None]",1219567616,0,0,0,0,0,0,0
5,361309.343282984,,startup_or_init_device,6153805824,118025326592,114688,1807196160,92924211200,3805184,3194880,49152,"[None, None, None, None]",1229615104,0,0,0,0,0,0,0
5,361309.843349264,,startup_or_init_device,6153703424,118025428992,114688,1821356032,92924268544,3805184,3194880,49152,"[None, None, None, None]",1242497024,0,0,0,0,0,0,0
5,361310.343440803,,startup_or_init_device,6158905344,118020227072,114688,1832161280,92924567552,3805184,3194880,49152,"[None, None, None, None]",1254785024,0,0,0,0,0,0,0
5,361310.843551177,,startup_or_init_device,6193201152,117985931264,114688,1860468736,92924784640,3805184,3211264,65536,"[None, None, None, None]",1283063808,0,0,0,0,0,0,0
5,361311.343603381,,startup_or_init_device,6203404288,117975728128,114688,1875218432,92925104128,3805184,3211264,65536,"[None, None, None, None]",1297707008,0,0,0,0,0,0,0
5,361311.843702664,,startup_or_init_device,6223745024,117955387392,114688,1898741760,92926566400,3805184,3211264,65536,"[None, None, None, None]",1320968192,0,0,0,0,0,0,0
5,361312.343788491,,startup_or_init_device,6253129728,117926002688,114688,1925156864,92943749120,3805184,3211264,65536,"[None, None, None, None]",1346588672,0,0,0,0,0,0,0
5,361312.843884819,,startup_or_init_device,6365433856,117813698560,114688,2034745344,92960440320,3805184,3211264,65536,"[None, None, None, None]",1457610752,0,0,0,0,0,0,0
5,361313.3439622,,startup_or_init_device,6473879552,117705252864,114688,2139746304,92961026048,3805184,3211264,65536,"[None, None, None, None]",1562763264,0,0,0,0,0,0,0
5,361313.84405476,,startup_or_init_device,6534569984,117644562432,114688,2210287616,92961579008,3805184,3211264,65536,"[None, None, None, None]",1633124352,0,0,0,0,0,0,0
5,361314.344262577,,startup_or_init_device,6545522688,117633609728,114688,2219380736,92968681472,3805184,3211264,65536,"[None, None, None, None]",1642573824,0,0,0,0,0,0,0
5,361314.844259828,,startup_or_init_device,6243897344,117935235072,114688,1915539456,92979396608,3805184,3211264,65536,"[None, None, None, None]",1337085952,0,0,0,0,0,0,0
5,361315.344349252,,startup_or_init_device,6419320832,117759811584,71745536,2031738880,92980494336,3805184,3211264,65536,"[None, None, None, None]",1455931392,0,0,0,0,0,0,0
5,361315.844415482,,startup_or_init_device,6534926336,117644206080,71745536,2148384768,92980498432,3805184,3211264,65536,"[None, None, None, None]",1572601856,0,0,0,0,0,0,0
5,361316.344513773,,startup_or_init_device,6609481728,117569650688,71745536,2227961856,92980502528,3805184,3211264,65536,"[None, None, None, None]",1652056064,0,0,0,0,0,0,0
5,361316.844618124,,startup_or_init_device,6671171584,117507960832,71745536,2020261888,92980502528,3805184,3211264,65536,"[None, None, None, None]",1444257792,0,0,0,0,0,0,0
5,361317.370016218,,startup_or_init_device,6778232832,117400899584,71745536,2137456640,92980543488,3805184,3211264,65536,"[None, None, None, None]",1566748672,0,0,0,0,0,0,0
5,361317.849842908,,startup_or_init_device,6867255296,117311877120,71745536,1922727936,92980580352,3805184,3211264,65536,"[None, None, None, None]",1346310144,0,0,0,0,0,0,0
5,361318.349933063,,startup_or_init_device,6874132480,117304999936,71745536,1935437824,92982075392,3805184,3211264,65536,"[None, None, None, None]",1359233024,0,0,0,0,0,0,0
5,361318.850036653,,startup_or_init_device,6874132480,117304999936,71745536,1935437824,92982079488,3805184,3211264,65536,"[None, None, None, None]",1359233024,0,0,0,0,0,0,0
5,361319.350131728,,startup_or_init_device,6874132480,117304999936,71745536,1935429632,92982083584,3805184,3211264,65536,"[None, None, None, None]",1359233024,0,0,0,0,0,0,0
5,361319.850135129,,startup_or_init_device,6150836224,118028296192,114688,1252315136,92989394944,3805184,3211264,65536,"[None, None, None, None]",676511744,0,0,0,0,0,0,0
5,361320.350257896,,startup_or_init_device,6142464000,118036668416,114688,1256144896,92989501440,3805184,3211264,65536,"[None, None, None, None]",680214528,0,0,0,0,0,0,0
5,361320.850397513,,startup_or_init_device,6218809344,117960323072,71618560,1282588672,92989505536,3805184,3211264,65536,"[None, None, None, None]",706605056,0,0,0,0,0,0,0
5,361321.350444206,,startup_or_init_device,6202617856,117976514560,71684096,1447071744,92989517824,3805184,3211264,65536,"[None, None, None, None]",871346176,0,0,0,0,0,0,0
5,361321.85047515,,startup_or_init_device,6201364480,117977767936,71684096,1539055616,92990709760,3805184,3211264,65536,"[None, None, None, None]",962342912,0,0,0,0,0,0,0
5,361322.35060532,,startup_or_init_device,6225989632,117953142784,71745536,1702027264,92990939136,3805184,3211264,65536,"[None, None, None, None]",1126649856,0,0,0,0,0,0,0
5,361322.850673072,,startup_or_init_device,6255923200,117923209216,71745536,1759313920,92990943232,3805184,3211264,65536,"[None, None, None, None]",1183633408,0,0,0,0,0,0,0
5,361323.350766172,,startup_or_init_device,6284783616,117894348800,71745536,1801924608,92990947328,3805184,3211264,65536,"[None, None, None, None]",1226199040,0,0,0,0,0,0,0
5,361323.850919876,,startup_or_init_device,6303879168,117875253248,71745536,1816891392,92990951424,3805184,3211264,65536,"[None, None, None, None]",1240743936,0,0,0,0,0,0,0
5,361324.350869416,,startup_or_init_device,6301511680,117877620736,71745536,1822687232,92990955520,3805184,3211264,65536,"[None, None, None, None]",1245839360,0,0,0,0,0,0,0
5,361324.850948771,,startup_or_init_device,6323068928,117856063488,71745536,1842798592,92990959616,3805184,3211264,65536,"[None, None, None, None]",1266823168,0,0,0,0,0,0,0
5,361325.351085533,,startup_or_init_device,6343196672,117835935744,71745536,1856454656,92990967808,3805184,3211264,65536,"[None, None, None, None]",1280638976,0,0,0,0,0,0,0
5,361325.851156351,,startup_or_init_device,6370033664,117809098752,71745536,1883807744,92990971904,3805184,3211264,65536,"[None, None, None, None]",1307815936,0,0,0,0,0,0,0
5,361326.351231206,,startup_or_init_device,6378287104,117800845312,71745536,1892794368,92990976000,3805184,3211264,65536,"[None, None, None, None]",1316974592,0,0,0,0,0,0,0
5,361326.851329556,,startup_or_init_device,6387085312,117792047104,71745536,1906581504,92990980096,3805184,3211264,65536,"[None, None, None, None]",1328328704,0,0,0,0,0,0,0
5,361327.351425361,,startup_or_init_device,6405664768,117773467648,71745536,1920507904,92990984192,3805184,3211264,65536,"[None, None, None, None]",1344905216,0,0,0,0,0,0,0
5,361327.851469338,,startup_or_init_device,6406955008,117772177408,71745536,1925636096,92990988288,3805184,3211264,65536,"[None, None, None, None]",1349849088,0,0,0,0,0,0,0
5,361328.351557819,,startup_or_init_device,6412374016,117766758400,71745536,1931427840,92990992384,3805184,3211264,65536,"[None, None, None, None]",1355698176,0,0,0,0,0,0,0
5,361328.851633186,,startup_or_init_device,6435082240,117744050176,71745536,1947426816,92990992384,3805184,3211264,65536,"[None, None, None, None]",1371529216,0,0,0,0,0,0,0
5,361329.351773584,,startup_or_init_device,6434701312,117744431104,71745536,1951735808,92991000576,3805184,3211264,65536,"[None, None, None, None]",1374916608,0,0,0,0,0,0,0
5,361329.851810678,,startup_or_init_device,6439751680,117739380736,71745536,1959419904,92991004672,3805184,3211264,65536,"[None, None, None, None]",1383890944,0,0,0,0,0,0,0
5,361330.351899199,,startup_or_init_device,6458331136,117720801280,71745536,1976971264,92991008768,3805184,3211264,65536,"[None, None, None, None]",1401438208,0,0,0,0,0,0,0
5,361330.851975447,,startup_or_init_device,6481186816,117697945600,71745536,1996320768,92991012864,3805184,3211264,65536,"[None, None, None, None]",1420701696,0,0,0,0,0,0,0
5,361331.352078535,,startup_or_init_device,6497419264,117681713152,71745536,2012217344,92991016960,3805184,3211264,65536,"[None, None, None, None]",1436598272,0,0,0,0,0,0,0
5,361331.872424399,,startup_or_init_device,6524256256,117654876160,71745536,2041634816,92991016960,3805184,3211264,65536,"[None, None, None, None]",1465503744,0,0,0,0,0,0,0
5,361332.357311953,,startup_or_init_device,6531739648,117647392768,71745536,2050969600,92991016960,3805184,3211264,65536,"[None, None, None, None]",1475432448,0,0,0,0,0,0,0
5,361332.857395644,,startup_or_init_device,6550642688,117628489728,71745536,2065932288,92991016960,3805184,3211264,65536,"[None, None, None, None]",1490264064,0,0,0,0,0,0,0
5,361333.357499834,,startup_or_init_device,6580060160,117599072256,71745536,2086531072,92991016960,3805184,3211264,65536,"[None, None, None, None]",1511481344,0,0,0,0,0,0,0
5,361333.857570721,,startup_or_init_device,6595801088,117583331328,71745536,2091532288,92991016960,3805184,3211264,65536,"[None, None, None, None]",1515556864,0,0,0,0,0,0,0
5,361334.357591114,,startup_or_init_device,6594383872,117584748544,71745536,2100355072,92991041536,3805184,3211264,65536,"[None, None, None, None]",1524203520,0,0,0,0,0,0,0
5,361334.857745057,,startup_or_init_device,6595932160,117583200256,71745536,2113773568,92991045632,3805184,3211264,65536,"[None, None, None, None]",1537601536,0,0,0,0,0,0,0
5,361335.357831885,,startup_or_init_device,6596788224,117582344192,71745536,2128584704,92991049728,3805184,3211264,65536,"[None, None, None, None]",1552388096,0,0,0,0,0,0,0
5,361335.857919533,,startup_or_init_device,6622609408,117556523008,71745536,2157047808,92991053824,3805184,3211264,65536,"[None, None, None, None]",1580290048,0,0,0,0,0,0,0
5,361336.357964752,,startup_or_init_device,6639321088,117539811328,71745536,2174578688,92991057920,3805184,3227648,81920,"[None, None, None, None]",1597681664,0,0,0,0,0,0,0
5,361336.858102966,,startup_or_init_device,6656323584,117522808832,71745536,2193375232,92991062016,3805184,3227648,81920,"[None, None, None, None]",1616605184,0,0,0,0,0,0,0
5,361337.358171078,,startup_or_init_device,6744317952,117434814464,143310848,2218369024,92991066112,3805184,3227648,81920,"[None, None, None, None]",1641750528,0,0,0,0,0,0,0
5,361337.858291197,,startup_or_init_device,6760894464,117418237952,143376384,2231177216,92991074304,3805184,3227648,81920,"[None, None, None, None]",1654231040,0,0,0,0,0,0,0
5,361338.358384236,,startup_or_init_device,6757232640,117421899776,143376384,2231324672,92991070208,3805184,3227648,81920,"[None, None, None, None]",1654231040,0,0,0,0,0,0,0
5,361338.858483015,,startup_or_init_device,6758780928,117420351488,143376384,2224721920,92991074304,3805184,3227648,81920,"[None, None, None, None]",1646460928,0,0,0,0,0,0,0
5,361339.358561176,,startup_or_init_device,6040477696,118138654720,71745536,1572196352,92991586304,3805184,3227648,81920,"[None, None, None, None]",995762176,0,0,0,0,0,0,0
5,361339.858620331,,startup_or_init_device,6056476672,118122655744,71745536,1601613824,92991590400,3805184,3227648,81920,"[None, None, None, None]",1024827392,0,0,0,0,0,0,0
5,361340.358705344,,startup_or_init_device,6171082752,118008049664,71745536,1720131584,92991877120,3805184,3227648,81920,"[None, None, None, None]",1143881728,0,0,0,0,0,0,0
5,361340.858777693,,startup_or_init_device,6272286720,117906845696,71745536,1824382976,92991881216,3805184,3227648,81920,"[None, None, None, None]",1247600640,0,0,0,0,0,0,0
5,361341.358870151,,startup_or_init_device,6273458176,117905674240,71745536,1825771520,92991885312,3805184,3227648,81920,"[None, None, None, None]",1247600640,0,0,0,0,0,0,0
5,361341.8589742,,startup_or_init_device,6345850880,117833281536,71745536,1903165440,92991889408,3805184,3227648,81920,"[None, None, None, None]",1326346240,0,0,0,0,0,0,0
5,361342.359092115,,startup_or_init_device,6455816192,117723316224,71745536,2015772672,92991909888,3805184,3227648,81920,"[None, None, None, None]",1439367168,0,0,0,0,0,0,0
5,361342.859150768,,startup_or_init_device,6565507072,117613625344,71745536,2138796032,92991926272,3805184,3227648,81920,"[None, None, None, None]",1562312704,0,0,0,0,0,0,0
5,361343.359240511,,startup_or_init_device,6612975616,117566156800,71745536,2183815168,92991930368,3805184,3211264,65536,"[None, None, None, None]",1607155712,0,0,0,0,0,0,0
5,361343.859352133,,startup_or_init_device,6632587264,117546545152,71745536,2205016064,92991934464,3805184,3211264,65536,"[None, None, None, None]",1627344896,0,0,0,0,0,0,0
5,361344.359421006,,startup_or_init_device,6645911552,117533220864,71745536,2216841216,92991938560,3805184,3211264,65536,"[None, None, None, None]",1640013824,0,0,0,0,0,0,0
5,361344.859500338,,startup_or_init_device,6655717376,117523415040,71745536,2228711424,92991942656,3805184,3211264,65536,"[None, None, None, None]",1652887552,0,0,0,0,0,0,0
5,361345.359590541,,startup_or_init_device,6678167552,117500964864,71745536,2250244096,92991987712,3805184,3211264,65536,"[None, None, None, None]",1673588736,0,0,0,0,0,0,0
5,361345.859670865,,startup_or_init_device,6689521664,117489610752,71745536,2263662592,92991991808,3805184,3211264,65536,"[None, None, None, None]",1686958080,0,0,0,0,0,0,0
5,361346.359689293,,startup_or_init_device,6718205952,117460926464,71745536,2288902144,92991991808,3805184,3211264,65536,"[None, None, None, None]",1711583232,0,0,0,0,0,0,0
5,361346.859849066,,startup_or_init_device,6725718016,117453414400,71745536,2303320064,92992339968,3805184,3211264,65536,"[None, None, None, None]",1726386176,0,0,0,0,0,0,0
5,361347.359939068,,startup_or_init_device,6745985024,117433147392,71745536,2319491072,92992344064,3805184,3211264,65536,"[None, None, None, None]",1742479360,0,0,0,0,0,0,0
5,361347.860039129,,startup_or_init_device,6745899008,117433233408,71745536,2322595840,92992360448,3805184,3211264,65536,"[None, None, None, None]",1745645568,0,0,0,0,0,0,0
5,361348.360068236,,startup_or_init_device,6751313920,117427818496,71745536,2332065792,92992368640,3805184,3211264,65536,"[None, None, None, None]",1754689536,0,0,0,0,0,0,0
5,361348.86012763,,startup_or_init_device,6753116160,117426016256,71745536,2335735808,92992430080,3805184,3211264,65536,"[None, None, None, None]",1758990336,0,0,0,0,0,0,0
5,361349.360262888,,startup_or_init_device,6775115776,117404016640,71745536,2353426432,92992536576,3805184,3211264,65536,"[None, None, None, None]",1776623616,0,0,0,0,0,0,0
5,361349.86033757,,startup_or_init_device,6775115776,117404016640,71745536,2356523008,92992540672,3805184,3211264,65536,"[None, None, None, None]",1779806208,0,0,0,0,0,0,0
5,361350.3604314,,startup_or_init_device,6784012288,117395120128,71745536,2366308352,92992618496,3805184,3211264,65536,"[None, None, None, None]",1789751296,0,0,0,0,0,0,0
5,361350.860507095,,startup_or_init_device,6804656128,117374476288,71745536,2391138304,92992622592,3805184,3211264,65536,"[None, None, None, None]",1813467136,0,0,0,0,0,0,0
5,361351.360554576,,startup_or_init_device,6812155904,117366976512,71745536,2399281152,92992626688,3805184,3211264,65536,"[None, None, None, None]",1822519296,0,0,0,0,0,0,0
5,361351.860690294,,startup_or_init_device,6853447680,117325684736,71745536,2437988352,92992630784,3805184,3211264,65536,"[None, None, None, None]",1862262784,0,0,0,0,0,0,0
5,361352.360793871,,startup_or_init_device,6856028160,117323104256,71745536,2443640832,92992634880,3805184,3194880,49152,"[None, None, None, None]",1866989568,0,0,0,0,0,0,0
5,361352.860868023,,startup_or_init_device,6869798912,117309333504,71745536,2458607616,92992638976,3805184,3194880,49152,"[None, None, None, None]",1882112000,0,0,0,0,0,0,0
5,361353.360973073,,startup_or_init_device,6878351360,117300781056,71745536,2469769216,92992643072,3805184,3194880,49152,"[None, None, None, None]",1892589568,0,0,0,0,0,0,0
5,361353.861062574,,startup_or_init_device,6907441152,117271691264,71745536,2491289600,92992647168,3805184,3194880,49152,"[None, None, None, None]",1914839040,0,0,0,0,0,0,0
5,361354.361143007,,startup_or_init_device,6919053312,117260079104,71745536,2489995264,92992651264,3805184,3194880,49152,"[None, None, None, None]",1913192448,0,0,0,0,0,0,0
5,361354.861203072,,startup_or_init_device,6939697152,117239435264,71745536,2508578816,92992647168,3805184,3194880,49152,"[None, None, None, None]",1931923456,0,0,0,0,0,0,0
5,361355.361326046,,startup_or_init_device,6944481280,117234651136,71745536,2518913024,92992651264,3805184,3194880,49152,"[None, None, None, None]",1942900736,0,0,0,0,0,0,0
5,361355.861442286,,startup_or_init_device,6957101056,117222031360,71745536,2547449856,92992663552,3805184,3211264,65536,"[None, None, None, None]",1969496064,0,0,0,0,0,0,0
5,361356.361463809,,startup_or_init_device,6966435840,117212696576,71745536,2558767104,92992667648,3805184,3211264,65536,"[None, None, None, None]",1981976576,0,0,0,0,0,0,0
5,361356.861567736,,startup_or_init_device,6990950400,117188182016,71745536,2582183936,92992671744,3805184,3211264,65536,"[None, None, None, None]",2005123072,0,0,0,0,0,0,0
5,361357.361652007,,startup_or_init_device,7008026624,117171105792,71745536,2601250816,92992675840,3805184,3211264,65536,"[None, None, None, None]",2024312832,0,0,0,0,0,0,0
5,361357.86175381,,startup_or_init_device,7038197760,117140934656,71745536,2628923392,92992892928,3813376,3211264,65536,"[None, None, None, None]",2052628480,0,0,0,0,0,0,0
5,361358.361881172,,startup_or_init_device,7218003968,116961128448,71745536,2794487808,92992897024,3813376,3211264,65536,"[None, None, None, None]",2217132032,0,0,0,0,0,0,0
5,361358.861916931,,startup_or_init_device,7260872704,116918259712,71745536,2840920064,92992897024,3813376,3211264,65536,"[None, None, None, None]",2265038848,0,0,0,0,0,0,0
5,361359.361987315,,startup_or_init_device,7285321728,116893810688,71745536,2871554048,92992901120,3813376,3211264,65536,"[None, None, None, None]",2295566336,0,0,0,0,0,0,0
5,361359.862080822,,startup_or_init_device,7303385088,116875747328,71745536,2885488640,92992905216,3813376,3211264,65536,"[None, None, None, None]",2308988928,0,0,0,0,0,0,0
5,361360.362164942,,startup_or_init_device,7309565952,116869566464,71745536,2895843328,92992917504,3813376,3211264,65536,"[None, None, None, None]",2319077376,0,0,0,0,0,0,0
5,361360.866047473,,startup_or_init_device,7331962880,116847169536,71745536,2920099840,92992921600,3813376,3211264,65536,"[None, None, None, None]",2343297024,0,0,0,0,0,0,0
5,361361.366130701,,startup_or_init_device,7344091136,116835041280,71745536,2933018624,92992925696,3813376,3211264,65536,"[None, None, None, None]",2356158464,0,0,0,0,0,0,0
5,361361.866205273,,startup_or_init_device,7376605184,116802527232,71745536,2958823424,92992929792,3813376,3211264,65536,"[None, None, None, None]",2381324288,0,0,0,0,0,0,0
5,361362.366246362,,startup_or_init_device,7384498176,116794634240,71745536,2971631616,92992933888,3813376,3211264,65536,"[None, None, None, None]",2394832896,0,0,0,0,0,0,0
5,361362.86634577,,startup_or_init_device,7404359680,116774772736,71745536,2987630592,92992937984,3813376,3211264,65536,"[None, None, None, None]",2410930176,0,0,0,0,0,0,0
5,361363.366394644,,startup_or_init_device,7401287680,116777844736,71745536,2992394240,92992942080,3813376,3211264,65536,"[None, None, None, None]",2415357952,0,0,0,0,0,0,0
5,361363.866513719,,startup_or_init_device,7406956544,116772175872,71745536,3000651776,92992946176,3813376,3211264,65536,"[None, None, None, None]",2423500800,0,0,0,0,0,0,0
5,361364.366606535,,startup_or_init_device,7411343360,116767789056,71745536,3004989440,92992950272,3813376,3211264,65536,"[None, None, None, None]",2427809792,0,0,0,0,0,0,0
5,361364.866618208,,startup_or_init_device,7411339264,116767793152,71745536,3007086592,92992983040,3813376,3211264,65536,"[None, None, None, None]",2430181376,0,0,0,0,0,0,0
5,361365.366756439,,startup_or_init_device,7430434816,116748697600,71745536,3023601664,92992987136,3813376,3211264,65536,"[None, None, None, None]",2445475840,0,0,0,0,0,0,0
5,361365.866796055,,startup_or_init_device,7428472832,116750659584,71745536,3026165760,92992987136,3813376,3211264,65536,"[None, None, None, None]",2449358848,0,0,0,0,0,0,0
5,361366.366914409,,startup_or_init_device,7438155776,116740976640,71745536,3035897856,92992987136,3813376,3211264,65536,"[None, None, None, None]",2459074560,0,0,0,0,0,0,0
5,361366.86703681,,startup_or_init_device,7459803136,116719329280,71745536,3058962432,92992999424,3813376,3211264,65536,"[None, None, None, None]",2482524160,0,0,0,0,0,0,0
5,361367.367089149,,startup_or_init_device,7471144960,116707987456,71745536,3069636608,92993003520,3813376,3211264,65536,"[None, None, None, None]",2493464576,0,0,0,0,0,0,0
5,361367.867224686,,startup_or_init_device,7512481792,116666650624,71745536,3109392384,92993007616,3813376,3211264,65536,"[None, None, None, None]",2531475456,0,0,0,0,0,0,0
5,361368.367263099,,startup_or_init_device,7509327872,116669804544,71745536,3109085184,92993015808,3813376,3211264,65536,"[None, None, None, None]",2531475456,0,0,0,0,0,0,0
5,361368.867345405,,startup_or_init_device,7535648768,116643483648,71745536,3128156160,92993019904,3813376,3211264,65536,"[None, None, None, None]",2551943168,0,0,0,0,0,0,0
5,361369.367434874,,startup_or_init_device,7551389696,116627742720,71745536,3149524992,92993024000,3813376,3211264,65536,"[None, None, None, None]",2573836288,0,0,0,0,0,0,0
5,361369.867514144,,startup_or_init_device,7567904768,116611227648,71745536,3161911296,92993028096,3813376,3211264,65536,"[None, None, None, None]",2585915392,0,0,0,0,0,0,0
5,361370.367624732,,startup_or_init_device,7581065216,116598067200,71745536,3160604672,92993032192,3813376,3211264,65536,"[None, None, None, None]",2583236608,0,0,0,0,0,0,0
5,361370.867703512,,startup_or_init_device,7578771456,116600360960,71745536,3171426304,92993032192,3813376,3211264,65536,"[None, None, None, None]",2594906112,0,0,0,0,0,0,0
5,361371.367762493,,startup_or_init_device,7600427008,116578705408,71745536,3197587456,92993024000,3813376,3211264,65536,"[None, None, None, None]",2621542400,0,0,0,0,0,0,0
5,361371.86783999,,startup_or_init_device,7618490368,116560642048,71745536,3216744448,92993044480,3813376,3211264,65536,"[None, None, None, None]",2640576512,0,0,0,0,0,0,0
5,361372.367925391,,startup_or_init_device,7631622144,116547510272,71745536,3231019008,92993048576,3813376,3227648,81920,"[None, None, None, None]",2654904320,0,0,0,0,0,0,0
5,361372.903519006,,startup_or_init_device,7717277696,116461854720,71745536,3311005696,92993048576,3813376,3227648,81920,"[None, None, None, None]",2771308544,0,0,0,0,0,0,0
5,361373.373191513,,startup_or_init_device,7874142208,116304990208,71745536,3462709248,92993556480,3813376,3227648,81920,"[None, None, None, None]",2886676480,0,0,0,0,0,0,0
5,361373.873276042,,startup_or_init_device,7954833408,116224299008,71745536,3534983168,92995252224,3813376,3227648,81920,"[None, None, None, None]",2959183872,0,0,0,0,0,0,0
5,361374.373382453,,startup_or_init_device,8057962496,116121169920,143376384,3568230400,92995289088,3813376,3227648,81920,"[None, None, None, None]",2992099328,0,0,0,0,0,0,0
5,361374.873497199,,startup_or_init_device,8217694208,115961438208,143376384,3712040960,92995293184,3813376,3227648,81920,"[None, None, None, None]",3135733760,0,0,0,0,0,0,0
5,361375.373452204,,startup_or_init_device,8541437952,115637694464,357220352,3829772288,92995338240,3813376,3227648,81920,"[None, None, None, None]",3253567488,0,0,0,0,0,0,0
5,361375.873615863,,startup_or_init_device,8565178368,115613954048,357220352,3854028800,92995338240,3813376,3227648,81920,"[None, None, None, None]",3277725696,0,0,0,0,0,0,0
5,361376.373701033,,startup_or_init_device,8578854912,115600277504,357220352,3867140096,92995338240,3813376,3227648,81920,"[None, None, None, None]",3290652672,0,0,0,0,0,0,0
5,361376.873771005,,startup_or_init_device,8612401152,115566731264,357220352,3892428800,92995338240,3813376,3227648,81920,"[None, None, None, None]",3315781632,0,0,0,0,0,0,0
5,361377.373790362,,startup_or_init_device,8620916736,115558215680,357220352,3905839104,92995338240,3813376,3227648,81920,"[None, None, None, None]",3329220608,0,0,0,0,0,0,0
5,361377.873897173,,startup_or_init_device,8643657728,115535474688,357285888,3921768448,92995366912,3813376,3227648,81920,"[None, None, None, None]",3345424384,0,0,0,0,0,0,0
5,361378.373979257,,startup_or_init_device,8643915776,115535216640,357285888,3925221376,92995371008,3813376,3227648,81920,"[None, None, None, None]",3348365312,0,0,0,0,0,0,0
5,361378.874071812,,startup_or_init_device,8647786496,115531345920,357285888,3933319168,92995375104,3813376,3227648,81920,"[None, None, None, None]",3356905472,0,0,0,0,0,0,0
5,361379.374157202,,startup_or_init_device,8651657216,115527475200,357285888,3938488320,92995379200,3813376,3227648,81920,"[None, None, None, None]",3362349056,0,0,0,0,0,0,0
5,361379.874194402,,startup_or_init_device,8654753792,115524378624,357285888,3941068800,92995383296,3813376,3227648,81920,"[None, None, None, None]",3363823616,0,0,0,0,0,0,0
5,361380.374255497,,startup_or_init_device,8674873344,115504259072,357285888,3956514816,92995387392,3813376,3227648,81920,"[None, None, None, None]",3380092928,0,0,0,0,0,0,0
5,361380.874357279,,startup_or_init_device,8674873344,115504259072,357285888,3959611392,92995391488,3813376,3227648,81920,"[None, None, None, None]",3383177216,0,0,0,0,0,0,0
5,361381.374455894,,startup_or_init_device,8682356736,115496775680,357285888,3968020480,92995395584,3813376,3227648,81920,"[None, None, None, None]",3391569920,0,0,0,0,0,0,0
5,361381.874541605,,startup_or_init_device,8704032768,115475099648,357285888,3987632128,92995399680,3813376,3227648,81920,"[None, None, None, None]",3411435520,0,0,0,0,0,0,0
5,361382.374602309,,startup_or_init_device,8718483456,115460648960,357285888,4003340288,92995403776,3813376,3227648,81920,"[None, None, None, None]",3425951744,0,0,0,0,0,0,0
5,361382.874712275,,startup_or_init_device,8761163776,115417968640,357285888,4037382144,92995092480,3813376,3227648,81920,"[None, None, None, None]",3461840896,0,0,0,0,0,0,0
5,361383.374801273,,startup_or_init_device,8761163776,115417968640,357285888,4043542528,92995096576,3813376,3227648,81920,"[None, None, None, None]",3467051008,0,0,0,0,0,0,0
5,361383.874894988,,startup_or_init_device,8779743232,115399389184,357285888,4062638080,92995100672,3813376,3227648,81920,"[None, None, None, None]",3486343168,0,0,0,0,0,0,0
5,361384.374975529,,startup_or_init_device,8788000768,115391131648,357285888,4072210432,92995104768,3813376,3227648,81920,"[None, None, None, None]",3496124416,0,0,0,0,0,0,0
5,361384.875062813,,startup_or_init_device,8818593792,115360538624,357285888,4095504384,92995424256,3813376,3227648,81920,"[None, None, None, None]",3518005248,0,0,0,0,0,0,0
5,361385.375218636,,startup_or_init_device,8833044480,115346087936,357285888,4093267968,92995424256,3813376,3227648,81920,"[None, None, None, None]",3516936192,0,0,0,0,0,0,0
5,361385.875218104,,startup_or_init_device,8833044480,115346087936,357285888,4105654272,92995428352,3813376,3227648,81920,"[None, None, None, None]",3529375744,0,0,0,0,0,0,0
5,361386.375385519,,startup_or_init_device,8834826240,115344306176,357285888,4123000832,92995436544,3813376,3227648,81920,"[None, None, None, None]",3546439680,0,0,0,0,0,0,0
5,361386.875433809,,startup_or_init_device,8860114944,115319017472,357285888,4148842496,92995440640,3813376,3227648,81920,"[None, None, None, None]",3572367360,0,0,0,0,0,0,0
5,361387.400800988,,startup_or_init_device,8869015552,115310116864,357285888,4158750720,92995440640,3813376,3244032,98304,"[None, None, None, None]",3583770624,0,0,0,0,0,0,0
5,361387.880676794,,startup_or_init_device,8922923008,115256209408,357285888,4202635264,92995448832,3813376,3244032,98304,"[None, None, None, None]",3626655744,0,0,0,0,0,0,0
5,361388.380756404,,startup_or_init_device,9084153856,115094978560,357285888,4375552000,92995452928,3813376,3244032,98304,"[None, None, None, None]",3799572480,0,0,0,0,0,0,0
5,361388.880839038,,startup_or_init_device,9158975488,115020156928,357285888,4441677824,92995452928,3813376,3244032,98304,"[None, None, None, None]",3865436160,0,0,0,0,0,0,0
5,361389.380950307,,startup_or_init_device,9293336576,114885795840,428851200,4501491712,92995461120,3813376,3244032,98304,"[None, None, None, None]",3925168128,0,0,0,0,0,0,0
5,361389.881044483,,startup_or_init_device,9401008128,114778124288,428916736,4610347008,92995465216,3813376,3244032,98304,"[None, None, None, None]",4034609152,0,0,0,0,0,0,0
5,361390.381138399,,startup_or_init_device,9726832640,114452299776,594853888,4759740416,92995473408,3813376,3244032,98304,"[None, None, None, None]",4183547904,0,0,0,0,0,0,0
5,361390.881246511,,startup_or_init_device,9799438336,114379694080,642826240,4783161344,92995477504,3813376,3244032,98304,"[None, None, None, None]",4207067136,0,0,0,0,0,0,0
5,361391.381257321,,startup_or_init_device,9812074496,114367057920,642826240,4797116416,92995481600,3813376,3244032,98304,"[None, None, None, None]",4220833792,0,0,0,0,0,0,0
5,361391.881323264,,startup_or_init_device,9850781696,114328350720,642826240,4828463104,92995485696,3813376,3244032,98304,"[None, None, None, None]",4250976256,0,0,0,0,0,0,0
5,361392.381343952,,startup_or_init_device,9851285504,114327846912,642826240,4832735232,92995493888,3813376,3244032,98304,"[None, None, None, None]",4256731136,0,0,0,0,0,0,0
5,361392.881469056,,startup_or_init_device,9861836800,114317295616,642826240,4844576768,92995497984,3813376,3244032,98304,"[None, None, None, None]",4268445696,0,0,0,0,0,0,0
5,361393.381568922,,startup_or_init_device,9878093824,114301038592,642826240,4860612608,92995502080,3813376,3244032,98304,"[None, None, None, None]",4284538880,0,0,0,0,0,0,0
5,361393.881624115,,startup_or_init_device,9881706496,114297425920,642826240,4866289664,92995506176,3813376,3244032,98304,"[None, None, None, None]",4290150400,0,0,0,0,0,0,0
5,361394.38170201,,startup_or_init_device,9889705984,114289426432,642826240,4874625024,92995510272,3813376,3244032,98304,"[None, None, None, None]",4297445376,0,0,0,0,0,0,0
5,361394.881722137,,startup_or_init_device,9889710080,114289422336,642826240,4874092544,92995510272,3813376,3244032,98304,"[None, None, None, None]",4297949184,0,0,0,0,0,0,0
5,361395.381865435,,startup_or_init_device,9909063680,114270068736,642826240,4891709440,92995514368,3813376,3244032,98304,"[None, None, None, None]",4315328512,0,0,0,0,0,0,0
5,361395.881967516,,startup_or_init_device,9909063680,114270068736,642826240,4894806016,92995518464,3813376,3244032,98304,"[None, None, None, None]",4318363648,0,0,0,0,0,0,0
5,361396.382062724,,startup_or_init_device,9916030976,114263101440,642826240,4901179392,92995522560,3813376,3244032,98304,"[None, None, None, None]",4324630528,0,0,0,0,0,0,0
5,361396.882105794,,startup_or_init_device,9939251200,114239881216,642826240,4923392000,92995530752,3813376,3244032,98304,"[None, None, None, None]",4345798656,0,0,0,0,0,0,0
5,361397.382223744,,startup_or_init_device,9955205120,114223927296,642826240,4934610944,92995534848,3813376,3244032,98304,"[None, None, None, None]",4358217728,0,0,0,0,0,0,0
5,361397.882300427,,startup_or_init_device,9980493824,114198638592,642826240,4964028416,92995530752,3813376,3244032,98304,"[None, None, None, None]",4387090432,0,0,0,0,0,0,0
5,361398.382387388,,startup_or_init_device,9997266944,114181865472,642826240,4978753536,92995534848,3813376,3244032,98304,"[None, None, None, None]",4402049024,0,0,0,0,0,0,0
5,361398.882480091,,startup_or_init_device,10016362496,114162769920,642826240,4997644288,92995547136,3813376,3244032,98304,"[None, None, None, None]",4420538368,0,0,0,0,0,0,0
5,361399.382536516,,startup_or_init_device,10026168320,114152964096,642826240,5007323136,92995551232,3813376,3244032,98304,"[None, None, None, None]",4429316096,0,0,0,0,0,0,0
5,361399.882638897,,startup_or_init_device,10056601600,114122530816,642826240,5019684864,92995555328,3813376,3244032,98304,"[None, None, None, None]",4442800128,0,0,0,0,0,0,0
5,361400.382736309,,startup_or_init_device,10070536192,114108596224,642826240,5029142528,92995559424,3813376,3244032,98304,"[None, None, None, None]",4452143104,0,0,0,0,0,0,0
5,361400.882778997,,startup_or_init_device,10070536192,114108596224,642826240,5038432256,92995563520,3813376,3244032,98304,"[None, None, None, None]",4461309952,0,0,0,0,0,0,0
5,361401.38290913,,startup_or_init_device,10071040000,114108092416,642826240,5052837888,92995567616,3813376,3244032,98304,"[None, None, None, None]",4475768832,0,0,0,0,0,0,0
5,361401.898156973,,startup_or_init_device,10097332224,114081800192,642826240,5076185088,92995563520,3813376,3260416,114688,"[None, None, None, None]",4504739840,0,0,0,0,0,0,0
5,361402.388151272,,startup_or_init_device,10113073152,114066059264,642826240,5092065280,92995567616,3813376,3260416,114688,"[None, None, None, None]",4515221504,0,0,0,0,0,0,0
5,361402.888244315,,startup_or_init_device,10132942848,114046189568,642826240,5112647680,92995571712,3813376,3260416,114688,"[None, None, None, None]",4535631872,0,0,0,0,0,0,0
5,361403.388361844,,startup_or_init_device,10307985408,113871147008,642826240,5292371968,92995592192,3813376,3260416,114688,"[None, None, None, None]",4715806720,0,0,0,0,0,0,0
5,361403.888434849,,startup_or_init_device,10398285824,113780846592,642826240,5367672832,92995596288,3813376,3260416,114688,"[None, None, None, None]",4790956032,0,0,0,0,0,0,0
5,361404.388463371,,startup_or_init_device,10534440960,113644691456,714354688,5436153856,92995694592,3813376,3260416,114688,"[None, None, None, None]",4858486784,0,0,0,0,0,0,0
5,361404.888611487,,startup_or_init_device,10590175232,113588957184,714354688,5492924416,92995698688,3813376,3260416,114688,"[None, None, None, None]",4916523008,0,0,0,0,0,0,0
5,361405.388670506,,startup_or_init_device,10796044288,113383088128,714457088,5692555264,92995706880,3813376,3260416,114688,"[None, None, None, None]",5115256832,0,0,0,0,0,0,0
5,361405.88878028,,startup_or_init_device,11041042432,113138089984,928301056,5724340224,92995710976,3813376,3260416,114688,"[None, None, None, None]",5146316800,0,0,0,0,0,0,0
5,361406.388799865,,startup_or_init_device,11054198784,113124933632,928301056,5737160704,92995715072,3813376,3260416,114688,"[None, None, None, None]",5158588416,0,0,0,0,0,0,0
5,361406.888896795,,startup_or_init_device,11088781312,113090351104,928366592,5764194304,92995719168,3813376,3260416,114688,"[None, None, None, None]",5186494464,0,0,0,0,0,0,0
5,361407.389012491,,startup_or_init_device,11097296896,113081835520,928366592,5774397440,92995723264,3813376,3260416,114688,"[None, None, None, None]",5196341248,0,0,0,0,0,0,0
5,361407.88910338,,startup_or_init_device,11105038336,113074094080,928366592,5786161152,92995727360,3813376,3260416,114688,"[None, None, None, None]",5209075712,0,0,0,0,0,0,0
5,361408.38919542,,startup_or_init_device,11125166080,113053966336,928366592,5801517056,92995731456,3813376,3260416,114688,"[None, None, None, None]",5224407040,0,0,0,0,0,0,0
5,361408.889217149,,startup_or_init_device,11129036800,113050095616,928366592,5809221632,92995739648,3813376,3260416,114688,"[None, None, None, None]",5231079424,0,0,0,0,0,0,0
5,361409.389275506,,startup_or_init_device,11137273856,113041858560,928366592,5816590336,92995743744,3813376,3260416,114688,"[None, None, None, None]",5239394304,0,0,0,0,0,0,0
5,361409.889334715,,startup_or_init_device,11137273856,113041858560,928366592,5817106432,92995747840,3813376,3260416,114688,"[None, None, None, None]",5239885824,0,0,0,0,0,0,0
5,361410.389471019,,startup_or_init_device,11157917696,113021214720,928366592,5834371072,92995751936,3813376,3260416,114688,"[None, None, None, None]",5257191424,0,0,0,0,0,0,0
5,361410.889562408,,startup_or_init_device,11157917696,113021214720,928366592,5836951552,92995756032,3813376,3260416,114688,"[None, None, None, None]",5259804672,0,0,0,0,0,0,0
5,361411.389610166,,startup_or_init_device,11162275840,113016856576,928366592,5842866176,92995760128,3813376,3260416,114688,"[None, None, None, None]",5264764928,0,0,0,0,0,0,0
5,361411.889701004,,startup_or_init_device,11177226240,113001906176,928366592,5857308672,92995760128,3813376,3260416,114688,"[None, None, None, None]",5280165888,0,0,0,0,0,0,0
5,361412.389814475,,startup_or_init_device,11196317696,112982814720,928366592,5875552256,92995768320,3813376,3260416,114688,"[None, None, None, None]",5298421760,0,0,0,0,0,0,0
5,361412.889896797,,startup_or_init_device,11219025920,112960106496,928366592,5893099520,92995772416,3813376,3260416,114688,"[None, None, None, None]",5315796992,0,0,0,0,0,0,0
5,361413.389994087,,startup_or_init_device,11244044288,112935088128,928366592,5921361920,92995776512,3813376,3260416,114688,"[None, None, None, None]",5344104448,0,0,0,0,0,0,0
5,361413.890071179,,startup_or_init_device,11256172544,112922959872,928366592,5932179456,92995780608,3813376,3260416,114688,"[None, None, None, None]",5353930752,0,0,0,0,0,0,0
5,361414.390219355,,startup_or_init_device,11272945664,112906186752,928366592,5945761792,92995776512,3813376,3260416,114688,"[None, None, None, None]",5368696832,0,0,0,0,0,0,0
5,361414.890259959,,startup_or_init_device,11301330944,112877801472,928366592,5971050496,92995780608,3813376,3260416,114688,"[None, None, None, None]",5393682432,0,0,0,0,0,0,0
5,361415.390356788,,startup_or_init_device,11313967104,112865165312,928366592,5971202048,92995792896,3813376,3260416,114688,"[None, None, None, None]",5393473536,0,0,0,0,0,0,0
5,361415.890420074,,startup_or_init_device,11313967104,112865165312,928366592,5979459584,92995796992,3813376,3260416,114688,"[None, None, None, None]",5402378240,0,0,0,0,0,0,0
5,361416.420864205,,startup_or_init_device,11321393152,112857739264,928366592,5992992768,92995796992,3813376,3260416,114688,"[None, None, None, None]",5418020864,0,0,0,0,0,0,0
5,361416.895660029,,startup_or_init_device,11338678272,112840454144,928366592,6015463424,92995805184,3813376,3260416,114688,"[None, None, None, None]",5438275584,0,0,0,0,0,0,0
5,361417.395752329,,startup_or_init_device,11355185152,112823947264,928366592,6032502784,92995809280,3813376,3276800,131072,"[None, None, None, None]",5455548416,0,0,0,0,0,0,0
5,361417.895845822,,startup_or_init_device,11370668032,112808464384,928366592,6054662144,92995809280,3813376,3276800,131072,"[None, None, None, None]",5477269504,0,0,0,0,0,0,0
5,361418.395987846,,startup_or_init_device,11390017536,112789114880,928366592,6073016320,92995817472,3813376,3276800,131072,"[None, None, None, None]",5495570432,0,0,0,0,0,0,0
5,361418.895957506,,startup_or_init_device,11415535616,112763596800,928366592,6094360576,92995821568,3813376,3276800,131072,"[None, None, None, None]",5516918784,0,0,0,0,0,0,0
5,361419.396119187,,startup_or_init_device,11509182464,112669949952,999997440,6116827136,92995825664,3813376,3276800,131072,"[None, None, None, None]",5539532800,0,0,0,0,0,0,0
5,361419.896238638,,startup_or_init_device,11566985216,112612147200,999997440,6165983232,92995821568,3813376,3276800,131072,"[None, None, None, None]",5589037056,0,0,0,0,0,0,0
5,361420.396268862,,startup_or_init_device,11824373760,112354758656,1067892736,6355599360,92995833856,3813376,3276800,131072,"[None, None, None, None]",5778153472,0,0,0,0,0,0,0
5,361420.896363467,,startup_or_init_device,11988353024,112190779392,1222688768,6358458368,92996079616,3813376,3276800,131072,"[None, None, None, None]",5781680128,0,0,0,0,0,0,0
5,361421.396344157,,startup_or_init_device,11989360640,112189771776,1222688768,6358441984,92997877760,3813376,3276800,131072,"[None, None, None, None]",5783302144,0,0,0,0,0,0,0
5,361421.896534191,,startup_or_init_device,12229480448,111949651968,1382752256,6405328896,92999102464,3813376,3276800,131072,"[None, None, None, None]",5830225920,0,0,0,0,0,0,0
5,361422.396679511,,cancellation_and_drain,12232245248,111946887168,1383186432,6407778304,93000441856,3817472,3276800,131072,"[None, None, None, None]",5830225920,0,0,0,0,0,0,0
5,361422.896747375,,cancellation_and_drain,12234842112,111944290304,1383251968,6413434880,93000503296,3813376,3276800,131072,"[None, None, None, None]",5836341248,0,0,0,0,0,0,0
5,361423.396864792,,cancellation_and_drain,12236701696,111942430720,1383251968,6414835712,93000597504,3813376,3276800,131072,"[None, None, None, None]",5836341248,0,0,0,0,0,0,0
5,361423.896927947,,cancellation_and_drain,12236443648,111942688768,1383251968,6413783040,93000597504,3813376,3276800,131072,"[None, None, None, None]",5836341248,0,0,0,0,0,0,0
5,361424.396997655,,cancellation_and_drain,9915969536,114263162880,1382207488,3856719872,93000671232,3813376,3276800,131072,"[None, None, None, None]",3267141632,0,0,0,0,0,0,0
5,361424.89715098,,cancellation_and_drain,7090806784,117088325632,72077312,2612973568,93000859648,3813376,3276800,131072,"[None, None, None, None]",2033926144,0,0,0,0,0,0,0
5,361425.397167888,,cancellation_and_drain,7090900992,117088231424,72077312,2613026816,93001207808,3805184,3260416,114688,"[None, None, None, None]",2033926144,0,0,0,0,0,0,0
5,361425.897254337,,cancellation_and_drain,7057416192,117121716224,71745536,2603667456,93001228288,3805184,3260416,114688,"[None, None, None, None]",2025136128,0,0,0,0,0,0,0
5,361426.39733212,,cancellation_and_drain,6388490240,117790642176,71745536,1940185088,93001248768,3805184,3260416,114688,"[None, None, None, None]",1362890752,0,0,0,0,0,0,0
5,361426.897380286,,cancellation_and_drain,6220759040,117958373376,71745536,1770389504,93001252864,3805184,3260416,114688,"[None, None, None, None]",1192411136,0,0,0,0,0,0,0
5,361427.397479028,,cancellation_and_drain,6220251136,117958881280,71745536,1769885696,93001256960,3805184,3260416,114688,"[None, None, None, None]",1192411136,0,0,0,0,0,0,0
5,361427.897560929,,cancellation_and_drain,5011976192,119167156224,114688,573591552,93001834496,3792896,3227648,81920,"[None, None, None, None]",,0,0,0,0,0,0,0
6,363804.27243608,-144.33627041301224,startup_or_init_device,5087440896,119091691520,114688,724004864,101075599360,3747840,3112960,32768,"[None, None, None, None]",,0,0,0,0,0,0,0
6,363804.274245197,-144.33446129597723,startup_or_init_device,5087440896,119091691520,114688,724021248,101075599360,3747840,3112960,32768,"[None, None, None, None]",,0,0,0,0,0,0,0
6,363804.774320326,-143.83438616700005,startup_or_init_device,5128167424,119050964992,114688,742961152,101082308608,3768320,3112960,32768,"[None, None, None, None]",8486912,0,0,0,0,0,0,0
6,363805.274330694,-143.33437579899328,startup_or_init_device,5184466944,118994665472,114688,838160384,101111693312,3768320,3112960,32768,"[None, None, None, None]",104378368,0,0,0,0,0,0,0
6,363805.774409281,-142.83429721201537,startup_or_init_device,5291671552,118887460864,114688,935866368,101131235328,3805184,3178496,32768,"[None, None, None, None]",198184960,0,0,0,0,0,0,0
6,363806.274657075,-142.33404941798653,startup_or_init_device,5338927104,118840205312,114688,977895424,101137428480,3805184,3178496,32768,"[None, None, None, None]",239595520,0,0,0,0,0,0,0
6,363806.774545906,-141.83416058699368,startup_or_init_device,5359185920,118819946496,114688,1004396544,101145477120,3805184,3178496,32768,"[None, None, None, None]",265760768,0,0,0,0,0,0,0
6,363807.27462277,-141.33408372296253,startup_or_init_device,5381349376,118797783040,114688,1016057856,101149253632,3805184,3178496,32768,"[None, None, None, None]",277950464,0,0,0,0,0,0,0
6,363807.774762964,-140.83394352899631,startup_or_init_device,5381763072,118797369344,114688,1025007616,101156777984,3805184,3178496,32768,"[None, None, None, None]",287256576,0,0,0,0,0,0,0
6,363808.274854386,-140.33385210699635,startup_or_init_device,5399216128,118779916288,114688,1046790144,101160976384,3805184,3178496,32768,"[None, None, None, None]",309055488,0,0,0,0,0,0,0
6,363808.774947492,-139.83375900099054,startup_or_init_device,5409550336,118769582080,114688,1058992128,101164339200,3805184,3178496,32768,"[None, None, None, None]",321196032,0,0,0,0,0,0,0
6,363809.275037282,-139.33366921101697,startup_or_init_device,5449027584,118730104832,114688,1090199552,101168066560,3805184,3178496,32768,"[None, None, None, None]",350965760,0,0,0,0,0,0,0
6,363809.775094561,-138.83361193200108,startup_or_init_device,5449138176,118729994240,114688,1095864320,101172334592,3805184,3178496,32768,"[None, None, None, None]",358203392,0,0,0,0,0,0,0
6,363810.275192468,-138.3335140249692,startup_or_init_device,5460135936,118718996480,114688,1106255872,101178085376,3805184,3178496,32768,"[None, None, None, None]",368234496,0,0,0,0,0,0,0
6,363810.77529376,-137.8334127329872,startup_or_init_device,5471948800,118707183616,114688,1122455552,101181489152,3805184,3178496,32768,"[None, None, None, None]",384540672,0,0,0,0,0,0,0
6,363811.275381057,-137.33332543598954,startup_or_init_device,5475717120,118703415296,114688,1126080512,101185945600,3805184,3178496,32768,"[None, None, None, None]",388067328,0,0,0,0,0,0,0
6,363811.775442676,-136.83326381701045,startup_or_init_device,5480124416,118699008000,114688,1136189440,101190012928,3805184,3178496,32768,"[None, None, None, None]",397373440,0,0,0,0,0,0,0
6,363812.275509164,-136.33319732896052,startup_or_init_device,5476859904,118702272512,114688,1141411840,101193715712,3805184,3178496,32768,"[None, None, None, None]",403398656,0,0,0,0,0,0,0
6,363812.775566486,-135.83314000698738,startup_or_init_device,5477355520,118701776896,114688,1141477376,101196046336,3805184,3178496,32768,"[None, None, None, None]",403460096,0,0,0,0,0,0,0
6,363813.275610543,-135.3330959500163,startup_or_init_device,5479489536,118699642880,114688,1143549952,101197991936,3805184,3178496,32768,"[None, None, None, None]",405544960,0,0,0,0,0,0,0
6,363813.775782751,-134.8329237420112,startup_or_init_device,5493403648,118685728768,114688,1158209536,101200576512,3805184,3178496,32768,"[None, None, None, None]",422125568,0,0,0,0,0,0,0
6,363814.275825045,-134.33288144797552,startup_or_init_device,5491699712,118687432704,114688,1159913472,101237518336,3805184,3178496,32768,"[None, None, None, None]",422621184,0,0,0,0,0,0,0
6,363814.775922283,-133.8327842099825,startup_or_init_device,5495029760,118684102656,114688,1164234752,101241360384,3805184,3178496,32768,"[None, None, None, None]",427802624,0,0,0,0,0,0,0
6,363815.276036955,-133.3326695379801,startup_or_init_device,5505875968,118673256448,114688,1178415104,101247447040,3805184,3178496,32768,"[None, None, None, None]",441888768,0,0,0,0,0,0,0
6,363815.776126309,-132.83258018398192,startup_or_init_device,5528936448,118650195968,114688,1199292416,101254348800,3805184,3178496,32768,"[None, None, None, None]",462266368,0,0,0,0,0,0,0
6,363816.276216384,-132.33249010896543,startup_or_init_device,5552091136,118627041280,114688,1214951424,101261557760,3805184,3178496,32768,"[None, None, None, None]",477696000,0,0,0,0,0,0,0
6,363816.801576859,-131.80712963396218,startup_or_init_device,5578764288,118600368128,114688,1244368896,101266939904,3805184,3178496,32768,"[None, None, None, None]",506761216,0,0,0,0,0,0,0
6,363817.281422664,-131.32728382898495,startup_or_init_device,5578784768,118600347648,114688,1248923648,101273636864,3805184,3178496,32768,"[None, None, None, None]",511275008,0,0,0,0,0,0,0
6,363817.781491771,-130.82721472199773,startup_or_init_device,5597474816,118581657600,114688,1264340992,101280141312,3805184,3178496,32768,"[None, None, None, None]",526864384,0,0,0,0,0,0,0
6,363818.281563093,-130.3271433999762,startup_or_init_device,5616693248,118562439168,114688,1282572288,101287088128,3805184,3178496,32768,"[None, None, None, None]",545746944,0,0,0,0,0,0,0
6,363818.781638413,-129.82706807996146,startup_or_init_device,5631705088,118547427328,114688,1297895424,101294006272,3805184,3178496,32768,"[None, None, None, None]",560414720,0,0,0,0,0,0,0
6,363819.281663739,-129.32704275398282,startup_or_init_device,5644062720,118535069696,114688,1295704064,101299765248,3805184,3178496,32768,"[None, None, None, None]",558260224,0,0,0,0,0,0,0
6,363819.78182988,-128.82687661296222,startup_or_init_device,5641113600,118538018816,114688,1306533888,101302669312,3805184,3178496,32768,"[None, None, None, None]",569262080,0,0,0,0,0,0,0
6,363820.281911443,-128.32679505000124,startup_or_init_device,5650010112,118529122304,114688,1319890944,101314015232,3805184,3178496,32768,"[None, None, None, None]",582602752,0,0,0,0,0,0,0
6,363820.782017191,-127.82668930198997,startup_or_init_device,5660618752,118518513664,114688,1339400192,101334532096,3805184,3194880,49152,"[None, None, None, None]",602042368,0,0,0,0,0,0,0
6,363821.282050894,-127.3266555989976,startup_or_init_device,5668614144,118510518272,114688,1357676544,101338017792,3805184,3194880,49152,"[None, None, None, None]",619184128,0,0,0,0,0,0,0
6,363821.782129743,-126.82657674996881,startup_or_init_device,5684207616,118494924800,114688,1375944704,101343244288,3805184,3194880,49152,"[None, None, None, None]",638275584,0,0,0,0,0,0,0
6,363822.28227141,-126.32643508299952,startup_or_init_device,5708148736,118470983680,114688,1398276096,101355311104,3805184,3194880,49152,"[None, None, None, None]",660824064,0,0,0,0,0,0,0
6,363822.782346101,-125.82636039197678,startup_or_init_device,5757435904,118421696512,114688,1452613632,101358514176,3805184,3194880,49152,"[None, None, None, None]",715694080,0,0,0,0,0,0,0
6,363823.282446521,-125.32625997200375,startup_or_init_device,5914689536,118264442880,114688,1603088384,101358538752,3805184,3194880,49152,"[None, None, None, None]",865869824,0,0,0,0,0,0,0
6,363823.782511956,-124.82619453698862,startup_or_init_device,5968867328,118210265088,114688,1649631232,101358542848,3805184,3194880,49152,"[None, None, None, None]",911609856,0,0,0,0,0,0,0
6,363824.282577351,-124.32612914196216,startup_or_init_device,5985316864,118193815552,114688,1671352320,101358546944,3805184,3194880,49152,"[None, None, None, None]",933679104,0,0,0,0,0,0,0
6,363824.782702128,-123.82600436499342,startup_or_init_device,6001315840,118177816576,114688,1683738624,101358551040,3805184,3194880,49152,"[None, None, None, None]",946393088,0,0,0,0,0,0,0
6,363825.282771642,-123.32593485096004,startup_or_init_device,6010863616,118168268800,114688,1695805440,101358555136,3805184,3194880,49152,"[None, None, None, None]",958930944,0,0,0,0,0,0,0
6,363825.782893273,-122.82581321999896,startup_or_init_device,6033559552,118145572864,114688,1718558720,101358559232,3805184,3194880,49152,"[None, None, None, None]",979984384,0,0,0,0,0,0,0
6,363826.282945225,-122.32576126797358,startup_or_init_device,6045069312,118134063104,114688,1731637248,101358563328,3805184,3194880,49152,"[None, None, None, None]",992854016,0,0,0,0,0,0,0
6,363826.783041539,-121.82566495396895,startup_or_init_device,6078595072,118100537344,114688,1756803072,101358567424,3805184,3194880,49152,"[None, None, None, None]",1017978880,0,0,0,0,0,0,0
6,363827.283122376,-121.32558411697391,startup_or_init_device,6086594560,118092537856,114688,1770094592,101358567424,3805184,3194880,49152,"[None, None, None, None]",1031598080,0,0,0,0,0,0,0
6,363827.78321826,-120.82548823300749,startup_or_init_device,6105690112,118073442304,114688,1786097664,101358571520,3805184,3194880,49152,"[None, None, None, None]",1047519232,0,0,0,0,0,0,0
6,363828.283288217,-120.3254182760138,startup_or_init_device,6105686016,118073446400,114688,1790263296,101358579712,3805184,3194880,49152,"[None, None, None, None]",1051963392,0,0,0,0,0,0,0
6,363828.78336678,-119.82533971301746,startup_or_init_device,6114717696,118064414720,114688,1799585792,101358583808,3805184,3194880,49152,"[None, None, None, None]",1059897344,0,0,0,0,0,0,0
6,363829.283446115,-119.3252603780129,startup_or_init_device,6128885760,118050246656,114688,1809022976,101358075904,3805184,3194880,49152,"[None, None, None, None]",1070862336,0,0,0,0,0,0,0
6,363829.783544766,-118.82516172697069,startup_or_init_device,6137143296,118041989120,114688,1815216128,101358080000,3805184,3194880,49152,"[None, None, None, None]",1076875264,0,0,0,0,0,0,0
6,363830.283645222,-118.32506127096713,startup_or_init_device,6140755968,118038376448,114688,1822920704,101358084096,3805184,3194880,49152,"[None, None, None, None]",1084399616,0,0,0,0,0,0,0
6,363830.783732061,-117.82497443200555,startup_or_init_device,6148497408,118030635008,114688,1831178240,101358088192,3805184,3194880,49152,"[None, None, None, None]",1093025792,0,0,0,0,0,0,0
6,363831.289314741,-117.31939175201114,startup_or_init_device,6171992064,118007140352,114688,1853607936,101358600192,3805184,3194880,49152,"[None, None, None, None]",1115336704,0,0,0,0,0,0,0
6,363831.789407573,-116.8192989199888,startup_or_init_device,6184894464,117994237952,114688,1866567680,101358592000,3805184,3194880,49152,"[None, None, None, None]",1128296448,0,0,0,0,0,0,0
6,363832.289521515,-116.31918497796869,startup_or_init_device,6220476416,117958656000,114688,1899757568,101358596096,3805184,3194880,49152,"[None, None, None, None]",1161252864,0,0,0,0,0,0,0
6,363832.789609318,-115.81909717497183,startup_or_init_device,6236991488,117942140928,114688,1909542912,101358600192,3805184,3194880,49152,"[None, None, None, None]",1171185664,0,0,0,0,0,0,0
6,363833.289701741,-115.31900475197472,startup_or_init_device,6252990464,117926141952,114688,1928429568,101358604288,3805184,3194880,49152,"[None, None, None, None]",1190014976,0,0,0,0,0,0,0
6,363833.789704054,-114.8190024389769,startup_or_init_device,6258475008,117920657408,114688,1938747392,101358178304,3805184,3194880,49152,"[None, None, None, None]",1200336896,0,0,0,0,0,0,0
6,363834.289877719,-114.31882877397584,startup_or_init_device,6287892480,117891239936,114688,1960669184,101358182400,3805184,3194880,49152,"[None, None, None, None]",1222189056,0,0,0,0,0,0,0
6,363834.789954814,-113.8187516789767,startup_or_init_device,6302859264,117876273152,114688,1959636992,101358186496,3805184,3194880,49152,"[None, None, None, None]",1221185536,0,0,0,0,0,0,0
6,363835.29007548,-113.31863101298222,startup_or_init_device,6302863360,117876269056,114688,1970733056,101358190592,3805184,3194880,49152,"[None, None, None, None]",1232285696,0,0,0,0,0,0,0
6,363835.790101419,-112.8186050739605,startup_or_init_device,6312280064,117866852352,114688,1987276800,101358649344,3805184,3194880,49152,"[None, None, None, None]",1248264192,0,0,0,0,0,0,0
6,363836.290173846,-112.31853264698293,startup_or_init_device,6328987648,117850144768,114688,2002165760,101358653440,3805184,3194880,49152,"[None, None, None, None]",1263984640,0,0,0,0,0,0,0
6,363836.790307107,-111.81839938601479,startup_or_init_device,6353526784,117825605632,114688,2025250816,101358657536,3805184,3194880,49152,"[None, None, None, None]",1287041024,0,0,0,0,0,0,0
6,363837.290390977,-111.31831551599316,startup_or_init_device,6375096320,117804036096,114688,2047676416,101358661632,3805184,3211264,65536,"[None, None, None, None]",1309585408,0,0,0,0,0,0,0
6,363837.790481498,-110.81822499498958,startup_or_init_device,6383837184,117795295232,114688,2062499840,101358665728,3805184,3211264,65536,"[None, None, None, None]",1324097536,0,0,0,0,0,0,0
6,363838.290558595,-110.31814789801138,startup_or_init_device,6477127680,117702004736,114688,2149535744,101370433536,3805184,3211264,65536,"[None, None, None, None]",1410678784,0,0,0,0,0,0,0
6,363838.790638117,-109.8180683759856,startup_or_init_device,6592700416,117586432000,114688,2266673152,101370433536,3805184,3211264,65536,"[None, None, None, None]",1528414208,0,0,0,0,0,0,0
6,363839.290732687,-109.31797380599892,startup_or_init_device,6682824704,117496307712,114688,2356461568,101371076608,3805184,3211264,65536,"[None, None, None, None]",1618190336,0,0,0,0,0,0,0
6,363839.790825835,-108.81788065796718,startup_or_init_device,6702624768,117476507648,114688,2377879552,101371363328,3805184,3211264,65536,"[None, None, None, None]",1639354368,0,0,0,0,0,0,0
6,363840.290944001,-108.31776249199174,startup_or_init_device,6475915264,117703217152,114688,2067062784,101373108224,3805184,3211264,65536,"[None, None, None, None]",1328734208,0,0,0,0,0,0,0
6,363840.790986865,-107.81771962798666,startup_or_init_device,6588870656,117590261760,71688192,2167320576,101380079616,3805184,3211264,65536,"[None, None, None, None]",1428410368,0,0,0,0,0,0,0
6,363841.291082058,-107.31762443500338,startup_or_init_device,6712651776,117466480640,71753728,2281304064,101380100096,3805184,3211264,65536,"[None, None, None, None]",1543503872,0,0,0,0,0,0,0
6,363841.791189685,-106.81751680799061,startup_or_init_device,6802968576,117376163840,71753728,2373169152,101380100096,3805184,3211264,65536,"[None, None, None, None]",1635201024,0,0,0,0,0,0,0
6,363842.29124321,-106.3174632829614,startup_or_init_device,6781526016,117397606400,71753728,2150047744,101380116480,3805184,3211264,65536,"[None, None, None, None]",1412030464,0,0,0,0,0,0,0
6,363842.791359634,-105.81734685896663,startup_or_init_device,6781526016,117397606400,71753728,2269265920,101380120576,3805184,3211264,65536,"[None, None, None, None]",1531224064,0,0,0,0,0,0,0
6,363843.291435091,-105.31727140198927,startup_or_init_device,6790889472,117388242944,71745536,2358902784,101380464640,3805184,3211264,65536,"[None, None, None, None]",1619693568,0,0,0,0,0,0,0
6,363843.791542168,-104.8171643249807,startup_or_init_device,6780203008,117398929408,71745536,2095230976,101380481024,3805184,3211264,65536,"[None, None, None, None]",1359122432,0,0,0,0,0,0,0
6,363844.291597999,-104.31710849399678,startup_or_init_device,6766202880,117412929536,71745536,2091675648,101380481024,3805184,3211264,65536,"[None, None, None, None]",1359122432,0,0,0,0,0,0,0
6,363844.791701661,-103.81700483197346,startup_or_init_device,6766456832,117412675584,71745536,2091806720,101380493312,3805184,3211264,65536,"[None, None, None, None]",1359122432,0,0,0,0,0,0,0
6,363845.291789733,-103.316916759999,startup_or_init_device,6137274368,118041858048,114688,1407025152,101380694016,3805184,3211264,65536,"[None, None, None, None]",674349056,0,0,0,0,0,0,0
6,363845.822272688,-102.78643380501308,startup_or_init_device,6137253888,118041878528,114688,1412632576,101380726784,3805184,3194880,49152,"[None, None, None, None]",680316928,0,0,0,0,0,0,0
6,363846.297084861,-102.31162163196132,startup_or_init_device,6118014976,118061117440,114688,1429458944,101380734976,3805184,3194880,49152,"[None, None, None, None]",696905728,0,0,0,0,0,0,0
6,363846.797153698,-101.81155279499944,startup_or_init_device,6189101056,117990031360,71680000,1568346112,101380747264,3805184,3194880,49152,"[None, None, None, None]",835989504,0,0,0,0,0,0,0
6,363847.297253394,-101.3114530990133,startup_or_init_device,6261194752,117917937664,71745536,1686048768,101381455872,3805184,3194880,49152,"[None, None, None, None]",953647104,0,0,0,0,0,0,0
6,363847.797350494,-100.81135599897243,startup_or_init_device,6288969728,117890162688,71745536,1835433984,101381910528,3805184,3194880,49152,"[None, None, None, None]",1103106048,0,0,0,0,0,0,0
6,363848.297341987,-100.31136450596387,startup_or_init_device,6314192896,117864939520,71745536,1900707840,101381914624,3805184,3194880,49152,"[None, None, None, None]",1168437248,0,0,0,0,0,0,0
6,363848.797469396,-99.81123709696112,startup_or_init_device,6374543360,117804589056,71745536,1950781440,101381918720,3805184,3194880,49152,"[None, None, None, None]",1218101248,0,0,0,0,0,0,0
6,363849.297546651,-99.31115984200733,startup_or_init_device,6375055360,117804077056,71745536,1957863424,101381922816,3805184,3194880,49152,"[None, None, None, None]",1225125888,0,0,0,0,0,0,0
6,363849.797620329,-98.8110861639725,startup_or_init_device,6390538240,117788594176,71745536,1970253824,101381926912,3805184,3194880,49152,"[None, None, None, None]",1237807104,0,0,0,0,0,0,0
6,363850.297671546,-98.31103494699346,startup_or_init_device,6412988416,117766144000,71745536,1992622080,101381931008,3805184,3194880,49152,"[None, None, None, None]",1258905600,0,0,0,0,0,0,0
6,363850.79773217,-97.81097432301613,startup_or_init_device,6421241856,117757890560,71745536,2001395712,101381935104,3805184,3194880,49152,"[None, None, None, None]",1269075968,0,0,0,0,0,0,0
6,363851.297867426,-97.3108390669804,startup_or_init_device,6449885184,117729247232,71745536,2024632320,101381939200,3805184,3194880,49152,"[None, None, None, None]",1291870208,0,0,0,0,0,0,0
6,363851.797969087,-96.81073740596185,startup_or_init_device,6474379264,117704753152,71745536,2041516032,101381943296,3805184,3194880,49152,"[None, None, None, None]",1308758016,0,0,0,0,0,0,0
6,363852.298045984,-96.31066050898517,startup_or_init_device,6477991936,117701140480,71745536,2052870144,101381947392,3805184,3194880,49152,"[None, None, None, None]",1320374272,0,0,0,0,0,0,0
6,363852.798115176,-95.81059131701477,startup_or_init_device,6495281152,117683851264,71745536,2069921792,101381951488,3805184,3194880,49152,"[None, None, None, None]",1336684544,0,0,0,0,0,0,0
6,363853.298157508,-95.3105489849695,startup_or_init_device,6495281152,117683851264,71745536,2073051136,101381955584,3805184,3194880,49152,"[None, None, None, None]",1339191296,0,0,0,0,0,0,0
6,363853.798277115,-94.81042937800521,startup_or_init_device,6500442112,117678690304,71745536,2079420416,101381959680,3805184,3194880,49152,"[None, None, None, None]",1347702784,0,0,0,0,0,0,0
6,363854.298330599,-94.3103758940124,startup_or_init_device,6523408384,117655724032,71745536,2095517696,101381963776,3805184,3194880,49152,"[None, None, None, None]",1363611648,0,0,0,0,0,0,0
6,363854.798411834,-93.81029465899337,startup_or_init_device,6523408384,117655724032,71745536,2097074176,101381967872,3805184,3194880,49152,"[None, None, None, None]",1363611648,0,0,0,0,0,0,0
6,363855.298472963,-93.31023353000637,startup_or_init_device,6528987136,117650145280,71745536,2105671680,101381971968,3805184,3194880,49152,"[None, None, None, None]",1374404608,0,0,0,0,0,0,0
6,363855.798575129,-92.81013136397814,startup_or_init_device,6547202048,117631930368,71745536,2122231808,101382397952,3805184,3194880,49152,"[None, None, None, None]",1392373760,0,0,0,0,0,0,0
6,363856.298662548,-92.31004394497722,startup_or_init_device,6565523456,117613608960,71745536,2139430912,101382402048,3805184,3194880,49152,"[None, None, None, None]",1409605632,0,0,0,0,0,0,0
6,363856.798755046,-91.80995144700864,startup_or_init_device,6589779968,117589352448,71745536,2157506560,101382406144,3805184,3194880,49152,"[None, None, None, None]",1427824640,0,0,0,0,0,0,0
6,363857.298864777,-91.30984171596356,startup_or_init_device,6622539776,117556592640,71745536,2188386304,101382410240,3805184,3194880,49152,"[None, None, None, None]",1458016256,0,0,0,0,0,0,0
6,363857.798931648,-90.80977484496543,startup_or_init_device,6629494784,117549637632,71745536,2195681280,101382418432,3805184,3194880,49152,"[None, None, None, None]",1464643584,0,0,0,0,0,0,0
6,363858.299017455,-90.30968903796747,startup_or_init_device,6652448768,117526683648,71745536,2210033664,101382418432,3805184,3194880,49152,"[None, None, None, None]",1479868416,0,0,0,0,0,0,0
6,363858.799080159,-89.80962633399758,startup_or_init_device,6676189184,117502943232,71745536,2233774080,101382418432,3805184,3194880,49152,"[None, None, None, None]",1504141312,0,0,0,0,0,0,0
6,363859.299132083,-89.30957440997008,startup_or_init_device,6683672576,117495459840,71745536,2243518464,101382418432,3805184,3194880,49152,"[None, None, None, None]",1513541632,0,0,0,0,0,0,0
6,363859.799267975,-88.80943851801567,startup_or_init_device,6692962304,117486170112,71745536,2245066752,101382418432,3805184,3194880,49152,"[None, None, None, None]",1515220992,0,0,0,0,0,0,0
6,363860.299263584,-88.30944290896878,startup_or_init_device,6695280640,117483851776,71745536,2252062720,101382438912,3805184,3194880,49152,"[None, None, None, None]",1521049600,0,0,0,0,0,0,0
6,363860.799350574,-87.80935591901653,startup_or_init_device,6696251392,117482881024,71745536,2269396992,101382443008,3805184,3194880,49152,"[None, None, None, None]",1539293184,0,0,0,0,0,0,0
6,363861.299414202,-87.30929229100002,startup_or_init_device,6719733760,117459398656,71745536,2294644736,101382447104,3805184,3194880,49152,"[None, None, None, None]",1564884992,0,0,0,0,0,0,0
6,363861.799522483,-86.80918400996597,startup_or_init_device,6730063872,117449068544,71745536,2308579328,101382451200,3805184,3194880,49152,"[None, None, None, None]",1578655744,0,0,0,0,0,0,0
6,363862.299592122,-86.30911437096074,startup_or_init_device,6742634496,117436497920,71745536,2332180480,101382455296,3805184,3211264,65536,"[None, None, None, None]",1601945600,0,0,0,0,0,0,0
6,363862.816224472,-85.7924820209737,startup_or_init_device,6762999808,117416132608,71802880,2354024448,101382627328,3805184,3211264,65536,"[None, None, None, None]",1624043520,0,0,0,0,0,0,0
6,363863.304871894,-85.30383459897712,startup_or_init_device,6859554816,117319577600,143380480,2376093696,101382631424,3805184,3211264,65536,"[None, None, None, None]",1646698496,0,0,0,0,0,0,0
6,363863.804930724,-84.8037757689599,startup_or_init_device,6859554816,117319577600,143380480,2376093696,101382631424,3805184,3211264,65536,"[None, None, None, None]",1646698496,0,0,0,0,0,0,0
6,363864.305034028,-84.3036724649719,startup_or_init_device,6859550720,117319581696,143380480,2376486912,101382635520,3805184,3211264,65536,"[None, None, None, None]",1646698496,0,0,0,0,0,0,0
6,363864.805130289,-83.80357620399445,startup_or_init_device,6149173248,118029959168,71745536,1686179840,101382799360,3805184,3211264,65536,"[None, None, None, None]",956022784,0,0,0,0,0,0,0
6,363865.305125901,-83.30358059197897,startup_or_init_device,6221348864,117957783552,71745536,1755148288,101383221248,3805184,3211264,65536,"[None, None, None, None]",1024843776,0,0,0,0,0,0,0
6,363865.805297995,-82.80340849800268,startup_or_init_device,6221172736,117957959680,71745536,1756659712,101383405568,3805184,3211264,65536,"[None, None, None, None]",1026797568,0,0,0,0,0,0,0
6,363866.305365142,-82.30334135098383,startup_or_init_device,6432780288,117746352128,71745536,1977622528,101383409664,3805184,3211264,65536,"[None, None, None, None]",1247608832,0,0,0,0,0,0,0
6,363866.80544852,-81.80325797299156,startup_or_init_device,6432768000,117746364416,71745536,1977950208,101383421952,3805184,3211264,65536,"[None, None, None, None]",1247608832,0,0,0,0,0,0,0
6,363867.305541206,-81.30316528701223,startup_or_init_device,6472867840,117706264576,71745536,2021863424,101383426048,3805184,3211264,65536,"[None, None, None, None]",1291321344,0,0,0,0,0,0,0
6,363867.805617862,-80.80308863101527,startup_or_init_device,6541565952,117637566464,71745536,2112098304,101383430144,3805184,3211264,65536,"[None, None, None, None]",1382494208,0,0,0,0,0,0,0
6,363868.305702152,-80.30300434096716,startup_or_init_device,6711615488,117467516928,71745536,2275737600,101383438336,3805184,3211264,65536,"[None, None, None, None]",1545695232,0,0,0,0,0,0,0
6,363868.805807312,-79.80289918096969,startup_or_init_device,6757261312,117421871104,71745536,2322489344,101383442432,3805184,3211264,65536,"[None, None, None, None]",1592627200,0,0,0,0,0,0,0
6,363869.305896032,-79.30281046096934,startup_or_init_device,6799302656,117379829760,71745536,2354933760,101383446528,3805184,3211264,65536,"[None, None, None, None]",1625063424,0,0,0,0,0,0,0
6,363869.805961959,-78.80274453398306,startup_or_init_device,6815907840,117363224576,71745536,2370957312,101383450624,3805184,3211264,65536,"[None, None, None, None]",1639297024,0,0,0,0,0,0,0
6,363870.306107717,-78.30259877600474,startup_or_init_device,6815252480,117363879936,71745536,2377945088,101383454720,3805184,3194880,49152,"[None, None, None, None]",1647996928,0,0,0,0,0,0,0
6,363870.806153096,-77.80255339696305,startup_or_init_device,6843121664,117336010752,71745536,2403749888,101383458816,3805184,3194880,49152,"[None, None, None, None]",1673605120,0,0,0,0,0,0,0
6,363871.306252737,-77.30245375598315,startup_or_init_device,6851112960,117328019456,71745536,2413871104,101383462912,3805184,3194880,49152,"[None, None, None, None]",1683910656,0,0,0,0,0,0,0
6,363871.806348061,-76.80235843197443,startup_or_init_device,6888271872,117290860544,71745536,2442268672,101383467008,3805184,3194880,49152,"[None, None, None, None]",1711603712,0,0,0,0,0,0,0
6,363872.306426874,-76.30227961897617,startup_or_init_device,6894800896,117284331520,71745536,2456059904,101383573504,3805184,3194880,49152,"[None, None, None, None]",1725071360,0,0,0,0,0,0,0
6,363872.806518421,-75.80218807200436,startup_or_init_device,6906654720,117272477696,71745536,2467921920,101383577600,3805184,3194880,49152,"[None, None, None, None]",1738027008,0,0,0,0,0,0,0
6,363873.306617393,-75.3020891000051,startup_or_init_device,6915096576,117264035840,71745536,2474835968,101383581696,3805184,3194880,49152,"[None, None, None, None]",1744146432,0,0,0,0,0,0,0
6,363873.806711685,-74.80199480796,startup_or_init_device,6915162112,117263970304,71745536,2481479680,101383585792,3805184,3194880,49152,"[None, None, None, None]",1751433216,0,0,0,0,0,0,0
6,363874.306775622,-74.30193087097723,startup_or_init_device,6921482240,117257650176,71745536,2488115200,101383589888,3805184,3194880,49152,"[None, None, None, None]",1758244864,0,0,0,0,0,0,0
6,363874.806873843,-73.80183264997322,startup_or_init_device,6949351424,117229780992,71745536,2507243520,101383593984,3805184,3194880,49152,"[None, None, None, None]",1776164864,0,0,0,0,0,0,0
6,363875.306960222,-73.30174627096858,startup_or_init_device,6949285888,117229846528,71745536,2509512704,101383598080,3805184,3194880,49152,"[None, None, None, None]",1779478528,0,0,0,0,0,0,0
6,363875.807068693,-72.80163780000294,startup_or_init_device,6953414656,117225717760,71745536,2516738048,101383602176,3805184,3194880,49152,"[None, None, None, None]",1786527744,0,0,0,0,0,0,0
6,363876.307139013,-72.30156747996807,startup_or_init_device,6976122880,117203009536,71745536,2537066496,101383606272,3805184,3194880,49152,"[None, None, None, None]",1806761984,0,0,0,0,0,0,0
6,363876.807241032,-71.8014654609724,startup_or_init_device,6986203136,117192929280,71745536,2549166080,101383610368,3805184,3194880,49152,"[None, None, None, None]",1819185152,0,0,0,0,0,0,0
6,363877.314099169,-71.29460732400184,startup_or_init_device,7017881600,117161250816,71745536,2578395136,101383614464,3805184,3194880,49152,"[None, None, None, None]",1848582144,0,0,0,0,0,0,0
6,363877.812474095,-70.79623239801731,startup_or_init_device,7034396672,117144735744,71745536,2593390592,101383618560,3805184,3194880,49152,"[None, None, None, None]",1863319552,0,0,0,0,0,0,0
6,363878.312560797,-70.29614569596015,startup_or_init_device,7052718080,117126414336,71745536,2611666944,101383622656,3805184,3194880,49152,"[None, None, None, None]",1881739264,0,0,0,0,0,0,0
6,363878.812664992,-69.79604150098749,startup_or_init_device,7060975616,117118156800,71745536,2620956672,101383626752,3805184,3194880,49152,"[None, None, None, None]",1890877440,0,0,0,0,0,0,0
6,363879.31270141,-69.29600508301519,startup_or_init_device,7090909184,117088223232,71745536,2637750272,101383630848,3805184,3194880,49152,"[None, None, None, None]",1907953664,0,0,0,0,0,0,0
6,363879.812732658,-68.79597383498913,startup_or_init_device,7110782976,117068349440,71745536,2643443712,101383630848,3805184,3194880,49152,"[None, None, None, None]",1913294848,0,0,0,0,0,0,0
6,363880.312851612,-68.29585488099838,startup_or_init_device,7111041024,117068091392,71745536,2654556160,101383626752,3805184,3194880,49152,"[None, None, None, None]",1924501504,0,0,0,0,0,0,0
6,363880.812973952,-67.79573254100978,startup_or_init_device,7116156928,117062975488,71745536,2668064768,101383643136,3805184,3194880,49152,"[None, None, None, None]",1937608704,0,0,0,0,0,0,0
6,363881.31306312,-67.29564337298507,startup_or_init_device,7129030656,117050101760,71745536,2693001216,101383643136,3805184,3211264,65536,"[None, None, None, None]",1962577920,0,0,0,0,0,0,0
6,363881.813104469,-66.79560202400899,startup_or_init_device,7147855872,117031276544,71745536,2711625728,101383647232,3805184,3211264,65536,"[None, None, None, None]",1980272640,0,0,0,0,0,0,0
6,363882.313224536,-66.29548195697134,startup_or_init_device,7170043904,117009088512,71745536,2730733568,101383647232,3805184,3211264,65536,"[None, None, None, None]",2000257024,0,0,0,0,0,0,0
6,363882.813297555,-65.79540893796366,startup_or_init_device,7191719936,116987412480,71745536,2752409600,101383651328,3805184,3211264,65536,"[None, None, None, None]",2022051840,0,0,0,0,0,0,0
6,363883.313382737,-65.29532375599956,startup_or_init_device,7210098688,116969033728,71745536,2772799488,101383872512,3813376,3211264,65536,"[None, None, None, None]",2042167296,0,0,0,0,0,0,0
6,363883.813479861,-64.79522663197713,startup_or_init_device,7375106048,116804026368,71745536,2938834944,101383876608,3813376,3211264,65536,"[None, None, None, None]",2208210944,0,0,0,0,0,0,0
6,363884.313559484,-64.29514700896107,startup_or_init_device,7430557696,116748574720,71745536,2988236800,101383880704,3813376,3211264,65536,"[None, None, None, None]",2256543744,0,0,0,0,0,0,0
6,363884.813619139,-63.795087353966665,startup_or_init_device,7464833024,116714299392,71745536,3025494016,101383884800,3813376,3211264,65536,"[None, None, None, None]",2294693888,0,0,0,0,0,0,0
6,363885.313720432,-63.29498606099514,startup_or_init_device,7473963008,116705169408,71745536,3040145408,101383888896,3813376,3211264,65536,"[None, None, None, None]",2308939776,0,0,0,0,0,0,0
6,363885.813797731,-62.79490876197815,startup_or_init_device,7476027392,116703105024,71745536,3045855232,101383892992,3813376,3211264,65536,"[None, None, None, None]",2314309632,0,0,0,0,0,0,0
6,363886.313887323,-62.29481916996883,startup_or_init_device,7498993664,116680138752,71745536,3069857792,101383897088,3813376,3211264,65536,"[None, None, None, None]",2339487744,0,0,0,0,0,0,0
6,363886.813962759,-61.79474373400444,startup_or_init_device,7514476544,116664655872,71745536,3083759616,101383901184,3813376,3211264,65536,"[None, None, None, None]",2352189440,0,0,0,0,0,0,0
6,363887.314057852,-61.294648640963715,startup_or_init_device,7550197760,116628934656,71745536,3112271872,101383901184,3813376,3211264,65536,"[None, None, None, None]",2381410304,0,0,0,0,0,0,0
6,363887.814122709,-60.794583784008864,startup_or_init_device,7558455296,116620677120,71745536,3125174272,101383905280,3813376,3211264,65536,"[None, None, None, None]",2394845184,0,0,0,0,0,0,0
6,363888.314224566,-60.29448192700511,startup_or_init_device,7561859072,116617273344,71745536,3131002880,101383913472,3813376,3211264,65536,"[None, None, None, None]",2398752768,0,0,0,0,0,0,0
6,363888.814285916,-59.79442057700362,startup_or_init_device,7578374144,116600758272,71745536,3145453568,101383917568,3813376,3211264,65536,"[None, None, None, None]",2414989312,0,0,0,0,0,0,0
6,363889.314351616,-59.29435487696901,startup_or_init_device,7581986816,116597145600,71745536,3152060416,101383921664,3813376,3211264,65536,"[None, None, None, None]",2420469760,0,0,0,0,0,0,0
6,363889.814445298,-58.7942611949984,startup_or_init_device,7589728256,116589404160,71745536,3158753280,101383921664,3813376,3211264,65536,"[None, None, None, None]",2427920384,0,0,0,0,0,0,0
6,363890.314461905,-58.294244588003494,startup_or_init_device,7590227968,116588904448,71745536,3159359488,101383921664,3813376,3211264,65536,"[None, None, None, None]",2428747776,0,0,0,0,0,0,0
6,363890.814618797,-57.79408769600559,startup_or_init_device,7610355712,116568776704,71745536,3176390656,101383925760,3813376,3211264,65536,"[None, None, None, None]",2445606912,0,0,0,0,0,0,0
6,363891.314688545,-57.29401794797741,startup_or_init_device,7610613760,116568518656,71745536,3179384832,101383917568,3813376,3211264,65536,"[None, None, None, None]",2448773120,0,0,0,0,0,0,0
6,363891.814692139,-56.79401435400359,startup_or_init_device,7618162688,116560969728,71745536,3186151424,101383917568,3813376,3211264,65536,"[None, None, None, None]",2455859200,0,0,0,0,0,0,0
6,363892.314807764,-56.29389872896718,startup_or_init_device,7641309184,116537823232,71745536,3206660096,101383925760,3813376,3211264,65536,"[None, None, None, None]",2476220416,0,0,0,0,0,0,0
6,363892.814937435,-55.79376905801473,startup_or_init_device,7653937152,116525195264,71745536,3205103616,101383950336,3813376,3211264,65536,"[None, None, None, None]",2489290752,0,0,0,0,0,0,0
6,363893.314973361,-55.293733132013585,startup_or_init_device,7681794048,116497338368,71745536,3234004992,101383954432,3813376,3211264,65536,"[None, None, None, None]",2517811200,0,0,0,0,0,0,0
6,363893.815043,-54.79366349300835,startup_or_init_device,7698567168,116480565248,71745536,3248467968,101383958528,3813376,3211264,65536,"[None, None, None, None]",2532462592,0,0,0,0,0,0,0
6,363894.315112069,-54.293594423972536,startup_or_init_device,7718158336,116460974080,71745536,3266789376,101383962624,3813376,3211264,65536,"[None, None, None, None]",2550968320,0,0,0,0,0,0,0
6,363894.815233056,-53.79347343696281,startup_or_init_device,7726415872,116452716544,71745536,3276161024,101383966720,3813376,3211264,65536,"[None, None, None, None]",2560045056,0,0,0,0,0,0,0
6,363895.31534736,-53.29335913300747,startup_or_init_device,7755059200,116424073216,71745536,3293622272,101383970816,3813376,3211264,65536,"[None, None, None, None]",2577469440,0,0,0,0,0,0,0
6,363895.815435996,-52.793270497000776,startup_or_init_device,7771316224,116407816192,71745536,3298340864,101383974912,3813376,3211264,65536,"[None, None, None, None]",2582495232,0,0,0,0,0,0,0
6,363896.315438581,-52.293267911998555,startup_or_init_device,7773380608,116405751808,71745536,3310886912,101383979008,3813376,3211264,65536,"[None, None, None, None]",2593542144,0,0,0,0,0,0,0
6,363896.815577543,-51.79312894999748,startup_or_init_device,7773360128,116405772288,71745536,3323064320,101383983104,3813376,3211264,65536,"[None, None, None, None]",2606723072,0,0,0,0,0,0,0
6,363897.315669236,-51.29303725698264,startup_or_init_device,7782649856,116396482560,71745536,3347058688,101383987200,3813376,3211264,65536,"[None, None, None, None]",2631000064,0,0,0,0,0,0,0
6,363897.815776518,-50.79292997496668,startup_or_init_device,7793745920,116385386496,71745536,3362160640,101383991296,3813376,3227648,81920,"[None, None, None, None]",2645770240,0,0,0,0,0,0,0
6,363898.315863694,-50.29284279898275,startup_or_init_device,7823163392,116355969024,71745536,3392544768,101383995392,3813376,3227648,81920,"[None, None, None, None]",2676613120,0,0,0,0,0,0,0
6,363898.815944637,-49.79276185599156,startup_or_init_device,7992942592,116186189824,71745536,3571585024,101383999488,3813376,3227648,81920,"[None, None, None, None]",2855178240,0,0,0,0,0,0,0
6,363899.316033376,-49.29267311701551,startup_or_init_device,8068149248,116110983168,71745536,3641069568,101385347072,3813376,3227648,81920,"[None, None, None, None]",2925113344,0,0,0,0,0,0,0
6,363899.816128257,-48.792578235967085,startup_or_init_device,8210685952,115968446464,143155200,3706499072,101385646080,3813376,3227648,81920,"[None, None, None, None]",2989875200,0,0,0,0,0,0,0
6,363900.316222406,-48.29248408699641,startup_or_init_device,8278794240,115900338176,143376384,3781988352,101385654272,3813376,3227648,81920,"[None, None, None, None]",3066253312,0,0,0,0,0,0,0
6,363900.816300265,-47.79240622796351,startup_or_init_device,8475942912,115703189504,143376384,3971919872,101385654272,3813376,3227648,81920,"[None, None, None, None]",3255889920,0,0,0,0,0,0,0
6,363901.316361373,-47.29234511998948,startup_or_init_device,8710402048,115468730368,357285888,3996037120,101385711616,3813376,3227648,81920,"[None, None, None, None]",3278483456,0,0,0,0,0,0,0
6,363901.816463168,-46.79224332497688,startup_or_init_device,8724336640,115454795776,357285888,4007907328,101385715712,3813376,3227648,81920,"[None, None, None, None]",3291738112,0,0,0,0,0,0,0
6,363902.316519528,-46.29218696500175,startup_or_init_device,8756850688,115422281728,357285888,4036788224,101385711616,3813376,3227648,81920,"[None, None, None, None]",3320668160,0,0,0,0,0,0,0
6,363902.816627485,-45.79207900800975,startup_or_init_device,8765108224,115414024192,357285888,4044529664,101385723904,3813376,3227648,81920,"[None, None, None, None]",3328057344,0,0,0,0,0,0,0
6,363903.316686019,-45.29202047397848,startup_or_init_device,8773365760,115405766656,357285888,4057358336,101385728000,3813376,3227648,81920,"[None, None, None, None]",3341070336,0,0,0,0,0,0,0
6,363903.816741047,-44.791965445969254,startup_or_init_device,8793354240,115385778176,357285888,4073783296,101385207808,3813376,3227648,81920,"[None, None, None, None]",3356831744,0,0,0,0,0,0,0
6,363904.316857411,-44.291849081986584,startup_or_init_device,8797093888,115382038528,357285888,4078841856,101385736192,3813376,3227648,81920,"[None, None, None, None]",3362459648,0,0,0,0,0,0,0
6,363904.816953357,-43.791753135970794,startup_or_init_device,8804835328,115374297088,357285888,4087091200,101385740288,3813376,3227648,81920,"[None, None, None, None]",3370790912,0,0,0,0,0,0,0
6,363905.316945568,-43.29176092497073,startup_or_init_device,8805093376,115374039040,357285888,4087263232,101385744384,3813376,3227648,81920,"[None, None, None, None]",3371257856,0,0,0,0,0,0,0
6,363905.81712994,-42.79157655296149,startup_or_init_device,8825737216,115353395200,357285888,4104810496,101385748480,3813376,3227648,81920,"[None, None, None, None]",3388567552,0,0,0,0,0,0,0
6,363906.317118645,-42.291587847983465,startup_or_init_device,8827846656,115351285760,357285888,4107624448,101385228288,3813376,3227648,81920,"[None, None, None, None]",3391414272,0,0,0,0,0,0,0
6,363906.81727741,-41.79142908297945,startup_or_init_device,8832401408,115346731008,357285888,4112781312,101385760768,3813376,3227648,81920,"[None, None, None, None]",3396456448,0,0,0,0,0,0,0
6,363907.31735332,-41.29135317297187,startup_or_init_device,8846077952,115333054464,357285888,4128256000,101385764864,3813376,3227648,81920,"[None, None, None, None]",3411824640,0,0,0,0,0,0,0
6,363907.817452794,-40.79125369898975,startup_or_init_device,8864141312,115314991104,357285888,4145852416,101385768960,3813376,3227648,81920,"[None, None, None, None]",3429572608,0,0,0,0,0,0,0
6,363908.31748915,-40.29121734300861,startup_or_init_device,8887881728,115291250688,357285888,4168790016,101385773056,3813376,3227648,81920,"[None, None, None, None]",3451830272,0,0,0,0,0,0,0
6,363908.817581691,-39.79112480196636,startup_or_init_device,8913403904,115265728512,357285888,4191739904,101385777152,3813376,3227648,81920,"[None, None, None, None]",3475456000,0,0,0,0,0,0,0
6,363909.31769918,-39.29100731300423,startup_or_init_device,8932245504,115246886912,357285888,4209602560,101385781248,3813376,3227648,81920,"[None, None, None, None]",3493367808,0,0,0,0,0,0,0
6,363909.817781663,-38.790924830012955,startup_or_init_device,8940503040,115238629376,357285888,4216827904,101385785344,3813376,3227648,81920,"[None, None, None, None]",3500314624,0,0,0,0,0,0,0
6,363910.317849249,-38.29085724399192,startup_or_init_device,8969617408,115209515008,357285888,4229427200,101385789440,3813376,3227648,81920,"[None, None, None, None]",3513626624,0,0,0,0,0,0,0
6,363910.817903911,-37.790802581992466,startup_or_init_device,8983810048,115195322368,357285888,4242866176,101385793536,3813376,3227648,81920,"[None, None, None, None]",3525369856,0,0,0,0,0,0,0
6,363911.317974793,-37.290731699962635,startup_or_init_device,8983883776,115195248640,357285888,4250738688,101385482240,3813376,3227648,81920,"[None, None, None, None]",3534524416,0,0,0,0,0,0,0
6,363911.818281479,-36.79042501398362,startup_or_init_device,8988008448,115191123968,357285888,4263424000,101385486336,3813376,3227648,81920,"[None, None, None, None]",3546898432,0,0,0,0,0,0,0
6,363912.318244409,-36.290462083998136,startup_or_init_device,9006972928,115172159488,357285888,4286496768,101385805824,3813376,3227648,81920,"[None, None, None, None]",3569999872,0,0,0,0,0,0,0
6,363912.818332124,-35.79037436901126,startup_or_init_device,9025536000,115153596416,357285888,4304060416,101385809920,3813376,3244032,98304,"[None, None, None, None]",3587637248,0,0,0,0,0,0,0
6,363913.318395594,-35.29031089897035,startup_or_init_device,9046695936,115132436480,357285888,4326281216,101385814016,3813376,3244032,98304,"[None, None, None, None]",3608227840,0,0,0,0,0,0,0
6,363913.818587035,-34.79011945798993,startup_or_init_device,9223958528,114955173888,357285888,4495986688,101385371648,3813376,3244032,98304,"[None, None, None, None]",3779907584,0,0,0,0,0,0,0
6,363914.318622152,-34.290084341017064,startup_or_init_device,9304723456,114874408960,357285888,4578217984,101385375744,3813376,3244032,98304,"[None, None, None, None]",3861856256,0,0,0,0,0,0,0
6,363914.818712302,-33.7899941909709,startup_or_init_device,9464631296,114714501120,428785664,4649586688,101385375744,3813376,3244032,98304,"[None, None, None, None]",3933773824,0,0,0,0,0,0,0
6,363915.318793096,-33.289913396991324,startup_or_init_device,9509834752,114669297664,428916736,4697440256,101385854976,3813376,3244032,98304,"[None, None, None, None]",3982065664,0,0,0,0,0,0,0
6,363915.818898556,-32.789807936991565,startup_or_init_device,9714982912,114464149504,428916736,4900286464,101385859072,3813376,3244032,98304,"[None, None, None, None]",4183007232,0,0,0,0,0,0,0
6,363916.318968029,-32.28973846399458,startup_or_init_device,9958461440,114220670976,642826240,4928843776,101385871360,3813376,3244032,98304,"[None, None, None, None]",4212776960,0,0,0,0,0,0,0
6,363916.819110048,-31.789596444985364,startup_or_init_device,9966977024,114212155392,642826240,4941623296,101385871360,3813376,3244032,98304,"[None, None, None, None]",4225175552,0,0,0,0,0,0,0
6,363917.319135249,-31.28957124397857,startup_or_init_device,10001297408,114177835008,642826240,4969525248,101385875456,3813376,3244032,98304,"[None, None, None, None]",4253036544,0,0,0,0,0,0,0
6,363917.819231412,-30.78947508096462,startup_or_init_device,10009554944,114169577472,642826240,4978814976,101385879552,3813376,3244032,98304,"[None, None, None, None]",4262633472,0,0,0,0,0,0,0
6,363918.319278885,-30.289427607960533,startup_or_init_device,10020392960,114158739456,642826240,4992491520,101385883648,3813376,3244032,98304,"[None, None, None, None]",4275294208,0,0,0,0,0,0,0
6,363918.819373827,-29.789332665968686,startup_or_init_device,10040520704,114138611712,642826240,5007466496,101385887744,3813376,3244032,98304,"[None, None, None, None]",4290895872,0,0,0,0,0,0,0
6,363919.319436299,-29.289270194014534,startup_or_init_device,10041036800,114138095616,642826240,5012148224,101385891840,3813376,3244032,98304,"[None, None, None, None]",4295778304,0,0,0,0,0,0,0
6,363919.819576727,-28.789129765995312,startup_or_init_device,10050568192,114128564224,642826240,5022142464,101385895936,3813376,3244032,98304,"[None, None, None, None]",4305817600,0,0,0,0,0,0,0
6,363920.319589115,-28.289117378008086,startup_or_init_device,10050564096,114128568320,642826240,5022502912,101385900032,3813376,3244032,98304,"[None, None, None, None]",4306223104,0,0,0,0,0,0,0
6,363920.829596833,-27.779109660012182,startup_or_init_device,10072231936,114106900480,642826240,5040066560,101385904128,3813376,3244032,98304,"[None, None, None, None]",4323569664,0,0,0,0,0,0,0
6,363921.324886793,-27.28381970000919,startup_or_init_device,10072227840,114106904576,642826240,5040672768,101385912320,3813376,3244032,98304,"[None, None, None, None]",4324478976,0,0,0,0,0,0,0
6,363921.824975926,-26.78373056696728,startup_or_init_device,10074284032,114104848384,642826240,5046906880,101385916416,3813376,3244032,98304,"[None, None, None, None]",4330631168,0,0,0,0,0,0,0
6,363922.32508151,-26.283624982985202,startup_or_init_device,10088734720,114090397696,642826240,5061328896,101385920512,3813376,3244032,98304,"[None, None, None, None]",4345122816,0,0,0,0,0,0,0
6,363922.825158371,-25.783548121980857,startup_or_init_device,10107801600,114071330816,642826240,5081100288,101385924608,3813376,3244032,98304,"[None, None, None, None]",4364849152,0,0,0,0,0,0,0
6,363923.325186941,-25.28351955197286,startup_or_init_device,10128658432,114050473984,642826240,5096927232,101385928704,3813376,3244032,98304,"[None, None, None, None]",4380540928,0,0,0,0,0,0,0
6,363923.825337661,-24.783368831966072,startup_or_init_device,10153431040,114025701376,642826240,5126344704,101385932800,3813376,3244032,98304,"[None, None, None, None]",4409843712,0,0,0,0,0,0,0
6,363924.325427437,-24.28327905596234,startup_or_init_device,10161172480,114017959936,642826240,5135884288,101385928704,3813376,3244032,98304,"[None, None, None, None]",4419522560,0,0,0,0,0,0,0
6,363924.825513516,-23.78319297695998,startup_or_init_device,10181816320,113997316096,642826240,5149818880,101385932800,3813376,3244032,98304,"[None, None, None, None]",4433403904,0,0,0,0,0,0,0
6,363925.325579177,-23.28312731598271,startup_or_init_device,10207879168,113971253248,642826240,5171269632,101385945088,3813376,3244032,98304,"[None, None, None, None]",4454191104,0,0,0,0,0,0,0
6,363925.825669815,-22.783036677981727,startup_or_init_device,10213560320,113965572096,642826240,5177958400,101385940992,3813376,3244032,98304,"[None, None, None, None]",4462256128,0,0,0,0,0,0,0
6,363926.325767166,-22.282939327007625,startup_or_init_device,10221772800,113957359616,642826240,5183942656,101385940992,3813376,3244032,98304,"[None, None, None, None]",4467208192,0,0,0,0,0,0,0
6,363926.82586594,-21.78284055297263,startup_or_init_device,10221772800,113957359616,642826240,5189623808,101385945088,3813376,3244032,98304,"[None, None, None, None]",4473389056,0,0,0,0,0,0,0
6,363927.325945058,-21.282761434966233,startup_or_init_device,10240327680,113938804736,642826240,5215592448,101385949184,3813376,3244032,98304,"[None, None, None, None]",4498948096,0,0,0,0,0,0,0
6,363927.826018034,-20.782688458974008,startup_or_init_device,10262478848,113916653568,642826240,5237460992,101385961472,3813376,3260416,114688,"[None, None, None, None]",4520099840,0,0,0,0,0,0,0
6,363928.326101891,-20.282604601990897,startup_or_init_device,10280284160,113898848256,642826240,5255958528,101385965568,3813376,3260416,114688,"[None, None, None, None]",4539228160,0,0,0,0,0,0,0
6,363928.826221325,-19.782485167961568,startup_or_init_device,10416771072,113762361344,642826240,5377540096,101385969664,3813376,3260416,114688,"[None, None, None, None]",4661276672,0,0,0,0,0,0,0
6,363929.326307316,-19.282399176969193,startup_or_init_device,10533883904,113645248512,642826240,5491769344,101385986048,3813376,3260416,114688,"[None, None, None, None]",4775337984,0,0,0,0,0,0,0
6,363929.826413586,-18.782292907009833,startup_or_init_device,10617839616,113561292800,642949120,5568524288,101385977856,3813376,3260416,114688,"[None, None, None, None]",4852228096,0,0,0,0,0,0,0
6,363930.326472357,-18.282234136015177,startup_or_init_device,10715529216,113463603200,714457088,5592272896,101385994240,3813376,3260416,114688,"[None, None, None, None]",4874342400,0,0,0,0,0,0,0
6,363930.826567847,-17.782138645998202,startup_or_init_device,10939514880,113239617536,714457088,5811593216,101385998336,3813376,3260416,114688,"[None, None, None, None]",5094617088,0,0,0,0,0,0,0
6,363931.326653269,-17.282053223985713,startup_or_init_device,11188912128,112990220288,928366592,5851095040,101386002432,3813376,3260416,114688,"[None, None, None, None]",5134086144,0,0,0,0,0,0,0
6,363931.826744432,-16.781962061009835,startup_or_init_device,11210846208,112968286208,928366592,5873876992,101386002432,3813376,3260416,114688,"[None, None, None, None]",5156622336,0,0,0,0,0,0,0
6,363932.32683287,-16.281873622967396,startup_or_init_device,11221684224,112957448192,928366592,5887426560,101386006528,3813376,3260416,114688,"[None, None, None, None]",5170397184,0,0,0,0,0,0,0
6,363932.826923993,-15.781782499980181,startup_or_init_device,11264733184,112914399232,928366592,5913251840,101386010624,3813376,3260416,114688,"[None, None, None, None]",5194625024,0,0,0,0,0,0,0
6,363933.326991833,-15.281714659999125,startup_or_init_device,11268608000,112910524416,928366592,5925437440,101386010624,3813376,3260416,114688,"[None, None, None, None]",5208141824,0,0,0,0,0,0,0
6,363933.82710068,-14.781605813011993,startup_or_init_device,11290542080,112888590336,928366592,5941219328,101386014720,3813376,3260416,114688,"[None, None, None, None]",5224222720,0,0,0,0,0,0,0
6,363934.327246597,-14.281459896010347,startup_or_init_device,11290542080,112888590336,928366592,5945274368,101386018816,3813376,3260416,114688,"[None, None, None, None]",5227163648,0,0,0,0,0,0,0
6,363934.827267669,-13.781438823963981,startup_or_init_device,11295178752,112883953664,928366592,5953466368,101386022912,3813376,3260416,114688,"[None, None, None, None]",5235703808,0,0,0,0,0,0,0
6,363935.352686255,-13.256020237982739,startup_or_init_device,11301613568,112877518848,928366592,5958332416,101386035200,3813376,3260416,114688,"[None, None, None, None]",5241147392,0,0,0,0,0,0,0
6,363935.832469946,-12.776236546982545,startup_or_init_device,11302645760,112876486656,928366592,5959884800,101386039296,3813376,3260416,114688,"[None, None, None, None]",5242880000,0,0,0,0,0,0,0
6,363936.332570128,-12.27613636496244,startup_or_init_device,11321999360,112857133056,928366592,5976256512,101386043392,3813376,3260416,114688,"[None, None, None, None]",5258907648,0,0,0,0,0,0,0
6,363936.832681962,-11.77602453099098,startup_or_init_device,11323805696,112855326720,928366592,5980778496,101386047488,3813376,3260416,114688,"[None, None, None, None]",5262086144,0,0,0,0,0,0,0
6,363937.332758731,-11.275947762012947,startup_or_init_device,11332730880,112846401536,928366592,5990211584,101386117120,3813376,3260416,114688,"[None, None, None, None]",5270691840,0,0,0,0,0,0,0
6,363937.832802518,-10.775903975008987,startup_or_init_device,11352948736,112826183680,928366592,6010421248,101390585856,3813376,3260416,114688,"[None, None, None, None]",5290864640,0,0,0,0,0,0,0
6,363938.332927889,-10.275778603972867,startup_or_init_device,11368534016,112810598400,928366592,6024888320,101390745600,3813376,3260416,114688,"[None, None, None, None]",5304860672,0,0,0,0,0,0,0
6,363938.833038412,-9.775668081012554,startup_or_init_device,11425816576,112753315840,928366592,6070525952,101390753792,3813376,3260416,114688,"[None, None, None, None]",5346734080,0,0,0,0,0,0,0
6,363939.333155357,-9.275551136001013,startup_or_init_device,11425816576,112753315840,928366592,6069075968,101390757888,3813376,3260416,114688,"[None, None, None, None]",5345804288,0,0,0,0,0,0,0
6,363939.833158319,-8.775548173987772,startup_or_init_device,11444654080,112734478336,928366592,6088704000,101390761984,3813376,3260416,114688,"[None, None, None, None]",5364051968,0,0,0,0,0,0,0
6,363940.333217817,-8.275488675979432,startup_or_init_device,11452551168,112726581248,928366592,6097502208,101390770176,3813376,3260416,114688,"[None, None, None, None]",5374935040,0,0,0,0,0,0,0
6,363940.833339172,-7.775367320980877,startup_or_init_device,11479646208,112699486208,928366592,6110408704,101390766080,3813376,3260416,114688,"[None, None, None, None]",5387808768,0,0,0,0,0,0,0
6,363941.333422365,-7.275284127972554,startup_or_init_device,11494735872,112684396544,928366592,6118486016,101390778368,3813376,3260416,114688,"[None, None, None, None]",5395738624,0,0,0,0,0,0,0
6,363941.833502633,-6.775203860015608,startup_or_init_device,11494735872,112684396544,928366592,6129324032,101390782464,3813376,3260416,114688,"[None, None, None, None]",5406801920,0,0,0,0,0,0,0
6,363942.333586888,-6.275119605008513,startup_or_init_device,11494449152,112684683264,928366592,6143815680,101390786560,3813376,3260416,114688,"[None, None, None, None]",5420019712,0,0,0,0,0,0,0
6,363942.833682356,-5.775024136994034,startup_or_init_device,11512774656,112666357760,928366592,6167142400,101390782464,3813376,3260416,114688,"[None, None, None, None]",5444255744,0,0,0,0,0,0,0
6,363943.333769507,-5.274936985981185,startup_or_init_device,11527454720,112651677696,928366592,6182678528,101390794752,3813376,3276800,131072,"[None, None, None, None]",5459742720,0,0,0,0,0,0,0
6,363943.833871979,-4.774834514013492,startup_or_init_device,11557904384,112621228032,928366592,6210211840,101390798848,3813376,3276800,131072,"[None, None, None, None]",5487620096,0,0,0,0,0,0,0
6,363944.333958621,-4.2747478719684295,startup_or_init_device,11565580288,112613552128,928366592,6221537280,101390802944,3813376,3276800,131072,"[None, None, None, None]",5498732544,0,0,0,0,0,0,0
6,363944.834089926,-3.7746165670105256,startup_or_init_device,11581566976,112597565440,928366592,6242648064,101390807040,3813376,3276800,131072,"[None, None, None, None]",5518635008,0,0,0,0,0,0,0
6,363945.334163354,-3.274543138977606,startup_or_init_device,11678756864,112500375552,999874560,6262071296,101390811136,3813376,3276800,131072,"[None, None, None, None]",5540081664,0,0,0,0,0,0,0
6,363945.834262119,-2.7744443739647977,startup_or_init_device,11777073152,112402059264,999874560,6362116096,101390815232,3813376,3276800,131072,"[None, None, None, None]",5640126464,0,0,0,0,0,0,0
6,363946.33439034,-2.2743161529651843,startup_or_init_device,12135702528,112043429888,1213775872,6501224448,101391245312,3817472,3276800,131072,"[None, None, None, None]",5779259392,0,0,0,0,0,0,0
6,363946.834552963,-1.7741535300156102,startup_or_init_device,12149968896,112029163520,1222754304,6504628224,101391851520,3817472,3276800,131072,"[None, None, None, None]",5782818816,0,0,0,0,0,0,0
6,363947.334459127,-1.2742473660036922,startup_or_init_device,12152750080,112026382336,1222819840,6507675648,101393682432,3817472,3276800,131072,"[None, None, None, None]",5783130112,0,0,0,0,0,0,0
6,363947.834622896,-0.7740835970034823,startup_or_init_device,12393172992,111785959424,1382989824,6552944640,101394726912,3817472,3276800,131072,"[None, None, None, None]",5830717440,0,0,0,0,0,0,0
6,363948.334724468,-0.27398202498443425,startup_or_init_device,12399394816,111779737600,1383251968,6567550976,101394915328,3817472,3276800,131072,"[1697636352, 1703346176, 1705758720, 1699639296]",5845299200,0,0,0,0,0,0,0
6,363948.83483123,0.22612473700428382,construction,13692211200,110486921216,2621095936,6677463040,100688027648,3817472,3276800,131072,"[1700089856, 1705660416, 1763991552, 1745813504]",5959245824,0,0,0,0,0,0,0
6,363949.334888049,0.7261815560050309,construction,17366585344,106812547072,4135501824,8654528512,98343772160,3829760,3276800,131072,"[2234912768, 2217091072, 2240368640, 2234097664]",7931854848,5,452198400,536870912,1225523200,0,0,0
6,363949.855309859,1.2466033659875393,construction,21459058688,102720073728,6954860544,9661800448,94044762112,3829760,3276800,131072,"[2290167808, 2485825536, 2609098752, 2771775488]",9092313088,24,2211840000,3422552064,5337907200,0,0,0
6,363950.340173498,1.731467005040031,construction,25775988736,98403143680,10421452800,10736033792,90417012736,3817472,3276800,131072,"[2774274048, 2775580672, 2777894912, 2771849216]",10013392896,40,4546560000,6643777536,8036352000,0,0,0
6,363950.840233094,2.231526601011865,construction,29971476480,94207655936,14567522304,10738077696,84903403520,3817472,3276800,131072,"[2774274048, 2775580672, 2777894912, 2773622784]",10014597120,59,7526809600,10938744832,11137843200,0,0,0
6,363951.340387257,2.731680764001794,construction,33896275968,90282856448,18430476288,10740154368,78672986112,3817472,3276800,131072,"[2774274048, 2775580672, 2777894912, 2775597056]",10017140736,80,10248192000,14696841216,14917632000,0,0,0
6,363951.840407767,3.231701273994986,construction,37779173376,86399959040,22255681536,10741616640,73844613120,3817472,3276800,131072,"[2774274048, 2775580672, 2777894912, 2776932352]",10018476032,100,12981043200,18723373056,18476236800,0,0,0
6,363952.340491097,3.731784604024142,construction,41736769536,82442362880,26147995648,10743676928,69113577472,3817472,3276800,131072,"[2774274048, 2775609344, 2778001408, 2777989120]",10019667968,118,15551692800,22347251712,21567897600,0,0,0
6,363952.84071469,4.232008196995594,construction,45515784192,78663348224,29862051840,10745815040,64421834752,3817472,3276800,131072,"[2774274048, 2775687168, 2778095616, 2779918336]",10021306368,139,18276352000,26239565824,25554124800,0,0,0
6,363953.340698733,4.7319922400056385,construction,49251921920,74927210496,33529970688,10747916288,59972747264,3817472,3276800,131072,"[2774302720, 2775781376, 2778169344, 2781732864]",10023780352,158,20712652800,29997662208,28989849600,0,0,0
6,363953.840825836,5.232119343010709,construction,53310550016,70868582400,37422284800,10827972608,54570889216,3817472,3276800,131072,"[2774511616, 2775977984, 2779140096, 2859204608]",10102628352,176,23160422400,33621540864,32204390400,0,0,0
6,363954.340857176,5.732150683004875,construction,57180143616,66998988800,41180381184,10852093952,48851365888,3817472,3276800,131072,"[2775265280, 2776567808, 2779992064, 2879004672]",10124623872,196,26089881600,37648072704,35566387200,0,0,0
6,363954.840991833,6.232285340025555,construction,61651034112,62528098304,45542457344,10911223808,43449143296,3817472,3276800,131072,"[2777608192, 2776813568, 2779992064, 2940063744]",10185523200,213,28449177600,40936407040,38659686400,0,0,0
6,363955.341156717,6.73245022399351,mixed_construction_and_rank3_checkpoint_copy,64194646016,59984486400,47704621056,11204521984,40226312192,3821568,3276800,131072,"[2778640384, 2777075712, 2780241920, 3248185344]",10477666304,224,30022041600,43083890688,40442265600,1,1073741824,434086598
6,363955.841208227,7.2325017339899205,mixed_construction_and_rank3_checkpoint_copy,68264751104,55914381312,51720667136,11206676480,33631760384,3821568,3276800,131072,"[2780246016, 2777104384, 2780696576, 3261153280]",10479595520,244,32690995200,47110422528,44064768000,1,1073741824,434086598
6,363956.34126957,7.732563077006489,mixed_construction_and_rank3_checkpoint_copy,71773802496,52405329920,55145316352,11218026496,26675245056,3821568,3276800,131072,"[2781011968, 2778435584, 2781315072, 3253354496]",10490318848,261,34858598400,50398756864,47349760000,1,1073741824,434086598
6,363956.841411865,8.232705372036435,mixed_construction_and_rank3_checkpoint_copy,75916828672,48262303744,58677968896,11221454848,20665954304,3821568,3276800,131072,"[2782121984, 2778742784, 2782138368, 3277017088]",10492518400,279,37114675200,54022635520,50755993600,1,1073741824,434086598
6,363957.34158735,8.732880857016426,mixed_construction_and_rank3_checkpoint_copy,79246577664,44932554752,62202232832,11223232512,16168361984,3821568,3276800,131072,"[2782646272, 2780049408, 2782662656, 3284574208]",10494812160,296,39459225600,57512296448,53864038400,1,1073741824,434086598
6,363957.841601874,9.232895380991977,mixed_construction_and_rank3_checkpoint_copy,81365131264,42814001152,64657997824,11225698304,11889098752,3821568,3276800,131072,"[2783203328, 2780839936, 2782887936, 3317473280]",10496495616,308,41015705600,59928215552,56082432000,1,1073741824,434086598
6,363958.341720343,9.733013849996496,mixed_construction_and_rank3_checkpoint_copy,85292560384,38886572032,67753394176,11228774400,9060089856,3821568,3276800,131072,"[2783662080, 2781302784, 2783866880, 3334053888]",10498592768,324,43189862400,63015223296,58731724800,1,1073741824,434086598
6,363958.841784601,10.233078107994515,mixed_construction_and_rank3_checkpoint_copy,86292373504,37886758912,69506613248,11231330304,7545933824,3821568,3276800,131072,"[2783805440, 2781949952, 2784284672, 3383205888]",10500190208,335,44639846400,64894271488,60846899200,1,1073741824,434086598
6,363959.341878265,10.733171772037167,mixed_construction_and_rank3_checkpoint_copy,88561844224,35617288192,71721205760,11234455552,6507573248,3821568,3276800,131072,"[2784612352, 2781646848, 2784608256, 3428655104]",10502672384,346,45937459200,66840428544,62904729600,1,1073741824,434086598
6,363959.841987406,11.233280913031194,cancellation_and_drain,90059751424,34119380992,73063383040,11351756800,6179217408,3821568,3276800,131072,"[2901725184, 2781995008, 2787897344, 3441754112]",10620862464,354,46959820800,68451041280,64398950400,1,1073741824,434086598
6,363960.342076271,11.733369778026827,cancellation_and_drain,90054238208,34124894208,73063383040,11333095424,6179160064,3821568,3276800,131072,"[2881613824, 2781995008, 2787897344, 3441754112]",10601164800,354,46959820800,68451041280,64398950400,1,1073741824,434086598
6,363960.842167499,12.233461006020661,cancellation_and_drain,89919283200,34259849216,73063383040,11247820800,6179356672,3821568,3276800,131072,"[2796404736, 2782445568, 2788347904, 3236433920]",10515812352,354,46959820800,68451041280,64398950400,1,1073741824,434086598
6,363961.342284688,12.733578195038717,cancellation_and_drain,89417728000,34761404416,73063383040,11247116288,6179463168,3821568,3276800,131072,"[2796437504, 2782392320, 2788265984, 3236311040]",10514956288,354,46959820800,68451041280,64398950400,1,1073741824,434086598
6,363961.842366911,13.23366041801637,cancellation_and_drain,89367957504,34811174912,73063383040,11248631808,6179454976,3821568,3276800,131072,"[2796298240, 2782392320, 2788278272, 3236311040]",10514956288,354,46959820800,68451041280,64398950400,1,1073741824,434086598
6,363962.342474752,13.733768259000499,cancellation_and_drain,89363001344,34816131072,73063383040,11247230976,6179467264,3817472,3276800,131072,"[2796298240, 2782363648, 2788249600, 3236282368]",10514956288,354,46959820800,68451041280,64398950400,1,1073741824,434086598
6,363962.842586771,14.233880278014112,cancellation_and_drain,88144965632,36034166784,73057091584,10024620032,6179471360,3817472,3276800,131072,"[2793193472, 2391969792, 2788212736, 2419236864]",9290936320,354,46959820800,68451041280,64398950400,1,1073741824,434086598
6,363963.342648436,14.733941943035461,cancellation_and_drain,28489150464,95689981952,19858440192,4098920448,6179471360,3813376,3276800,131072,"[2006913024, None, None, None]",3349209088,354,46959820800,68451041280,64398950400,1,1073741824,434086598
6,363963.842745037,15.234038544003852,cancellation_and_drain,7202615296,116976517120,71811072,2766258176,6179995648,3813376,3276800,131072,"[None, None, None, None]",2033991680,354,46959820800,68451041280,64398950400,1,1073741824,434086598
6,363964.342845465,15.734138972009532,cancellation_and_drain,7184707584,116994424832,71745536,2760175616,6180306944,3805184,3260416,114688,"[None, None, None, None]",2033991680,354,46959820800,68451041280,64398950400,1,1073741824,434086598
6,363964.843108699,16.23440220602788,cancellation_and_drain,7182508032,116996624384,71745536,2751389696,6180311040,3805184,3244032,98304,"[None, None, None, None]",2026225664,354,46959820800,68451041280,64398950400,1,1073741824,434086598
6,363965.343024141,16.734317647991702,cancellation_and_drain,6517010432,117662121984,71745536,2088034304,6183493632,3805184,3244032,98304,"[None, None, None, None]",1362890752,354,46959820800,68451041280,64398950400,1,1073741824,434086598
6,363965.843109592,17.234403098991606,cancellation_and_drain,6536589312,117642543104,71745536,2096332800,6191706112,3805184,3244032,98304,"[None, None, None, None]",1362890752,354,46959820800,68451041280,64398950400,1,1073741824,434086598
6,363966.343169335,17.73446284199599,cancellation_and_drain,6367559680,117811572736,71745536,1927053312,6191706112,3805184,3244032,98304,"[None, None, None, None]",1193496576,354,46959820800,68451041280,64398950400,1,1073741824,434086598
6,363966.850840953,18.242134460015222,cancellation_and_drain,6281564160,117897568256,507904,1911963648,6191251456,3805184,3244032,98304,"[None, None, None, None]",1177497600,354,46959820800,68451041280,64398950400,1,1073741824,434086598
6,363967.348413797,18.739707303990144,cancellation_and_drain,5153783808,119025348608,114688,784998400,6209626112,3747840,3211264,65536,"[None, None, None, None]",,354,46959820800,68451041280,64398950400,1,1073741824,434086598
6,363967.848670129,19.2399636360351,cancellation_and_drain,5170495488,119008636928,114688,730390528,6220713984,3747840,3194880,49152,"[None, None, None, None]",,354,46959820800,68451041280,64398950400,1,1073741824,434086598
6,363968.348655213,19.739948720030952,cancellation_and_drain,5170094080,119009038336,114688,730312704,6220718080,3747840,3194880,49152,"[None, None, None, None]",,354,46959820800,68451041280,64398950400,1,1073741824,434086598
6,363968.848741357,20.24003486399306,cancellation_and_drain,5166211072,119012921344,114688,731344896,6220718080,3747840,3194880,49152,"[None, None, None, None]",,354,46959820800,68451041280,64398950400,1,1073741824,434086598
