0
1
2
3
4
5
6
7
8
9
10
11
12
13
14
15
16
17
18
19
20
21
22
23
24
25
26
27
28
29
30
31
32
33
34
35
36
37
38
39
40
41
42
43
44
45
46
47
48
49
50
51
52
53
54
55
56
57
58
59
60
61
62
63
64
65
66
67
68
69
70
71
72
73
74
75
76
77
78
79
80
81
82
83
84
85
86
87
88
89
90
91
92
93
94
95
96
97
98
99
100
101
102
103
104
105
106
107
108
109
110
111
112
113
114
115
116
117
118
119
120
121
122
123
126
127
128
129
130
131
132
133
134
135
136
137
138
139
140
141
142
143
144
145
146
147
148
149
150
151
152
153
154
155
156
157
158
159
160
161
162
163
164
165
166
167
168
169
170
171
172
173
174
175
176
188
189
190
191
192
193
194
195
196
197
198
199
200
202
203
204
205
206
207
208
209
210
211
212
213
214
215
216
217
218
219
220
221
222
223
224
225
226
227
228
229
230
231
232
233
234
235
236
237
238
239
240
241
242
243
244
245
246
247
248
249
250
251
252
253
254
255
256
257
258
259
260
261
262
263
264
265
266
267
268
269
270
271
272
273
274
275
276
277
278
279
280
281
282
283
284
285
286
287
288
289
290
291
292
293
294
295
296
297
298
299
300
301
302
303
304
305
306
307
308
309
310
311
312
313
314
315
316
318
319
320
321
322
323
324
325
326
327
328
329
330
331
332
333
334
335
336
337
338
339
340
341
342
343
344
345
346
347
348
349
350
351
352
353
354
355
356
357
358
359
360
361
362
363
364
365
366
367
368
369
370
371
372
373
374
375
376
377
378
379
380
381
382
383
384
385
386
387
388
389
390
391
392
393
394
395
396
397
398
399
400
401
402
403
404
405
406
407
408
409
410
411
412
413
414
415
416
417
418
419
420
421
422
423
424
425
426
427
428
429
430
431
432
433
434
435
436
437
438
439
440
441
442
443
444
445
446
447
448
449
450
451
452
453
454
455
456
457
458
459
460
461
462
463
464
465
466
467
468
469
470
471
472
473
474
475
476
477
478
479
480
481
482
483
484
485
486
487
488
489
490
491
492
493
494
495
496
497
498
499
500
501
502
503
504
505
506
507
508
509
510
511
512
513
514
515
516
517
518
519
520
521
522
523
524
525
526
527
528
529
530
531
532
533
534
535
536
537
538
539
540
541
542
543
544
545
546
547
548
549
550
551
552
553
554
555
556
557
558
559
560
561
562
563
564
565
566
567
568
569
570
571
572
573
574
575
576
577
578
579
580
581
582
583
584
585
586
587
588
589
590
591
592
593
594
595
596
597
598
599
600
601
602
603
604
605
606
607
608
609
610
611
612
613
614
615
616
617
619
620
621
622
623
624
625
626
627
628
629
630
631
632
633
634
635
636
637
638
639
640
641
642
643
644
645
646
647
648
649
650
651
652
653
654
655
656
657
658
659
660
661
662
663
664
665
666
667
668
669
670
671
672
673
674
675
676
677
678
679
680
681
682
683
684
685
686
687
688
689
690
691
692
693
694
695
696
697
698
699
700
701
702
703
704
705
706
707
708
709
710
711
712
713
714
715
716
717
718
719
720
721
722
723
724
725
726
727
728
729
730
731
732
733
734
735
736
737
738
739
740
741
742
743
744
745
746
747
748
749
750
751
752
753
754
755
756
757
758
759
760
761
762
763
764
765
766
767
768
769
770
771
772
773
774
775
776
777
778
779
780
781
782
783
784
785
786
787
788
789
790
791
792
793
794
795
796
797
798
799
800
801
802
803
804
805
806
807
808
809
810
811
812
813
814
815
816
817
818
819
821
822
823
824
825
826
827
828
829
830
831
832
833
834
835
836
837
838
839
840
841
842
843
844
846
847
848
849
850
851
852
853
854
855
856
857
858
859
860
861
862
863
864
866
867
868
869
870
871
872
873
874
875
876
877
878
879
880
881
882
883
884
885
886
887
888
889
890
891
892
893
894
895
896
897
898
899
900
901
902
903
904
905
906
907
908
909
910
911
912
913
914
915
916
917
918
919
920
921
922
923
924
925
926
927
928
929
930
931
932
933
934
935
936
937
938
939
940
941
942
943
944
945
946
947
948
949
950
951
952
953
954
955
956
957
958
959
960
961
962
963
964
965
966
967
968
969
970
971
972
973
974
975
976
977
978
979
980
981
982
983
984
985
986
987
988
989
990
991
992
993
994
995
996
997
998
999
1000
1001
1002
1003
1004
1005
1006
1007
1008
1009
1010
1011
1012
1013
1014
1015
1016
1017
1018
1019
1020
1021
1022
1023
1024
1025
1026
1027
1028
1029
1030
1031
1032
1033
1034
1035
1036
1037
1038
1039
1040
1041
1042
1043
1044
1045
1046
1047
1048
1049
1050
1051
1052
1053
1054
1055
1056
1057
1058
1059
1060
1061
1062
1063
1064
1065
1066
1067
1068
1069
1070
1071
1072
1073
1074
1075
1076
1077
1078
1079
1080
1081
1082
1083
1084
1085
1086
1087
1088
1089
1090
1091
1092
1093
1094
1095
1096
1097
1098
1099
1100
1101
1102
1103
1104
1105
1106
1107
1108
1109
1110
1111
1112
1113
1114
1115
1116
1117
1118
1119
1120
1121
1122
1123
1124
1126
1127
1128
1129
1130
1131
1132
1133
1134
1135
1136
1137
1138
1139
1140
1141
1142
1143
1144
1145
1146
1147
1148
1149
1150
1151
1152
1153
1154
1155
1156
1157
1158
1159
1160
1161
1162
1163
1164
1165
1166
1167
1168
1169
1170
1171
1172
1173
1174
1175
1176
1178
1179
1180
1181
1182
1183
1184
1185
1186
1187
1188
1189
1190
1191
1192
1193
1194
1195
1196
1197
1198
1199
1200
1201
1202
1203
1204
1205
1206
1207
1208
1209
1210
1211
1212
1213
1214
1215
1216
1217
1218
1219
1220
1221
1222
1223
1224
1225
1226
1227
1228
1229
1230
1231
1232
1233
1234
1235
1236
1237
1238
1239
1240
1241
1242
1243
1244
1245
1246
1247
1248
1249
1250
1251
1252
1253
1254
1255
1256
1257
1258
1259
1260
1261
1262
1263
1264
1265
1266
1267
1268
1269
1270
1271
1272
1273
1274
1275
1276
1277
1278
1279
1280
1281
1282
1283
1284
1285
1286
1287
1288
1289
1290
1291
1292
1293
1294
1295
1296
1297
1298
1299
1300
1301
1302
1303
1304
1305
1306
1307
1308
1309
1310
1311
1312
1313
1314
1315
1316
1317
1318
1319
1320
1321
1322
1323
1324
1325
1326
1327
1328
1329
1330
1331
1332
1333
1334
1335
1336
1337
1338
1339
1340
1341
1342
1343
1344
1345
1346
1347
1348
1349
1350
1351
1352
1353
1354
1355
1356
1357
1358
1359
1360
1361
1362
1363
1364
1365
1366
1367
1368
1369
1370
1371
1372
1373
1374
1375
1376
1377
1378
1379
1380
1381
1382
1383
1384
1385
1386
1387
1388
1389
1390
1391
1392
1393
1394
1395
1396
1397
1399
1400
1401
1402
1403
1404
1405
1406
1407
1408
1409
1410
1411
1412
1413
1414
1415
1416
1417
1418
1419
1420
1421
1422
1423
1424
1425
1426
1427
1428
1429
1430
1432
1433
1434
1435
1436
1437
1438
1439
1440
1441
1442
1443
1444
1445
1446
1447
1448
1449
1450
1451
1452
1453
1454
1455
1456
1457
1458
1459
1460
1461
1462
1463
1464
1465
1466
1467
1468
1469
1470
1471
1472
1473
1474
1475
1476
1477
1478
1479
1480
1481
1482
1483
1484
1485
1486
1487
1488
1489
1490
1491
1492
1493
1494
1495
1496
1497
1498
1499
1500
1501
1502
1503
1505
1506
1507
1508
1509
1510
1511
1512
1513
1514
1515
1516
1517
1518
1519
1520
1521
1522
1523
1524
1525
1526
1527
1528
1529
1530
1531
1532
1533
1534
1535
1536
1537
1538
1539
1540
1541
1542
1543
1544
1545
1546
1547
1548
1549
1550
1551
1552
1553
1554
1555
1556
1557
1558
1559
1560
1561
1562
1563
1564
1565
1566
1567
1568
1569
1570
1572
1573
1574
1575
1576
1577
1578
1579
1580
1581
1582
1583
1584
1585
1586
1587
1588
1589
1590
1591
1592
1593
1594
1595
1596
1597
1598
1599
1600
1601
1602
1603
1604
1605
1606
1607
1608
1609
1610
1611
1612
1613
1614
1615
1616
1617
1618
1619
1620
1621
1622
1623
1624
1625
1626
1627
1628
1630
1631
1632
1633
1634
1635
1636
1637
1638
1639
1640
1641
1642
1643
1644
1645
1646
1647
1648
1649
1650
1651
1652
1653
1654
1655
1656
1657
1658
1659
1660
1661
1662
1663
1664
1665
1666
1667
1668
1669
1670
1671
1672
1673
1674
1675
1676
1677
1678
1679
1680
1681
1682
1683
1684
1685
1686
1687
1688
1689
1690
1691
1692
1693
1694
1695
1696
1697
1698
1699
1700
1701
1702
1703
1704
1705
1706
1707
1708
1709
1710
1711
1712
1713
1714
1715
1716
1718
1719
1720
1721
1722
1723
1724
1725
1726
1727
1728
1729
1730
1731
1732
1733
1734
1736
1737
1738
1739
1740
1741
1742
1743
1744
1745
1746
1747
1748
1749
1750
1752
1753
1754
1755
1756
1757
1758
1759
1760
1761
1762
1763
1764
1765
1766
1767
1768
1769
1770
1771
1772
1773
1774
1775
1776
1777
1778
1779
1780
1781
1782
1783
1784
1785
1786
1787
1788
1789
1790
1791
1792
1793
1794
1795
1796
1797
1798
1799
1801
1802
1803
1804
1805
1806
1807
1808
1809
1810
1811
1812
1813
1814
1815
1816
1817
1818
1819
1820
1821
1822
1824
1825
1826
1827
1828
1829
1830
1831
1832
1833
1834
1835
1836
1837
1838
1839
1840
1841
1842
1843
1844
1845
1846
1847
1848
1849
1850
1851
1852
1853
1854
1855
1856
1857
1858
1859
1860
1861
1862
1863
1864
1865
1866
1867
1868
1869
1870
1871
1872
1873
1874
1875
1876
1877
1878
1879
1880
1881
1882
1883
1884
1885
1886
1887
1888
1889
1890
1891
1892
1893
1894
1895
1896
1897
1898
1899
1900
1901
1902
1904
1905
1906
1907
1908
1910
1911
1912
1913
1914
1915
1916
1917
1918
1919
1920
1921
1922
1923
1924
1925
1926
1927
1928
1929
1930
1931
1932
1933
1934
1935
1936
1937
1938
1939
1940
1941
1942
1943
1944
1945
1946
1947
1948
1949
1950
1951
1952
1953
1954
1955
1956
1957
1958
1959
1960
1962
1964
1965
1966
1967
1968
1969
1970
1971
1972
1973
1974
1975
1976
1977
1978
1979
1980
1981
1982
1983
1984
1985
1986
1987
1988
1989
1990
1992
1993
1994
1996
1998
1999
2000
2001
2002
2003
2004
2005
2006
2007
2008
2009
2010
2011
2012
2013
2014
2015
2016
2017
2018
2019
2020
2021
2022
2023
2024
2025
2026
2027
2028
2029
2030
2031
2032
2033
2034
2035
2036
2037
2038
2039
2040
2041
2042
2043
2044
2046
2047
2048
2050
2051
2052
2053
2054
2055
2056
2057
2058
2059
2060
2061
2062
2063
2064
2065
2068
2069
2070
2071
2072
2073
2074
2075
2076
2077
2078
2079
2080
2081
2082
2083
2084
2085
2086
2087
2088
2089
2090
2091
2092
2093
2094
2095
2096
2098
2099
2100
2101
2102
2103
2104
2105
2106
2107
2108
2109
2110
2111
2112
2113
2114
2115
2116
2117
2119
2120
2121
2122
2123
2124
2126
2127
2128
2129
2130
2131
2132
2133
2134
2135
2136
2137
2138
2139
2140
2141
2142
2143
2144
2145
2146
2147
2148
2149
2150
2151
2152
2153
2154
2155
2156
2157
2158
2159
2160
2161
2162
2163
2164
2165
2166
2167
2168
2169
2170
2171
2172
2173
2174
2175
2176
2177
2178
2179
2180
2181
2182
2184
2185
2186
2187
2188
2189
2190
2191
2192
2193
2194
2195
2196
2197
2198
2199
2200
2201
2202
2203
2204
2205
2206
2207
2208
2209
2210
2211
2212
2213
2215
2216
2217
2218
2220
2221
2222
2224
2225
2226
2227
2228
2229
2230
2231
2232
2233
2234
2235
2236
2237
2238
2239
2240
2241
2243
2244
2245
2246
2247
2248
2249
2250
2251
2252
2253
2254
2255
2256
2257
2258
2259
2260
2261
2262
2263
2264
2265
2266
2267
2268
2269
2270
2271
2272
2273
2274
2275
2276
2277
2278
2279
2280
2281
2282
2283
2284
2285
2286
2287
2288
2289
2290
2291
2292
2293
2294
2295
2296
2297
2298
2299
2300
2301
2302
2303
2304
2305
2306
2307
2308
2309
2310
2311
2312
2313
2314
2315
2316
2317
2318
2319
2320
2321
2322
2323
2324
2325
2327
2328
2329
2330
2331
2332
2333
2334
2335
2336
2337
2338
2339
2340
2341
2342
2343
2344
2345
2346
2347
2348
2349
2350
2351
2352
2353
2354
2355
2356
2357
2358
2359
2360
2361
2362
2363
2364
2365
2366
2367
2368
2369
2370
2371
2372
2373
2374
2375
2376
2377
2378
2379
2380
2381
2382
2383
2384
2385
2387
2388
2389
2390
2391
2392
2393
2394
2395
2396
2397
2398
2399
2400
2401
2402
2403
2404
2405
2406
2407
2408
2409
2410
2411
2412
2413
2414
2415
2416
2417
2418
2420
2421
2422
2423
2424
2425
2426
2427
2428
2429
2430
2431
2432
2433
2434
2435
2436
2437
2438
2439
2440
2441
2442
2443
2444
2445
2446
2447
2448
2450
2452
2453
2454
2456
2457
2458
2459
2460
2461
2462
2463
2464
2465
2466
2467
2468
2469
2470
2471
2472
2473
2474
2475
2476
2477
2478
2479
2480
2481
2482
2483
2484
2485
2486
2487
2488
2489
2490
2491
2492
2493
2494
2495
2496
2497
2498
2499
2500
2501
2502
2503
2504
2505
2506
2507
2508
2509
2510
2511
2512
2513
2514
2515
2516
2517
2518
2519
2520
2521
2522
2523
2524
2525
2526
2527
2528
2529
2530
2531
2532
2533
2534
2535
2536
2537
2538
2539
2540
2541
2542
2543
2544
2545
2547
2548
2549
2550
2551
2552
2553
2554
2555
2556
2557
2558
2559
2560
2561
2562
2563
2564
2565
2566
2567
2568
2569
2570
2571
2572
2573
2574
2575
2576
2577
2578
2579
2580
2581
2582
2583
2584
2585
2586
2587
2588
2589
2590
2591
2592
2594
2595
2597
2598
2599
2600
2601
2602
2603
2604
2605
2606
2607
2608
2609
2610
2611
2612
2613
2614
2615
2616
2617
2619
2621
2622
2623
2624
2625
2626
2627
2628
2629
2630
2631
2632
2633
2634
2636
2637
2638
2639
2640
2641
2642
2643
2644
2645
2646
2647
2648
2649
2650
2651
2652
2653
2654
2655
2656
2657
2658
2659
2660
2661
2662
2663
2664
2665
2666
2667
2668
2669
2670
2671
2672
2673
2674
2675
2676
2677
2678
2679
2680
2681
2682
2683
2684
2685
2686
2687
2688
2689
2690
2691
2692
2693
2694
2695
2696
2697
2699
2700
2701
2702
2703
2704
2705
2706
2707
2708
2709
2711
2712
2713
2714
2715
2716
2717
2718
2719
2720
2721
2722
2723
2724
2725
2726
2727
2729
2730
2731
2732
2733
2734
2735
2736
2737
2738
2739
2740
2741
2742
2743
2744
2745
2746
2747
2748
2749
2750
2751
2752
2753
2754
2755
2756
2757
2758
2759
2760
2761
2762
2763
2764
2765
2766
2767
2768
2769
2770
2771
2772
2773
2774
2775
2776
2777
2779
2780
2781
2782
2783
2784
2785
2786
2787
2788
2789
2790
2791
2792
2793
2794
2795
2796
2797
2798
2799
2800
2801
2802
2803
2804
2805
2806
2807
2808
2809
2810
2811
2813
2814
2815
2816
2817
2818
2820
2821
2822
2823
2824
2825
2826
2827
2828
2829
2830
2831
2832
2833
2834
2835
2836
2837
2838
2839
2840
2841
2842
2843
2844
2845
2846
2847
2848
2849
2850
2851
2852
2853
2854
2855
2856
2857
2858
2859
2860
2861
2862
2864
2865
2866
2867
2868
2869
2870
2871
2872
2873
2874
2875
2876
2877
2878
2879
2880
2881
2883
2884
2885
2887
2888
2890
2891
2892
2893
2894
2895
2896
2897
2898
2899
2900
2901
2902
2903
2904
2905
2906
2907
2908
2909
2910
2911
2912
2913
2914
2915
2916
2917
2918
2919
2920
2921
2922
2923
2924
2925
2926
2927
2928
2929
2930
2931
2932
2933
2934
2935
2937
2938
2939
2940
2941
2942
2943
2944
2945
2946
2947
2948
2949
2950
2951
2952
2953
2954
2955
2956
2957
2958
2959
2960
2961
2962
2963
2964
2965
2966
2967
2968
2969
2970
2971
2972
2973
2974
2975
2976
2977
2978
2979
2980
2982
2983
2984
2985
2986
2987
2988
2989
2990
2991
2992
2993
2994
2995
2996
2997
2998
2999
3000
3001
3002
3003
3004
3005
3006
3007
3008
3009
3010
3011
3012
3014
3015
3016
3017
3018
3019
3020
3021
3022
3023
3024
3025
3026
3027
3028
3029
3030
3031
3032
3033
3034
3035
3036
3037
3038
3039
3040
3041
3042
3043
3044
3045
3046
3047
3048
3049
3050
3051
3052
3053
3054
3055
3056
3057
3058
3059
3060
3061
3062
3063
3064
3065
3066
3067
3068
3069
3070
3071
3072
3073
3074
3075
3076
3077
3078
3079
3080
3081
3082
3083
3084
3085
3086
3087
3088
3089
3090
3091
3092
3094
3095
3096
3097
3099
3100
3101
3102
3104
3105
3106
3107
3108
3109
3110
3111
3112
3113
3114
3115
3116
3117
3118
3120
3122
3123
3124
3125
3126
3127
3128
3129
3130
3131
3132
3133
3134
3135
3136
3137
3138
3139
3140
3141
3142
3143
3144
3145
3146
3147
3148
3149
3150
3151
3152
3153
3154
3155
3156
3157
3158
3159
3160
3161
3162
3163
3164
3165
3166
3167
3168
3169
3170
3171
3172
3173
3174
3175
3176
3177
3178
3179
3180
3181
3182
3183
3184
3185
3186
3187
3188
3189
3190
3191
3192
3193
3194
3195
3196
3197
3198
3199
3200
3201
3202
3203
3204
3205
3206
3207
3208
3209
3210
3211
3212
3213
3214
3215
3216
3217
3218
3219
3220
3221
3222
3223
3224
3225
3226
3227
3228
3229
3231
3232
3233
3234
3235
3237
3238
3239
3240
3241
3242
3243
3244
3246
3247
3248
3249
3250
3251
3252
3253
3254
3255
3256
3257
3258
3259
3260
3261
3262
3263
3264
3265
3266
3267
3268
3269
3270
3271
3272
3273
3274
3275
3276
3277
3278
3280
3281
3282
3283
3284
3285
3286
3287
3288
3289
3290
3291
3292
3293
3294
3295
3296
3297
3298
3299
3300
3301
3302
3304
3305
3306
3307
3308
3309
3310
3311
3312
3313
3314
3315
3316
3317
3318
3319
3320
3321
3322
3323
3324
3325
3327
3328
3329
3330
3331
3332
3333
3334
3335
3336
3337
3338
3339
3340
3342
3343
3344
3345
3346
3347
3348
3349
3350
3351
3352
3353
3354
3355
3356
3357
3358
3359
3360
3361
3362
3363
3364
3365
3366
3367
3369
3370
3371
3372
3373
3374
3375
3376
3377
3378
3379
3380
3381
3382
3383
3384
3385
3386
3387
3388
3389
3390
3391
3392
3393
3394
3395
3396
3397
3398
3399
3400
3401
3402
3403
3404
3405
3406
3407
3408
3409
3410
3411
3412
3413
3414
3415
3416
3417
3418
3419
3420
3421
3422
3423
3424
3425
3426
3427
3428
3429
3430
3431
3432
3433
3434
3435
3436
3437
3438
3439
3440
3441
3442
3443
3444
3445
3446
3447
3448
3449
3450
3451
3452
3455
3456
3457
3458
3459
3460
3461
3462
3463
3464
3465
3466
3467
3468
3469
3470
3471
3472
3473
3474
3475
3476
3477
3478
3479
3480
3481
3482
3483
3485
3486
3487
3488
3489
3490
3491
3492
3493
3494
3495
3496
3497
3498
3499
3500
3501
3502
3503
3504
3505
3506
3507
3508
3509
3510
3511
3512
3513
3514
3515
3516
3517
3518
3519
3520
3521
3522
3523
3524
3525
3526
3527
3528
3529
3530
3531
3533
3534
3535
3536
3537
3538
3539
3541
3542
3543
3544
3545
3546
3547
3548
3549
3550
3551
3552
3553
3554
3555
3556
3557
3558
3559
3560
3561
3562
3563
3564
3565
3566
3567
3568
3569
3570
3571
3572
3573
3574
3575
3576
3577
3578
3579
3580
3581
3582
3583
3584
3585
3586
3587
3588
3589
3590
3591
3593
3594
3595
3596
3597
3598
3599
3600
3601
3602
3603
3604
3605
3606
3608
3609
3610
3611
3613
3614
3615
3617
3618
3619
3620
3621
3622
3623
3624
3625
3626
3627
3628
3629
3630
3631
3632
3633
3634
3635
3636
3637
3638
3639
3641
3642
3644
3645
3646
3647
3648
3649
3650
3651
3652
3653
3654
3655
3656
3657
3658
3659
3660
3661
3662
3663
3664
3665
3666
3667
3668
3669
3670
3671
3672
3674
3675
3676
3677
3678
3679
3680
3681
3682
3683
3684
3686
3687
3689
3690
3691
3692
3693
3694
3695
3696
3697
3699
3700
3701
3702
3703
3704
3705
3706
3707
3708
3709
3710
3711
3712
3713
3714
3715
3716
3717
3718
3719
3720
3721
3722
3723
3724
3725
3726
3727
3728
3729
3730
3731
3732
3733
3734
3735
3736
3738
3739
3740
3741
3742
3743
3744
3745
3746
3747
3748
3749
3750
3751
3752
3753
3754
3755
3756
3757
3758
3759
3760
3761
3762
3763
3764
3765
3766
3768
3769
3770
3771
3772
3773
3774
3775
3776
3777
3778
3779
3780
3781
3782
3783
3784
3785
3786
3787
3788
3789
3790
3791
3792
3793
3794
3795
3796
3797
3798
3799
3800
3801
3802
3803
3804
3805
3806
3807
3808
3809
3810
3811
3812
3813
3814
3815
3816
3817
3818
3820
3821
3822
3823
3825
3826
3827
3828
3829
3830
3831
3832
3833
3835
3836
3837
3838
3839
3840
3841
3842
3843
3844
3845
3846
3847
3848
3850
3851
3852
3853
3854
3855
3856
3858
3859
3860
3862
3863
3864
3865
3866
3867
3868
3869
3870
3871
3872
3873
3874
3875
3876
3877
3878
3879
3880
3881
3882
3883
3884
3885
3886
3887
3888
3889
3890
3891
3892
3895
3896
3897
3898
3899
3900
3901
3902
3903
3905
3906
3907
3908
3909
3910
3911
3912
3913
3914
3915
3916
3918
3919
3920
3921
3922
3923
3924
3925
3926
3927
3928
3929
3930
3931
3932
3933
3934
3935
3936
3937
3938
3939
3940
3941
3942
3943
3944
3945
3946
3947
3948
3949
3950
3951
3952
3953
3954
3955
3956
3957
3958
3959
3960
3961
3962
3963
3964
3965
3966
3967
3968
3969
3970
3971
3972
3974
3975
3976
3977
3978
3979
3980
3981
3982
3983
3984
3985
3986
3987
3988
3989
3990
3991
3992
3993
3994
3995
3996
3997
3998
3999
4000
4001
4002
4003
4004
4005
4006
4008
4009
4010
4011
4012
4013
4014
4015
4016
4017
4018
4019
4020
4021
4022
4023
4024
4025
4026
4027
4028
4029
4030
4031
4032
4034
4035
4036
4037
4038
4040
4041
4042
4043
4044
4045
4046
4047
4048
4049
4050
4051
4052
4053
4054
4055
4056
4057
4058
4059
4060
4062
4063
4064
4065
4066
4067
4068
4069
4070
4071
4072
4073
4074
4075
4076
4077
4079
4080
4081
4082
4083
4084
4085
4087
4088
4089
4090
4091
4092
4093
4094
4095
4096
4097
4098
4099
4100
4101
4102
4104
4105
4106
4107
4108
4109
4110
4111
4112
4114
4115
4116
4117
4118
4119
4120
4121
4122
4123
4124
4125
4126
4127
4128
4129
4130
4131
4132
4133
4134
4135
4136
4137
4138
4139
4140
4141
4142
4143
4144
4145
4146
4147
4148
4149
4150
4151
4152
4154
4156
4157
4158
4159
4160
4161
4162
4164
4165
4166
4167
4168
4169
4170
4171
4172
4173
4174
4175
4176
4177
4178
4179
4180
4181
4182
4183
4184
4185
4186
4188
4189
4190
4191
4192
4193
4194
4195
4196
4197
4199
4200
4202
4203
4204
4205
4206
4207
4208
4209
4210
4211
4212
4213
4214
4215
4216
4217
4219
4220
4221
4222
4223
4224
4225
4227
4228
4229
4230
4232
4233
4234
4235
4236
4237
4238
4240
4241
4242
4243
4244
4245
4246
4247
4248
4249
4251
4252
4253
4254
4255
4256
4257
4258
4259
4260
4261
4262
4263
4264
4265
4266
4267
4268
4269
4270
4271
4272
4273
4274
4275
4276
4277
4278
4279
4281
4282
4283
4284
4285
4286
4287
4288
4289
4290
4291
4292
4293
4294
4295
4296
4297
4298
4299
4300
4301
4302
4303
4304
4306
4307
4308
4309
4310
4311
4312
4313
4314
4315
4316
4317
4318
4319
4320
4321
4322
4323
4324
4325
4327
4328
4329
4330
4331
4332
4333
4334
4335
4336
4337
4338
4339
4340
4341
4342
4343
4344
4345
4346
4347
4348
4349
4350
4351
4352
4354
4356
4357
4358
4360
4361
4362
4364
4365
4366
4368
4369
4370
4371
4372
4373
4374
4375
4376
4377
4378
4379
4380
4381
4382
4383
4384
4386
4387
4389
4390
4391
4392
4393
4394
4395
4396
4397
4398
4399
4400
4401
4402
4403
4404
4405
4406
4407
4409
4410
4412
4413
4414
4415
4416
4417
4418
4419
4420
4421
4422
4423
4424
4425
4426
4427
4428
4429
4430
4431
4432
4433
4434
4435
4436
4437
4438
4439
4440
4441
4442
4443
4444
4445
4446
4447
4448
4449
4450
4451
4452
4453
4454
4455
4456
4457
4458
4459
4460
4461
4462
4463
4464
4465
4466
4467
4468
4469
4470
4471
4472
4473
4474
4475
4477
4478
4479
4480
4481
4482
4483
4484
4485
4486
4487
4488
4489
4490
4491
4492
4493
4494
4495
4496
4497
4498
4499
4500
4501
4502
4503
4504
4505
4506
4507
4508
4509
4512
4514
4515
4516
4518
4519
4520
4521
4522
4523
4524
4525
4526
4527
4528
4530
4531
4532
4533
4534
4535
4536
4537
4538
4539
4540
4541
4542
4543
4544
4545
4546
4547
4548
4549
4550
4551
4552
4553
4554
4555
4556
4557
4558
4559
4560
4561
4562
4563
4564
4565
4566
4567
4568
4570
4571
4573
4574
4575
4577
4578
4579
4580
4581
4582
4583
4584
4585
4586
4587
4588
4589
4590
4591
4592
4593
4594
4595
4596
4598
4599
4600
4601
4602
4603
4605
4606
4607
4608
4609
4610
4611
4612
4613
4615
4616
4617
4618
4619
4620
4621
4622
4623
4624
4625
4626
4627
4628
4629
4630
4631
4632
4633
4634
4635
4636
4637
4638
4639
4640
4641
4643
4644
4645
4647
4648
4649
4650
4651
4653
4654
4657
4658
4659
4660
4661
4662
4663
4664
4665
4666
4667
4668
4669
4670
4671
4672
4673
4674
4675
4676
4677
4678
4679
4680
4681
4682
4684
4685
4686
4687
4688
4689
4690
4691
4692
4693
4694
4695
4696
4697
4698
4699
4700
4701
4702
4703
4704
4705
4706
4707
4708
4709
4710
4711
4712
4713
4714
4715
4716
4717
4718
4719
4720
4721
4722
4723
4726
4727
4729
4730
4731
4732
4733
4734
4735
4736
4737
4738
4740
4741
4742
4744
4745
4746
4747
4748
4749
4750
4751
4752
4753
4754
4755
4756
4757
4758
4759
4761
4762
4763
4764
4766
4767
4768
4769
4770
4771
4772
4773
4774
4775
4776
4777
4778
4779
4780
4781
4782
4783
4784
4785
4786
4787
4788
4789
4790
4791
4792
4793
4794
4795
4796
4797
4798
4799
4800
4801
4802
4803
4804
4805
4806
4807
4808
4809
4810
4811
4812
4813
4814
4816
4817
4818
4820
4821
4822
4823
4824
4825
4826
4827
4828
4829
4830
4831
4832
4833
4834
4836
4837
4838
4839
4840
4841
4842
4843
4844
4845
4846
4847
4848
4849
4850
4851
4852
4853
4854
4855
4856
4857
4858
4859
4860
4861
4862
4863
4864
4865
4866
4867
4868
4870
4871
4872
4873
4874
4875
4876
4877
4878
4879
4880
4881
4882
4883
4884
4885
4886
4887
4888
4889
4890
4891
4892
4893
4895
4896
4897
4898
4899
4900
4901
4902
4903
4904
4905
4906
4907
4908
4909
4910
4911
4912
4913
4914
4916
4917
4918
4919
4920
4921
4922
4923
4924
4925
4927
4928
4929
4930
4931
4932
4933
4934
4935
4936
4937
4938
4939
4940
4941
4942
4944
4945
4946
4947
4948
4949
4950
4951
4952
4953
4954
4955
4956
4958
4959
4960
4961
4962
4963
4964
4965
4967
4968
4969
4970
4971
4972
4973
4974
4975
4976
4977
4978
4979
4980
4981
4982
4983
4984
4985
4986
4987
4988
4989
4990
4991
4992
4993
4994
4995
4996
4997
4998
5000
5001
5002
5003
5004
5005
5006
5007
5008
5009
5010
5011
5012
5013
5014
5015
5016
5018
5019
5020
5021
5022
5023
5024
5025
5026
5027
5028
5029
5030
5031
5032
5033
5036
5037
5038
5039
5040
5041
5042
5043
5044
5045
5046
5047
5048
5049
5050
5052
5053
5054
5055
5056
5057
5058
5059
5061
5062
5064
5065
5066
5067
5068
5069
5070
5071
5072
5073
5074
5075
5076
5077
5078
5079
5080
5081
5082
5083
5084
5085
5086
5087
5088
5089
5090
5091
5092
5093
5094
5095
5096
5097
5098
5099
5101
5102
5103
5104
5105
5106
5108
5109
5110
5111
5112
5113
5114
5115
5116
5117
5118
5119
5120
5121
5122
5123
5124
5125
5126
5127
5128
5129
5130
5131
5132
5134
5135
5136
5137
5138
5139
5140
5141
5142
5143
5144
5145
5146
5147
5148
5149
5150
5151
5152
5154
5155
5157
5158
5160
5161
5162
5163
5164
5165
5166
5167
5168
5169
5170
5171
5172
5173
5174
5175
5176
5177
5178
5180
5181
5182
5183
5184
5186
5187
5188
5189
5190
5191
5192
5193
5194
5195
5196
5197
5198
5199
5200
5201
5202
5203
5204
5205
5206
5207
5208
5209
5210
5211
5212
5213
5214
5215
5216
5217
5218
5219
5220
5221
5222
5223
5224
5225
5226
5227
5228
5229
5230
5231
5232
5235
5236
5237
5238
5239
5241
5242
5243
5244
5245
5246
5247
5248
5249
5251
5252
5253
5254
5255
5257
5258
5259
5261
5262
5263
5264
5265
5266
5267
5268
5269
5270
5271
5272
5273
5274
5275
5276
5278
5280
5281
5282
5283
5284
5285
5287
5288
5289
5290
5291
5292
5293
5295
5296
5297
5298
5299
5300
5301
5302
5303
5304
5305
5306
5307
5308
5309
5310
5312
5313
5314
5315
5316
5317
5318
5319
5320
5321
5322
5323
5324
5325
5326
5327
5328
5329
5330
5331
5332
5333
5334
5335
5336
5337
5338
5339
5340
5342
5343
5344
5345
5346
5347
5348
5350
5351
5352
5353
5354
5355
5356
5357
5358
5359
5360
5361
5362
5363
5364
5365
5366
5367
5368
5369
5370
5371
5372
5373
5374
5375
5376
5378
5379
5380
5381
5382
5383
5384
5385
5386
5387
5388
5389
5390
5391
5392
5394
5395
5396
5397
5398
5399
5400
5401
5402
5403
5404
5405
5406
5407
5408
5409
5411
5412
5413
5414
5416
5417
5418
5419
5420
5421
5422
5423
5424
5425
5426
5427
5428
5429
5430
5431
5432
5433
5434
5435
5436
5437
5438
5439
5441
5442
5443
5444
5445
5446
5447
5448
5449
5450
5451
5453
5454
5455
5456
5457
5458
5459
5460
5461
5462
5463
5464
5466
5467
5468
5469
5470
5471
5472
5473
5474
5475
5476
5477
5478
5479
5480
5481
5482
5483
5484
5485
5486
5487
5488
5489
5490
5491
5492
5493
5494
5495
5496
5497
5498
5499
5500
5501
5502
5503
5505
5506
5508
5509
5510
5511
5512
5513
5514
5515
5516
5517
5518
5520
5521
5522
5523
5524
5525
5526
5527
5528
5529
5530
5531
5532
5533
5534
5535
5536
5537
5538
5539
5540
5541
5542
5543
5544
5545
5546
5547
5548
5549
5550
5551
5552
5553
5554
5555
5557
5558
5559
5560
5561
5562
5563
5564
5565
5566
5567
5568
5570
5571
5572
5574
5575
5576
5577
5578
5579
5581
5582
5583
5584
5585
5586
5587
5588
5589
5590
5591
5592
5593
5594
5595
5596
5597
5598
5599
5600
5601
5602
5603
5604
5605
5606
5607
5608
5609
5610
5611
5612
5614
5615
5616
5617
5618
5619
5620
5621
5622
5624
5626
5627
5628
5629
5630
5631
5632
5633
5634
5635
5636
5637
5638
5639
5640
5641
5642
5643
5644
5645
5646
5647
5648
5649
5650
5651
5652
5653
5654
5655
5656
5657
5658
5659
5660
5661
5662
5664
5666
5667
5668
5670
5671
5672
5673
5674
5675
5676
5677
5678
5679
5680
5681
5682
5683
5684
5685
5686
5687
5688
5689
5690
5691
5692
5693
5694
5695
5696
5697
5698
5699
5700
5701
5702
5703
5704
5706
5707
5708
5709
5710
5711
5712
5713
5714
5715
5717
5718
5719
5721
5722
5723
5724
5725
5726
5727
5728
5730
5731
5732
5733
5734
5735
5736
5737
5738
5739
5740
5741
5742
5743
5745
5746
5747
5748
5749
5750
5751
5752
5753
5754
5755
5756
5757
5758
5759
5761
5762
5763
5764
5765
5766
5767
5768
5769
5770
5771
5772
5774
5775
5776
5777
5778
5779
5780
5781
5782
5783
5784
5785
5786
5787
5788
5789
5790
5791
5792
5793
5794
5795
5796
5799
5800
5801
5802
5803
5804
5805
5807
5808
5810
5812
5813
5814
5815
5816
5817
5818
5819
5820
5821
5822
5823
5824
5825
5826
5827
5828
5829
5830
5831
5832
5834
5836
5837
5838
5839
5840
5842
5843
5844
5846
5847
5848
5849
5850
5851
5852
5853
5854
5855
5856
5857
5858
5860
5861
5862
5863
5864
5865
5866
5867
5868
5869
5870
5871
5872
5873
5874
5875
5876
5877
5878
5879
5880
5882
5883
5886
5887
5888
5889
5891
5893
5894
5895
5896
5898
5899
5900
5901
5902
5903
5904
5905
5906
5907
5908
5909
5910
5911
5913
5914
5915
5916
5917
5918
5919
5920
5921
5922
5923
5924
5925
5926
5927
5928
5930
5931
5932
5933
5934
5935
5936
5937
5938
5939
5940
5941
5943
5944
5945
5946
5947
5948
5949
5950
5951
5952
5953
5954
5955
5956
5958
5959
5960
5961
5963
5964
5966
5968
5969
5970
5971
5972
5974
5975
5976
5977
5978
5979
5980
5981
5982
5983
5984
5985
5986
5987
5988
5989
5990
5991
5992
5994
5995
5996
5997
5998
5999
6000
6001
6004
6005
6006
6007
6008
6009
6011
6012
6013
6014
6015
6016
6017
6018
6019
6020
6021
6022
6024
6025
6026
6027
6028
6030
6031
6032
6033
6034
6035
6036
6037
6038
6039
6040
6041
6042
6043
6044
6045
6046
6047
6048
6051
6052
6053
6054
6056
6057
6058
6059
6060
6061
6062
6063
6064
6065
6066
6067
6068
6069
6070
6071
6072
6073
6074
6076
6077
6078
6080
6081
6082
6083
6084
6085
6086
6087
6088
6089
6090
6091
6093
6094
6095
6096
6097
6098
6099
6101
6102
6103
6104
6105
6106
6107
6108
6109
6110
6111
6112
6113
6114
6115
6116
6117
6118
6119
6120
6121
6122
6123
6124
6125
6126
6127
6128
6129
6130
6131
6132
6133
6134
6136
6137
6138
6139
6140
6141
6142
6144
6145
6146
6147
6148
6149
6150
6151
6152
6153
6154
6155
6156
6157
6158
6159
6160
6161
6162
6163
6164
6165
6166
6167
6168
6169
6170
6171
6172
6173
6174
6175
6176
6177
6178
6179
6180
6181
6182
6183
6184
6185
6186
6187
6188
6189
6190
6191
6192
6193
6194
6195
6196
6197
6198
6199
6200
6202
6203
6204
6205
6206
6207
6208
6209
6210
6211
6212
6213
6214
6216
6217
6218
6220
6221
6222
6223
6224
6225
6226
6227
6228
6229
6231
6232
6233
6234
6235
6236
6237
6238
6239
6240
6241
6242
6243
6244
6245
6246
6247
6248
6249
6250
6251
6252
6253
6254
6256
6257
6258
6259
6260
6261
6262
6263
6264
6265
6266
6267
6268
6269
6272
6273
6274
6275
6276
6277
6278
6279
6280
6281
6282
6283
6284
6286
6287
6288
6289
6290
6292
6293
6295
6296
6297
6298
6299
6300
6301
6302
6304
6305
6306
6307
6308
6309
6310
6311
6313
6314
6315
6316
6317
6318
6319
6320
6321
6322
6323
6324
6325
6326
6327
6328
6329
6330
6331
6332
6333
6334
6335
6336
6337
6338
6339
6341
6342
6343
6344
6345
6347
6348
6349
6350
6351
6353
6354
6355
6356
6357
6358
6359
6360
6361
6362
6363
6364
6365
6367
6368
6369
6370
6371
6372
6373
6374
6375
6376
6377
6378
6379
6380
6381
6382
6383
6384
6385
6386
6387
6389
6390
6391
6392
6393
6394
6395
6396
6397
6398
6399
6400
6401
6402
6403
6404
6405
6406
6407
6408
6409
6410
6411
6413
6414
6415
6417
6418
6419
6420
6421
6422
6424
6425
6426
6427
6428
6429
6430
6433
6434
6435
6436
6437
6438
6439
6440
6441
6442
6443
6445
6446
6447
6449
6450
6451
6452
6453
6454
6455
6456
6457
6459
6460
6461
6463
6464
6465
6466
6467
6468
6469
6470
6471
6472
6473
6475
6476
6477
6478
6479
6481
6482
6483
6486
6487
6488
6489
6491
6492
6493
6494
6495
6496
6497
6498
6499
6500
6501
6502
6503
6504
6505
6507
6508
6509
6510
6511
6512
6513
6514
6515
6516
6517
6518
6519
6521
6522
6523
6525
6526
6527
6528
6529
6530
6531
6532
6533
6534
6535
6536
6537
6538
6539
6540
6541
6542
6543
6544
6545
6546
6547
6548
6549
6550
6551
6552
6553
6554
6555
6556
6557
6558
6559
6560
6561
6563
6564
6566
6567
6568
6569
6570
6571
6572
6573
6575
6576
6577
6578
6579
6580
6581
6582
6584
6587
6588
6589
6590
6591
6592
6593
6594
6595
6596
6597
6598
6599
6600
6601
6602
6603
6604
6606
6607
6608
6609
6610
6611
6612
6613
6614
6615
6616
6617
6618
6620
6622
6623
6625
6627
6628
6629
6630
6631
6632
6633
6634
6635
6636
6637
6638
6639
6640
6641
6642
6643
6644
6645
6646
6647
6648
6649
6650
6651
6652
6653
6654
6655
6656
6658
6659
6660
6661
6662
6663
6664
6665
6666
6667
6668
6669
6670
6672
6673
6674
6675
6676
6677
6678
6679
6680
6681
6683
6684
6686
6687
6688
6689
6690
6691
6692
6693
6694
6695
6696
6697
6698
6699
6700
6701
6702
6703
6704
6705
6706
6707
6708
6709
6710
6711
6712
6713
6714
6716
6717
6718
6719
6720
6721
6723
6724
6725
6726
6727
6728
6729
6730
6731
6732
6733
6734
6735
6736
6737
6738
6740
6741
6742
6743
6744
6745
6746
6747
6748
6749
6750
6751
6752
6753
6754
6755
6756
6757
6758
6759
6761
6762
6763
6765
6766
6767
6768
6769
6771
6772
6773
6774
6775
6776
6778
6779
6780
6781
6782
6783
6784
6785
6787
6788
6789
6790
6791
6792
6793
6794
6795
6796
6797
6798
6799
6800
6801
6802
6803
6804
6805
6806
6807
6810
6811
6812
6813
6814
6816
6817
6818
6819
6820
6821
6823
6824
6825
6826
6829
6830
6832
6833
6834
6835
6836
6838
6839
6841
6842
6843
6844
6845
6846
6847
6848
6849
6850
6851
6852
6853
6855
6856
6857
6858
6859
6860
6861
6862
6863
6864
6865
6866
6867
6868
6869
6870
6871
6872
6873
6874
6875
6876
6877
6878
6879
6880
6881
6882
6885
6886
6887
6889
6891
6892
6893
6895
6897
6898
6899
6900
6901
6902
6903
6905
6907
6908
6909
6910
6911
6912
6913
6914
6915
6916
6917
6918
6919
6920
6921
6922
6923
6925
6926
6927
6928
6929
6931
6932
6933
6934
6936
6937
6939
6940
6941
6942
6943
6945
6946
6947
6948
6949
6950
6951
6952
6953
6954
6957
6958
6959
6960
6961
6962
6964
6965
6966
6967
6968
6969
6970
6971
6972
6973
6974
6975
6976
6977
6978
6979
6980
6982
6983
6984
6985
6986
6987
6988
6989
6990
6991
6992
6993
6994
6995
6996
6997
6998
6999
7001
7002
7003
7004
7005
7006
7007
7008
7009
7010
7011
7012
7013
7014
7016
7017
7018
7019
7021
7022
7023
7024
7025
7026
7027
7028
7029
7030
7031
7032
7033
7034
7035
7036
7037
7038
7039
7040
7041
7042
7043
7044
7045
7047
7048
7049
7050
7052
7054
7055
7056
7057
7058
7059
7060
7061
7062
7063
7064
7065
7066
7067
7068
7070
7071
7072
7073
7075
7076
7077
7078
7079
7080
7081
7082
7083
7084
7085
7086
7087
7088
7090
7091
7092
7093
7095
7096
7098
7099
7101
7102
7103
7104
7105
7106
7107
7108
7110
7111
7112
7113
7115
7116
7117
7119
7120
7121
7122
7123
7124
7125
7126
7127
7130
7131
7132
7133
7134
7135
7136
7137
7139
7140
7141
7142
7143
7144
7145
7146
7147
7148
7149
7150
7151
7152
7153
7154
7155
7156
7157
7158
7159
7160
7161
7162
7163
7164
7165
7166
7167
7169
7170
7172
7173
7174
7175
7176
7178
7179
7180
7181
7182
7183
7185
7186
7187
7188
7189
7190
7191
7192
7193
7194
7195
7196
7198
7199
7200
7201
7202
7204
7205
7206
7207
7208
7209
7210
7211
7213
7214
7215
7220
7222
7223
7224
7225
7226
7227
7228
7229
7230
7231
7232
7233
7234
7236
7237
7238
7239
7240
7241
7242
7243
7244
7245
7246
7247
7248
7249
7250
7251
7252
7253
7254
7255
7256
7257
7258
7259
7260
7261
7262
7263
7264
7265
7266
7267
7268
7269
7270
7271
7272
7273
7274
7276
7277
7278
7279
7280
7281
7283
7284
7285
7286
7287
7288
7289
7290
7292
7294
7295
7296
7297
7298
7299
7300
7301
7302
7303
7304
7305
7306
7307
7308
7309
7310
7312
7313
7314
7315
7316
7317
7318
7319
7320
7321
7322
7324
7325
7326
7327
7328
7329
7330
7332
7333
7334
7335
7336
7337
7338
7341
7342
7343
7344
7345
7346
7347
7348
7349
7350
7351
7352
7353
7354
7355
7358
7359
7360
7361
7362
7363
7364
7365
7366
7367
7368
7369
7370
7371
7372
7373
7374
7375
7376
7377
7378
7379
7380
7381
7382
7383
7384
7385
7386
7387
7389
7390
7391
7392
7393
7394
7395
7396
7397
7398
7399
7400
7401
7402
7403
7404
7405
7407
7408
7409
7410
7411
7412
7413
7414
7415
7417
7418
7419
7420
7421
7422
7423
7424
7425
7426
7427
7428
7429
7430
7432
7433
7434
7435
7436
7437
7438
7439
7440
7441
7442
7443
7444
7445
7446
7447
7448
7449
7450
7451
7453
7454
7455
7457
7458
7459
7460
7461
7462
7463
7464
7465
7466
7467
7468
7469
7470
7472
7473
7474
7476
7477
7478
7479
7480
7481
7482
7483
7484
7485
7487
7488
7489
7491
7492
7493
7494
7495
7496
7497
7498
7499
7500
7501
7503
7504
7505
7506
7507
7508
7509
7510
7511
7512
7514
7515
7516
7517
7518
7520
7521
7522
7523
7525
7526
7527
7528
7529
7530
7531
7532
7533
7534
7535
7537
7538
7539
7540
7541
7542
7543
7544
7545
7547
7548
7550
7551
7552
7553
7554
7555
7556
7557
7558
7559
7560
7561
7563
7564
7565
7566
7567
7568
7569
7570
7571
7573
7574
7575
7576
7578
7579
7581
7582
7583
7584
7585
7586
7587
7588
7589
7590
7591
7592
7593
7594
7596
7597
7598
7599
7600
7601
7602
7603
7604
7605
7606
7607
7608
7609
7610
7611
7612
7613
7614
7615
7616
7617
7618
7619
7620
7621
7622
7624
7625
7626
7627
7628
7629
7632
7633
7634
7635
7636
7637
7638
7639
7640
7641
7642
7643
7644
7645
7646
7647
7649
7650
7651
7652
7653
7654
7656
7657
7658
7659
7660
7662
7663
7664
7665
7666
7667
7668
7669
7671
7673
7674
7675
7676
7677
7678
7679
7681
7682
7683
7684
7685
7686
7687
7689
7690
7691
7692
7693
7694
7695
7696
7697
7698
7699
7700
7701
7702
7703
7705
7706
7708
7709
7710
7711
7713
7714
7715
7716
7717
7718
7719
7720
7721
7722
7723
7724
7725
7726
7727
7728
7729
7730
7731
7732
7733
7734
7735
7736
7737
7738
7739
7743
7744
7745
7746
7747
7748
7749
7751
7752
7754
7755
7756
7757
7758
7759
7760
7761
7762
7763
7764
7767
7768
7769
7770
7772
7774
7775
7776
7777
7778
7779
7780
7781
7782
7783
7784
7785
7786
7787
7788
7789
7790
7791
7792
7793
7794
7795
7797
7798
7799
7800
7802
7803
7804
7805
7806
7807
7810
7811
7812
7813
7815
7817
7818
7819
7820
7821
7822
7823
7824
7825
7826
7827
7828
7829
7830
7831
7832
7833
7834
7836
7837
7838
7839
7840
7841
7842
7843
7844
7847
7848
7849
7850
7851
7854
7855
7856
7857
7858
7859
7860
7861
7862
7863
7865
7866
7867
7869
7870
7871
7872
7873
7874
7875
7876
7877
7878
7879
7880
7881
7883
7884
7885
7886
7888
7889
7890
7891
7892
7894
7895
7896
7897
7898
7899
7900
7901
7902
7903
7904
7905
7906
7907
7908
7909
7910
7911
7912
7913
7914
7915
7916
7917
7918
7919
7920
7921
7922
7923
7924
7925
7926
7927
7928
7929
7930
7931
7933
7934
7935
7936
7937
7938
7939
7940
7941
7942
7943
7944
7945
7946
7947
7948
7949
7950
7952
7953
7954
7955
7956
7957
7958
7960
7961
7962
7963
7964
7965
7966
7967
7968
7969
7970
7972
7973
7974
7976
7977
7978
7979
7980
7981
7982
7983
7984
7985
7986
7987
7988
7989
7990
7993
7994
7995
7997
7999
8001
8002
8003
8005
8006
8007
8008
8010
8011
8012
8013
8014
8015
8016
8017
8018
8019
8020
8021
8022
8023
8024
8025
8026
8027
8028
8029
8030
8032
8033
8034
8036
8037
8038
8039
8040
8041
8042
8043
8044
8045
8046
8047
8048
8049
8050
8051
8052
8053
8054
8055
8056
8057
8058
8059
8060
8061
8064
8065
8066
8068
8069
8070
8072
8073
8074
8075
8076
8077
8078
8079
8080
8081
8082
8083
8084
8085
8086
8087
8088
8089
8090
8092
8094
8095
8096
8097
8098
8099
8100
8101
8102
8103
8104
8105
8106
8107
8108
8109
8110
8112
8113
8114
8115
8116
8117
8118
8119
8120
8121
8122
8123
8124
8125
8126
8127
8128
8129
8130
8132
8133
8134
8135
8136
8137
8138
8139
8140
8141
8142
8144
8145
8146
8147
8148
8149
8150
8151
8152
8153
8154
8155
8156
8157
8158
8159
8160
8161
8162
8163
8164
8165
8166
8167
8168
8169
8170
8171
8172
8173
8174
8176
8177
8178
8179
8180
8181
8182
8184
8185
8186
8187
8188
8189
8190
8191
8192
8193
8194
8195
8196
8198
8199
8200
8201
8202
8203
8204
8205
8206
8207
8209
8210
8211
8212
8213
8214
8215
8217
8218
8219
8220
8221
8222
8223
8224
8225
8226
8227
8228
8229
8230
8231
8232
8233
8234
8235
8236
8237
8238
8239
8240
8241
8242
8243
8244
8245
8246
8247
8249
8251
8252
8253
8254
8255
8256
8258
8259
8260
8261
8262
8263
8264
8265
8266
8268
8269
8270
8271
8272
8273
8274
8275
8276
8277
8278
8279
8280
8281
8282
8284
8285
8286
8287
8288
8289
8290
8291
8293
8294
8295
8296
8297
8298
8299
8300
8302
8303
8304
8305
8306
8307
8308
8309
8310
8311
8312
8313
8314
8315
8316
8317
8318
8319
8320
8323
8324
8326
8327
8328
8329
8330
8332
8333
8334
8335
8336
8337
8338
8339
8340
8341
8342
8343
8344
8345
8346
8347
8348
8349
8350
8351
8352
8353
8354
8355
8356
8357
8358
8359
8360
8361
8362
8363
8364
8365
8366
8367
8368
8369
8371
8372
8373
8374
8375
8376
8377
8378
8379
8380
8381
8385
8386
8387
8388
8389
8390
8391
8392
8393
8394
8395
8396
8397
8398
8399
8400
8402
8403
8404
8405
8406
8408
8409
8410
8411
8412
8416
8418
8419
8420
8421
8422
8423
8424
8425
8426
8427
8428
8429
8430
8431
8432
8433
8434
8435
8436
8437
8438
8439
8441
8442
8443
8444
8445
8446
8447
8448
8449
8451
8452
8453
8454
8456
8457
8458
8459
8460
8461
8462
8464
8465
8466
8467
8468
8469
8470
8471
8472
8473
8474
8475
8476
8477
8478
8479
8481
8482
8483
8484
8485
8486
8487
8488
8489
8490
8491
8492
8493
8494
8495
8496
8497
8498
8499
8500
8501
8502
8503
8504
8505
8506
8507
8508
8509
8510
8511
8512
8514
8516
8517
8518
8519
8520
8521
8522
8523
8524
8525
8526
8527
8528
8529
8530
8531
8532
8533
8534
8535
8536
8537
8538
8539
8540
8541
8542
8543
8544
8545
8546
8547
8548
8549
8550
8552
8553
8554
8555
8556
8557
8558
8559
8560
8561
8562
8563
8564
8565
8566
8568
8569
8570
8571
8572
8573
8574
8576
8577
8578
8580
8581
8582
8583
8584
8585
8586
8588
8589
8590
8591
8592
8593
8594
8595
8596
8597
8598
8599
8600
8601
8602
8604
8605
8606
8608
8610
8611
8612
8613
8614
8615
8616
8618
8619
8621
8622
8623
8624
8625
8626
8627
8628
8629
8631
8632
8633
8634
8635
8636
8637
8638
8639
8640
8641
8642
8643
8644
8645
8646
8647
8648
8649
8651
8652
8653
8655
8656
8657
8658
8659
8660
8661
8662
8663
8664
8665
8666
8667
8668
8669
8670
8671
8672
8673
8674
8675
8676
8677
8678
8679
8680
8681
8682
8685
8686
8687
8688
8689
8691
8692
8694
8695
8696
8697
8698
8699
8700
8701
8702
8703
8704
8705
8706
8707
8708
8709
8710
8712
8713
8714
8716
8717
8718
8719
8720
8721
8722
8723
8724
8725
8727
8728
8731
8732
8733
8734
8735
8736
8737
8739
8740
8741
8742
8743
8744
8746
8747
8748
8749
8750
8751
8752
8753
8754
8755
8756
8757
8758
8759
8760
8761
8762
8764
8765
8766
8767
8769
8770
8771
8772
8775
8776
8777
8778
8779
8780
8781
8782
8783
8784
8785
8786
8788
8789
8790
8791
8794
8795
8796
8797
8798
8800
8803
8804
8805
8806
8807
8808
8809
8810
8811
8812
8813
8814
8816
8817
8818
8820
8821
8823
8824
8825
8826
8827
8828
8829
8830
8831
8832
8833
8834
8835
8836
8837
8838
8839
8840
8841
8842
8843
8844
8845
8846
8847
8848
8849
8850
8851
8852
8854
8855
8856
8857
8858
8860
8861
8862
8863
8864
8865
8866
8867
8868
8869
8870
8871
8872
8873
8874
8875
8876
8877
8878
8879
8880
8881
8882
8883
8884
8886
8887
8888
8889
8890
8891
8892
8893
8894
8895
8896
8898
8899
8900
8901
8903
8904
8905
8906
8907
8908
8909
8910
8911
8912
8913
8914
8915
8916
8917
8918
8919
8920
8921
8922
8923
8924
8925
8926
8927
8928
8929
8930
8931
8932
8933
8934
8936
8937
8938
8940
8941
8942
8943
8944
8947
8948
8949
8950
8951
8952
8953
8955
8956
8957
8958
8959
8960
8961
8962
8963
8966
8968
8969
8970
8971
8972
8973
8974
8976
8977
8978
8979
8980
8981
8982
8984
8985
8986
8987
8988
8989
8990
8991
8992
8993
8994
8995
8996
8997
8999
9000
9001
9002
9003
9005
9006
9007
9008
9009
9010
9011
9012
9013
9015
9017
9018
9019
9020
9021
9022
9023
9024
9025
9026
9027
9028
9029
9030
9031
9032
9033
9034
9035
9036
9037
9038
9039
9040
9041
9042
9043
9044
9045
9046
9047
9048
9049
9051
9052
9053
9055
9056
9057
9059
9060
9061
9062
9063
9064
9066
9067
9069
9070
9071
9072
9073
9074
9075
9076
9077
9079
9080
9081
9082
9083
9084
9085
9087
9088
9089
9090
9092
9093
9094
9095
9097
9098
9100
9101
9102
9103
9104
9105
9106
9107
9109
9110
9111
9112
9113
9115
9116
9117
9118
9119
9121
9123
9124
9125
9128
9129
9131
9132
9133
9134
9136
9137
9138
9139
9141
9142
9143
9144
9146
9147
9148
9149
9150
9152
9153
9154
9155
9156
9157
9158
9159
9161
9162
9163
9164
9165
9166
9167
9168
9170
9171
9172
9174
9175
9176
9178
9180
9181
9182
9183
9184
9185
9186
9187
9188
9189
9190
9191
9192
9193
9194
9195
9196
9197
9199
9200
9201
9202
9204
9205
9207
9208
9209
9210
9211
9212
9213
9214
9215
9216
9217
9218
9219
9221
9222
9223
9224
9226
9227
9228
9230
9231
9232
9233
9234
9235
9236
9237
9238
9239
9240
9241
9242
9244
9245
9247
9250
9251
9252
9253
9254
9255
9257
9261
9262
9263
9264
9265
9266
9267
9268
9269
9272
9273
9274
9277
9278
9279
9280
9281
9282
9283
9284
9286
9287
9289
9290
9291
9292
9293
9296
9297
9298
9299
9300
9301
9302
9304
9305
9306
9307
9308
9309
9310
9311
9312
9313
9314
9315
9317
9318
9319
9321
9323
9325
9326
9327
9328
9330
9331
9332
9333
9336
9337
9338
9339
9340
9341
9342
9343
9344
9345
9347
9348
9349
9350
9351
9352
9353
9354
9355
9356
9357
9358
9360
9361
9362
9363
9366
9367
9368
9369
9370
9371
9372
9373
9374
9375
9376
9377
9378
9379
9380
9381
9383
9384
9385
9386
9388
9389
9390
9391
9392
9393
9394
9395
9396
9397
9398
9399
9400
9401
9402
9403
9404
9405
9407
9408
9409
9410
9411
9412
9413
9414
9415
9416
9417
9418
9419
9420
9421
9422
9423
9424
9425
9426
9427
9428
9429
9430
9431
9433
9434
9435
9436
9437
9438
9439
9440
9441
9442
9443
9444
9445
9446
9447
9448
9449
9450
9452
9453
9454
9455
9457
9460
9461
9462
9463
9464
9465
9466
9467
9468
9469
9471
9472
9473
9474
9475
9476
9477
9478
9479
9480
9481
9482
9484
9485
9487
9489
9490
9492
9493
9494
9495
9496
9497
9499
9500
9501
9502
9503
9504
9505
9506
9507
9508
9509
9510
9512
9513
9514
9515
9516
9517
9518
9520
9521
9522
9523
9525
9526
9527
9528
9529
9530
9532
9533
9535
9536
9537
9538
9539
9540
9541
9542
9543
9545
9546
9548
9549
9550
9551
9552
9553
9554
9555
9556
9557
9558
9559
9560
9561
9562
9563
9564
9565
9566
9568
9569
9570
9571
9573
9574
9575
9576
9577
9578
9579
9580
9581
9582
9583
9584
9585
9586
9587
9588
9589
9590
9591
9592
9593
9596
9597
9599
9601
9602
9603
9605
9606
9607
9609
9610
9611
9612
9613
9614
9615
9616
9617
9618
9619
9620
9621
9622
9623
9625
9626
9627
9628
9629
9630
9632
9633
9634
9635
9636
9637
9638
9639
9640
9641
9642
9643
9645
9646
9647
9648
9649
9650
9651
9652
9653
9654
9655
9656
9657
9658
9659
9660
9662
9663
9664
9665
9666
9667
9668
9669
9670
9671
9672
9673
9674
9675
9676
9679
9680
9681
9683
9684
9685
9686
9687
9688
9689
9690
9691
9692
9693
9694
9696
9697
9698
9699
9700
9701
9703
9704
9705
9706
9707
9708
9709
9710
9711
9712
9713
9714
9715
9716
9717
9720
9721
9722
9723
9724
9725
9726
9727
9728
9729
9730
9731
9732
9733
9734
9735
9737
9738
9739
9740
9742
9743
9744
9745
9747
9749
9750
9751
9752
9753
9754
9755
9757
9758
9760
9761
9762
9763
9764
9766
9767
9768
9769
9770
9771
9772
9773
9774
9775
9776
9778
9779
9780
9781
9782
9783
9785
9786
9787
9788
9789
9790
9791
9793
9795
9797
9798
9799
9800
9801
9802
9803
9805
9806
9807
9808
9809
9810
9811
9812
9813
9814
9815
9816
9817
9818
9819
9820
9821
9822
9823
9825
9826
9827
9828
9829
9830
9831
9832
9833
9834
9835
9836
9837
9838
9840
9841
9842
9843
9845
9846
9847
9848
9849
9851
9852
9853
9854
9855
9856
9857
9858
9859
9861
9862
9863
9864
9865
9867
9868
9869
9870
9871
9872
9873
9874
9877
9878
9879
9880
9881
9882
9883
9884
9885
9886
9888
9889
9890
9891
9892
9893
9894
9895
9896
9897
9899
9900
9902
9903
9904
9905
9906
9907
9909
9911
9912
9914
9915
9918
9919
9920
9921
9922
9923
9924
9925
9926
9927
9928
9930
9931
9932
9933
9936
9937
9940
9941
9943
9944
9945
9947
9948
9949
9950
9951
9952
9953
9954
9955
9956
9958
9959
9960
9961
9962
9963
9964
9965
9966
9967
9968
9969
9970
9971
9972
9973
9974
9975
9976
9978
9979
9980
9981
9983
9984
9985
9986
9987
9988
9989
9990
9991
9992
9995
9996
9997
9998
9999
10000
10001
10002
10003
10004
10005
10006
10007
10008
10009
10010
10011
10012
10013
10014
10015
10016
10017
10018
10020
10021
10022
10024
10025
10027
10028
10029
10030
10031
10032
10033
10034
10035
10036
10037
10038
10039
10040
10041
10042
10043
10044
10046
10047
10049
10050
10052
10053
10054
10055
10056
10057
10058
10059
10060
10061
10063
10064
10065
10066
10067
10071
10073
10074
10075
10076
10077
10078
10079
10080
10082
10083
10084
10085
10087
10088
10089
10090
10092
10093
10094
10095
10097
10098
10102
10103
10104
10105
10107
10108
10111
10112
10113
10114
10115
10116
10118
10119
10120
10121
10122
10123
10124
10125
10126
10128
10130
10132
10133
10134
10135
10136
10137
10138
10139
10140
10141
10142
10143
10144
10145
10146
10147
10149
10150
10151
10152
10153
10154
10155
10156
10158
10159
10160
10161
10162
10163
10164
10165
10166
10167
10168
10169
10171
10172
10173
10174
10175
10176
10177
10179
10180
10181
10182
10184
10185
10186
10187
10188
10189
10190
10191
10193
10194
10195
10196
10197
10198
10199
10200
10202
10203
10204
10205
10206
10207
10208
10209
10211
10212
10213
10217
10218
10219
10220
10221
10222
10223
10226
10229
10230
10231
10232
10234
10235
10236
10238
10239
10240
10241
10242
10243
10245
10246
10248
10249
10250
10251
10252
10253
10254
10255
10256
10257
10258
10259
10260
10261
10262
10263
10264
10265
10266
10267
10268
10269
10270
10271
10272
10273
10275
10276
10277
10278
10279
10280
10281
10282
10283
10284
10285
10286
10287
10288
10289
10290
10291
10292
10294
10295
10296
10297
10298
10299
10300
10301
10302
10304
10305
10306
10307
10308
10309
10310
10311
10312
10313
10314
10315
10316
10317
10318
10319
10320
10321
10322
10323
10324
10325
10327
10329
10330
10331
10332
10333
10334
10335
10336
10337
10338
10339
10340
10341
10342
10343
10344
10345
10346
10347
10348
10349
10350
10351
10352
10354
10355
10356
10357
10358
10360
10361
10362
10364
10365
10366
10367
10368
10369
10370
10371
10372
10373
10374
10376
10377
10378
10379
10380
10381
10382
10383
10384
10386
10390
10391
10392
10393
10394
10396
10397
10398
10399
10400
10401
10402
10403
10404
10405
10406
10407
10408
10409
10410
10412
10413
10414
10415
10416
10417
10419
10420
10424
10425
10426
10427
10429
10430
10431
10432
10433
10434
10435
10436
10437
10441
10442
10443
10444
10445
10447
10450
10451
10452
10453
10454
10456
10457
10458
10459
10460
10464
10465
10466
10467
10468
10469
10470
10471
10472
10473
10474
10475
10476
10477
10478
10479
10480
10481
10482
10483
10484
10485
10486
10487
10488
10490
10491
10492
10493
10494
10495
10496
10497
10498
10499
10500
10501
10502
10503
10504
10505
10506
10507
10508
10510
10511
10512
10514
10515
10517
10518
10519
10521
10522
10523
10524
10525
10527
10528
10529
10530
10531
10532
10533
10534
10535
10536
10537
10539
10540
10542
10544
10545
10548
10551
10552
10553
10556
10557
10558
10559
10560
10561
10562
10563
10564
10565
10567
10569
10570
10571
10572
10573
10574
10576
10578
10579
10580
10581
10582
10583
10584
10585
10586
10588
10589
10590
10591
10592
10593
10594
10596
10597
10598
10599
10600
10601
10602
10603
10604
10605
10606
10608
10609
10610
10611
10612
10613
10614
10615
10616
10617
10618
10619
10620
10621
10622
10624
10625
10626
10627
10628
10630
10631
10632
10633
10634
10635
10636
10637
10639
10640
10641
10642
10643
10644
10646
10647
10649
10650
10653
10655
10656
10657
10658
10659
10660
10661
10662
10663
10664
10665
10666
10668
10669
10672
10673
10674
10675
10676
10677
10678
10680
10681
10684
10685
10686
10689
10690
10691
10692
10693
10694
10695
10696
10697
10698
10699
10700
10701
10702
10703
10704
10705
10706
10707
10708
10709
10710
10711
10712
10713
10714
10715
10716
10717
10720
10721
10723
10724
10725
10726
10727
10728
10729
10730
10731
10732
10733
10734
10735
10736
10737
10738
10739
10740
10741
10742
10743
10744
10746
10747
10748
10749
10750
10751
10752
10754
10755
10756
10757
10758
10759
10760
10761
10762
10763
10764
10765
10766
10767
10768
10771
10772
10774
10775
10776
10777
10778
10779
10781
10782
10784
10785
10786
10787
10788
10789
10790
10791
10792
10793
10794
10795
10796
10798
10799
10800
10801
10802
10804
10805
10806
10807
10808
10810
10811
10812
10813
10814
10816
10817
10818
10819
10820
10822
10823
10824
10825
10826
10827
10828
10829
10830
10831
10832
10833
10834
10835
10836
10837
10838
10839
10840
10841
10842
10843
10844
10845
10846
10847
10850
10851
10852
10853
10854
10855
10856
10858
10859
10860
10861
10862
10863
10864
10865
10866
10867
10868
10869
10870
10872
10873
10875
10876
10877
10878
10881
10882
10883
10884
10885
10886
10887
10889
10890
10891
10892
10893
10894
10895
10896
10897
10898
10899
10900
10901
10902
10903
10904
10906
10907
10908
10911
10912
10913
10914
10915
10916
10917
10920
10921
10922
10923
10925
10926
10927
10928
10929
10930
10931
10932
10933
10934
10936
10937
10938
10939
10940
10941
10942
10944
10946
10947
10948
10949
10950
10951
10952
10953
10954
10955
10956
10957
10958
10959
10960
10962
10963
10964
10966
10967
10968
10969
10970
10971
10972
10973
10974
10975
10976
10977
10978
10979
10980
10981
10982
10983
10984
10985
10986
10988
10989
10990
10991
10992
10993
10994
10995
10996
10997
10999
11000
11002
11003
11004
11006
11007
11008
11009
11010
11011
11012
11013
11014
11016
11017
11018
11019
11020
11021
11022
11023
11024
11025
11026
11028
11030
11031
11032
11033
11034
11036
11038
11039
11040
11044
11045
11046
11047
11048
11049
11051
11052
11053
11054
11055
11056
11057
11058
11059
11060
11061
11062
11063
11064
11065
11066
11067
11069
11070
11071
11072
11073
11074
11075
11076
11077
11078
11079
11080
11081
11083
11084
11085
11086
11087
11088
11089
11090
11091
11092
11093
11095
11096
11097
11098
11099
11100
11101
11102
11103
11104
11105
11106
11107
11108
11109
11111
11112
11113
11114
11115
11116
11117
11118
11119
11120
11121
11122
11123
11124
11125
11126
11127
11128
11129
11130
11131
11132
11133
11134
11135
11136
11137
11139
11140
11141
11142
11143
11144
11146
11147
11149
11150
11151
11152
11154
11156
11157
11158
11159
11160
11161
11162
11163
11164
11165
11167
11168
11170
11171
11172
11173
11174
11175
11176
11177
11179
11180
11181
11182
11183
11185
11186
11187
11188
11189
11190
11191
11192
11193
11194
11195
11196
11197
11198
11199
11201
11202
11203
11204
11205
11206
11207
11208
11209
11210
11211
11212
11214
11215
11216
11217
11218
11219
11220
11221
11222
11223
11224
11225
11227
11229
11230
11231
11232
11233
11234
11236
11237
11238
11239
11240
11241
11242
11243
11244
11245
11246
11247
11248
11249
11250
11251
11252
11253
11255
11256
11257
11258
11260
11261
11262
11263
11264
11265
11266
11267
11268
11269
11270
11271
11272
11273
11274
11278
11279
11280
11282
11283
11284
11286
11287
11288
11290
11291
11292
11293
11294
11295
11296
11297
11298
11299
11300
11302
11304
11305
11306
11307
11309
11310
11311
11312
11313
11314
11315
11316
11317
11318
11319
11320
11321
11322
11323
11324
11325
11326
11327
11329
11330
11331
11333
11334
11336
11337
11340
11342
11343
11344
11345
11346
11347
11348
11349
11350
11351
11352
11353
11354
11355
11356
11357
11358
11359
11360
11361
11362
11363
11365
11367
11368
11369
11371
11372
11374
11376
11377
11378
11379
11380
11381
11382
11383
11385
11386
11387
11389
11390
11391
11393
11394
11395
11396
11397
11398
11399
11400
11401
11402
11404
11406
11407
11409
11410
11411
11413
11414
11415
11416
11417
11418
11419
11420
11421
11422
11424
11425
11426
11427
11428
11429
11430
11431
11432
11433
11434
11435
11436
11438
11439
11440
11441
11442
11443
11444
11447
11448
11450
11451
11452
11453
11454
11455
11456
11457
11458
11459
11460
11461
11464
11465
11466
11467
11469
11471
11472
11473
11474
11476
11477
11478
11480
11481
11482
11483
11484
11485
11486
11487
11488
11489
11490
11491
11492
11493
11494
11495
11496
11497
11498
11499
11500
11501
11503
11504
11505
11506
11508
11509
11510
11511
11512
11513
11514
11516
11517
11518
11519
11521
11524
11525
11526
11527
11528
11529
11531
11532
11533
11534
11535
11536
11537
11538
11539
11540
11541
11542
11543
11544
11545
11546
11547
11548
11550
11551
11552
11553
11554
11555
11556
11557
11559
11560
11561
11562
11563
11564
11565
11566
11567
11568
11569
11570
11571
11572
11573
11574
11576
11577
11578
11579
11580
11583
11585
11587
11588
11589
11590
11591
11592
11593
11594
11595
11596
11597
11598
11601
11602
11603
11604
11605
11606
11607
11608
11609
11610
11611
11612
11613
11614
11615
11616
11617
11618
11619
11620
11621
11622
11623
11624
11626
11628
11629
11630
11631
11632
11633
11634
11635
11636
11637
11638
11639
11640
11641
11642
11643
11644
11645
11646
11647
11648
11650
11651
11652
11653
11654
11655
11656
11657
11658
11660
11661
11662
11663
11665
11666
11667
11668
11669
11670
11671
11672
11673
11674
11675
11676
11677
11678
11679
11680
11681
11684
11685
11686
11687
11688
11689
11690
11691
11693
11694
11695
11696
11697
11698
11699
11700
11701
11703
11704
11706
11707
11708
11709
11710
11712
11715
11716
11717
11718
11719
11720
11721
11722
11723
11724
11725
11726
11727
11728
11729
11730
11733
11734
11735
11736
11737
11740
11741
11743
11744
11745
11746
11747
11748
11750
11751
11752
11753
11755
11756
11757
11758
11760
11761
11762
11763
11764
11765
11766
11767
11768
11770
11771
11772
11774
11776
11777
11778
11780
11781
11782
11783
11784
11785
11787
11788
11789
11790
11791
11793
11794
11795
11796
11797
11798
11799
11800
11801
11802
11803
11804
11805
11806
11807
11809
11810
11811
11812
11814
11815
11816
11817
11818
11820
11821
11822
11823
11824
11825
11827
11828
11829
11830
11831
11832
11833
11834
11835
11836
11837
11838
11839
11842
11844
11845
11846
11847
11848
11849
11850
11851
11852
11853
11854
11855
11856
11857
11858
11859
11860
11861
11862
11863
11864
11868
11869
11870
11871
11872
11873
11874
11875
11877
11878
11879
11880
11881
11882
11883
11884
11886
11888
11889
11890
11892
11893
11894
11895
11896
11897
11898
11899
11900
11901
11904
11905
11906
11907
11908
11909
11910
11911
11912
11913
11914
11915
11916
11917
11918
11919
11921
11922
11923
11924
11925
11926
11927
11928
11929
11930
11931
11932
11933
11936
11937
11939
11940
11941
11942
11943
11944
11946
11947
11948
11949
11950
11951
11952
11953
11954
11955
11956
11957
11958
11959
11960
11961
11962
11963
11964
11965
11966
11967
11968
11969
11970
11971
11972
11973
11974
11975
11976
11977
11978
11979
11980
11981
11982
11983
11984
11985
11986
11987
11988
11990
11991
11992
11993
11994
11995
11997
11999
12000
12001
12002
12003
12005
12006
12007
12008
12009
12012
12013
12014
12015
12017
12018
12019
12021
12022
12023
12024
12025
12026
12028
12029
12030
12032
12033
12034
12036
12037
12040
12041
12043
12044
12045
12046
12048
12049
12050
12051
12052
12054
12055
12056
12058
12059
12060
12061
12062
12064
12065
12066
12067
12068
12070
12071
12072
12073
12074
12075
12076
12077
12078
12079
12080
12081
12082
12083
12084
12086
12087
12088
12089
12090
12091
12092
12095
12096
12097
12098
12099
12100
12101
12102
12103
12104
12105
12106
12107
12109
12110
12112
12113
12115
12116
12117
12118
12119
12120
12121
12123
12124
12125
12126
12128
12129
12130
12131
12132
12133
12134
12135
12136
12137
12138
12139
12140
12143
12145
12146
12147
12148
12149
12150
12151
12152
12153
12154
12156
12157
12159
12160
12161
12162
12163
12164
12165
12166
12167
12168
12169
12171
12172
12173
12174
12175
12176
12178
12179
12180
12181
12182
12183
12184
12185
12187
12188
12189
12191
12192
12193
12194
12195
12196
12197
12199
12200
12201
12202
12203
12204
12205
12207
12208
12210
12211
12212
12214
12215
12216
12217
12218
12219
12220
12221
12222
12223
12224
12225
12227
12228
12229
12230
12232
12233
12234
12235
12237
12238
12239
12240
12241
12242
12243
12244
12245
12246
12249
12250
12251
12253
12254
12255
12256
12257
12258
12259
12260
12261
12262
12263
12264
12265
12266
12267
12268
12269
12270
12271
12272
12273
12275
12277
12278
12279
12280
12282
12283
12285
12286
12287
12288
12290
12291
12292
12293
12294
12295
12296
12297
12298
12300
12301
12302
12304
12305
12306
12307
12308
12309
12310
12311
12312
12313
12314
12315
12316
12317
12321
12322
12323
12324
12325
12327
12331
12333
12334
12335
12336
12337
12338
12339
12340
12341
12342
12343
12344
12345
12346
12347
12348
12350
12351
12352
12353
12354
12356
12357
12358
12359
12361
12362
12364
12366
12367
12368
12370
12371
12373
12376
12377
12378
12379
12380
12381
12384
12385
12386
12388
12389
12390
12391
12393
12394
12395
12396
12397
12398
12399
12400
12401
12402
12403
12404
12405
12406
12408
12410
12412
12413
12414
12415
12416
12417
12418
12420
12421
12422
12423
12424
12425
12426
12427
12429
12430
12431
12432
12434
12435
12436
12437
12439
12442
12443
12444
12447
12448
12450
12451
12452
12453
12454
12455
12456
12457
12458
12459
12460
12461
12462
12463
12464
12465
12466
12471
12472
12473
12475
12476
12477
12478
12479
12480
12481
12482
12483
12484
12485
12486
12488
12489
12490
12491
12492
12493
12494
12495
12496
12497
12498
12499
12500
12502
12503
12505
12506
12507
12509
12510
12511
12513
12515
12516
12517
12518
12519
12520
12521
12523
12524
12525
12527
12528
12529
12530
12532
12533
12535
12536
12537
12538
12539
12540
12541
12542
12543
12544
12545
12546
12547
12548
12549
12550
12551
12552
12554
12556
12557
12558
12559
12561
12562
12563
12564
12566
12567
12569
12570
12571
12572
12573
12574
12576
12577
12578
12579
12580
12581
12582
12583
12584
12586
12587
12588
12590
12593
12594
12596
12597
12603
12604
12606
12607
12608
12609
12610
12611
12613
12615
12616
12618
12619
12620
12621
12622
12623
12624
12626
12627
12628
12629
12630
12631
12633
12636
12637
12639
12640
12641
12642
12643
12644
12645
12646
12647
12648
12649
12650
12653
12654
12655
12656
12657
12659
12661
12662
12663
12664
12665
12666
12667
12668
12669
12671
12672
12674
12675
12676
12678
12679
12680
12681
12682
12683
12684
12685
12686
12688
12689
12690
12691
12692
12693
12694
12695
12696
12697
12698
12699
12700
12701
12702
12704
12705
12706
12707
12708
12709
12710
12711
12712
12713
12714
12715
12716
12717
12718
12719
12720
12721
12722
12723
12724
12725
12726
12727
12728
12731
12732
12733
12734
12736
12737
12738
12739
12740
12741
12742
12743
12745
12747
12748
12749
12750
12751
12752
12753
12754
12755
12756
12757
12758
12759
12760
12762
12763
12764
12765
12766
12767
12768
12769
12770
12771
12774
12775
12776
12777
12778
12779
12780
12781
12782
12783
12784
12785
12786
12788
12789
12791
12792
12793
12794
12795
12796
12799
12800
12801
12802
12804
12805
12806
12807
12808
12809
12811
12812
12813
12815
12816
12817
12819
12820
12821
12822
12823
12824
12825
12826
12827
12828
12829
12830
12831
12832
12833
12834
12836
12837
12838
12841
12843
12844
12845
12846
12847
12848
12849
12850
12851
12852
12853
12854
12855
12857
12858
12859
12862
12863
12864
12865
12866
12867
12868
12869
12870
12871
12872
12873
12874
12875
12876
12877
12878
12880
12881
12882
12883
12884
12885
12887
12888
12889
12890
12891
12894
12895
12896
12898
12899
12900
12901
12902
12903
12904
12906
12907
12908
12909
12910
12912
12913
12914
12915
12916
12917
12920
12921
12922
12923
12924
12925
12926
12927
12928
12929
12931
12932
12934
12935
12936
12937
12938
12939
12940
12941
12942
12943
12944
12945
12946
12947
12948
12949
12950
12951
12952
12953
12954
12955
12957
12958
12959
12960
12961
12962
12964
12965
12966
12967
12968
12969
12971
12973
12974
12975
12976
12977
12979
12980
12981
12983
12984
12985
12986
12987
12991
12992
12993
12994
12995
12996
12997
13000
13001
13002
13004
13006
13007
13010
13011
13012
13013
13014
13015
13016
13017
13019
13022
13023
13024
13025
13026
13027
13028
13029
13030
13031
13033
13034
13035
13036
13037
13038
13039
13042
13043
13044
13045
13046
13047
13048
13049
13050
13051
13053
13054
13055
13056
13057
13059
13061
13062
13063
13064
13065
13066
13067
13068
13069
13071
13073
13076
13077
13079
13080
13081
13082
13083
13085
13086
13087
13088
13089
13091
13092
13093
13094
13095
13096
13097
13098
13099
13101
13102
13103
13104
13105
13106
13107
13109
13110
13111
13112
13113
13114
13118
13120
13121
13123
13124
13125
13126
13127
13128
13129
13130
13131
13132
13135
13136
13137
13138
13139
13140
13141
13142
13143
13144
13145
13146
13148
13149
13150
13151
13153
13154
13155
13156
13157
13158
13160
13161
13162
13163
13165
13166
13167
13168
13170
13171
13172
13173
13174
13175
13176
13177
13178
13179
13180
13181
13183
13184
13185
13186
13187
13188
13189
13190
13191
13192
13193
13196
13197
13199
13200
13201
13202
13203
13204
13205
13206
13207
13208
13209
13211
13212
13213
13214
13215
13216
13217
13218
13219
13220
13221
13222
13223
13224
13226
13227
13228
13229
13230
13232
13233
13235
13236
13237
13238
13239
13240
13242
13243
13244
13245
13246
13247
13248
13249
13250
13251
13252
13253
13254
13256
13257
13258
13259
13260
13261
13262
13263
13264
13265
13266
13267
13268
13269
13270
13271
13272
13273
13274
13276
13277
13278
13279
13280
13281
13282
13283
13284
13285
13286
13287
13288
13289
13290
13292
13293
13295
13296
13301
13302
13303
13304
13305
13306
13307
13309
13310
13311
13312
13313
13314
13315
13316
13317
13319
13320
13322
13323
13324
13325
13328
13329
13330
13331
13332
13333
13334
13335
13336
13337
13339
13340
13341
13343
13344
13345
13346
13348
13350
13351
13353
13354
13358
13359
13362
13363
13364
13365
13366
13367
13368
13369
13370
13371
13372
13373
13374
13375
13376
13377
13378
13379
13382
13383
13384
13385
13386
13387
13389
13390
13391
13392
13393
13394
13396
13397
13398
13399
13400
13402
13403
13404
13405
13407
13408
13410
13411
13412
13413
13414
13415
13416
13417
13418
13419
13420
13421
13422
13423
13424
13425
13426
13427
13428
13429
13430
13432
13434
13435
13437
13438
13439
13441
13442
13444
13445
13447
13448
13449
13451
13452
13453
13454
13455
13457
13458
13459
13460
13462
13464
13468
13470
13471
13473
13474
13475
13477
13478
13479
13480
13481
13482
13483
13485
13486
13487
13488
13489
13490
13491
13492
13494
13496
13497
13498
13500
13501
13503
13504
13505
13506
13507
13508
13509
13510
13511
13512
13513
13514
13515
13516
13518
13519
13520
13521
13522
13524
13525
13527
13529
13531
13532
13533
13534
13535
13536
13537
13538
13539
13540
13541
13542
13543
13544
13545
13547
13548
13550
13552
13553
13554
13555
13556
13557
13558
13559
13560
13561
13562
13563
13564
13565
13567
13568
13569
13571
13572
13573
13574
13575
13576
13578
13580
13581
13582
13583
13584
13585
13586
13587
13588
13591
13594
13595
13596
13597
13598
13599
13600
13602
13603
13605
13606
13607
13609
13611
13612
13613
13614
13616
13617
13618
13620
13621
13622
13623
13624
13626
13627
13628
13629
13630
13631
13632
13634
13635
13636
13637
13638
13639
13640
13641
13642
13643
13644
13645
13646
13648
13649
13651
13652
13653
13654
13655
13657
13658
13659
13660
13661
13662
13663
13664
13665
13666
13667
13668
13669
13670
13672
13673
13674
13675
13677
13678
13679
13681
13682
13683
13684
13685
13686
13687
13688
13689
13690
13691
13692
13694
13695
13697
13698
13699
13703
13704
13705
13706
13707
13708
13709
13711
13712
13713
13714
13715
13716
13717
13718
13719
13723
13724
13725
13726
13727
13728
13729
13731
13732
13733
13734
13736
13738
13739
13741
13742
13744
13745
13746
13747
13748
13749
13750
13751
13752
13753
13754
13755
13756
13757
13758
13759
13760
13761
13762
13763
13764
13765
13766
13768
13769
13771
13772
13773
13775
13776
13777
13778
13779
13780
13783
13784
13785
13786
13787
13788
13789
13791
13792
13794
13795
13797
13798
13800
13801
13802
13803
13804
13805
13806
13808
13809
13810
13811
13812
13813
13814
13816
13817
13818
13820
13822
13823
13826
13827
13828
13829
13830
13831
13832
13833
13834
13835
13837
13838
13839
13840
13841
13843
13844
13846
13847
13848
13849
13850
13851
13852
13853
13854
13855
13856
13857
13858
13859
13860
13862
13863
13864
13866
13867
13868
13870
13871
13873
13874
13875
13876
13877
13878
13879
13880
13881
13882
13883
13884
13885
13886
13887
13888
13890
13891
13892
13896
13897
13899
13900
13901
13902
13903
13904
13905
13906
13907
13908
13909
13910
13911
13912
13913
13914
13915
13917
13918
13920
13921
13923
13925
13926
13927
13928
13929
13932
13933
13934
13935
13936
13938
13939
13941
13942
13943
13944
13945
13946
13947
13948
13950
13951
13954
13955
13956
13957
13958
13960
13961
13962
13963
13964
13965
13966
13967
13968
13969
13970
13971
13972
13973
13974
13975
13976
13977
13978
13979
13980
13981
13982
13983
13984
13985
13986
13987
13990
13991
13992
13995
13996
13997
13998
13999
14000
14003
14004
14006
14007
14008
14009
14011
14012
14014
14015
14016
14018
14020
14021
14022
14023
14024
14025
14026
14028
14029
14030
14031
14032
14035
14036
14037
14039
14040
14041
14043
14045
14046
14047
14048
14050
14051
14052
14053
14055
14056
14057
14059
14060
14061
14064
14065
14067
14068
14069
14070
14071
14072
14073
14074
14076
14077
14078
14079
14080
14081
14082
14083
14084
14086
14087
14088
14089
14090
14091
14092
14094
14095
14097
14098
14100
14101
14102
14103
14104
14105
14106
14107
14108
14109
14110
14111
14112
14113
14114
14115
14116
14117
14118
14119
14120
14121
14122
14123
14124
14125
14128
14129
14131
14132
14134
14135
14136
14137
14138
14139
14140
14141
14142
14143
14144
14145
14146
14147
14148
14149
14151
14152
14153
14154
14155
14156
14157
14159
14160
14161
14162
14163
14164
14165
14166
14168
14169
14170
14171
14172
14174
14175
14176
14177
14178
14179
14180
14181
14182
14183
14184
14185
14186
14188
14189
14190
14191
14192
14193
14194
14195
14196
14197
14198
14199
14200
14202
14203
14204
14205
14206
14208
14209
14210
14212
14213
14214
14215
14217
14218
14219
14220
14221
14222
14223
14224
14225
14226
14228
14230
14231
14232
14233
14234
14235
14236
14237
14238
14239
14240
14241
14242
14243
14244
14245
14246
14247
14248
14249
14250
14251
14252
14254
14255
14256
14257
14258
14260
14261
14262
14263
14264
14265
14266
14267
14269
14270
14271
14272
14273
14274
14276
14280
14281
14282
14283
14284
14285
14286
14287
14288
14289
14290
14291
14292
14293
14294
14295
14296
14297
14299
14300
14301
14303
14304
14305
14306
14308
14311
14312
14314
14315
14316
14318
14319
14320
14322
14323
14324
14325
14327
14328
14330
14331
14332
14333
14334
14335
14336
14337
14338
14339
14340
14341
14342
14343
14344
14345
14346
14347
14348
14349
14351
14352
14354
14356
14358
14360
14361
14362
14365
14368
14369
14370
14371
14372
14373
14374
14375
14376
14377
14378
14380
14381
14382
14383
14384
14385
14386
14387
14388
14390
14391
14392
14394
14395
14397
14398
14399
14400
14401
14402
14404
14405
14406
14407
14408
14409
14410
14411
14413
14414
14415
14416
14417
14419
14420
14421
14423
14427
14428
14429
14430
14431
14432
14434
14435
14436
14439
14440
14441
14442
14443
14444
14445
14446
14447
14449
14450
14451
14452
14453
14454
14456
14457
14458
14459
14460
14461
14462
14463
14465
14468
14469
14470
14471
14472
14473
14475
14476
14477
14480
14481
14482
14485
14486
14487
14489
14490
14491
14493
14495
14496
14497
14499
14500
14501
14502
14503
14504
14505
14507
14508
14510
14511
14512
14513
14514
14515
14516
14517
14519
14520
14522
14523
14524
14525
14526
14528
14531
14532
14533
14535
14537
14539
14540
14541
14542
14543
14544
14545
14546
14547
14548
14549
14551
14552
14553
14554
14555
14556
14557
14558
14559
14560
14561
14562
14565
14566
14567
14569
14570
14572
14573
14574
14575
14576
14577
14579
14580
14581
14583
14585
14586
14587
14588
14589
14590
14591
14592
14593
14594
14595
14596
14598
14599
14600
14601
14602
14603
14605
14606
14607
14609
14610
14611
14613
14617
14618
14619
14621
14622
14623
14624
14625
14626
14627
14628
14629
14630
14632
14635
14636
14637
14641
14642
14643
14645
14646
14647
14648
14649
14650
14651
14653
14654
14657
14658
14659
14660
14661
14662
14663
14664
14666
14669
14670
14671
14672
14673
14674
14676
14677
14678
14679
14680
14681
14682
14683
14685
14686
14687
14688
14689
14690
14691
14692
14693
14695
14696
14698
14699
14700
14701
14702
14703
14704
14705
14706
14707
14708
14710
14711
14712
14713
14714
14715
14716
14717
14718
14720
14721
14722
14725
14726
14727
14728
14730
14731
14732
14733
14734
14736
14737
14738
14739
14740
14742
14743
14746
14747
14749
14750
14751
14752
14754
14755
14756
14757
14758
14759
14760
14762
14763
14764
14765
14766
14767
14768
14770
14771
14772
14773
14774
14775
14776
14777
14778
14779
14781
14782
14783
14784
14785
14787
14788
14789
14791
14792
14793
14794
14795
14796
14797
14798
14799
14800
14802
14803
14807
14808
14809
14810
14812
14813
14816
14817
14818
14819
14820
14821
14822
14823
14824
14825
14826
14827
14830
14832
14833
14834
14835
14836
14837
14838
14840
14842
14844
14846
14848
14849
14851
14852
14854
14855
14856
14857
14858
14860
14861
14862
14863
14864
14865
14866
14867
14868
14869
14870
14871
14872
14874
14876
14877
14880
14881
14883
14884
14885
14886
14887
14888
14890
14892
14893
14894
14895
14896
14897
14898
14901
14902
14904
14905
14906
14907
14908
14909
14910
14911
14912
14913
14914
14915
14916
14917
14918
14921
14923
14926
14927
14928
14929
14930
14931
14932
14933
14934
14936
14938
14940
14942
14943
14944
14945
14947
14949
14950
14951
14952
14953
14955
14956
14957
14958
14959
14960
14961
14962
14963
14964
14965
14968
14970
14971
14972
14973
14975
14976
14977
14978
14979
14980
14981
14982
14983
14984
14986
14987
14988
14989
14990
14991
14992
14993
14995
14996
14997
14999
15000
15002
15003
15004
15005
15006
15007
15008
15009
15010
15011
15012
15013
15015
15016
15018
15019
15020
15022
15023
15025
15026
15027
15028
15029
15030
15031
15034
15035
15036
15037
15038
15039
15040
15041
15042
15043
15044
15045
15047
15048
15049
15050
15051
15052
15054
15055
15057
15058
15059
15060
15062
15063
15064
15065
15066
15067
15069
15071
15072
15073
15074
15075
15077
15078
15080
15081
15082
15083
15086
15087
15089
15090
15092
15093
15094
15096
15097
15098
15100
15103
15104
15105
15106
15107
15112
15113
15114
15115
15116
15117
15118
15119
15120
15121
15122
15123
15124
15125
15126
15128
15129
15130
15131
15132
15135
15136
15137
15140
15141
15142
15144
15145
15146
15150
15153
15155
15156
15157
15160
15161
15162
15164
15165
15167
15168
15169
15170
15171
15173
15174
15175
15176
15177
15178
15180
15181
15183
15184
15185
15186
15189
15190
15192
15193
15194
15196
15197
15198
15199
15200
15201
15202
15204
15205
15206
15207
15208
15210
15211
15212
15213
15214
15215
15217
15218
15219
15220
15221
15222
15224
15225
15226
15227
15228
15229
15232
15233
15234
15235
15236
15238
15239
15240
15243
15244
15245
15246
15248
15249
15250
15252
15254
15257
15258
15259
15260
15262
15263
15264
15265
15267
15269
15270
15271
15272
15273
15275
15277
15278
15279
15280
15282
15284
15286
15287
15288
15289
15290
15291
15292
15293
15294
15295
15296
15297
15298
15299
15300
15301
15302
15304
15305
15306
15308
15309
15312
15313
15314
15315
15316
15318
15319
15321
15322
15324
15326
15327
15328
15329
15330
15331
15332
15334
15335
15336
15337
15339
15340
15341
15342
15344
15345
15346
15347
15349
15352
15353
15354
15355
15356
15358
15359
15360
15361
15365
15366
15367
15369
15370
15371
15372
15373
15374
15375
15376
15377
15378
15379
15380
15381
15382
15384
15385
15386
15387
15388
15389
15390
15391
15392
15393
15394
15395
15396
15397
15398
15399
15400
15401
15402
15403
15405
15406
15407
15408
15409
15410
15411
15412
15413
15414
15415
15416
15417
15418
15419
15421
15422
15423
15424
15425
15426
15427
15428
15429
15430
15431
15432
15433
15434
15435
15436
15437
15438
15440
15441
15444
15445
15446
15447
15448
15449
15450
15451
15452
15453
15455
15457
15460
15462
15463
15464
15465
15466
15467
15468
15469
15470
15471
15472
15473
15474
15475
15476
15478
15480
15481
15483
15484
15485
15486
15487
15488
15489
15490
15491
15492
15493
15494
15495
15496
15497
15499
15500
15501
15503
15504
15505
15507
15508
15510
15511
15512
15513
15514
15515
15516
15518
15523
15524
15525
15526
15527
15528
15529
15532
15536
15537
15538
15539
15540
15541
15542
15544
15545
15546
15547
15548
15550
15551
15552
15553
15555
15556
15557
15558
15559
15560
15561
15562
15563
15564
15566
15567
15568
15569
15570
15571
15572
15573
15574
15575
15576
15577
15578
15579
15580
15581
15582
15583
15584
15585
15586
15587
15588
15589
15591
15593
15594
15595
15596
15597
15598
15599
15600
15601
15603
15604
15605
15606
15608
15609
15610
15611
15612
15613
15614
15615
15616
15618
15619
15620
15622
15623
15625
15626
15627
15628
15629
15630
15632
15634
15635
15636
15637
15638
15639
15640
15642
15644
15645
15646
15647
15648
15650
15651
15653
15654
15655
15656
15658
15659
15660
15661
15662
15663
15664
15665
15666
15667
15669
15670
15671
15672
15673
15674
15675
15676
15679
15682
15683
15684
15686
15688
15689
15690
15692
15693
15694
15695
15696
15697
15698
15699
15700
15701
15702
15703
15704
15705
15706
15707
15708
15709
15710
15711
15713
15715
15716
15718
15719
15720
15721
15722
15724
15725
15727
15728
15729
15731
15732
15733
15734
15735
15736
15737
15738
15739
15740
15741
15742
15743
15745
15746
15747
15748
15749
15752
15754
15756
15758
15759
15762
15764
15765
15766
15767
15768
15769
15770
15771
15772
15773
15775
15776
15777
15778
15781
15782
15783
15784
15785
15786
15787
15788
15789
15790
15792
15793
15794
15795
15796
15797
15799
15802
15803
15804
15805
15808
15809
15810
15811
15812
15813
15814
15815
15816
15818
15819
15820
15821
15824
15825
15827
15831
15832
15833
15834
15835
15836
15837
15838
15839
15840
15841
15842
15843
15844
15845
15846
15847
15848
15850
15851
15853
15854
15855
15857
15858
15859
15860
15861
15862
15863
15864
15865
15866
15867
15868
15870
15871
15872
15873
15874
15876
15877
15878
15880
15882
15883
15884
15885
15886
15887
15888
15889
15891
15892
15893
15895
15896
15897
15899
15900
15901
15902
15903
15904
15905
15906
15907
15910
15911
15912
15916
15919
15921
15922
15924
15925
15927
15928
15929
15930
15931
15932
15933
15934
15935
15936
15937
15938
15939
15941
15943
15945
15946
15947
15948
15949
15950
15951
15952
15953
15954
15955
15956
15957
15958
15959
15960
15961
15962
15964
15965
15966
15967
15968
15969
15971
15972
15973
15975
15977
15978
15979
15980
15981
15982
15983
15984
15985
15987
15988
15991
15992
15993
15996
15998
15999
16000
16001
16002
16004
16005
16006
16007
16008
16009
16010
16011
16015
16016
16017
16018
16019
16020
16021
16022
16023
16024
16025
16026
16028
16029
16030
16032
16033
16034
16035
16036
16037
16038
16040
16041
16042
16043
16044
16045
16048
16049
16050
16052
16053
16055
16056
16058
16059
16060
16061
16063
16065
16066
16067
16068
16069
16070
16071
16072
16073
16075
16076
16077
16079
16080
16081
16082
16083
16084
16085
16086
16088
16089
16091
16092
16093
16095
16096
16097
16099
16100
16101
16103
16104
16105
16106
16107
16108
16109
16110
16111
16112
16113
16114
16115
16116
16117
16119
16121
16122
16124
16125
16126
16128
16131
16133
16134
16136
16137
16138
16139
16141
16142
16143
16144
16145
16147
16148
16149
16150
16151
16154
16155
16156
16157
16158
16159
16160
16162
16163
16164
16167
16168
16169
16171
16172
16174
16175
16177
16178
16180
16183
16184
16186
16187
16188
16189
16190
16191
16192
16193
16196
16197
16198
16201
16202
16203
16207
16208
16209
16211
16212
16213
16214
16216
16217
16218
16219
16220
16221
16222
16224
16225
16228
16229
16230
16231
16233
16234
16235
16236
16237
16238
16239
16240
16241
16243
16245
16246
16247
16248
16249
16250
16251
16252
16253
16254
16255
16256
16257
16258
16259
16260
16261
16262
16264
16268
16270
16271
16272
16274
16275
16276
16277
16278
16279
16280
16282
16284
16285
16286
16288
16290
16291
16293
16294
16295
16296
16297
16298
16299
16300
16301
16302
16304
16305
16307
16308
16309
16310
16312
16313
16314
16315
16317
16318
16319
16320
16321
16323
16324
16325
16327
16329
16330
16331
16332
16333
16334
16335
16336
16337
16338
16341
16343
16344
16345
16346
16347
16348
16349
16350
16351
16352
16354
16356
16357
16359
16360
16361
16362
16364
16366
16368
16369
16371
16372
16373
16376
16377
16378
16379
16380
16381
16382
16384
16385
16386
16390
16393
16394
16395
16396
16397
16398
16399
16400
16401
16402
16403
16404
16406
16407
16408
16409
16410
16411
16412
16414
16415
16417
16418
16420
16421
16422
16424
16425
16427
16429
16431
16432
16434
16435
16436
16439
16440
16442
16443
16444
16445
16447
16448
16449
16451
16452
16453
16456
16457
16461
16463
16465
16466
16467
16468
16469
16470
16471
16472
16473
16474
16475
16477
16478
16480
16481
16482
16484
16487
16490
16492
16493
16494
16495
16496
16497
16499
16500
16501
16502
16505
16506
16508
16509
16510
16514
16515
16516
16517
16518
16520
16521
16522
16523
16524
16525
16526
16528
16529
16530
16531
16532
16534
16535
16536
16538
16539
16540
16542
16543
16545
16546
16547
16548
16549
16550
16551
16552
16554
16555
16556
16558
16559
16560
16561
16562
16563
16564
16565
16566
16567
16568
16569
16570
16572
16573
16574
16575
16577
16578
16579
16580
16581
16582
16583
16584
16585
16586
16587
16590
16591
16592
16593
16594
16595
16596
16597
16598
16599
16601
16602
16603
16604
16606
16607
16608
16609
16610
16611
16612
16613
16614
16615
16616
16617
16618
16619
16620
16622
16623
16624
16626
16628
16629
16630
16631
16632
16633
16634
16635
16636
16637
16638
16639
16640
16642
16643
16644
16645
16646
16647
16648
16649
16651
16653
16654
16655
16656
16657
16658
16659
16661
16662
16664
16666
16668
16669
16671
16672
16673
16674
16675
16676
16677
16678
16679
16681
16682
16683
16684
16686
16687
16688
16690
16691
16692
16693
16694
16696
16697
16698
16699
16700
16701
16703
16704
16705
16706
16707
16709
16712
16713
16714
16717
16718
16720
16721
16722
16723
16724
16731
16733
16734
16736
16737
16738
16739
16740
16741
16742
16743
16744
16746
16747
16748
16749
16751
16752
16753
16754
16755
16756
16757
16758
16759
16760
16761
16762
16763
16764
16765
16766
16767
16768
16769
16770
16771
16772
16773
16774
16775
16776
16777
16778
16779
16781
16782
16783
16784
16786
16787
16789
16790
16792
16793
16794
16797
16798
16799
16800
16802
16803
16804
16805
16806
16807
16809
16810
16811
16812
16813
16814
16815
16816
16817
16818
16819
16820
16821
16823
16825
16826
16827
16828
16829
16830
16832
16833
16834
16836
16837
16838
16839
16840
16841
16842
16843
16844
16846
16847
16848
16849
16850
16853
16855
16856
16858
16859
16860
16862
16864
16865
16866
16867
16869
16870
16871
16872
16873
16874
16875
16876
16877
16878
16880
16881
16884
16885
16886
16888
16889
16890
16893
16894
16895
16896
16898
16899
16900
16901
16903
16904
16905
16906
16908
16909
16910
16911
16912
16913
16914
16915
16916
16917
16920
16921
16923
16924
16926
16927
16928
16929
16930
16931
16932
16933
16934
16935
16936
16937
16938
16939
16940
16941
16942
16943
16944
16945
16946
16947
16949
16950
16952
16954
16955
16956
16957
16958
16961
16962
16963
16964
16965
16966
16967
16968
16969
16971
16972
16973
16974
16975
16977
16979
16980
16981
16982
16984
16985
16986
16987
16988
16989
16991
16993
16994
16995
16996
16997
16998
16999
17002
17003
17005
17006
17008
17009
17010
17011
17012
17013
17015
17016
17018
17019
17020
17022
17023
17024
17027
17028
17029
17030
17034
17035
17037
17038
17039
17040
17041
17042
17043
17044
17045
17046
17047
17049
17050
17051
17052
17054
17058
17059
17061
17062
17064
17065
17066
17067
17068
17069
17070
17071
17073
17075
17076
17077
17078
17079
17080
17081
17082
17083
17084
17085
17086
17087
17088
17091
17092
17096
17097
17098
17099
17100
17101
17102
17104
17106
17108
17110
17111
17112
17114
17115
17116
17117
17118
17119
17120
17121
17122
17123
17126
17128
17129
17130
17132
17133
17134
17135
17136
17140
17142
17143
17144
17145
17146
17147
17150
17151
17152
17153
17154
17155
17156
17157
17158
17159
17160
17161
17162
17164
17166
17167
17168
17169
17171
17172
17173
17174
17175
17176
17177
17179
17180
17181
17182
17183
17185
17186
17187
17189
17190
17191
17193
17196
17197
17198
17199
17201
17202
17204
17205
17206
17207
17209
17210
17211
17212
17214
17218
17219
17220
17221
17222
17223
17224
17225
17226
17227
17229
17230
17231
17233
17234
17235
17237
17238
17239
17241
17245
17246
17247
17248
17249
17251
17252
17253
17254
17256
17257
17258
17259
17260
17261
17262
17263
17265
17266
17267
17268
17269
17270
17272
17273
17274
17277
17278
17279
17280
17281
17282
17283
17284
17286
17289
17290
17291
17292
17293
17294
17295
17296
17298
17301
17303
17304
17306
17307
17308
17310
17311
17312
17313
17314
17316
17317
17318
17319
17320
17321
17322
17323
17324
17325
17326
17328
17331
17332
17334
17335
17336
17340
17342
17343
17344
17345
17346
17347
17349
17351
17353
17354
17355
17358
17359
17360
17362
17363
17364
17365
17366
17369
17371
17372
17373
17374
17375
17376
17377
17379
17380
17381
17382
17383
17384
17385
17386
17388
17389
17390
17391
17392
17393
17394
17396
17397
17398
17399
17401
17403
17404
17405
17406
17409
17410
17411
17413
17414
17415
17417
17418
17420
17422
17423
17424
17425
17426
17427
17429
17430
17431
17432
17433
17435
17437
17438
17439
17440
17441
17442
17443
17445
17446
17448
17450
17452
17453
17454
17455
17456
17457
17458
17459
17460
17461
17462
17463
17464
17465
17466
17467
17469
17470
17471
17474
17476
17477
17479
17480
17481
17482
17483
17484
17486
17487
17488
17489
17490
17491
17492
17494
17495
17496
17497
17498
17500
17501
17502
17503
17504
17506
17508
17509
17510
17512
17513
17514
17515
17516
17519
17520
17521
17523
17524
17525
17526
17527
17528
17529
17530
17532
17533
17534
17535
17537
17538
17539
17540
17541
17542
17543
17544
17545
17546
17548
17549
17550
17551
17553
17554
17555
17556
17560
17561
17562
17564
17565
17566
17568
17569
17571
17572
17573
17574
17575
17576
17577
17578
17579
17580
17581
17582
17583
17584
17585
17586
17587
17588
17589
17590
17591
17592
17593
17594
17596
17597
17598
17599
17600
17602
17603
17606
17607
17608
17609
17610
17612
17614
17615
17617
17619
17620
17622
17623
17624
17625
17626
17627
17628
17629
17632
17633
17634
17635
17636
17637
17638
17639
17640
17641
17642
17643
17645
17646
17648
17649
17650
17651
17652
17653
17655
17656
17657
17659
17660
17661
17663
17664
17667
17668
17670
17671
17673
17674
17675
17676
17679
17680
17681
17682
17683
17684
17685
17688
17689
17690
17691
17692
17693
17696
17697
17698
17699
17700
17701
17702
17703
17704
17705
17706
17708
17709
17710
17711
17712
17714
17717
17718
17720
17721
17722
17723
17724
17726
17728
17730
17731
17733
17734
17736
17737
17738
17740
17741
17742
17743
17744
17745
17747
17748
17749
17750
17751
17752
17754
17755
17756
17757
17758
17759
17760
17761
17762
17763
17764
17765
17766
17768
17769
17770
17771
17772
17773
17774
17775
17776
17778
17781
17782
17784
17785
17786
17787
17788
17789
17790
17791
17792
17794
17795
17796
17797
17799
17800
17801
17802
17803
17804
17805
17806
17807
17809
17810
17811
17812
17813
17814
17815
17816
17818
17819
17820
17822
17823
17824
17826
17827
17828
17829
17830
17831
17833
17834
17835
17837
17839
17840
17841
17843
17844
17845
17847
17848
17851
17852
17854
17855
17856
17857
17858
17859
17860
17861
17862
17864
17866
17867
17868
17869
17870
17872
17873
17877
17878
17879
17880
17881
17882
17883
17884
17885
17887
17890
17891
17894
17896
17897
17898
17899
17900
17901
17902
17904
17907
17908
17909
17910
17911
17912
17913
17915
17916
17917
17918
17919
17920
17921
17923
17924
17925
17926
17930
17931
17932
17933
17934
17936
17938
17939
17940
17941
17943
17944
17948
17951
17952
17953
17954
17955
17956
17957
17958
17959
17961
17962
17963
17965
17966
17967
17969
17970
17971
17972
17973
17974
17975
17977
17978
17979
17980
17981
17982
17985
17987
17988
17990
17991
17992
17994
17995
17996
17997
17998
17999
18000
18002
18003
18004
18005
18006
18008
18009
18010
18011
18013
18014
18015
18016
18017
18018
18019
18020
18021
18022
18023
18024
18025
18028
18029
18030
18031
18032
18033
18034
18035
18036
18037
18038
18040
18041
18042
18043
18044
18045
18046
18047
18048
18050
18051
18052
18053
18054
18055
18056
18057
18059
18061
18063
18065
18066
18069
18070
18071
18075
18077
18078
18079
18081
18082
18084
18085
18086
18088
18089
18090
18091
18092
18093
18094
18096
18097
18100
18101
18103
18104
18105
18106
18107
18108
18109
18110
18112
18114
18115
18116
18117
18118
18119
18120
18121
18122
18125
18126
18127
18128
18129
18130
18131
18132
18133
18135
18136
18137
18139
18140
18141
18142
18145
18146
18148
18149
18151
18152
18153
18154
18155
18156
18158
18160
18162
18164
18165
18166
18168
18169
18170
18171
18172
18173
18175
18176
18177
18178
18179
18180
18181
18182
18183
18184
18185
18186
18187
18188
18191
18193
18194
18195
18198
18199
18200
18202
18203
18204
18205
18206
18207
18208
18209
18210
18211
18212
18214
18215
18216
18218
18220
18221
18222
18224
18226
18227
18230
18232
18233
18234
18235
18236
18237
18238
18239
18243
18247
18248
18249
18250
18251
18252
18253
18257
18258
18260
18261
18263
18264
18265
18267
18268
18270
18271
18273
18274
18275
18276
18277
18278
18279
18280
18282
18283
18284
18285
18287
18288
18289
18290
18291
18292
18293
18295
18296
18298
18299
18300
18301
18302
18304
18305
18306
18307
18308
18309
18310
18311
18313
18315
18316
18318
18319
18321
18322
18323
18325
18326
18327
18328
18330
18331
18332
18334
18335
18336
18338
18340
18341
18342
18343
18346
18347
18348
18349
18350
18351
18352
18353
18356
18357
18359
18361
18362
18363
18364
18365
18366
18367
18368
18369
18370
18371
18372
18373
18374
18375
18376
18377
18378
18381
18382
18383
18384
18385
18386
18387
18388
18389
18390
18391
18392
18393
18394
18395
18396
18397
18398
18400
18401
18402
18404
18405
18406
18407
18408
18409
18410
18411
18412
18413
18414
18415
18416
18417
18418
18420
18422
18424
18425
18426
18427
18428
18430
18431
18433
18434
18435
18436
18439
18440
18442
18443
18444
18445
18447
18450
18452
18453
18455
18456
18457
18458
18459
18460
18461
18462
18464
18465
18466
18467
18468
18469
18470
18471
18472
18473
18475
18476
18478
18479
18482
18483
18484
18485
18486
18487
18488
18492
18493
18496
18498
18499
18500
18502
18503
18504
18505
18506
18509
18510
18512
18513
18514
18515
18516
18518
18519
18520
18521
18522
18523
18524
18525
18526
18528
18529
18530
18531
18532
18533
18534
18535
18536
18537
18538
18539
18541
18543
18544
18545
18546
18549
18551
18552
18553
18554
18555
18557
18559
18560
18562
18563
18564
18565
18566
18567
18568
18569
18570
18571
18572
18573
18574
18575
18577
18578
18579
18582
18583
18585
18586
18587
18588
18589
18590
18591
18592
18594
18595
18596
18597
18598
18599
18600
18601
18605
18606
18608
18610
18611
18612
18613
18614
18615
18616
18617
18618
18619
18620
18621
18622
18623
18624
18626
18627
18630
18631
18633
18634
18638
18639
18641
18642
18643
18644
18645
18646
18648
18649
18650
18651
18652
18654
18655
18656
18657
18658
18661
18662
18663
18664
18667
18668
18670
18671
18673
18675
18676
18677
18678
18680
18681
18682
18683
18685
18686
18687
18689
18690
18695
18696
18700
18701
18702
18704
18705
18706
18707
18708
18709
18710
18711
18713
18714
18715
18716
18720
18721
18722
18724
18725
18726
18727
18729
18730
18731
18732
18733
18734
18735
18737
18738
18739
18740
18743
18744
18745
18746
18747
18748
18750
18751
18752
18753
18754
18755
18757
18760
18761
18762
18763
18766
18768
18769
18770
18771
18772
18773
18775
18776
18777
18778
18779
18781
18782
18783
18785
18786
18788
18789
18790
18791
18793
18794
18795
18796
18797
18800
18801
18803
18804
18805
18807
18808
18809
18810
18811
18814
18815
18816
18817
18818
18819
18820
18821
18823
18824
18826
18827
18828
18830
18831
18833
18834
18835
18836
18837
18838
18839
18842
18843
18844
18847
18848
18853
18854
18856
18857
18858
18859
18861
18863
18864
18865
18867
18868
18869
18870
18871
18872
18873
18874
18875
18876
18877
18878
18879
18880
18882
18883
18884
18886
18887
18888
18890
18892
18893
18894
18895
18896
18897
18898
18899
18900
18901
18902
18904
18905
18906
18907
18908
18909
18910
18912
18913
18916
18917
18918
18919
18920
18922
18923
18924
18926
18927
18929
18930
18932
18933
18934
18935
18936
18937
18939
18941
18942
18943
18944
18946
18947
18948
18949
18950
18951
18952
18953
18955
18957
18958
18959
18960
18961
18962
18964
18966
18967
18970
18971
18973
18974
18975
18977
18978
18981
18982
18983
18984
18985
18987
18988
18989
18990
18991
18992
18993
18997
18998
19000
19001
19002
19003
19005
19006
19007
19009
19010
19011
19012
19013
19014
19018
19019
19020
19021
19022
19023
19024
19025
19026
19027
19028
19029
19030
19032
19033
19034
19038
19039
19041
19042
19043
19044
19045
19046
19047
19048
19049
19050
19051
19053
19055
19056
19058
19060
19062
19063
19064
19066
19068
19070
19072
19074
19076
19077
19078
19079
19080
19081
19083
19084
19085
19086
19087
19088
19089
19092
19094
19095
19096
19099
19100
19101
19102
19103
19104
19105
19106
19107
19108
19109
19110
19111
19112
19113
19114
19115
19116
19117
19119
19120
19123
19126
19128
19129
19130
19132
19133
19135
19136
19137
19139
19141
19142
19143
19145
19148
19150
19152
19153
19155
19156
19159
19160
19162
19163
19164
19165
19166
19167
19170
19172
19173
19174
19175
19177
19178
19179
19181
19182
19183
19184
19185
19186
19187
19189
19190
19192
19193
19194
19195
19196
19197
19200
19201
19204
19205
19206
19207
19208
19209
19210
19211
19212
19213
19214
19216
19217
19218
19219
19220
19221
19222
19224
19225
19226
19228
19229
19231
19233
19234
19235
19237
19238
19239
19240
19242
19244
19246
19247
19248
19249
19251
19252
19253
19254
19255
19256
19258
19259
19260
19261
19263
19264
19266
19268
19269
19270
19271
19272
19274
19275
19276
19277
19278
19279
19280
19281
19283
19284
19285
19287
19288
19290
19291
19292
19293
19294
19296
19297
19298
19299
19300
19301
19302
19303
19304
19305
19306
19307
19308
19309
19310
19312
19313
19314
19315
19317
19318
19319
19320
19321
19322
19323
19324
19325
19328
19329
19330
19331
19332
19333
19334
19335
19336
19337
19338
19339
19342
19344
19345
19346
19348
19349
19350
19351
19352
19354
19355
19359
19360
19362
19363
19364
19365
19366
19367
19368
19369
19370
19372
19373
19374
19375
19376
19377
19379
19382
19383
19384
19385
19386
19387
19388
19389
19390
19391
19392
19393
19394
19395
19396
19397
19398
19401
19402
19404
19405
19406
19407
19408
19409
19410
19411
19412
19413
19415
19416
19417
19418
19421
19423
19424
19425
19427
19428
19429
19430
19432
19433
19434
19435
19437
19438
19439
19441
19443
19444
19447
19448
19449
19450
19452
19453
19455
19457
19458
19460
19461
19462
19463
19464
19465
19466
19468
19470
19471
19473
19474
19475
19478
19479
19480
19481
19482
19483
19484
19485
19486
19487
19488
19489
19490
19491
19492
19493
19495
19498
19499
19502
19503
19504
19505
19506
19509
19510
19511
19512
19514
19515
19516
19517
19520
19521
19522
19524
19525
19526
19527
19528
19529
19530
19533
19534
19536
19537
19538
19539
19540
19541
19542
19543
19544
19547
19551
19552
19555
19556
19557
19558
19559
19561
19562
19563
19564
19565
19566
19567
19568
19569
19570
19572
19573
19576
19577
19579
19580
19581
19582
19583
19584
19585
19586
19587
19588
19589
19590
19591
19592
19593
19596
19597
19598
19599
19600
19602
19603
19604
19605
19606
19608
19609
19610
19611
19612
19613
19615
19616
19618
19619
19620
19621
19622
19623
19625
19627
19628
19629
19630
19632
19633
19634
19635
19636
19638
19639
19641
19642
19643
19644
19645
19646
19648
19649
19650
19651
19652
19653
19654
19655
19657
19658
19659
19660
19661
19662
19663
19666
19667
19668
19669
19670
19671
19673
19674
19675
19676
19677
19678
19679
19680
19681
19682
19685
19686
19687
19688
19689
19690
19691
19693
19696
19698
19699
19700
19701
19702
19703
19707
19708
19710
19711
19712
19713
19714
19716
19717
19718
19720
19722
19723
19724
19725
19726
19727
19728
19729
19730
19731
19732
19733
19735
19736
19738
19739
19740
19741
19743
19744
19745
19747
19748
19749
19752
19753
19754
19755
19757
19761
19763
19764
19765
19766
19767
19768
19769
19771
19772
19773
19774
19776
19777
19778
19779
19781
19783
19784
19787
19788
19789
19790
19792
19793
19794
19795
19797
19798
19800
19806
19807
19808
19809
19810
19811
19813
19814
19815
19816
19818
19819
19820
19821
19823
19824
19826
19827
19830
19831
19832
19833
19834
19835
19840
19841
19842
19843
19844
19845
19846
19848
19849
19850
19851
19852
19854
19857
19859
19860
19861
19862
19863
19864
19865
19866
19867
19868
19869
19870
19871
19872
19873
19874
19877
19878
19879
19881
19886
19887
19888
19889
19890
19892
19893
19894
19896
19899
19900
19902
19903
19908
19910
19911
19912
19913
19916
19917
19919
19921
19922
19923
19924
19925
19927
19930
19931
19933
19934
19935
19936
19937
19938
19939
19940
19941
19942
19943
19944
19946
19947
19948
19949
19950
19951
19953
19954
19957
19959
19960
19961
19962
19963
19965
19966
19967
19968
19969
19970
19974
19977
19978
19980
19981
19983
19985
19986
19987
19988
19989
19991
19995
19999
20000
20001
20002
20003
20004
20006
20007
20009
20010
20011
20012
20013
20014
20015
20017
20018
20019
20020
20021
20022
20024
20025
20026
20027
20028
20030
20031
20032
20034
20035
20036
20038
20040
20042
20043
20044
20045
20046
20047
20048
20049
20050
20051
20052
20053
20054
20056
20057
20058
20060
20062
20063
20064
20066
20067
20068
20069
20070
20071
20072
20073
20075
20076
20077
20078
20079
20080
20082
20085
20086
20087
20089
20090
20093
20094
20095
20097
20098
20099
20100
20102
20104
20105
20106
20107
20108
20109
20110
20111
20112
20113
20114
20115
20116
20117
20120
20122
20123
20124
20125
20126
20127
20130
20131
20134
20135
20138
20139
20140
20142
20144
20145
20146
20149
20151
20152
20153
20155
20158
20159
20160
20161
20162
20163
20164
20166
20167
20169
20170
20171
20172
20173
20174
20175
20176
20177
20178
20179
20181
20182
20183
20184
20185
20189
20190
20191
20192
20193
20194
20195
20198
20199
20200
20203
20204
20205
20206
20207
20209
20212
20213
20215
20216
20217
20218
20220
20221
20223
20224
20226
20227
20228
20229
20230
20231
20232
20233
20234
20235
20236
20237
20238
20239
20240
20242
20243
20244
20245
20249
20250
20251
20253
20254
20255
20256
20257
20258
20259
20260
20262
20263
20265
20266
20267
20268
20269
20270
20271
20273
20274
20275
20276
20277
20279
20280
20282
20283
20285
20286
20287
20288
20289
20290
20291
20292
20293
20295
20296
20297
20299
20302
20303
20304
20305
20306
20307
20308
20309
20310
20311
20312
20314
20315
20318
20319
20320
20321
20322
20323
20324
20326
20327
20328
20332
20333
20334
20335
20337
20338
20340
20341
20342
20343
20344
20346
20348
20351
20352
20353
20356
20357
20358
20359
20360
20361
20362
20363
20364
20365
20366
20367
20368
20370
20372
20373
20374
20375
20376
20377
20378
20379
20381
20382
20383
20384
20385
20386
20387
20388
20389
20390
20391
20392
20393
20394
20396
20397
20400
20403
20404
20406
20408
20409
20411
20412
20413
20414
20415
20416
20417
20418
20419
20420
20421
20422
20424
20426
20427
20428
20430
20431
20432
20433
20434
20435
20438
20439
20440
20441
20442
20444
20446
20447
20449
20450
20453
20454
20455
20456
20457
20459
20460
20461
20463
20464
20465
20466
20467
20468
20469
20470
20471
20472
20473
20474
20475
20476
20477
20479
20480
20482
20483
20484
20485
20486
20488
20489
20490
20491
20492
20495
20496
20497
20498
20499
20500
20502
20503
20504
20505
20506
20507
20508
20509
20510
20511
20512
20513
20518
20519
20522
20523
20524
20526
20529
20531
20532
20533
20536
20537
20538
20539
20542
20543
20544
20545
20546
20547
20548
20549
20550
20552
20554
20555
20557
20558
20559
20561
20562
20563
20564
20566
20567
20568
20569
20570
20572
20576
20577
20578
20579
20580
20581
20584
20589
20590
20591
20592
20593
20594
20596
20597
20598
20600
20601
20604
20607
20609
20610
20611
20612
20614
20615
20616
20617
20618
20619
20621
20622
20623
20624
20626
20627
20629
20630
20631
20632
20633
20634
20635
20636
20639
20640
20641
20642
20643
20644
20646
20648
20650
20653
20654
20655
20656
20657
20658
20659
20660
20662
20663
20664
20665
20666
20667
20668
20670
20671
20673
20676
20677
20678
20679
20680
20682
20683
20684
20685
20687
20688
20689
20690
20691
20692
20693
20694
20695
20696
20699
20701
20702
20703
20704
20705
20706
20707
20708
20711
20712
20713
20714
20715
20716
20719
20720
20721
20722
20723
20724
20725
20727
20728
20729
20730
20731
20732
20733
20734
20735
20736
20738
20741
20742
20743
20744
20746
20748
20749
20750
20751
20752
20754
20755
20757
20758
20759
20760
20761
20762
20763
20764
20765
20766
20768
20769
20770
20771
20772
20775
20776
20778
20781
20782
20783
20784
20785
20787
20790
20791
20792
20796
20797
20798
20799
20800
20801
20804
20805
20807
20808
20809
20810
20811
20812
20814
20815
20816
20818
20819
20821
20822
20825
20826
20827
20828
20829
20830
20831
20832
20834
20836
20837
20838
20840
20843
20844
20846
20848
20849
20850
20851
20852
20854
20856
20857
20858
20859
20860
20861
20862
20863
20864
20865
20868
20869
20870
20871
20872
20874
20875
20877
20878
20879
20880
20881
20882
20884
20885
20886
20887
20888
20889
20890
20892
20894
20895
20897
20898
20901
20902
20903
20905
20906
20908
20909
20910
20911
20912
20913
20916
20918
20920
20922
20923
20926
20927
20928
20929
20932
20933
20934
20937
20938
20939
20940
20942
20943
20945
20946
20947
20948
20949
20950
20951
20952
20953
20954
20955
20956
20957
20958
20959
20960
20961
20963
20964
20965
20966
20967
20968
20969
20970
20971
20972
20973
20974
20975
20978
20979
20980
20981
20982
20984
20986
20987
20988
20989
20990
20991
20992
20993
20994
20999
21000
21001
21002
21003
21004
21005
21006
21007
21010
21011
21013
21014
21016
21017
21018
21019
21022
21023
21024
21025
21026
21027
21029
21031
21033
21035
21036
21037
21038
21040
21041
21042
21043
21044
21046
21048
21049
21050
21051
21052
21054
21055
21056
21059
21060
21061
21063
21065
21066
21068
21069
21070
21072
21073
21074
21076
21077
21078
21079
21080
21081
21083
21086
21087
21088
21089
21090
21091
21092
21093
21094
21095
21096
21097
21099
21100
21101
21102
21103
21104
21105
21106
21107
21108
21109
21111
21112
21113
21114
21116
21117
21118
21119
21120
21121
21122
21123
21124
21125
21126
21127
21129
21131
21132
21134
21135
21136
21138
21139
21141
21142
21143
21144
21145
21146
21147
21148
21149
21150
21151
21152
21153
21154
21155
21156
21157
21158
21159
21160
21161
21163
21164
21165
21166
21167
21170
21171
21172
21174
21175
21176
21177
21179
21181
21183
21186
21187
21189
21191
21192
21193
21195
21196
21197
21199
21200
21201
21202
21203
21204
21205
21206
21207
21208
21209
21211
21213
21214
21215
21216
21217
21218
21219
21220
21221
21222
21224
21226
21227
21228
21229
21230
21232
21233
21234
21236
21238
21239
21240
21241
21243
21244
21246
21248
21250
21251
21252
21253
21254
21256
21257
21258
21260
21261
21262
21263
21264
21269
21270
21272
21273
21274
21275
21276
21277
21278
21279
21280
21282
21283
21284
21285
21286
21288
21289
21290
21291
21292
21293
21294
21295
21297
21298
21299
21301
21302
21303
21304
21306
21307
21308
21309
21310
21312
21316
21320
21321
21322
21323
21324
21325
21326
21327
21328
21329
21330
21331
21332
21333
21334
21335
21337
21339
21340
21341
21342
21343
21344
21345
21346
21348
21349
21351
21352
21354
21356
21357
21358
21359
21360
21362
21363
21365
21366
21367
21368
21369
21370
21371
21372
21373
21374
21375
21377
21378
21380
21381
21382
21383
21384
21386
21387
21389
21390
21391
21393
21394
21395
21396
21397
21398
21399
21400
21402
21405
21406
21408
21410
21411
21412
21413
21414
21415
21417
21419
21420
21422
21423
21424
21425
21426
21427
21428
21429
21430
21433
21434
21435
21436
21437
21439
21441
21442
21443
21449
21450
21452
21453
21454
21455
21456
21458
21459
21461
21463
21464
21467
21470
21472
21473
21474
21475
21476
21477
21478
21479
21481
21482
21483
21485
21487
21489
21490
21491
21493
21494
21495
21496
21497
21498
21500
21501
21502
21503
21504
21506
21507
21510
21511
21512
21513
21515
21516
21517
21518
21520
21521
21523
21524
21525
21526
21527
21528
21530
21531
21532
21533
21535
21536
21537
21538
21539
21540
21541
21543
21544
21545
21546
21547
21548
21549
21550
21551
21553
21554
21555
21556
21557
21558
21559
21560
21561
21562
21563
21564
21566
21567
21568
21569
21571
21572
21573
21574
21575
21576
21578
21579
21582
21588
21589
21592
21593
21595
21597
21598
21600
21601
21603
21604
21605
21606
21607
21610
21611
21612
21613
21614
21615
21616
21617
21618
21619
21620
21621
21623
21624
21625
21627
21628
21629
21631
21632
21633
21634
21635
21636
21637
21639
21640
21641
21642
21645
21647
21649
21650
21652
21653
21655
21657
21658
21660
21661
21663
21665
21666
21667
21668
21670
21672
21674
21675
21676
21677
21679
21680
21681
21682
21683
21684
21685
21687
21689
21690
21692
21693
21694
21697
21698
21699
21700
21701
21703
21704
21705
21706
21708
21709
21710
21711
21712
21714
21715
21716
21720
21721
21724
21726
21729
21730
21731
21733
21734
21736
21737
21738
21739
21740
21743
21745
21746
21747
21748
21750
21753
21755
21756
21758
21759
21761
21763
21764
21765
21766
21767
21768
21769
21772
21773
21774
21775
21777
21778
21780
21782
21783
21785
21790
21791
21792
21793
21794
21796
21797
21798
21799
21800
21803
21804
21805
21806
21807
21808
21811
21812
21813
21814
21815
21816
21817
21820
21822
21824
21825
21826
21827
21828
21830
21831
21833
21834
21835
21837
21838
21839
21840
21842
21843
21844
21845
21847
21848
21849
21850
21851
21852
21853
21854
21856
21858
21859
21860
21861
21863
21864
21867
21868
21869
21871
21873
21874
21878
21879
21880
21881
21883
21884
21885
21887
21888
21889
21890
21891
21892
21893
21894
21895
21897
21898
21899
21900
21901
21902
21903
21904
21905
21907
21908
21909
21910
21912
21915
21916
21917
21918
21919
21920
21921
21922
21923
21924
21925
21926
21928
21929
21930
21934
21936
21938
21941
21942
21945
21946
21947
21948
21950
21951
21952
21954
21956
21957
21958
21961
21962
21963
21964
21965
21966
21969
21971
21973
21974
21976
21977
21979
21982
21984
21985
21986
21987
21988
21989
21990
21991
21992
21994
21995
21997
21998
21999
22000
22001
22003
22004
22005
22006
22007
22008
22009
22010
22011
22013
22014
22016
22017
22019
22021
22022
22024
22025
22027
22028
22029
22030
22031
22032
22033
22034
22036
22038
22039
22040
22041
22043
22044
22045
22046
22047
22048
22050
22051
22052
22054
22055
22057
22059
22060
22061
22062
22063
22064
22066
22067
22068
22070
22071
22072
22073
22075
22076
22078
22080
22081
22082
22084
22085
22090
22091
22092
22093
22095
22096
22098
22100
22101
22103
22104
22106
22108
22109
22110
22112
22113
22114
22116
22117
22120
22121
22125
22126
22127
22128
22129
22131
22132
22134
22136
22137
22140
22141
22142
22143
22144
22147
22149
22150
22151
22152
22153
22154
22157
22158
22159
22163
22165
22166
22167
22168
22169
22170
22171
22172
22175
22176
22177
22178
22179
22180
22181
22182
22184
22185
22187
22188
22190
22191
22195
22196
22197
22198
22200
22202
22203
22205
22206
22207
22208
22211
22212
22213
22217
22219
22220
22221
22222
22224
22225
22227
22228
22229
22230
22231
22232
22233
22235
22236
22238
22239
22240
22241
22242
22245
22246
22247
22249
22250
22251
22253
22254
22255
22256
22257
22258
22259
22260
22263
22265
22266
22267
22268
22269
22270
22271
22272
22273
22274
22275
22278
22279
22280
22281
22283
22284
22285
22287
22289
22290
22291
22294
22295
22296
22297
22299
22301
22302
22303
22304
22305
22306
22307
22308
22309
22310
22311
22312
22313
22315
22316
22318
22319
22320
22322
22323
22324
22325
22326
22327
22328
22330
22331
22334
22335
22336
22338
22339
22341
22342
22344
22346
22348
22349
22350
22353
22354
22355
22360
22361
22362
22363
22364
22365
22367
22369
22370
22371
22372
22373
22374
22375
22377
22379
22380
22381
22382
22384
22386
22387
22389
22391
22392
22393
22394
22395
22396
22397
22398
22399
22401
22405
22406
22407
22408
22409
22410
22411
22414
22415
22416
22417
22418
22419
22420
22421
22422
22424
22426
22428
22429
22430
22431
22432
22433
22435
22437
22439
22440
22441
22442
22443
22444
22445
22446
22447
22448
22449
22450
22451
22453
22455
22456
22458
22459
22460
22461
22462
22464
22465
22467
22468
22469
22470
22471
22475
22476
22477
22479
22480
22481
22483
22484
22486
22487
22491
22493
22494
22498
22499
22500
22501
22502
22503
22505
22507
22509
22510
22512
22513
22514
22515
22516
22517
22518
22520
22521
22523
22524
22526
22527
22528
22529
22530
22532
22534
22535
22536
22538
22541
22542
22544
22545
22546
22548
22549
22550
22553
22556
22558
22559
22560
22562
22563
22564
22565
22567
22569
22570
22572
22573
22574
22575
22576
22577
22578
22579
22580
22582
22583
22584
22585
22586
22587
22588
22590
22591
22592
22593
22594
22595
22596
22597
22598
22599
22600
22601
22602
22603
22605
22607
22608
22609
22610
22612
22613
22617
22618
22619
22621
22622
22623
22624
22625
22626
22627
22629
22630
22631
22632
22634
22635
22636
22637
22638
22640
22641
22642
22643
22644
22645
22648
22649
22650
22651
22652
22653
22655
22656
22657
22658
22659
22660
22661
22663
22664
22665
22666
22668
22670
22671
22672
22674
22675
22676
22677
22678
22680
22682
22683
22684
22685
22687
22689
22690
22693
22695
22697
22698
22699
22700
22701
22702
22703
22705
22706
22707
22709
22711
22712
22713
22714
22715
22716
22718
22721
22723
22724
22725
22728
22729
22730
22731
22732
22733
22737
22738
22739
22740
22741
22743
22744
22746
22747
22748
22749
22750
22753
22754
22755
22756
22758
22759
22760
22761
22762
22763
22764
22765
22766
22768
22769
22771
22772
22773
22774
22775
22777
22778
22779
22780
22783
22784
22785
22788
22789
22790
22791
22792
22793
22794
22796
22797
22799
22800
22801
22802
22805
22806
22807
22809
22811
22812
22813
22814
22815
22819
22821
22822
22824
22825
22826
22827
22828
22829
22830
22832
22833
22834
22835
22836
22838
22839
22840
22841
22843
22844
22845
22846
22847
22849
22850
22851
22852
22855
22856
22857
22858
22860
22861
22862
22863
22864
22866
22867
22868
22869
22872
22873
22876
22877
22878
22879
22880
22881
22882
22884
22885
22887
22888
22889
22890
22891
22893
22894
22895
22896
22897
22898
22899
22900
22901
22902
22903
22904
22905
22906
22907
22909
22910
22912
22913
22915
22916
22917
22918
22920
22921
22924
22926
22927
22928
22929
22930
22931
22933
22934
22935
22937
22939
22941
22942
22943
22945
22946
22948
22950
22952
22953
22955
22956
22957
22958
22960
22961
22963
22964
22965
22966
22967
22968
22969
22970
22973
22974
22975
22977
22978
22980
22981
22982
22983
22984
22985
22986
22987
22988
22991
22992
22993
22994
22996
22997
22998
23001
23002
23003
23006
23007
23008
23009
23010
23012
23014
23016
23017
23018
23021
23022
23023
23024
23025
23026
23027
23028
23029
23030
23032
23033
23034
23036
23038
23040
23044
23046
23047
23049
23053
23055
23057
23059
23060
23061
23063
23064
23065
23066
23067
23070
23072
23073
23074
23075
23077
23079
23080
23081
23083
23084
23085
23086
23087
23088
23089
23090
23092
23093
23095
23097
23098
23099
23102
23103
23104
23105
23106
23107
23108
23109
23110
23111
23112
23114
23116
23117
23118
23119
23120
23122
23123
23124
23126
23129
23130
23131
23132
23134
23135
23137
23140
23141
23143
23144
23145
23146
23148
23150
23152
23156
23157
23158
23159
23161
23163
23164
23165
23166
23169
23171
23173
23174
23176
23178
23180
23181
23183
23184
23185
23186
23187
23190
23191
23194
23195
23196
23197
23200
23201
23202
23205
23210
23211
23212
23213
23214
23215
23218
23219
23220
23221
23225
23226
23227
23228
23229
23231
23232
23233
23234
23235
23237
23238
23239
23240
23241
23242
23243
23244
23245
23246
23248
23249
23250
23251
23254
23255
23256
23257
23258
23259
23260
23261
23263
23264
23265
23269
23271
23272
23273
23274
23275
23276
23277
23278
23279
23280
23281
23282
23283
23284
23285
23287
23288
23289
23290
23291
23293
23294
23295
23296
23297
23298
23299
23300
23302
23303
23304
23309
23310
23311
23312
23313
23314
23315
23317
23318
23319
23321
23323
23324
23325
23326
23329
23330
23331
23332
23335
23336
23338
23341
23342
23343
23344
23345
23348
23350
23353
23354
23355
23356
23357
23358
23359
23360
23361
23364
23365
23367
23368
23369
23371
23373
23374
23375
23376
23377
23378
23379
23381
23382
23383
23384
23387
23388
23389
23391
23394
23395
23396
23397
23398
23399
23400
23401
23402
23403
23405
23408
23409
23410
23411
23412
23414
23417
23419
23422
23423
23424
23425
23426
23428
23429
23430
23431
23432
23435
23437
23439
23441
23442
23443
23444
23445
23446
23448
23449
23450
23451
23452
23454
23455
23461
23463
23464
23465
23466
23468
23470
23471
23472
23473
23474
23475
23476
23477
23478
23479
23481
23482
23484
23485
23486
23489
23491
23493
23495
23497
23498
23502
23503
23505
23506
23507
23508
23509
23510
23511
23512
23513
23514
23515
23516
23517
23520
23521
23522
23524
23526
23527
23530
23531
23532
23533
23535
23536
23537
23540
23543
23544
23546
23547
23548
23549
23550
23551
23554
23555
23556
23557
23559
23561
23562
23564
23566
23567
23571
23572
23573
23575
23577
23578
23580
23581
23582
23583
23584
23587
23588
23590
23591
23592
23593
23594
23595
23596
23597
23598
23600
23601
23602
23603
23604
23605
23606
23612
23614
23615
23617
23618
23619
23620
23624
23625
23626
23628
23633
23634
23635
23636
23637
23638
23639
23640
23641
23642
23644
23645
23647
23648
23650
23651
23654
23656
23657
23658
23661
23663
23664
23665
23667
23668
23670
23672
23674
23675
23676
23677
23678
23680
23681
23682
23683
23685
23687
23688
23689
23690
23691
23693
23695
23697
23699
23700
23703
23704
23705
23708
23709
23711
23712
23713
23714
23715
23716
23718
23719
23720
23721
23722
23723
23726
23727
23728
23731
23732
23733
23734
23735
23737
23739
23740
23741
23743
23744
23746
23747
23748
23749
23752
23753
23754
23755
23756
23758
23760
23762
23763
23764
23765
23767
23768
23769
23770
23772
23773
23775
23776
23777
23778
23780
23782
23783
23784
23785
23786
23787
23790
23791
23793
23794
23795
23796
23799
23800
23801
23804
23805
23806
23807
23809
23810
23811
23812
23814
23815
23818
23819
23820
23821
23822
23823
23825
23826
23827
23828
23829
23830
23832
23833
23834
23835
23836
23837
23838
23840
23841
23843
23844
23845
23846
23847
23848
23849
23850
23851
23852
23853
23856
23857
23858
23859
23860
23861
23862
23866
23868
23870
23873
23875
23877
23878
23879
23880
23883
23884
23885
23887
23888
23889
23890
23891
23893
23894
23895
23896
23899
23900
23903
23905
23906
23907
23908
23909
23911
23912
23913
23914
23915
23916
23917
23919
23922
23923
23925
23926
23927
23928
23930
23932
23934
23935
23936
23937
23938
23940
23941
23944
23945
23946
23947
23948
23949
23950
23951
23952
23953
23954
23956
23958
23959
23960
23961
23962
23964
23966
23967
23969
23971
23972
23973
23975
23976
23977
23978
23979
23980
23982
23983
23985
23986
23989
23990
23991
23995
23996
23997
23999
24000
24001
24002
24004
24005
24006
24007
24009
24010
24011
24013
24014
24015
24016
24018
24019
24021
24022
24023
24024
24025
24026
24027
24028
24030
24032
24033
24034
24036
24037
24038
24040
24041
24043
24045
24046
24047
24048
24049
24050
24053
24054
24055
24056
24057
24060
24061
24062
24063
24065
24067
24071
24073
24076
24078
24079
24081
24082
24083
24084
24085
24088
24090
24091
24092
24093
24094
24095
24096
24097
24098
24100
24101
24102
24104
24105
24106
24107
24109
24111
24112
24113
24115
24116
24117
24119
24120
24121
24122
24123
24124
24125
24127
24128
24129
24135
24136
24138
24139
24141
24142
24143
24147
24148
24150
24151
24152
24154
24156
24158
24159
24160
24163
24166
24167
24168
24170
24173
24175
24176
24177
24179
24183
24184
24186
24187
24188
24190
24191
24193
24194
24197
24198
24199
24200
24201
24202
24203
24204
24205
24206
24207
24209
24210
24213
24214
24216
24217
24218
24219
24220
24221
24222
24223
24224
24226
24228
24229
24230
24231
24232
24233
24235
24236
24237
24238
24241
24242
24243
24244
24245
24246
24247
24248
24250
24251
24253
24254
24255
24256
24258
24260
24262
24264
24265
24266
24267
24268
24270
24271
24272
24274
24275
24276
24277
24278
24280
24281
24282
24283
24285
24289
24290
24291
24293
24295
24296
24297
24298
24299
24300
24302
24303
24304
24305
24308
24310
24311
24312
24313
24314
24315
24316
24317
24319
24321
24323
24324
24325
24326
24327
24328
24330
24332
24333
24334
24335
24336
24337
24339
24340
24341
24342
24343
24344
24346
24347
24348
24349
24351
24353
24354
24356
24357
24358
24360
24361
24362
24363
24364
24365
24366
24367
24368
24369
24370
24372
24373
24374
24375
24376
24377
24379
24382
24383
24384
24385
24386
24387
24389
24390
24392
24393
24396
24397
24398
24399
24401
24402
24403
24406
24407
24408
24412
24413
24415
24422
24424
24425
24426
24427
24434
24435
24436
24438
24439
24440
24442
24443
24444
24445
24446
24447
24449
24451
24453
24455
24456
24459
24460
24461
24462
24463
24465
24467
24468
24469
24470
24471
24472
24474
24475
24478
24479
24480
24481
24482
24484
24485
24486
24487
24488
24490
24491
24495
24496
24497
24499
24500
24501
24502
24503
24504
24505
24506
24507
24508
24509
24510
24512
24513
24515
24516
24519
24520
24521
24522
24523
24524
24525
24526
24527
24528
24529
24530
24531
24533
24534
24535
24536
24541
24542
24543
24544
24546
24547
24548
24550
24551
24552
24553
24555
24556
24558
24559
24562
24563
24564
24565
24566
24567
24568
24569
24570
24571
24572
24573
24574
24575
24577
24578
24579
24580
24582
24583
24584
24586
24587
24588
24589
24590
24591
24592
24593
24595
24596
24597
24598
24599
24600
24601
24603
24604
24605
24606
24608
24609
24612
24613
24614
24615
24617
24618
24621
24622
24623
24624
24625
24627
24628
24629
24630
24631
24632
24633
24634
24636
24638
24639
24642
24643
24644
24645
24647
24649
24652
24653
24655
24656
24657
24658
24659
24660
24661
24662
24663
24664
24665
24666
24667
24668
24669
24670
24671
24672
24674
24675
24676
24677
24679
24680
24681
24683
24685
24687
24689
24690
24691
24693
24698
24699
24700
24701
24702
24703
24704
24705
24706
24708
24710
24712
24713
24714
24715
24716
24718
24719
24720
24721
24722
24723
24724
24725
24726
24727
24728
24730
24731
24732
24733
24734
24735
24736
24738
24739
24740
24741
24742
24744
24745
24746
24747
24749
24751
24752
24753
24754
24755
24756
24762
24763
24764
24765
24766
24770
24771
24772
24773
24775
24776
24777
24781
24782
24785
24786
24787
24788
24790
24791
24792
24794
24795
24797
24798
24799
24800
24801
24802
24805
24806
24807
24810
24811
24812
24813
24814
24816
24817
24818
24820
24821
24822
24824
24825
24826
24827
24828
24829
24830
24831
24833
24834
24835
24836
24837
24838
24842
24845
24846
24848
24849
24850
24851
24852
24854
24855
24856
24857
24858
24860
24861
24862
24863
24864
24865
24866
24868
24869
24870
24873
24874
24875
24876
24878
24880
24881
24882
24883
24885
24886
24887
24888
24890
24893
24894
24895
24896
24899
24900
24901
24902
24903
24904
24905
24907
24909
24911
24914
24915
24917
24918
24919
24921
24927
24929
24930
24931
24932
24933
24935
24936
24937
24938
24939
24941
24942
24944
24945
24946
24947
24948
24951
24952
24953
24954
24955
24956
24959
24960
24962
24963
24965
24967
24968
24970
24971
24973
24974
24975
24976
24977
24979
24980
24981
24983
24985
24986
24987
24988
24991
24992
24993
24999
25000
25002
25004
25005
25007
25009
25010
25012
25013
25015
25016
25017
25018
25019
25020
25022
25023
25025
25026
25030
25031
25033
25034
25035
25036
25037
25038
25041
25044
25045
25046
25047
25050
25051
25052
25053
25054
25055
25057
25058
25060
25062
25063
25064
25065
25066
25067
25068
25070
25073
25074
25075
25077
25078
25079
25081
25082
25083
25084
25085
25086
25087
25091
25092
25093
25094
25095
25096
25098
25099
25101
25103
25104
25105
25107
25109
25111
25112
25113
25114
25115
25116
25117
25118
25119
25120
25122
25124
25126
25128
25129
25130
25131
25133
25134
25135
25137
25138
25140
25141
25142
25143
25145
25146
25147
25148
25149
25151
25152
25153
25155
25156
25157
25160
25161
25162
25163
25164
25165
25166
25167
25168
25170
25171
25173
25174
25175
25177
25178
25181
25182
25184
25185
25186
25187
25189
25190
25192
25193
25194
25198
25199
25200
25201
25202
25203
25204
25206
25207
25208
25209
25210
25211
25212
25213
25214
25215
25216
25217
25218
25220
25221
25222
25223
25224
25225
25226
25227
25228
25229
25231
25232
25234
25236
25237
25238
25241
25243
25244
25245
25246
25247
25248
25249
25250
25252
25253
25254
25255
25256
25257
25258
25259
25260
25261
25264
25265
25267
25269
25270
25271
25273
25275
25277
25278
25282
25283
25284
25286
25287
25289
25290
25291
25292
25293
25294
25296
25298
25299
25300
25301
25303
25304
25305
25306
25307
25310
25311
25312
25313
25314
25315
25317
25318
25319
25320
25322
25324
25325
25326
25328
25329
25331
25333
25334
25335
25337
25338
25339
25340
25341
25343
25344
25346
25349
25351
25353
25355
25356
25357
25365
25367
25370
25371
25377
25380
25382
25383
25386
25387
25389
25391
25392
25393
25394
25395
25396
25397
25398
25399
25400
25402
25403
25404
25407
25408
25410
25411
25412
25413
25415
25416
25417
25419
25420
25421
25422
25423
25424
25425
25426
25427
25428
25429
25430
25431
25432
25433
25434
25435
25436
25440
25442
25445
25446
25447
25448
25449
25451
25452
25455
25456
25458
25459
25460
25463
25464
25465
25466
25467
25468
25469
25470
25471
25472
25473
25474
25478
25479
25481
25482
25483
25484
25487
25488
25489
25490
25492
25493
25495
25497
25498
25499
25500
25501
25502
25503
25504
25505
25506
25507
25508
25509
25510
25511
25516
25518
25519
25521
25522
25523
25524
25528
25530
25532
25535
25536
25537
25538
25539
25540
25542
25543
25544
25546
25547
25548
25549
25550
25551
25552
25553
25555
25557
25558
25559
25561
25562
25564
25565
25570
25571
25572
25573
25574
25575
25576
25577
25578
25580
25581
25582
25583
25584
25585
25586
25587
25590
25591
25597
25598
25599
25600
25602
25605
25606
25607
25608
25609
25610
25611
25612
25613
25615
25616
25617
25618
25619
25621
25622
25624
25625
25626
25627
25628
25629
25631
25632
25633
25635
25636
25639
25640
25641
25642
25643
25644
25645
25646
25647
25648
25651
25652
25654
25655
25656
25658
25659
25660
25662
25663
25664
25665
25666
25667
25668
25673
25674
25675
25676
25678
25679
25680
25681
25682
25684
25688
25689
25690
25691
25692
25693
25694
25695
25696
25697
25698
25700
25702
25704
25705
25708
25709
25710
25711
25712
25714
25716
25717
25718
25719
25720
25721
25722
25723
25725
25726
25727
25728
25729
25730
25731
25734
25736
25737
25738
25739
25740
25741
25742
25745
25746
25747
25748
25749
25750
25751
25754
25756
25757
25758
25759
25760
25762
25763
25764
25766
25767
25770
25771
25772
25773
25774
25776
25777
25778
25779
25780
25781
25782
25785
25786
25787
25788
25790
25791
25792
25794
25796
25798
25800
25801
25802
25803
25804
25805
25806
25807
25808
25810
25811
25812
25813
25814
25816
25818
25819
25820
25822
25823
25824
25825
25827
25828
25830
25831
25832
25833
25834
25835
25836
25837
25838
25839
25841
25842
25844
25845
25846
25847
25848
25849
25851
25855
25856
25857
25858
25859
25862
25863
25864
25865
25866
25868
25869
25870
25871
25875
25876
25877
25879
25880
25883
25884
25885
25888
25889
25890
25891
25893
25895
25896
25897
25899
25900
25901
25902
25903
25905
25906
25907
25910
25912
25913
25914
25915
25917
25918
25922
25924
25927
25928
25930
25931
25932
25933
25936
25938
25939
25940
25941
25942
25943
25944
25945
25946
25949
25950
25951
25952
25953
25954
25957
25958
25960
25961
25962
25964
25966
25968
25969
25970
25971
25974
25975
25976
25977
25978
25979
25984
25986
25989
25990
25992
25994
25995
25996
25997
25998
26000
26002
26003
26004
26007
26008
26010
26012
26013
26014
26016
26019
26022
26023
26024
26025
26026
26028
26029
26030
26032
26033
26034
26035
26036
26037
26038
26039
26040
26041
26042
26044
26046
26047
26048
26049
26050
26052
26053
26054
26056
26057
26059
26060
26061
26062
26063
26064
26065
26067
26068
26070
26073
26077
26079
26080
26081
26083
26084
26085
26091
26092
26093
26094
26095
26096
26098
26099
26100
26101
26102
26103
26104
26105
26107
26108
26110
26111
26112
26114
26115
26117
26118
26119
26120
26121
26122
26123
26124
26125
26126
26128
26129
26131
26132
26133
26134
26137
26139
26140
26141
26143
26147
26148
26149
26150
26152
26153
26155
26156
26157
26158
26160
26161
26162
26164
26165
26167
26168
26170
26171
26172
26174
26177
26178
26179
26180
26182
26183
26184
26185
26186
26187
26189
26190
26191
26192
26193
26194
26196
26197
26198
26200
26202
26204
26205
26206
26207
26208
26209
26211
26213
26214
26217
26218
26221
26222
26223
26224
26225
26226
26227
26228
26229
26232
26233
26234
26235
26236
26237
26239
26241
26242
26246
26247
26249
26250
26253
26254
26255
26256
26257
26258
26259
26260
26261
26262
26263
26264
26265
26266
26269
26270
26271
26273
26274
26275
26277
26278
26280
26282
26284
26285
26286
26287
26288
26289
26291
26292
26293
26294
26295
26297
26299
26300
26303
26306
26307
26308
26311
26312
26313
26314
26316
26317
26318
26320
26321
26322
26324
26325
26326
26327
26328
26329
26331
26333
26334
26335
26336
26337
26338
26340
26342
26343
26344
26345
26346
26347
26348
26349
26350
26351
26352
26353
26355
26356
26357
26358
26359
26360
26362
26363
26365
26366
26368
26370
26371
26372
26377
26378
26379
26380
26381
26384
26386
26388
26389
26390
26392
26395
26396
26398
26401
26402
26403
26404
26405
26406
26407
26411
26412
26414
26415
26416
26417
26418
26419
26422
26425
26427
26428
26429
26434
26436
26437
26438
26439
26441
26442
26443
26446
26450
26451
26453
26455
26456
26457
26458
26459
26460
26462
26463
26464
26467
26468
26470
26472
26473
26475
26477
26478
26482
26483
26486
26487
26488
26490
26491
26492
26493
26494
26495
26498
26500
26501
26502
26503
26504
26505
26506
26507
26510
26511
26512
26515
26516
26517
26519
26520
26521
26522
26523
26524
26526
26527
26528
26529
26530
26531
26532
26533
26534
26536
26537
26539
26540
26542
26543
26545
26546
26547
26548
26549
26550
26551
26552
26554
26555
26556
26558
26561
26564
26565
26566
26568
26569
26570
26571
26572
26573
26574
26577
26579
26581
26582
26583
26584
26585
26587
26588
26590
26591
26593
26596
26597
26598
26599
26600
26602
26604
26605
26606
26607
26608
26610
26612
26613
26614
26615
26617
26618
26619
26621
26622
26623
26624
26625
26628
26630
26631
26632
26634
26636
26637
26640
26641
26642
26643
26644
26645
26649
26650
26651
26652
26653
26654
26655
26657
26658
26659
26660
26661
26663
26664
26665
26666
26667
26669
26671
26672
26674
26675
26677
26678
26679
26680
26681
26682
26685
26686
26687
26690
26691
26693
26696
26698
26699
26701
26703
26704
26705
26707
26708
26709
26710
26711
26713
26714
26715
26716
26719
26722
26723
26724
26725
26727
26728
26729
26730
26731
26732
26733
26734
26735
26736
26737
26738
26739
26742
26743
26744
26746
26748
26749
26750
26751
26752
26753
26754
26755
26756
26758
26759
26760
26762
26763
26764
26765
26766
26770
26772
26774
26777
26778
26779
26781
26782
26783
26785
26786
26787
26790
26791
26793
26796
26801
26802
26803
26804
26805
26806
26807
26808
26809
26810
26811
26812
26816
26817
26818
26820
26821
26824
26825
26827
26828
26829
26831
26832
26834
26837
26838
26839
26841
26843
26845
26846
26849
26850
26854
26857
26858
26859
26862
26863
26864
26865
26866
26867
26870
26873
26875
26876
26878
26879
26880
26881
26882
26883
26884
26886
26887
26888
26889
26892
26893
26894
26895
26898
26899
26900
26901
26902
26903
26905
26907
26908
26909
26910
26911
26912
26913
26914
26915
26917
26918
26920
26921
26923
26926
26930
26931
26932
26933
26934
26938
26941
26942
26943
26946
26948
26951
26952
26953
26954
26955
26956
26957
26958
26959
26960
26961
26962
26963
26964
26966
26968
26969
26970
26971
26972
26973
26974
26975
26977
26978
26982
26984
26985
26987
26988
26990
26991
26993
26996
26998
27003
27004
27005
27006
27007
27008
27009
27011
27012
27014
27016
27017
27018
27019
27021
27022
27025
27027
27028
27032
27033
27034
27035
27036
27038
27040
27041
27043
27044
27045
27047
27050
27051
27053
27054
27055
27056
27059
27063
27065
27066
27068
27069
27072
27073
27074
27076
27080
27082
27084
27086
27087
27089
27092
27093
27094
27096
27101
27102
27103
27104
27105
27106
27107
27108
27110
27111
27112
27113
27114
27115
27116
27118
27119
27120
27121
27122
27123
27124
27125
27127
27129
27130
27132
27135
27136
27138
27139
27140
27142
27143
27146
27147
27150
27153
27155
27156
27157
27158
27159
27160
27161
27164
27165
27166
27167
27168
27169
27170
27171
27173
27174
27175
27176
27177
27179
27180
27182
27183
27184
27185
27186
27188
27189
27190
27191
27193
27194
27196
27197
27198
27199
27200
27202
27203
27204
27205
27206
27209
27210
27211
27212
27213
27214
27215
27216
27217
27218
27221
27222
27223
27224
27225
27226
27227
27228
27229
27230
27235
27237
27238
27239
27240
27241
27242
27245
27247
27248
27251
27253
27255
27256
27259
27260
27262
27263
27265
27266
27268
27270
27271
27272
27273
27275
27277
27278
27280
27281
27282
27284
27285
27286
27287
27288
27289
27291
27292
27293
27296
27299
27300
27304
27305
27307
27310
27313
27315
27316
27317
27318
27320
27321
27322
27325
27327
27329
27333
27335
27336
27337
27338
27339
27340
27341
27342
27343
27344
27345
27346
27350
27351
27352
27353
27354
27355
27356
27357
27358
27359
27360
27362
27363
27365
27366
27367
27368
27369
27370
27372
27373
27374
27375
27376
27377
27378
27379
27380
27382
27384
27385
27386
27387
27389
27391
27392
27393
27394
27395
27396
27398
27400
27401
27403
27404
27406
27408
27409
27410
27411
27412
27413
27414
27415
27416
27419
27420
27421
27422
27423
27424
27425
27426
27427
27428
27429
27430
27432
27433
27434
27435
27437
27439
27441
27443
27445
27446
27448
27450
27453
27454
27462
27464
27465
27467
27468
27469
27471
27472
27473
27475
27477
27478
27479
27482
27483
27484
27487
27488
27489
27490
27491
27492
27493
27494
27495
27496
27497
27499
27501
27502
27510
27512
27513
27514
27515
27517
27519
27520
27522
27525
27526
27527
27528
27530
27531
27532
27533
27534
27535
27536
27538
27540
27541
27543
27544
27545
27546
27547
27549
27551
27552
27553
27554
27555
27556
27557
27558
27559
27560
27562
27563
27564
27565
27567
27568
27569
27570
27571
27572
27573
27575
27576
27577
27581
27583
27584
27585
27586
27587
27588
27590
27591
27593
27594
27595
27596
27597
27599
27600
27601
27602
27603
27604
27605
27606
27608
27609
27611
27612
27613
27614
27616
27618
27619
27621
27622
27623
27625
27626
27628
27629
27630
27631
27632
27633
27634
27635
27639
27640
27641
27642
27646
27647
27649
27650
27651
27653
27656
27658
27659
27661
27662
27663
27664
27665
27666
27667
27670
27673
27674
27676
27677
27679
27681
27682
27683
27684
27685
27686
27687
27688
27689
27690
27691
27692
27693
27694
27695
27696
27699
27700
27701
27702
27704
27705
27709
27710
27712
27713
27714
27715
27718
27719
27720
27721
27722
27723
27724
27727
27728
27730
27731
27733
27734
27735
27736
27737
27738
27739
27742
27743
27745
27746
27747
27748
27750
27751
27753
27755
27756
27757
27758
27759
27760
27761
27762
27763
27764
27766
27767
27768
27769
27770
27771
27772
27775
27776
27777
27778
27779
27780
27781
27782
27784
27786
27787
27788
27790
27792
27793
27794
27795
27796
27797
27799
27801
27802
27803
27805
27806
27807
27810
27811
27812
27813
27815
27817
27818
27819
27820
27821
27822
27823
27828
27829
27833
27837
27838
27840
27841
27843
27844
27845
27846
27847
27849
27850
27851
27852
27853
27854
27856
27857
27858
27859
27860
27861
27862
27864
27865
27867
27868
27869
27870
27872
27873
27875
27876
27877
27879
27880
27881
27882
27884
27886
27889
27890
27891
27894
27895
27896
27900
27902
27903
27904
27906
27907
27910
27912
27914
27915
27917
27918
27922
27923
27924
27925
27926
27927
27928
27929
27930
27933
27935
27936
27938
27940
27941
27942
27944
27946
27947
27948
27949
27950
27952
27953
27955
27956
27957
27958
27959
27960
27961
27962
27963
27964
27965
27966
27967
27971
27973
27974
27976
27979
27980
27981
27984
27985
27988
27989
27991
27993
27994
27995
27996
27997
27998
27999
28000
28001
28003
28008
28009
28010
28011
28013
28014
28016
28017
28018
28020
28021
28022
28024
28025
28026
28028
28029
28032
28033
28034
28036
28037
28040
28041
28042
28043
28044
28048
28049
28051
28053
28054
28055
28058
28059
28060
28061
28062
28063
28064
28065
28066
28067
28068
28070
28072
28073
28074
28075
28078
28079
28080
28085
28088
28089
28090
28091
28092
28093
28094
28095
28096
28097
28098
28100
28101
28102
28103
28104
28105
28106
28109
28110
28112
28113
28114
28115
28118
28120
28121
28124
28125
28126
28127
28133
28134
28136
28137
28138
28142
28143
28147
28148
28149
28151
28152
28153
28154
28155
28156
28157
28159
28161
28162
28164
28166
28168
28170
28171
28173
28175
28177
28178
28180
28183
28184
28185
28186
28187
28188
28190
28191
28192
28195
28197
28198
28199
28200
28203
28205
28206
28207
28210
28211
28213
28214
28215
28216
28217
28218
28219
28220
28221
28222
28223
28225
28229
28230
28232
28233
28234
28235
28236
28237
28238
28239
28240
28241
28243
28244
28246
28247
28248
28252
28253
28254
28255
28257
28258
28259
28260
28261
28262
28263
28265
28266
28272
28273
28274
28275
28276
28279
28281
28282
28284
28285
28286
28288
28291
28292
28293
28295
28296
28297
28298
28299
28300
28301
28302
28303
28305
28306
28308
28309
28311
28312
28313
28314
28315
28317
28320
28321
28322
28323
28326
28327
28328
28329
28331
28333
28336
28337
28338
28339
28340
28341
28342
28343
28344
28348
28349
28352
28354
28356
28357
28358
28359
28360
28362
28364
28365
28366
28368
28369
28370
28371
28372
28376
28377
28378
28380
28381
28382
28384
28385
28386
28388
28390
28391
28392
28393
28395
28396
28397
28399
28401
28403
28404
28405
28408
28409
28410
28412
28416
28419
28420
28422
28423
28424
28425
28426
28427
28428
28429
28430
28431
28432
28434
28435
28436
28439
28440
28441
28442
28443
28444
28445
28446
28449
28450
28451
28453
28454
28455
28456
28457
28458
28459
28461
28463
28464
28465
28466
28468
28469
28470
28471
28472
28473
28474
28475
28476
28477
28479
28481
28482
28485
28486
28487
28488
28489
28490
28492
28493
28494
28495
28496
28497
28498
28499
28500
28503
28504
28505
28508
28509
28510
28513
28514
28515
28516
28517
28519
28521
28522
28523
28525
28526
28527
28528
28530
28531
28535
28536
28537
28538
28539
28540
28541
28542
28543
28544
28546
28547
28548
28549
28550
28556
28560
28561
28562
28563
28565
28567
28568
28571
28578
28579
28581
28583
28585
28586
28587
28588
28589
28592
28593
28594
28596
28597
28598
28599
28600
28602
28603
28604
28605
28606
28608
28609
28610
28613
28616
28617
28618
28619
28621
28622
28623
28624
28625
28627
28628
28629
28631
28632
28633
28635
28636
28639
28641
28645
28646
28647
28648
28649
28650
28651
28652
28654
28655
28658
28659
28661
28662
28663
28666
28670
28671
28673
28674
28675
28676
28677
28682
28684
28685
28686
28687
28688
28689
28692
28693
28694
28696
28697
28699
28700
28701
28705
28706
28707
28708
28709
28710
28712
28713
28714
28715
28717
28718
28721
28722
28723
28725
28726
28727
28729
28731
28732
28736
28737
28738
28739
28740
28742
28744
28745
28746
28748
28750
28751
28755
28756
28758
28759
28761
28762
28763
28765
28767
28768
28769
28770
28771
28772
28773
28776
28777
28778
28782
28783
28784
28787
28788
28789
28790
28791
28792
28794
28795
28797
28799
28800
28803
28804
28805
28806
28810
28812
28814
28815
28817
28819
28820
28821
28822
28824
28825
28827
28828
28830
28831
28833
28834
28835
28837
28838
28841
28842
28843
28844
28845
28847
28849
28850
28853
28854
28855
28856
28857
28859
28860
28862
28863
28864
28867
28868
28872
28873
28874
28875
28877
28879
28880
28881
28882
28885
28887
28889
28893
28894
28895
28896
28897
28898
28899
28902
28904
28905
28906
28909
28912
28913
28915
28916
28918
28919
28920
28921
28923
28924
28926
28928
28930
28931
28934
28942
28943
28945
28946
28948
28949
28950
28951
28952
28953
28954
28955
28957
28958
28960
28961
28962
28963
28964
28969
28970
28973
28974
28976
28977
28979
28980
28981
28983
28984
28985
28986
28988
28989
28990
28995
28996
28997
28998
28999
29003
29005
29006
29007
29009
29010
29012
29013
29014
29015
29016
29017
29018
29019
29021
29023
29024
29026
29027
29028
29029
29031
29032
29033
29035
29037
29038
29039
29040
29041
29043
29044
29045
29046
29047
29048
29051
29052
29053
29056
29057
29058
29059
29060
29061
29062
29063
29064
29066
29067
29068
29070
29071
29073
29075
29076
29081
29082
29085
29087
29088
29089
29090
29091
29093
29094
29096
29097
29100
29101
29102
29103
29105
29106
29108
29109
29110
29112
29113
29114
29115
29116
29117
29118
29119
29120
29123
29125
29127
29129
29130
29131
29132
29133
29134
29137
29138
29139
29140
29143
29144
29146
29147
29149
29152
29153
29154
29155
29157
29159
29160
29162
29165
29166
29169
29170
29172
29173
29174
29177
29178
29179
29181
29182
29183
29184
29187
29188
29189
29190
29192
29193
29194
29195
29196
29197
29201
29202
29203
29204
29206
29207
29208
29209
29210
29211
29212
29213
29216
29217
29220
29221
29222
29225
29226
29227
29229
29230
29234
29235
29237
29238
29239
29243
29245
29246
29247
29249
29252
29253
29256
29259
29260
29261
29263
29264
29267
29268
29269
29270
29272
29273
29274
29278
29279
29280
29281
29282
29283
29284
29285
29286
29287
29289
29291
29292
29293
29296
29297
29298
29299
29300
29301
29302
29303
29304
29306
29307
29309
29310
29311
29313
29316
29317
29318
29321
29322
29324
29325
29326
29327
29328
29329
29330
29331
29332
29334
29337
29339
29341
29343
29346
29347
29350
29351
29353
29354
29355
29357
29359
29361
29362
29364
29365
29367
29369
29370
29371
29375
29377
29378
29380
29381
29382
29386
29387
29388
29389
29390
29392
29393
29396
29397
29398
29400
29401
29402
29403
29404
29405
29407
29408
29410
29411
29412
29413
29414
29415
29416
29418
29419
29420
29421
29422
29423
29424
29425
29426
29429
29430
29431
29432
29434
29435
29436
29438
29439
29440
29441
29442
29443
29446
29448
29449
29450
29451
29454
29456
29457
29458
29463
29464
29465
29466
29467
29470
29471
29472
29473
29474
29475
29476
29478
29479
29480
29481
29482
29485
29486
29487
29490
29491
29492
29493
29495
29500
29502
29503
29505
29506
29507
29508
29509
29510
29511
29512
29516
29517
29518
29520
29521
29523
29525
29526
29527
29531
29532
29533
29534
29535
29536
29538
29540
29541
29542
29543
29544
29545
29548
29549
29550
29551
29552
29553
29554
29560
29561
29562
29563
29564
29566
29567
29568
29569
29570
29571
29572
29573
29574
29576
29577
29579
29581
29582
29584
29587
29588
29589
29591
29592
29593
29594
29595
29596
29597
29598
29602
29607
29609
29611
29612
29615
29616
29617
29618
29619
29621
29622
29623
29624
29625
29629
29631
29632
29635
29636
29637
29638
29641
29642
29643
29647
29648
29649
29650
29653
29654
29655
29656
29657
29658
29663
29665
29666
29668
29670
29671
29672
29673
29674
29675
29677
29678
29679
29680
29681
29682
29683
29685
29686
29689
29690
29691
29692
29693
29696
29697
29699
29700
29701
29702
29704
29705
29707
29709
29711
29712
29715
29720
29721
29722
29723
29725
29727
29728
29729
29730
29731
29732
29733
29737
29738
29739
29740
29741
29742
29743
29744
29745
29747
29748
29749
29751
29752
29753
29754
29755
29760
29761
29762
29763
29764
29765
29768
29769
29770
29771
29774
29775
29776
29778
29780
29781
29783
29784
29786
29787
29788
29793
29794
29796
29797
29798
29802
29804
29806
29808
29809
29811
29812
29815
29817
29818
29820
29822
29823
29824
29826
29827
29828
29830
29831
29832
29833
29834
29835
29838
29839
29840
29843
29844
29845
29847
29850
29851
29852
29853
29854
29855
29856
29858
29859
29860
29862
29863
29865
29866
29867
29868
29869
29870
29872
29873
29875
29877
29878
29879
29880
29881
29883
29885
29886
29887
29889
29890
29891
29892
29897
29899
29900
29903
29905
29906
29907
29908
29909
29910
29913
29914
29916
29918
29919
29921
29925
29926
29928
29930
29931
29933
29934
29935
29938
29940
29941
29942
29945
29946
29950
29951
29952
29953
29954
29955
29956
29957
29958
29960
29964
29965
29968
29969
29972
29973
29975
29976
29980
29981
29982
29983
29984
29985
29986
29988
29990
29991
29992
29993
29995
29997
29999
30000
30001
30003
30006
30007
30009
30010
30011
30012
30013
30014
30015
30016
30017
30018
30019
30020
30021
30022
30027
30029
30030
30032
30035
30036
30037
30038
30039
30040
30042
30043
30045
30047
30049
30051
30052
30053
30054
30055
30056
30057
30058
30061
30064
30066
30069
30070
30071
30074
30075
30076
30077
30080
30081
30082
30083
30084
30086
30087
30088
30090
30091
30092
30094
30095
30096
30097
30098
30101
30102
30104
30106
30107
30108
30110
30114
30116
30118
30119
30120
30122
30123
30124
30125
30126
30127
30128
30131
30132
30134
30135
30138
30139
30140
30141
30142
30143
30144
30145
30146
30147
30148
30149
30150
30151
30152
30153
30154
30155
30157
30159
30160
30161
30162
30164
30165
30167
30171
30172
30174
30177
30179
30180
30181
30182
30183
30184
30185
30186
30187
30189
30190
30192
30193
30195
30196
30198
30200
30202
30203
30204
30205
30206
30208
30211
30212
30214
30216
30218
30219
30220
30221
30222
30224
30226
30230
30231
30235
30236
30237
30240
30243
30245
30246
30249
30250
30251
30252
30253
30255
30258
30259
30260
30261
30262
30263
30264
30265
30269
30270
30271
30272
30274
30275
30276
30278
30279
30280
30283
30284
30285
30287
30288
30289
30290
30291
30292
30293
30294
30295
30296
30297
30299
30300
30303
30304
30306
30307
30308
30311
30313
30314
30316
30317
30319
30320
30321
30323
30324
30325
30326
30327
30331
30332
30336
30337
30338
30339
30342
30343
30344
30345
30346
30349
30351
30358
30359
30360
30361
30364
30366
30367
30368
30370
30371
30372
30373
30374
30376
30377
30379
30381
30383
30387
30389
30390
30391
30394
30399
30400
30401
30402
30405
30406
30407
30408
30411
30412
30413
30416
30417
30419
30421
30422
30423
30425
30426
30427
30429
30430
30432
30434
30435
30436
30437
30439
30441
30442
30443
30446
30449
30450
30451
30452
30453
30455
30456
30460
30462
30463
30464
30465
30467
30470
30472
30474
30475
30476
30479
30481
30484
30487
30488
30492
30493
30494
30496
30498
30499
30502
30503
30504
30506
30508
30510
30511
30515
30516
30519
30520
30521
30522
30523
30524
30525
30529
30530
30534
30535
30537
30538
30539
30541
30545
30546
30551
30557
30558
30559
30561
30562
30563
30564
30566
30567
30568
30571
30573
30575
30576
30578
30582
30584
30586
30589
30591
30593
30594
30595
30596
30597
30600
30601
30603
30604
30605
30606
30611
30613
30615
30616
30618
30619
30621
30622
30623
30624
30625
30630
30632
30633
30634
30635
30636
30637
30639
30640
30641
30642
30644
30646
30647
30649
30650
30652
30653
30654
30656
30657
30659
30662
30663
30664
30666
30667
30668
30669
30670
30672
30674
30675
30676
30677
30678
30680
30681
30682
30683
30684
30686
30687
30688
30689
30690
30691
30692
30693
30695
30697
30699
30703
30704
30705
30710
30713
30715
30717
30718
30719
30722
30724
30725
30727
30728
30730
30731
30732
30733
30738
30741
30742
30744
30745
30746
30747
30748
30749
30750
30752
30753
30754
30755
30756
30758
30760
30761
30762
30763
30764
30766
30769
30775
30776
30778
30779
30781
30783
30784
30785
30787
30788
30789
30790
30793
30794
30796
30797
30798
30799
30800
30802
30804
30805
30806
30807
30808
30809
30810
30812
30814
30816
30819
30820
30821
30823
30824
30825
30826
30827
30828
30832
30833
30835
30836
30837
30838
30841
30842
30846
30847
30848
30851
30852
30854
30855
30856
30858
30859
30861
30862
30863
30866
30867
30869
30870
30871
30872
30873
30874
30875
30876
30877
30879
30882
30883
30884
30885
30888
30889
30890
30891
30892
30895
30899
30900
30901
30902
30903
30904
30906
30907
30909
30910
30912
30913
30914
30915
30916
30917
30918
30919
30922
30923
30924
30926
30927
30928
30930
30931
30937
30938
30941
30942
30944
30945
30946
30949
30950
30951
30952
30953
30954
30956
30957
30959
30960
30962
30964
30966
30968
30969
30970
30972
30973
30974
30975
30976
30977
30979
30982
30983
30986
30988
30990
30994
30996
30997
30998
31000
31001
31003
31005
31007
31008
31009
31010
31011
31012
31013
31020
31022
31023
31024
31025
31028
31029
31030
31031
31032
31034
31036
31037
31038
31039
31042
31043
31046
31047
31049
31051
31053
31055
31056
31057
31058
31060
31061
31062
31063
31064
31065
31067
31071
31072
31074
31080
31082
31083
31084
31085
31086
31087
31088
31090
31091
31092
31093
31095
31097
31098
31099
31100
31101
31103
31104
31105
31107
31109
31112
31114
31115
31117
31118
31120
31123
31124
31128
31129
31130
31133
31134
31136
31137
31138
31142
31143
31144
31145
31147
31148
31149
31150
31151
31153
31154
31157
31160
31162
31164
31165
31167
31168
31169
31172
31173
31179
31180
31181
31182
31183
31184
31188
31190
31192
31193
31195
31196
31197
31198
31199
31200
31201
31204
31205
31206
31207
31208
31209
31211
31212
31213
31216
31218
31219
31220
31221
31223
31224
31225
31226
31227
31228
31230
31231
31232
31233
31234
31236
31240
31241
31243
31244
31246
31247
31248
31250
31251
31253
31254
31255
31256
31257
31259
31260
31262
31264
31265
31266
31267
31268
31270
31271
31272
31273
31275
31276
31278
31281
31282
31284
31285
31286
31287
31288
31291
31292
31294
31297
31299
31302
31304
31306
31308
31310
31311
31312
31314
31315
31317
31318
31319
31320
31321
31324
31325
31326
31327
31328
31329
31337
31338
31339
31340
31341
31342
31343
31344
31346
31347
31348
31349
31350
31351
31352
31353
31354
31355
31358
31360
31361
31363
31365
31366
31367
31368
31371
31374
31375
31376
31377
31379
31383
31385
31386
31388
31389
31391
31392
31394
31395
31397
31398
31403
31404
31407
31408
31409
31410
31411
31412
31413
31414
31418
31420
31422
31427
31428
31430
31434
31435
31436
31437
31438
31439
31440
31441
31442
31443
31445
31446
31450
31451
31454
31456
31458
31461
31462
31464
31466
31467
31468
31470
31471
31474
31478
31479
31481
31483
31484
31485
31487
31488
31489
31490
31491
31494
31495
31498
31499
31500
31502
31503
31504
31505
31506
31507
31509
31510
31511
31512
31515
31516
31517
31519
31520
31521
31524
31525
31526
31528
31529
31530
31531
31534
31538
31539
31540
31541
31542
31543
31544
31547
31548
31550
31551
31552
31553
31554
31555
31556
31557
31558
31559
31561
31562
31564
31565
31566
31567
31569
31572
31573
31574
31575
31577
31579
31580
31581
31584
31586
31588
31589
31590
31591
31592
31593
31595
31596
31598
31599
31600
31602
31604
31606
31608
31609
31610
31611
31614
31616
31617
31619
31620
31621
31623
31624
31625
31626
31627
31628
31629
31631
31635
31636
31637
31639
31640
31641
31643
31644
31645
31646
31647
31649
31650
31652
31654
31656
31658
31659
31660
31661
31662
31663
31665
31666
31667
31670
31671
31672
31673
31677
31685
31686
31688
31689
31690
31691
31692
31693
31694
31695
31696
31697
31699
31700
31701
31702
31704
31705
31706
31708
31709
31710
31711
31712
31713
31714
31715
31716
31717
31718
31720
31722
31724
31725
31727
31730
31732
31733
31734
31735
31736
31737
31738
31739
31740
31741
31743
31744
31745
31748
31749
31750
31751
31752
31753
31754
31755
31759
31760
31762
31763
31764
31765
31766
31768
31769
31770
31771
31772
31773
31774
31775
31776
31777
31778
31779
31780
31781
31783
31786
31787
31788
31789
31790
31791
31792
31793
31794
31795
31797
31799
31802
31806
31808
31809
31810
31812
31813
31814
31815
31816
31819
31820
31821
31823
31824
31826
31827
31828
31829
31830
31832
31833
31834
31838
31841
31844
31846
31847
31849
31850
31855
31857
31858
31859
31860
31861
31862
31864
31870
31871
31872
31874
31875
31876
31878
31881
31882
31884
31885
31886
31887
31888
31889
31891
31892
31896
31899
31900
31901
31902
31904
31906
31910
31911
31915
31917
31918
31919
31921
31923
31924
31925
31926
31927
31928
31929
31930
31931
31932
31933
31935
31937
31938
31940
31941
31942
31943
31945
31946
31947
31948
31949
31950
31953
31954
31957
31959
31960
31961
31964
31965
31966
31967
31968
31969
31970
31971
31972
31973
31974
31975
31977
31978
31979
31980
31981
31982
31984
31985
31986
31987
31988
31989
31990
31991
31992
31993
31994
31995
31996
31997
31998
32001
32002
32003
32005
32006
32007
32008
32009
32010
32011
32013
32015
32016
32017
32019
32020
32021
32022
32023
32024
32025
32029
32031
32032
32035
32037
32039
32040
32042
32045
32048
32049
32050
32052
32055
32056
32058
32061
32062
32063
32064
32065
32068
32071
32073
32074
32075
32076
32078
32082
32083
32084
32087
32088
32089
32093
32096
32097
32098
32099
32100
32102
32107
32114
32115
32116
32117
32118
32119
32127
32128
32129
32130
32132
32133
32135
32137
32138
32141
32142
32143
32144
32145
32147
32148
32149
32150
32153
32154
32156
32157
32160
32161
32162
32163
32164
32166
32167
32168
32169
32170
32171
32174
32175
32176
32177
32179
32181
32184
32185
32187
32188
32190
32191
32193
32194
32195
32198
32199
32201
32204
32205
32207
32209
32210
32218
32222
32224
32225
32227
32228
32229
32230
32231
32232
32234
32235
32236
32237
32239
32241
32244
32245
32246
32247
32248
32250
32251
32252
32254
32256
32257
32258
32260
32261
32262
32263
32265
32267
32269
32270
32271
32275
32276
32277
32280
32281
32282
32283
32284
32285
32286
32288
32289
32290
32291
32292
32293
32294
32295
32296
32298
32299
32300
32301
32303
32304
32305
32308
32309
32310
32311
32312
32313
32314
32315
32317
32318
32320
32321
32322
32323
32324
32325
32327
32328
32330
32331
32332
32333
32335
32337
32338
32341
32343
32344
32345
32346
32348
32349
32351
32352
32354
32357
32360
32361
32362
32363
32364
32365
32367
32368
32369
32370
32372
32373
32374
32375
32376
32378
32379
32380
32381
32382
32384
32386
32387
32388
32389
32391
32392
32394
32395
32396
32397
32399
32400
32401
32410
32412
32416
32418
32419
32420
32421
32422
32424
32425
32426
32427
32428
32429
32431
32433
32434
32436
32439
32440
32442
32444
32445
32447
32449
32450
32451
32452
32453
32454
32455
32457
32458
32460
32461
32462
32465
32467
32468
32471
32472
32476
32477
32479
32480
32481
32482
32483
32486
32487
32488
32490
32491
32492
32493
32495
32496
32497
32498
32500
32503
32504
32508
32509
32511
32512
32516
32521
32522
32523
32524
32525
32526
32528
32530
32532
32534
32536
32544
32545
32549
32550
32551
32554
32555
32556
32557
32560
32561
32562
32563
32564
32565
32566
32567
32570
32571
32572
32573
32577
32579
32581
32582
32584
32587
32590
32591
32594
32595
32596
32597
32598
32599
32602
32603
32607
32608
32610
32611
32612
32615
32616
32617
32619
32621
32623
32624
32625
32626
32627
32629
32630
32631
32633
32634
32635
32636
32637
32638
32639
32641
32645
32649
32650
32652
32655
32656
32657
32658
32659
32663
32664
32665
32666
32667
32668
32671
32672
32673
32674
32675
32678
32679
32680
32682
32683
32685
32686
32688
32689
32690
32691
32692
32693
32694
32696
32698
32702
32704
32707
32708
32709
32711
32712
32713
32714
32715
32717
32719
32720
32723
32724
32725
32726
32728
32729
32733
32734
32735
32740
32741
32742
32743
32744
32745
32747
32748
32749
32751
32752
32753
32755
32756
32757
32758
32759
32760
32762
32763
32765
32766
32767
32768
32769
32770
32771
32772
32773
32774
32775
32777
32779
32780
32781
32783
32784
32785
32786
32787
32788
32789
32790
32791
32792
32793
32795
32797
32798
32801
32802
32804
32807
32809
32811
32813
32814
32815
32817
32819
32820
32821
32822
32823
32825
32827
32828
32829
32830
32831
32832
32834
32835
32838
32843
32844
32845
32846
32848
32850
32851
32852
32853
32854
32856
32857
32859
32861
32862
32863
32865
32866
32868
32869
32872
32873
32876
32878
32879
32880
32881
32882
32883
32884
32885
32887
32889
32890
32891
32892
32893
32894
32895
32896
32897
32898
32899
32902
32903
32905
32907
32909
32913
32915
32916
32917
32918
32923
32924
32925
32927
32929
32930
32931
32933
32935
32936
32939
32940
32942
32943
32944
32945
32946
32947
32948
32949
32950
32953
32954
32955
32956
32958
32961
32964
32967
32968
32969
32971
32974
32975
32976
32979
32980
32982
32983
32985
32987
32988
32989
32990
32991
32994
32995
32998
33003
33004
33005
33010
33011
33015
33017
33018
33021
33023
33024
33025
33026
33027
33028
33030
33031
33032
33033
33034
33035
33041
33044
33045
33046
33047
33048
33051
33053
33055
33056
33057
33059
33060
33061
33062
33065
33066
33067
33069
33070
33072
33073
33074
33075
33078
33079
33082
33083
33087
33088
33089
33091
33093
33094
33095
33096
33098
33100
33105
33107
33108
33109
33110
33111
33112
33113
33115
33117
33119
33120
33122
33123
33125
33126
33129
33130
33131
33134
33135
33142
33146
33147
33149
33151
33152
33153
33154
33155
33159
33160
33161
33162
33164
33165
33167
33170
33171
33177
33179
33182
33184
33185
33186
33187
33188
33191
33192
33193
33194
33195
33196
33198
33199
33204
33206
33207
33208
33210
33211
33212
33214
33215
33216
33217
33218
33219
33220
33221
33222
33224
33226
33227
33229
33230
33231
33232
33233
33235
33236
33237
33238
33239
33240
33241
33242
33244
33251
33253
33254
33256
33258
33259
33260
33261
33262
33263
33264
33265
33268
33269
33270
33271
33272
33273
33275
33276
33277
33278
33279
33280
33283
33284
33286
33287
33289
33291
33293
33294
33295
33296
33297
33298
33299
33301
33302
33303
33306
33307
33310
33311
33312
33313
33314
33315
33318
33319
33320
33324
33325
33326
33328
33329
33330
33331
33332
33333
33335
33336
33337
33338
33340
33341
33342
33343
33344
33347
33348
33350
33351
33352
33353
33354
33355
33356
33357
33358
33360
33363
33364
33365
33366
33367
33368
33370
33371
33373
33376
33377
33378
33380
33381
33382
33385
33387
33388
33389
33390
33392
33393
33395
33396
33397
33398
33400
33401
33403
33405
33406
33407
33408
33410
33411
33412
33413
33416
33418
33419
33421
33422
33424
33425
33426
33430
33431
33432
33433
33435
33436
33437
33439
33440
33441
33444
33445
33447
33449
33450
33451
33452
33453
33455
33459
33462
33463
33464
33467
33468
33470
33471
33472
33475
33476
33477
33479
33481
33483
33486
33488
33490
33491
33492
33495
33498
33501
33503
33507
33508
33509
33510
33512
33513
33515
33516
33517
33518
33519
33521
33522
33524
33525
33527
33528
33531
33532
33534
33535
33537
33539
33540
33542
33544
33545
33549
33550
33551
33552
33553
33554
33555
33556
33557
33558
33559
33561
33562
33565
33567
33569
33570
33572
33573
33575
33578
33579
33580
33582
33583
33584
33585
33586
33587
33588
33589
33590
33591
33593
33596
33600
33601
33603
33607
33608
33609
33610
33611
33613
33615
33617
33619
33621
33625
33626
33630
33631
33633
33634
33635
33638
33639
33640
33642
33643
33644
33645
33647
33648
33649
33651
33652
33653
33654
33655
33658
33659
33660
33662
33664
33666
33667
33669
33670
33671
33673
33674
33675
33676
33678
33679
33682
33684
33685
33686
33687
33690
33691
33692
33694
33696
33700
33701
33702
33704
33706
33708
33709
33711
33712
33713
33714
33716
33717
33718
33720
33721
33723
33724
33725
33729
33730
33731
33732
33733
33735
33736
33738
33740
33742
33744
33746
33750
33752
33753
33754
33756
33758
33759
33761
33762
33763
33764
33765
33766
33767
33768
33771
33773
33775
33776
33777
33779
33781
33782
33785
33786
33787
33789
33791
33793
33794
33795
33797
33799
33801
33802
33803
33805
33807
33809
33810
33811
33812
33813
33815
33816
33817
33820
33822
33824
33825
33826
33827
33829
33831
33832
33833
33834
33836
33837
33838
33839
33840
33843
33848
33849
33850
33851
33852
33853
33854
33855
33856
33857
33858
33859
33860
33861
33862
33865
33869
33871
33872
33874
33877
33880
33881
33886
33887
33888
33889
33892
33893
33894
33895
33898
33899
33900
33901
33902
33903
33904
33905
33910
33911
33913
33914
33915
33916
33917
33922
33924
33927
33928
33930
33931
33932
33936
33939
33940
33941
33944
33945
33946
33950
33954
33955
33957
33958
33959
33960
33961
33963
33964
33969
33970
33971
33972
33973
33974
33977
33979
33980
33981
33982
33983
33984
33985
33987
33989
33991
33993
33994
33996
34001
34003
34005
34007
34008
34012
34015
34016
34017
34018
34019
34020
34021
34023
34024
34025
34026
34027
34028
34029
34030
34032
34033
34034
34035
34040
34041
34042
34043
34045
34046
34047
34048
34050
34051
34052
34053
34054
34055
34056
34058
34059
34060
34061
34062
34065
34066
34067
34068
34070
34071
34072
34073
34074
34075
34076
34077
34078
34080
34081
34082
34083
34085
34086
34087
34088
34091
34093
34094
34095
34098
34099
34100
34105
34106
34109
34111
34112
34114
34115
34116
34117
34118
34120
34122
34123
34124
34125
34126
34129
34130
34131
34132
34133
34134
34135
34136
34138
34139
34141
34144
34145
34147
34149
34150
34151
34152
34154
34156
34157
34159
34163
34164
34165
34167
34168
34169
34170
34171
34173
34174
34175
34176
34177
34180
34181
34184
34185
34186
34188
34191
34192
34195
34196
34200
34201
34203
34204
34205
34206
34208
34209
34210
34211
34217
34218
34221
34222
34224
34226
34227
34228
34229
34230
34232
34234
34236
34237
34240
34241
34243
34246
34247
34248
34250
34252
34253
34254
34255
34257
34258
34259
34260
34261
34263
34266
34267
34270
34271
34274
34275
34276
34277
34278
34279
34281
34282
34283
34284
34287
34288
34289
34290
34291
34293
34294
34295
34298
34299
34300
34301
34303
34304
34305
34309
34310
34311
34312
34313
34314
34315
34316
34317
34318
34319
34320
34322
34323
34325
34326
34327
34329
34330
34331
34332
34334
34335
34337
34338
34339
34341
34344
34347
34351
34352
34356
34357
34358
34359
34362
34364
34365
34366
34367
34369
34371
34373
34374
34376
34377
34378
34379
34380
34383
34384
34385
34386
34387
34389
34391
34392
34394
34395
34397
34398
34399
34400
34403
34405
34406
34407
34409
34410
34411
34413
34414
34418
34419
34420
34421
34422
34426
34427
34429
34431
34433
34434
34435
34436
34439
34440
34441
34445
34447
34449
34451
34452
34455
34457
34458
34459
34461
34462
34463
34464
34467
34468
34470
34473
34475
34476
34482
34483
34486
34490
34491
34493
34494
34499
34500
34501
34506
34507
34509
34510
34512
34513
34514
34515
34517
34519
34521
34523
34526
34529
34530
34531
34532
34533
34534
34535
34536
34537
34538
34539
34540
34541
34542
34543
34545
34547
34548
34549
34551
34552
34555
34557
34558
34559
34560
34563
34564
34566
34569
34570
34572
34574
34575
34576
34577
34578
34579
34580
34583
34584
34586
34587
34588
34589
34591
34593
34596
34597
34598
34599
34600
34601
34602
34603
34605
34607
34608
34609
34611
34612
34613
34614
34615
34617
34618
34620
34624
34625
34626
34628
34633
34636
34638
34639
34643
34644
34645
34646
34647
34648
34651
34652
34653
34654
34655
34656
34660
34661
34663
34665
34667
34668
34672
34674
34675
34676
34681
34682
34685
34686
34691
34692
34693
34695
34697
34698
34700
34702
34703
34704
34706
34707
34708
34711
34714
34716
34717
34718
34719
34720
34722
34723
34725
34726
34727
34728
34731
34733
34734
34735
34736
34737
34738
34739
34740
34741
34742
34743
34744
34745
34746
34748
34750
34753
34755
34757
34759
34762
34764
34765
34766
34767
34768
34769
34771
34773
34775
34779
34780
34781
34784
34786
34787
34793
34794
34795
34797
34799
34800
34801
34802
34805
34808
34809
34810
34811
34813
34816
34817
34820
34821
34822
34823
34825
34826
34827
34829
34831
34833
34836
34841
34842
34848
34849
34852
34855
34856
34858
34860
34861
34866
34868
34871
34872
34873
34874
34877
34878
34879
34880
34881
34883
34884
34885
34886
34887
34889
34890
34891
34892
34893
34894
34895
34896
34897
34898
34901
34902
34905
34906
34908
34912
34913
34914
34915
34916
34918
34919
34920
34922
34923
34925
34926
34927
34928
34929
34932
34933
34934
34935
34936
34938
34939
34941
34942
34943
34944
34945
34946
34951
34952
34953
34956
34957
34960
34962
34964
34966
34967
34969
34970
34971
34972
34973
34978
34979
34981
34983
34984
34985
34986
34987
34988
34989
34991
34992
34993
34994
34995
34997
34998
34999
35000
35002
35003
35004
35005
35006
35007
35009
35011
35012
35014
35015
35016
35017
35018
35020
35021
35022
35023
35024
35025
35027
35028
35032
35034
35035
35036
35037
35039
35040
35041
35042
35043
35044
35047
35048
35050
35051
35052
35055
35057
35059
35060
35061
35062
35065
35067
35070
35072
35073
35076
35077
35080
35081
35084
35086
35088
35090
35094
35095
35096
35099
35100
35102
35103
35104
35105
35106
35107
35108
35109
35110
35111
35112
35114
35116
35117
35118
35120
35121
35122
35123
35124
35125
35126
35127
35128
35131
35133
35134
35135
35136
35137
35138
35140
35141
35142
35145
35146
35147
35150
35152
35154
35155
35156
35157
35158
35159
35160
35161
35162
35165
35166
35169
35171
35174
35178
35181
35183
35184
35186
35187
35188
35193
35194
35195
35196
35199
35201
35203
35204
35205
35207
35209
35211
35214
35215
35216
35218
35220
35221
35222
35225
35226
35229
35230
35231
35232
35234
35235
35237
35238
35239
35240
35241
35242
35246
35247
35248
35250
35251
35252
35254
35255
35256
35257
35258
35260
35261
35264
35265
35268
35269
35272
35274
35275
35276
35280
35281
35282
35286
35288
35289
35290
35292
35293
35294
35295
35296
35299
35302
35306
35307
35308
35309
35312
35313
35316
35318
35319
35320
35321
35322
35324
35325
35326
35335
35337
35338
35339
35340
35344
35348
35349
35351
35354
35355
35357
35358
35359
35360
35362
35364
35365
35366
35368
35370
35372
35374
35378
35381
35385
35386
35389
35390
35391
35393
35394
35395
35396
35397
35398
35399
35400
35403
35404
35405
35406
35407
35409
35413
35414
35416
35417
35418
35419
35421
35422
35424
35425
35426
35427
35430
35431
35434
35435
35436
35437
35438
35439
35441
35442
35444
35445
35447
35451
35452
35455
35456
35458
35459
35460
35461
35463
35464
35465
35466
35467
35468
35471
35472
35473
35474
35475
35477
35478
35479
35481
35482
35483
35485
35486
35489
35491
35492
35493
35494
35495
35496
35497
35501
35502
35503
35504
35507
35509
35510
35511
35513
35514
35516
35517
35519
35522
35525
35526
35529
35531
35532
35536
35537
35538
35541
35542
35543
35546
35547
35550
35551
35553
35554
35555
35557
35559
35560
35562
35564
35566
35568
35569
35571
35573
35574
35575
35576
35577
35580
35585
35587
35588
35589
35590
35594
35595
35596
35601
35602
35603
35604
35605
35606
35608
35612
35613
35614
35615
35617
35618
35621
35622
35623
35629
35631
35632
35633
35634
35635
35636
35643
35644
35645
35647
35648
35649
35653
35655
35657
35661
35662
35664
35667
35668
35672
35673
35675
35677
35678
35679
35680
35682
35683
35684
35687
35688
35690
35691
35692
35693
35694
35695
35697
35698
35699
35701
35702
35704
35705
35707
35709
35711
35713
35716
35718
35719
35721
35724
35726
35727
35728
35729
35730
35732
35733
35735
35736
35737
35739
35740
35742
35743
35744
35746
35748
35750
35751
35752
35754
35755
35758
35759
35761
35762
35764
35765
35767
35768
35769
35776
35777
35778
35780
35781
35783
35784
35786
35787
35788
35790
35792
35793
35794
35795
35798
35799
35800
35801
35805
35806
35807
35808
35809
35810
35811
35812
35813
35818
35819
35821
35822
35824
35826
35827
35830
35832
35834
35835
35836
35837
35838
35840
35841
35843
35844
35845
35846
35847
35848
35849
35851
35852
35853
35857
35859
35861
35862
35864
35865
35866
35867
35869
35872
35873
35875
35878
35880
35881
35882
35883
35884
35885
35886
35887
35889
35891
35892
35893
35894
35895
35899
35900
35901
35903
35904
35907
35908
35909
35910
35911
35912
35914
35915
35916
35917
35919
35920
35921
35923
35924
35926
35930
35931
35932
35934
35935
35936
35937
35940
35941
35942
35943
35944
35945
35946
35947
35948
35949
35953
35955
35956
35958
35959
35960
35961
35962
35963
35968
35969
35970
35971
35975
35978
35979
35980
35983
35984
35985
35986
35988
35989
35990
35991
35992
35995
35996
35999
36000
36004
36006
36008
36010
36012
36013
36014
36015
36016
36018
36021
36022
36025
36026
36027
36028
36029
36030
36032
36033
36034
36035
36036
36038
36040
36041
36042
36046
36048
36050
36052
36053
36054
36055
36056
36059
36062
36066
36067
36071
36072
36074
36075
36076
36079
36080
36081
36084
36086
36087
36088
36090
36091
36093
36097
36098
36099
36100
36101
36103
36104
36105
36106
36108
36110
36111
36114
36116
36117
36118
36119
36121
36122
36123
36125
36128
36131
36132
36134
36138
36139
36142
36143
36144
36146
36147
36151
36154
36158
36159
36162
36163
36164
36165
36166
36167
36168
36169
36171
36174
36175
36176
36177
36180
36182
36183
36184
36186
36188
36189
36190
36191
36192
36193
36194
36195
36196
36197
36198
36200
36201
36202
36203
36204
36206
36207
36208
36210
36211
36212
36213
36214
36215
36221
36222
36223
36225
36227
36230
36234
36237
36238
36241
36243
36245
36246
36247
36249
36250
36253
36254
36256
36257
36260
36265
36267
36268
36269
36270
36272
36274
36275
36276
36277
36278
36279
36280
36283
36285
36286
36288
36289
36294
36295
36296
36297
36299
36301
36303
36304
36309
36310
36311
36312
36314
36319
36320
36322
36325
36327
36328
36331
36332
36333
36335
36336
36343
36344
36346
36347
36348
36349
36350
36351
36352
36353
36354
36355
36357
36363
36366
36367
36369
36370
36371
36372
36373
36376
36377
36381
36383
36384
36385
36387
36388
36389
36391
36393
36394
36397
36398
36399
36400
36406
36408
36409
36410
36412
36413
36414
36415
36416
36418
36419
36420
36422
36423
36424
36425
36428
36429
36433
36435
36438
36439
36441
36442
36445
36446
36449
36450
36451
36452
36453
36456
36457
36461
36463
36464
36465
36466
36467
36468
36470
36471
36472
36473
36474
36475
36478
36479
36480
36482
36483
36484
36485
36487
36489
36491
36493
36494
36495
36496
36497
36500
36501
36503
36504
36513
36514
36515
36519
36521
36524
36526
36527
36529
36530
36531
36535
36536
36538
36539
36541
36543
36546
36547
36550
36551
36552
36553
36554
36555
36556
36557
36559
36560
36562
36563
36569
36570
36571
36572
36574
36576
36577
36583
36584
36586
36587
36588
36589
36590
36591
36592
36593
36594
36595
36596
36597
36598
36599
36600
36601
36602
36604
36605
36606
36608
36609
36610
36612
36613
36614
36615
36616
36618
36619
36621
36622
36623
36626
36627
36628
36629
36630
36631
36633
36634
36636
36637
36638
36639
36640
36641
36642
36643
36645
36648
36650
36651
36652
36654
36655
36656
36658
36660
36662
36663
36664
36666
36667
36670
36671
36675
36676
36677
36679
36681
36683
36687
36688
36693
36695
36696
36699
36700
36702
36703
36705
36706
36707
36709
36712
36714
36717
36720
36722
36723
36724
36725
36726
36732
36733
36734
36736
36737
36740
36742
36745
36746
36747
36748
36749
36750
36751
36754
36756
36757
36758
36760
36762
36764
36765
36769
36770
36771
36772
36773
36774
36780
36781
36783
36784
36787
36789
36790
36793
36794
36798
36799
36800
36801
36802
36805
36806
36807
36808
36809
36810
36814
36816
36817
36818
36819
36820
36822
36823
36824
36827
36828
36831
36832
36833
36834
36836
36838
36839
36840
36841
36843
36844
36846
36847
36850
36853
36855
36857
36861
36864
36865
36867
36871
36872
36873
36874
36875
36876
36877
36879
36882
36883
36884
36885
36889
36891
36892
36893
36895
36896
36899
36900
36901
36902
36904
36906
36907
36908
36909
36912
36914
36915
36916
36917
36918
36920
36923
36924
36925
36926
36927
36928
36929
36931
36933
36934
36937
36938
36939
36940
36941
36943
36944
36945
36946
36948
36951
36952
36953
36954
36957
36960
36961
36962
36964
36965
36967
36968
36969
36970
36972
36973
36974
36975
36976
36979
36980
36981
36982
36983
36984
36985
36986
36987
36988
36990
36992
36996
36999
37000
37001
37002
37003
37004
37005
37008
37010
37011
37012
37013
37014
37016
37019
37020
37022
37023
37024
37027
37028
37029
37033
37034
37036
37037
37040
37041
37043
37044
37045
37046
37047
37048
37049
37050
37052
37054
37056
37057
37058
37060
37061
37063
37066
37068
37069
37070
37072
37073
37074
37075
37079
37081
37083
37084
37085
37086
37088
37090
37091
37092
37093
37095
37096
37097
37098
37102
37103
37104
37105
37107
37108
37109
37110
37111
37113
37114
37115
37116
37118
37121
37123
37125
37127
37128
37130
37131
37132
37133
37136
37138
37139
37140
37142
37143
37144
37147
37148
37149
37152
37153
37154
37155
37156
37157
37158
37160
37163
37164
37168
37169
37170
37171
37172
37174
37175
37176
37177
37179
37180
37182
37183
37186
37189
37190
37192
37194
37195
37197
37198
37201
37202
37203
37204
37205
37207
37208
37209
37210
37211
37212
37213
37216
37218
37219
37220
37224
37228
37231
37232
37235
37238
37240
37241
37243
37246
37248
37249
37250
37252
37256
37262
37263
37264
37267
37270
37271
37272
37276
37277
37280
37281
37284
37285
37288
37290
37292
37293
37294
37296
37297
37299
37301
37303
37304
37306
37308
37309
37310
37311
37312
37314
37316
37317
37319
37322
37323
37325
37326
37327
37329
37331
37332
37333
37334
37336
37337
37339
37341
37342
37344
37345
37346
37348
37350
37351
37352
37353
37356
37358
37359
37360
37361
37363
37364
37365
37367
37368
37370
37371
37372
37374
37375
37376
37378
37379
37380
37381
37382
37383
37384
37388
37394
37395
37396
37397
37398
37399
37400
37401
37402
37403
37405
37409
37410
37411
37412
37413
37416
37417
37421
37423
37424
37425
37427
37428
37429
37430
37431
37432
37433
37434
37435
37436
37437
37438
37439
37441
37443
37447
37448
37449
37450
37451
37454
37455
37456
37457
37458
37459
37460
37461
37463
37465
37466
37467
37469
37470
37473
37476
37477
37478
37480
37481
37482
37483
37488
37490
37492
37493
37494
37499
37500
37502
37504
37506
37508
37511
37512
37514
37516
37517
37518
37519
37520
37521
37523
37525
37526
37527
37529
37531
37534
37536
37537
37539
37540
37542
37543
37544
37546
37547
37549
37550
37551
37552
37554
37555
37556
37557
37561
37562
37564
37566
37568
37574
37582
37586
37589
37591
37592
37593
37595
37596
37600
37602
37603
37604
37606
37608
37610
37611
37613
37616
37617
37621
37623
37625
37627
37630
37631
37633
37634
37636
37637
37638
37639
37640
37641
37642
37643
37645
37647
37651
37652
37653
37654
37655
37656
37657
37658
37660
37662
37663
37665
37666
37667
37668
37670
37672
37673
37676
37679
37680
37681
37683
37685
37686
37688
37690
37691
37693
37695
37696
37698
37699
37701
37702
37703
37704
37705
37707
37708
37710
37715
37716
37717
37718
37721
37722
37725
37726
37727
37729
37730
37731
37732
37733
37734
37735
37738
37740
37741
37742
37743
37744
37745
37747
37748
37749
37752
37753
37754
37756
37758
37759
37760
37761
37763
37764
37769
37770
37774
37775
37778
37779
37780
37781
37782
37785
37786
37787
37788
37791
37792
37793
37794
37797
37798
37799
37800
37801
37805
37807
37809
37813
37815
37819
37823
37824
37825
37826
37827
37828
37829
37830
37831
37832
37833
37835
37839
37840
37841
37843
37844
37845
37847
37848
37849
37851
37852
37853
37855
37858
37859
37860
37861
37863
37865
37868
37869
37870
37871
37872
37877
37878
37879
37880
37882
37883
37886
37887
37889
37890
37892
37893
37894
37896
37897
37898
37899
37900
37902
37904
37906
37907
37908
37911
37912
37915
37916
37917
37918
37920
37921
37923
37926
37928
37932
37933
37934
37935
37939
37941
37943
37944
37946
37947
37951
37954
37955
37956
37958
37961
37963
37964
37966
37967
37968
37969
37971
37972
37974
37977
37978
37980
37981
37984
37985
37986
37988
37989
37990
37992
37993
37995
37996
37997
37998
37999
38000
38001
38002
38004
38005
38006
38007
38008
38010
38011
38012
38013
38015
38016
38017
38019
38024
38026
38027
38028
38029
38030
38031
38033
38034
38036
38039
38045
38049
38050
38051
38052
38059
38060
38061
38062
38066
38067
38068
38071
38073
38074
38075
38076
38079
38082
38083
38085
38086
38088
38089
38090
38091
38093
38094
38095
38097
38098
38099
38102
38107
38109
38110
38111
38112
38113
38114
38116
38117
38125
38126
38127
38129
38131
38132
38133
38135
38136
38138
38139
38140
38141
38144
38147
38148
38149
38154
38155
38157
38158
38160
38162
38163
38164
38166
38167
38168
38169
38170
38171
38172
38173
38175
38176
38177
38178
38183
38185
38186
38187
38188
38189
38190
38191
38192
38193
38194
38196
38197
38198
38201
38202
38203
38204
38205
38207
38208
38209
38210
38211
38213
38214
38216
38217
38220
38222
38223
38225
38226
38227
38228
38233
38236
38237
38238
38241
38242
38243
38245
38247
38248
38249
38251
38253
38255
38256
38258
38259
38260
38266
38269
38270
38273
38274
38278
38279
38281
38283
38285
38289
38294
38296
38298
38301
38304
38308
38310
38311
38314
38315
38316
38318
38319
38320
38321
38323
38324
38325
38327
38329
38330
38331
38332
38333
38334
38335
38339
38341
38343
38344
38345
38346
38351
38352
38353
38354
38355
38357
38361
38362
38363
38364
38365
38366
38368
38369
38372
38373
38374
38375
38377
38378
38381
38382
38384
38385
38386
38387
38390
38392
38393
38394
38396
38397
38399
38400
38402
38403
38405
38406
38408
38409
38410
38415
38416
38417
38418
38420
38424
38425
38429
38430
38433
38435
38436
38442
38443
38445
38447
38449
38450
38452
38453
38454
38456
38457
38459
38460
38461
38465
38466
38468
38469
38470
38472
38473
38474
38476
38477
38478
38479
38480
38481
38482
38483
38484
38485
38488
38489
38490
38491
38494
38495
38496
38502
38503
38505
38506
38508
38509
38510
38511
38512
38513
38515
38516
38517
38518
38519
38523
38525
38526
38527
38528
38529
38531
38532
38533
38537
38538
38540
38543
38545
38548
38549
38551
38552
38553
38555
38556
38557
38562
38563
38564
38566
38569
38570
38572
38574
38575
38577
38578
38580
38581
38583
38584
38585
38587
38588
38589
38590
38591
38593
38594
38595
38598
38601
38603
38604
38606
38607
38609
38610
38611
38612
38613
38617
38618
38619
38622
38623
38624
38625
38627
38628
38629
38631
38632
38633
38637
38638
38639
38641
38643
38645
38647
38648
38649
38652
38653
38654
38655
38656
38657
38658
38661
38662
38663
38664
38666
38667
38669
38671
38672
38673
38675
38676
38678
38680
38681
38685
38689
38690
38691
38693
38694
38695
38696
38698
38699
38701
38703
38704
38706
38707
38708
38710
38712
38714
38715
38718
38723
38724
38725
38726
38729
38731
38734
38738
38739
38740
38742
38743
38744
38747
38750
38753
38754
38755
38756
38757
38758
38759
38760
38762
38764
38766
38767
38768
38769
38771
38773
38774
38775
38778
38780
38783
38786
38788
38789
38791
38793
38794
38795
38797
38798
38800
38803
38806
38807
38808
38810
38812
38814
38816
38817
38818
38819
38820
38821
38823
38824
38825
38828
38829
38830
38832
38834
38835
38836
38837
38838
38839
38841
38843
38845
38846
38847
38848
38849
38851
38852
38855
38856
38859
38860
38861
38862
38863
38864
38865
38869
38870
38872
38873
38875
38877
38878
38879
38883
38886
38888
38889
38891
38892
38893
38894
38895
38898
38899
38903
38905
38906
38907
38908
38909
38911
38913
38915
38919
38920
38921
38922
38923
38925
38928
38930
38931
38932
38935
38936
38937
38938
38939
38942
38943
38944
38945
38946
38947
38948
38950
38951
38953
38956
38958
38959
38960
38963
38964
38965
38969
38973
38975
38976
38978
38981
38982
38983
38985
38986
38987
38989
38992
38993
38994
38996
38997
38999
39000
39001
39007
39010
39012
39013
39015
39017
39018
39019
39021
39023
39024
39025
39031
39032
39034
39035
39037
39038
39039
39040
39042
39044
39046
39047
39048
39049
39051
39054
39056
39061
39063
39064
39065
39066
39067
39072
39073
39074
39075
39076
39078
39079
39080
39081
39082
39084
39085
39087
39088
39089
39090
39094
39095
39098
39099
39100
39102
39103
39105
39108
39109
39110
39111
39113
39115
39116
39117
39119
39121
39124
39125
39126
39128
39129
39130
39131
39135
39136
39137
39141
39147
39148
39149
39150
39152
39153
39155
39160
39161
39162
39163
39164
39165
39166
39167
39168
39170
39172
39173
39177
39180
39181
39182
39183
39184
39186
39187
39188
39190
39194
39195
39198
39200
39202
39204
39207
39209
39210
39211
39213
39214
39215
39217
39219
39222
39223
39224
39226
39228
39230
39231
39232
39233
39235
39236
39237
39238
39239
39240
39241
39242
39243
39244
39245
39247
39248
39249
39250
39252
39255
39256
39257
39258
39261
39262
39264
39267
39268
39270
39271
39272
39273
39275
39277
39279
39281
39282
39285
39286
39287
39289
39291
39292
39293
39294
39295
39297
39298
39299
39300
39302
39303
39304
39306
39307
39308
39309
39310
39313
39314
39315
39318
39320
39324
39328
39329
39330
39331
39332
39334
39335
39337
39340
39341
39342
39343
39344
39345
39346
39347
39350
39351
39352
39353
39355
39356
39358
39360
39361
39362
39364
39365
39366
39367
39368
39369
39370
39373
39375
39376
39377
39378
39379
39380
39382
39383
39385
39386
39387
39388
39389
39390
39391
39393
39394
39396
39397
39399
39400
39401
39403
39405
39406
39407
39409
39410
39411
39412
39413
39416
39417
39420
39421
39422
39423
39424
39426
39427
39428
39429
39432
39435
39436
39437
39439
39441
39444
39445
39446
39448
39450
39455
39456
39460
39463
39466
39467
39470
39473
39474
39475
39476
39477
39478
39480
39487
39490
39492
39493
39495
39497
39498
39499
39500
39504
39506
39507
39512
39514
39516
39518
39519
39520
39521
39524
39525
39527
39528
39529
39531
39532
39533
39534
39537
39539
39540
39543
39545
39546
39547
39550
39551
39552
39554
39557
39558
39559
39564
39565
39566
39569
39571
39572
39574
39575
39577
39581
39582
39587
39588
39591
39596
39597
39599
39600
39601
39602
39603
39604
39605
39606
39609
39610
39612
39614
39616
39618
39619
39620
39621
39622
39623
39625
39627
39628
39629
39630
39633
39634
39637
39640
39641
39643
39644
39647
39648
39649
39650
39651
39652
39655
39656
39658
39659
39661
39663
39664
39665
39667
39668
39671
39672
39673
39674
39675
39678
39679
39680
39681
39682
39685
39688
39689
39691
39692
39693
39695
39697
39698
39700
39701
39705
39707
39708
39709
39710
39711
39716
39717
39718
39719
39721
39724
39725
39726
39728
39730
39734
39736
39737
39738
39741
39742
39743
39744
39746
39748
39749
39751
39752
39754
39755
39756
39757
39760
39761
39762
39764
39765
39766
39770
39771
39773
39774
39775
39776
39777
39778
39779
39781
39783
39785
39787
39788
39792
39793
39794
39797
39798
39801
39805
39809
39811
39812
39813
39816
39818
39819
39821
39823
39826
39830
39833
39834
39835
39836
39840
39841
39842
39843
39844
39845
39846
39848
39849
39850
39851
39852
39853
39858
39866
39867
39868
39869
39870
39871
39872
39874
39875
39876
39877
39879
39880
39881
39882
39885
39886
39890
39891
39894
39899
39904
39907
39909
39912
39914
39916
39918
39919
39920
39922
39923
39924
39925
39927
39928
39930
39931
39932
39933
39934
39938
39941
39943
39946
39949
39950
39951
39952
39953
39954
39955
39960
39961
39962
39963
39964
39965
39967
39968
39970
39972
39973
39975
39977
39978
39979
39981
39983
39985
39988
39989
39990
39991
39992
39994
39995
39996
39997
39998
39999
40000
40001
40002
40003
40004
40007
40008
40009
40012
40013
40015
40016
40017
40018
40019
40020
40021
40022
40023
40024
40025
40027
40028
40029
40032
40034
40036
40039
40040
40042
40043
40045
40049
40050
40051
40052
40053
40055
40056
40057
40058
40059
40061
40062
40064
40065
40066
40068
40070
40071
40072
40073
40074
40076
40077
40078
40079
40082
40083
40084
40085
40086
40087
40088
40092
40093
40094
40095
40096
40097
40098
40099
40101
40102
40103
40104
40106
40108
40109
40110
40111
40112
40113
40114
40115
40116
40117
40119
40120
40121
40122
40124
40125
40126
40127
40128
40129
40130
40134
40135
40136
40138
40139
40140
40142
40143
40147
40148
40151
40153
40154
40155
40156
40158
40160
40161
40162
40163
40164
40165
40167
40168
40170
40171
40173
40174
40179
40181
40182
40183
40184
40186
40188
40190
40191
40195
40197
40198
40199
40200
40201
40202
40203
40207
40208
40209
40212
40213
40217
40218
40223
40228
40229
40230
40231
40234
40235
40238
40240
40241
40245
40249
40252
40253
40256
40257
40259
40260
40262
40263
40270
40271
40272
40275
40276
40278
40281
40284
40286
40287
40290
40291
40294
40295
40298
40299
40301
40302
40303
40304
40305
40307
40308
40309
40310
40311
40314
40316
40321
40322
40323
40325
40328
40329
40330
40332
40334
40335
40336
40337
40338
40339
40340
40342
40343
40344
40345
40346
40350
40351
40352
40355
40356
40357
40358
40359
40360
40362
40365
40366
40367
40370
40372
40373
40374
40375
40377
40378
40381
40387
40389
40390
40393
40396
40397
40398
40399
40400
40401
40403
40405
40406
40408
40409
40411
40413
40415
40416
40419
40420
40422
40424
40427
40429
40430
40432
40434
40436
40437
40438
40439
40441
40443
40444
40446
40447
40450
40451
40452
40453
40456
40457
40459
40460
40461
40462
40464
40466
40468
40469
40472
40474
40475
40476
40479
40480
40481
40485
40486
40489
40490
40492
40493
40495
40496
40497
40499
40503
40504
40506
40507
40509
40510
40511
40512
40513
40514
40515
40516
40518
40519
40521
40522
40523
40525
40527
40528
40530
40532
40533
40534
40535
40538
40539
40540
40541
40545
40547
40548
40549
40550
40551
40555
40556
40557
40559
40560
40561
40563
40565
40568
40569
40570
40571
40574
40575
40576
40577
40578
40579
40580
40581
40582
40583
40588
40591
40593
40596
40597
40598
40604
40606
40608
40610
40611
40612
40617
40619
40621
40622
40623
40624
40625
40628
40629
40633
40635
40637
40638
40640
40645
40647
40648
40649
40650
40651
40652
40654
40656
40657
40659
40661
40662
40663
40664
40666
40674
40677
40681
40682
40683
40684
40685
40686
40687
40689
40690
40692
40693
40696
40697
40698
40699
40701
40707
40708
40710
40711
40715
40716
40717
40718
40719
40722
40723
40726
40727
40729
40730
40731
40734
40735
40736
40737
40739
40740
40741
40742
40745
40746
40748
40751
40755
40756
40757
40758
40759
40764
40767
40768
40769
40770
40772
40773
40775
40776
40781
40784
40786
40787
40789
40790
40791
40793
40794
40795
40797
40798
40799
40800
40802
40803
40805
40810
40811
40812
40814
40815
40817
40818
40819
40821
40822
40823
40825
40828
40829
40830
40831
40832
40833
40834
40835
40837
40838
40839
40840
40844
40846
40848
40849
40851
40852
40857
40860
40863
40864
40868
40871
40874
40876
40878
40880
40883
40884
40885
40887
40889
40890
40891
40893
40894
40895
40896
40900
40904
40905
40906
40907
40909
40910
40911
40912
40913
40914
40915
40918
40920
40921
40922
40923
40924
40925
40927
40928
40929
40931
40932
40933
40934
40935
40936
40937
40939
40940
40941
40943
40944
40945
40946
40947
40948
40950
40951
40953
40956
40957
40958
40960
40961
40964
40967
40969
40973
40974
40975
40976
40977
40978
40979
40980
40981
40982
40984
40986
40987
40988
40990
40995
40996
41000
41002
41009
41012
41015
41016
41017
41018
41019
41020
41023
41024
41027
41028
41031
41034
41035
41036
41039
41040
41041
41042
41046
41047
41048
41050
41052
41054
41055
41056
41057
41058
41060
41061
41062
41063
41064
41067
41069
41071
41072
41076
41078
41080
41082
41085
41086
41088
41089
41092
41095
41096
41097
41098
41101
41102
41103
41104
41105
41106
41108
41111
41114
41115
41119
41120
41124
41125
41127
41128
41129
41131
41132
41134
41135
41138
41139
41141
41143
41144
41145
41147
41148
41149
41150
41151
41152
41153
41154
41155
41156
41159
41163
41164
41166
41168
41169
41170
41171
41172
41173
41177
41179
41180
41182
41187
41188
41190
41191
41192
41194
41195
41196
41197
41200
41201
41203
41204
41206
41211
41212
41213
41215
41220
41221
41222
41223
41224
41227
41228
41229
41231
41234
41235
41237
41238
41242
41244
41248
41250
41253
41255
41257
41258
41259
41260
41261
41262
41266
41267
41268
41270
41275
41278
41279
41281
41282
41286
41287
41288
41289
41292
41293
41294
41295
41298
41300
41302
41303
41304
41306
41307
41309
41310
41314
41315
41317
41318
41320
41322
41323
41325
41326
41327
41330
41331
41332
41336
41337
41339
41342
41344
41345
41347
41349
41352
41353
41354
41355
41359
41365
41367
41369
41371
41372
41373
41375
41376
41377
41378
41379
41380
41381
41382
41384
41385
41386
41388
41389
41390
41395
41402
41403
41405
41409
41411
41412
41413
41414
41415
41416
41418
41419
41422
41423
41426
41429
41434
41436
41437
41438
41439
41440
41441
41443
41445
41447
41450
41451
41453
41454
41455
41457
41458
41464
41468
41469
41470
41472
41473
41476
41477
41479
41480
41481
41484
41485
41486
41487
41489
41490
41491
41493
41494
41495
41496
41497
41498
41499
41502
41504
41505
41506
41509
41510
41513
41515
41522
41523
41524
41526
41528
41529
41531
41532
41534
41535
41536
41537
41538
41541
41542
41545
41546
41547
41548
41550
41552
41553
41554
41555
41556
41557
41559
41560
41563
41564
41565
41569
41570
41571
41573
41575
41577
41578
41579
41580
41582
41584
41586
41587
41588
41590
41591
41592
41594
41603
41606
41609
41611
41614
41615
41616
41617
41618
41619
41623
41624
41627
41630
41632
41634
41635
41636
41637
41638
41639
41641
41642
41643
41646
41647
41648
41649
41651
41652
41654
41656
41657
41658
41659
41661
41662
41663
41664
41666
41667
41668
41669
41670
41681
41682
41684
41685
41687
41688
41689
41693
41694
41695
41696
41697
41698
41700
41709
41710
41711
41714
41716
41717
41718
41720
41722
41723
41726
41728
41729
41732
41733
41735
41738
41741
41742
41743
41744
41747
41748
41749
41750
41751
41754
41755
41759
41760
41762
41763
41764
41766
41769
41771
41772
41774
41776
41777
41778
41781
41784
41787
41790
41791
41793
41794
41796
41797
41799
41800
41801
41802
41804
41805
41807
41808
41813
41814
41815
41816
41822
41824
41825
41827
41829
41830
41831
41832
41833
41834
41836
41837
41842
41843
41846
41848
41849
41850
41853
41856
41858
41860
41861
41863
41866
41867
41868
41869
41870
41871
41873
41874
41878
41882
41883
41884
41888
41889
41890
41891
41892
41893
41894
41895
41898
41900
41902
41904
41906
41912
41915
41916
41920
41922
41924
41925
41926
41927
41928
41929
41930
41932
41933
41936
41937
41939
41940
41942
41943
41944
41945
41946
41948
41949
41950
41951
41954
41955
41956
41959
41960
41961
41962
41963
41965
41966
41968
41971
41972
41973
41974
41975
41978
41979
41980
41982
41983
41984
41986
41989
41992
41994
41997
41998
42000
42001
42002
42003
42005
42006
42008
42012
42013
42015
42018
42019
42020
42021
42023
42024
42026
42029
42032
42035
42037
42038
42040
42042
42045
42046
42047
42049
42051
42052
42055
42056
42057
42062
42064
42065
42067
42069
42070
42071
42073
42074
42075
42076
42078
42079
42080
42082
42084
42085
42088
42092
42093
42095
42096
42098
42099
42100
42101
42102
42103
42105
42106
42108
42109
42116
42117
42123
42124
42125
42127
42128
42131
42132
42133
42136
42141
42142
42144
42147
42149
42151
42152
42153
42154
42157
42159
42160
42161
42162
42165
42166
42167
42168
42169
42170
42171
42172
42173
42174
42177
42178
42179
42181
42183
42187
42188
42190
42194
42198
42199
42200
42201
42203
42204
42205
42206
42208
42209
42212
42214
42215
42216
42217
42218
42221
42223
42225
42227
42228
42229
42232
42234
42236
42237
42238
42240
42241
42242
42246
42249
42250
42253
42254
42256
42264
42266
42267
42268
42269
42270
42271
42272
42274
42275
42278
42279
42280
42281
42284
42288
42290
42291
42295
42296
42299
42300
42302
42303
42306
42307
42308
42309
42310
42313
42314
42317
42318
42319
42320
42321
42322
42326
42328
42329
42330
42331
42332
42333
42334
42336
42338
42339
42340
42341
42343
42344
42346
42347
42349
42351
42352
42353
42354
42355
42356
42359
42360
42362
42363
42364
42365
42366
42367
42368
42369
42370
42371
42372
42377
42379
42380
42381
42382
42383
42384
42385
42387
42388
42389
42391
42393
42395
42396
42398
42400
42402
42404
42405
42409
42410
42412
42414
42415
42416
42417
42418
42419
42423
42424
42425
42427
42428
42429
42431
42432
42433
42436
42438
42440
42441
42444
42445
42446
42449
42450
42451
42452
42453
42456
42458
42463
42465
42466
42467
42468
42469
42470
42473
42474
42475
42476
42477
42480
42481
42482
42483
42487
42488
42489
42490
42495
42497
42499
42500
42501
42502
42504
42506
42508
42509
42513
42514
42517
42523
42525
42527
42529
42530
42531
42532
42534
42535
42536
42537
42538
42539
42540
42541
42546
42553
42557
42559
42561
42564
42565
42567
42570
42572
42580
42583
42584
42585
42586
42587
42589
42590
42592
42593
42594
42595
42596
42597
42598
42599
42600
42601
42602
42603
42604
42606
42608
42609
42613
42614
42615
42616
42617
42618
42623
42625
42627
42629
42634
42635
42636
42637
42638
42642
42643
42644
42648
42651
42653
42654
42656
42658
42659
42661
42662
42663
42664
42667
42668
42669
42673
42676
42678
42679
42681
42683
42684
42685
42688
42689
42691
42694
42695
42701
42703
42705
42707
42711
42712
42714
42716
42718
42720
42721
42723
42724
42725
42726
42727
42728
42732
42733
42737
42739
42741
42742
42743
42744
42750
42753
42754
42756
42757
42758
42759
42760
42763
42764
42765
42768
42771
42772
42773
42774
42777
42780
42781
42788
42789
42790
42792
42793
42794
42796
42797
42798
42799
42802
42803
42804
42805
42809
42812
42815
42817
42820
42821
42823
42824
42827
42828
42836
42837
42838
42841
42845
42847
42848
42849
42850
42852
42855
42857
42859
42860
42861
42864
42866
42867
42868
42869
42870
42872
42873
42874
42876
42878
42879
42880
42881
42883
42884
42886
42887
42889
42890
42896
42897
42898
42901
42902
42903
42905
42907
42909
42911
42912
42913
42914
42916
42926
42929
42930
42932
42935
42937
42939
42946
42947
42950
42951
42954
42955
42957
42959
42962
42964
42967
42968
42969
42971
42976
42983
42984
42985
42988
42989
42991
42992
42993
42994
42996
42997
42998
42999
43000
43001
43004
43005
43006
43007
43009
43010
43013
43014
43015
43016
43017
43019
43020
43022
43023
43024
43025
43030
43032
43035
43038
43039
43040
43042
43043
43044
43047
43049
43050
43054
43055
43057
43058
43060
43061
43065
43066
43070
43071
43072
43075
43077
43078
43079
43080
43082
43083
43088
43091
43092
43093
43095
43098
43100
43101
43104
43105
43112
43114
43117
43120
43121
43129
43130
43132
43137
43138
43139
43141
43142
43143
43146
43148
43150
43153
43155
43156
43157
43159
43160
43161
43164
43165
43166
43168
43169
43173
43176
43178
43179
43181
43182
43184
43185
43187
43188
43189
43190
43191
43193
43194
43195
43196
43197
43198
43202
43203
43204
43206
43207
43208
43209
43210
43215
43216
43217
43219
43220
43222
43223
43224
43226
43227
43230
43232
43233
43238
43239
43240
43241
43242
43243
43244
43245
43246
43249
43250
43254
43257
43260
43265
43266
43267
43268
43269
43270
43272
43274
43278
43280
43283
43284
43291
43292
43294
43295
43296
43297
43300
43301
43303
43304
43305
43306
43309
43311
43313
43314
43318
43320
43323
43324
43326
43327
43328
43329
43330
43334
43335
43337
43339
43341
43342
43345
43346
43347
43348
43353
43354
43355
43364
43365
43366
43367
43372
43374
43375
43376
43379
43380
43381
43382
43386
43387
43388
43389
43390
43391
43393
43394
43397
43400
43402
43406
43407
43408
43409
43410
43411
43412
43413
43414
43415
43417
43418
43420
43423
43424
43425
43426
43427
43429
43431
43433
43436
43437
43439
43441
43445
43449
43450
43451
43453
43454
43456
43460
43462
43466
43467
43468
43471
43472
43473
43476
43477
43478
43480
43481
43483
43484
43486
43487
43488
43490
43492
43493
43494
43497
43499
43500
43502
43503
43505
43507
43508
43509
43510
43511
43513
43518
43519
43520
43522
43523
43524
43525
43526
43527
43528
43532
43533
43539
43540
43541
43543
43544
43545
43546
43547
43548
43551
43552
43553
43555
43556
43559
43560
43561
43563
43564
43565
43568
43569
43571
43572
43573
43574
43577
43580
43581
43582
43583
43585
43589
43591
43595
43597
43599
43612
43613
43614
43615
43616
43617
43618
43621
43625
43629
43630
43632
43633
43635
43636
43638
43639
43640
43644
43645
43646
43647
43649
43650
43652
43654
43655
43656
43658
43660
43661
43662
43663
43664
43668
43670
43673
43675
43679
43680
43681
43684
43685
43686
43687
43688
43690
43692
43693
43695
43697
43699
43700
43702
43703
43709
43712
43715
43716
43717
43718
43719
43724
43725
43727
43729
43730
43731
43732
43735
43736
43738
43740
43741
43742
43743
43745
43746
43748
43749
43750
43752
43755
43756
43757
43760
43761
43762
43763
43764
43765
43766
43770
43771
43774
43779
43781
43782
43783
43792
43795
43796
43797
43798
43799
43800
43801
43804
43806
43807
43808
43809
43810
43813
43815
43818
43823
43825
43826
43827
43828
43829
43830
43831
43832
43834
43835
43836
43838
43844
43848
43849
43850
43853
43854
43859
43861
43862
43863
43864
43866
43867
43869
43870
43871
43872
43873
43874
43876
43877
43879
43880
43882
43884
43885
43886
43887
43889
43892
43893
43894
43896
43897
43899
43900
43904
43905
43906
43908
43909
43910
43911
43913
43914
43915
43917
43919
43920
43921
43922
43923
43924
43927
43929
43931
43934
43935
43936
43937
43938
43939
43940
43941
43943
43946
43949
43953
43954
43956
43957
43958
43959
43962
43963
43964
43967
43969
43971
43976
43977
43979
43981
43982
43983
43986
43990
43991
43992
43993
43994
43995
43996
43997
44001
44003
44005
44006
44007
44008
44009
44010
44012
44015
44017
44018
44020
44021
44022
44023
44025
44026
44027
44028
44030
44031
44032
44035
44036
44037
44038
44041
44042
44043
44045
44046
44047
44052
44053
44055
44061
44062
44064
44066
44068
44071
44072
44074
44078
44079
44080
44081
44083
44085
44089
44091
44093
44094
44095
44096
44098
44099
44101
44102
44103
44105
44110
44111
44115
44116
44117
44118
44119
44121
44122
44123
44125
44127
44130
44131
44133
44135
44137
44139
44140
44142
44143
44145
44147
44148
44149
44152
44153
44154
44155
44156
44157
44158
44162
44165
44166
44169
44173
44174
44175
44178
44179
44181
44182
44183
44184
44188
44192
44193
44196
44197
44199
44202
44203
44204
44205
44207
44208
44211
44212
44213
44214
44215
44216
44218
44219
44220
44222
44225
44227
44228
44231
44232
44236
44237
44239
44244
44245
44246
44247
44250
44253
44254
44255
44257
44258
44260
44261
44263
44264
44265
44266
44268
44269
44272
44273
44274
44277
44282
44283
44284
44287
44288
44289
44290
44291
44292
44294
44295
44296
44297
44298
44301
44303
44304
44305
44307
44311
44312
44314
44318
44319
44324
44329
44330
44331
44334
44337
44338
44341
44342
44343
44344
44345
44346
44348
44349
44351
44352
44354
44355
44357
44361
44363
44368
44369
44370
44371
44372
44373
44374
44375
44378
44379
44380
44382
44385
44386
44388
44389
44390
44393
44394
44396
44397
44398
44399
44400
44401
44402
44404
44405
44410
44411
44412
44414
44417
44418
44420
44421
44422
44424
44428
44429
44431
44432
44433
44436
44439
44441
44442
44443
44444
44446
44447
44449
44452
44454
44456
44457
44459
44460
44462
44465
44467
44469
44472
44473
44474
44475
44476
44477
44478
44480
44481
44484
44485
44486
44487
44491
44492
44497
44498
44500
44501
44504
44506
44507
44508
44509
44510
44511
44516
44517
44518
44519
44520
44521
44523
44524
44526
44529
44530
44532
44533
44534
44536
44538
44541
44543
44545
44546
44548
44549
44550
44551
44552
44554
44555
44556
44557
44559
44564
44568
44569
44572
44573
44575
44576
44577
44578
44585
44586
44587
44588
44590
44591
44592
44593
44596
44598
44600
44601
44602
44605
44606
44610
44612
44613
44614
44615
44616
44617
44623
44625
44628
44629
44631
44632
44633
44639
44640
44641
44642
44644
44646
44653
44656
44657
44659
44662
44665
44669
44670
44671
44672
44673
44674
44675
44678
44679
44681
44683
44684
44687
44690
44695
44697
44698
44699
44700
44701
44702
44705
44706
44708
44711
44712
44713
44716
44717
44718
44719
44721
44722
44723
44727
44728
44729
44731
44732
44733
44734
44739
44740
44741
44742
44744
44746
44747
44748
44749
44752
44754
44755
44756
44759
44760
44767
44768
44772
44773
44774
44776
44777
44779
44780
44781
44782
44783
44788
44790
44795
44796
44797
44799
44800
44804
44805
44810
44811
44812
44813
44815
44816
44819
44820
44821
44823
44826
44827
44828
44829
44834
44836
44838
44839
44842
44843
44844
44845
44846
44847
44849
44850
44852
44856
44858
44859
44862
44863
44868
44870
44872
44875
44876
44878
44880
44881
44883
44884
44885
44886
44887
44888
44889
44890
44892
44893
44896
44897
44898
44900
44903
44905
44907
44909
44910
44911
44916
44917
44920
44921
44922
44923
44925
44926
44928
44929
44931
44932
44934
44935
44937
44938
44939
44940
44941
44944
44947
44948
44952
44953
44958
44959
44961
44963
44965
44967
44970
44974
44975
44976
44977
44978
44984
44986
44987
44988
44991
44995
44996
45002
45003
45004
45005
45006
45007
45010
45011
45012
45015
45016
45019
45021
45022
45025
45026
45030
45031
45032
45033
45035
45037
45038
45039
45040
45042
45044
45047
45048
45049
45057
45058
45059
45061
45063
45065
45066
45067
45069
45070
45071
45072
45076
45077
45079
45081
45083
45084
45085
45087
45091
45092
45094
45095
45097
45103
45106
45108
45110
45111
45112
45113
45115
45117
45119
45121
45124
45125
45127
45128
45130
45131
45132
45134
45137
45138
45140
45142
45144
45147
45148
45151
45153
45154
45156
45157
45158
45160
45161
45163
45165
45166
45167
45168
45173
45174
45175
45176
45181
45182
45185
45188
45189
45191
45192
45196
45197
45200
45202
45203
45205
45207
45208
45209
45210
45211
45212
45213
45214
45217
45221
45223
45224
45227
45229
45231
45232
45235
45236
45237
45238
45240
45241
45242
45243
45244
45246
45247
45250
45251
45252
45253
45256
45259
45260
45261
45262
45263
45264
45266
45271
45272
45275
45276
45277
45279
45282
45283
45287
45288
45289
45291
45294
45296
45299
45300
45304
45305
45306
45307
45308
45309
45310
45312
45313
45315
45319
45320
45324
45326
45328
45329
45332
45333
45334
45337
45338
45341
45342
45343
45344
45345
45347
45349
45350
45351
45353
45354
45355
45356
45361
45362
45366
45368
45369
45370
45371
45374
45380
45382
45383
45384
45385
45387
45388
45391
45392
45393
45395
45397
45398
45401
45402
45403
45404
45406
45407
45412
45416
45417
45421
45422
45425
45426
45427
45428
45429
45436
45437
45438
45439
45441
45443
45446
45447
45448
45453
45455
45456
45457
45458
45462
45465
45467
45469
45472
45477
45479
45480
45481
45482
45483
45485
45487
45488
45492
45494
45495
45497
45498
45499
45500
45502
45503
45507
45509
45510
45514
45516
45522
45525
45527
45528
45530
45531
45532
45537
45538
45540
45542
45543
45544
45546
45547
45549
45551
45552
45553
45555
45556
45557
45559
45560
45561
45562
45563
45565
45566
45567
45569
45570
45573
45574
45577
45583
45584
45585
45586
45587
45591
45593
45594
45597
45599
45600
45601
45604
45605
45606
45607
45608
45609
45610
45614
45615
45616
45617
45619
45620
45621
45622
45624
45625
45627
45629
45631
45632
45633
45635
45637
45638
45639
45640
45642
45643
45648
45649
45650
45651
45654
45658
45660
45663
45664
45665
45666
45667
45668
45670
45672
45676
45677
45678
45679
45684
45686
45687
45690
45691
45693
45694
45695
45696
45697
45701
45702
45703
45704
45707
45708
45711
45712
45713
45715
45717
45719
45722
45724
45725
45726
45728
45729
45730
45731
45732
45734
45735
45736
45737
45738
45739
45743
45744
45746
45747
45748
45750
45751
45753
45754
45755
45757
45759
45760
45763
45765
45766
45767
45770
45771
45772
45774
45776
45778
45779
45783
45784
45785
45787
45789
45793
45795
45798
45799
45800
45801
45802
45805
45807
45809
45810
45811
45812
45814
45816
45817
45820
45822
45823
45825
45826
45828
45829
45830
45832
45835
45836
45838
45842
45843
45845
45847
45848
45849
45850
45852
45853
45856
45859
45862
45863
45866
45867
45871
45875
45876
45877
45881
45883
45884
45885
45886
45887
45888
45891
45896
45898
45899
45900
45901
45902
45903
45904
45905
45907
45908
45909
45910
45912
45913
45916
45918
45919
45920
45922
45924
45925
45926
45927
45928
45930
45932
45933
45935
45936
45938
45940
45941
45942
45943
45944
45945
45946
45948
45949
45951
45953
45954
45956
45957
45961
45962
45964
45965
45966
45967
45969
45971
45972
45974
45975
45977
45978
45980
45985
45991
45993
45994
45995
45996
45998
45999
46000
46001
46004
46005
46008
46011
46012
46013
46015
46016
46017
46018
46019
46025
46026
46027
46028
46029
46031
46032
46034
46038
46040
46041
46047
46048
46050
46051
46052
46053
46055
46056
46057
46058
46059
46062
46065
46066
46067
46068
46069
46070
46071
46073
46076
46077
46078
46080
46081
46083
46088
46089
46093
46094
46095
46096
46100
46102
46103
46104
46105
46106
46107
46108
46109
46113
46117
46118
46119
46120
46121
46124
46126
46127
46128
46129
46130
46132
46133
46134
46137
46138
46139
46142
46143
46145
46146
46147
46154
46155
46156
46159
46161
46166
46168
46169
46170
46171
46173
46174
46176
46177
46178
46179
46182
46184
46185
46186
46187
46188
46192
46193
46194
46195
46196
46197
46202
46203
46205
46206
46207
46208
46210
46211
46212
46213
46214
46216
46221
46222
46223
46224
46227
46228
46230
46232
46235
46237
46238
46239
46241
46242
46247
46250
46251
46252
46253
46254
46255
46257
46259
46261
46262
46263
46264
46270
46271
46272
46274
46275
46277
46279
46283
46284
46286
46287
46288
46290
46291
46292
46293
46296
46297
46298
46299
46301
46302
46303
46305
46306
46307
46309
46313
46316
46317
46318
46320
46321
46323
46324
46326
46329
46333
46335
46341
46343
46345
46347
46348
46349
46351
46352
46353
46356
46360
46361
46364
46365
46366
46369
46370
46371
46373
46374
46375
46377
46378
46380
46383
46384
46388
46389
46390
46391
46393
46394
46395
46397
46398
46399
46404
46405
46408
46410
46412
46413
46416
46417
46418
46419
46420
46421
46422
46423
46424
46426
46427
46428
46429
46431
46433
46435
46437
46438
46439
46440
46441
46443
46446
46447
46448
46450
46451
46452
46453
46454
46455
46456
46457
46459
46462
46464
46466
46467
46468
46471
46472
46473
46474
46478
46479
46480
46482
46484
46485
46486
46490
46491
46492
46493
46495
46496
46499
46500
46501
46502
46505
46506
46508
46511
46512
46513
46514
46515
46517
46518
46519
46521
46522
46524
46525
46526
46527
46529
46531
46532
46534
46537
46539
46540
46541
46548
46549
46551
46554
46556
46559
46560
46564
46567
46568
46570
46571
46574
46575
46576
46577
46580
46581
46586
46590
46591
46593
46594
46595
46596
46597
46598
46599
46601
46602
46606
46607
46608
46609
46611
46614
46615
46616
46617
46621
46625
46628
46629
46630
46631
46632
46633
46634
46636
46637
46638
46642
46645
46649
46654
46655
46656
46657
46659
46660
46661
46663
46668
46670
46671
46674
46675
46676
46678
46680
46682
46683
46689
46690
46691
46692
46693
46694
46695
46696
46697
46699
46700
46701
46702
46703
46704
46705
46711
46714
46716
46718
46720
46721
46723
46724
46726
46727
46728
46730
46731
46733
46734
46737
46738
46743
46744
46748
46749
46750
46751
46753
46755
46756
46757
46758
46759
46761
46762
46763
46764
46765
46766
46767
46768
46772
46773
46774
46775
46780
46781
46782
46783
46790
46792
46793
46794
46795
46796
46797
46798
46799
46801
46802
46806
46807
46808
46817
46818
46819
46821
46822
46824
46825
46826
46827
46829
46830
46832
46833
46834
46838
46839
46840
46841
46842
46847
46848
46849
46850
46853
46854
46855
46859
46860
46862
46863
46867
46868
46870
46871
46878
46880
46881
46882
46888
46889
46890
46892
46893
46899
46900
46902
46903
46904
46908
46910
46913
46914
46916
46919
46922
46923
46925
46927
46928
46930
46931
46933
46936
46939
46943
46944
46945
46946
46947
46950
46951
46952
46953
46956
46957
46958
46963
46965
46968
46972
46974
46978
46980
46983
46986
46987
46988
46989
46990
46992
46995
46997
46999
47003
47004
47005
47007
47010
47011
47012
47013
47017
47019
47021
47022
47023
47026
47027
47029
47031
47032
47033
47034
47038
47040
47045
47047
47048
47051
47054
47055
47057
47061
47062
47063
47064
47065
47069
47072
47074
47077
47079
47080
47082
47083
47085
47089
47090
47092
47093
47094
47095
47096
47097
47099
47100
47101
47103
47105
47106
47108
47110
47111
47115
47116
47117
47119
47121
47123
47124
47125
47126
47128
47131
47132
47133
47134
47138
47139
47140
47141
47142
47143
47147
47148
47149
47151
47153
47157
47159
47160
47161
47163
47164
47165
47166
47167
47170
47174
47180
47181
47182
47183
47187
47188
47192
47193
47194
47198
47199
47200
47201
47202
47203
47204
47205
47207
47211
47214
47216
47217
47218
47219
47221
47223
47225
47226
47227
47228
47229
47231
47233
47235
47236
47241
47246
47248
47249
47251
47254
47255
47257
47264
47265
47272
47277
47278
47279
47280
47281
47282
47283
47285
47286
47288
47289
47290
47291
47292
47294
47296
47298
47299
47300
47302
47303
47305
47308
47309
47310
47311
47319
47321
47324
47325
47326
47328
47332
47338
47339
47341
47343
47344
47346
47347
47348
47349
47350
47353
47354
47355
47358
47359
47363
47364
47366
47367
47368
47371
47372
47373
47374
47379
47380
47382
47383
47387
47388
47389
47391
47392
47393
47396
47397
47399
47404
47405
47407
47408
47409
47410
47411
47412
47417
47419
47420
47421
47422
47424
47426
47427
47428
47432
47433
47435
47436
47437
47438
47440
47441
47442
47445
47446
47448
47449
47450
47451
47452
47453
47455
47456
47457
47459
47460
47461
47463
47464
47470
47471
47472
47473
47474
47476
47477
47478
47479
47481
47482
47485
47486
47488
47491
47492
47493
47496
47499
47500
47501
47502
47506
47507
47508
47510
47511
47512
47517
47520
47522
47524
47526
47530
47531
47532
47533
47535
47537
47538
47539
47540
47542
47543
47546
47548
47550
47551
47552
47553
47555
47558
47563
47564
47567
47571
47572
47573
47580
47584
47585
47587
47588
47590
47591
47592
47593
47596
47597
47600
47601
47602
47607
47612
47614
47615
47616
47617
47619
47620
47621
47622
47624
47626
47627
47628
47631
47632
47633
47634
47636
47637
47639
47640
47644
47645
47646
47648
47649
47650
47651
47654
47655
47656
47661
47665
47667
47675
47676
47681
47685
47687
47688
47690
47691
47692
47693
47695
47696
47697
47699
47700
47701
47703
47704
47705
47706
47707
47709
47710
47711
47712
47713
47716
47717
47719
47720
47721
47722
47723
47726
47728
47729
47730
47731
47732
47733
47734
47739
47740
47742
47743
47745
47746
47749
47750
47753
47755
47756
47758
47759
47760
47764
47765
47766
47768
47770
47771
47772
47773
47774
47775
47779
47781
47782
47784
47785
47786
47789
47790
47792
47793
47796
47799
47800
47801
47802
47806
47807
47808
47809
47812
47813
47814
47815
47818
47820
47821
47822
47823
47824
47825
47826
47829
47830
47834
47837
47838
47839
47840
47841
47842
47843
47846
47848
47849
47851
47855
47856
47857
47858
47859
47861
47862
47863
47865
47866
47868
47869
47871
47875
47876
47878
47879
47884
47885
47887
47889
47890
47891
47892
47894
47895
47896
47897
47900
47901
47902
47906
47907
47913
47914
47916
47917
47918
47919
47920
47925
47927
47929
47930
47932
47933
47934
47935
47939
47940
47942
47944
47948
47952
47953
47954
47955
47956
47957
47959
47960
47961
47962
47964
47971
47973
47974
47975
47976
47977
47979
47980
47981
47984
47985
47986
47987
47988
47989
47990
47992
47993
47996
47997
47999
48000
48002
48003
48004
48007
48008
48010
48011
48018
48020
48021
48024
48025
48026
48028
48029
48030
48033
48034
48036
48037
48038
48039
48040
48041
48043
48045
48046
48047
48052
48053
48055
48056
48057
48062
48063
48064
48066
48067
48069
48070
48071
48072
48073
48074
48075
48076
48080
48081
48084
48085
48086
48091
48092
48093
48095
48097
48098
48103
48106
48110
48113
48114
48115
48116
48117
48118
48119
48122
48127
48128
48129
48134
48135
48136
48137
48138
48139
48140
48141
48142
48143
48145
48146
48147
48148
48150
48152
48155
48156
48158
48159
48162
48166
48167
48168
48169
48170
48172
48173
48175
48179
48180
48181
48183
48184
48185
48187
48188
48189
48191
48193
48194
48196
48199
48200
48201
48202
48204
48205
48206
48210
48213
48215
48217
48218
48219
48220
48221
48222
48225
48227
48231
48232
48233
48235
48236
48241
48242
48243
48245
48253
48258
48260
48263
48264
48265
48266
48267
48270
48271
48272
48275
48277
48279
48280
48281
48282
48286
48289
48292
48293
48296
48297
48300
48301
48304
48306
48307
48308
48310
48311
48312
48318
48320
48322
48325
48326
48329
48330
48332
48335
48336
48338
48339
48340
48342
48344
48348
48350
48351
48352
48353
48354
48357
48359
48360
48361
48363
48365
48366
48367
48369
48371
48372
48373
48374
48375
48376
48377
48380
48382
48384
48388
48390
48393
48394
48396
48397
48399
48401
48402
48403
48404
48406
48407
48408
48409
48410
48413
48414
48416
48417
48418
48419
48421
48424
48425
48426
48427
48430
48440
48441
48444
48447
48449
48452
48453
48454
48455
48456
48459
48461
48465
48468
48470
48472
48475
48481
48482
48483
48484
48485
48489
48490
48492
48496
48497
48505
48507
48508
48509
48510
48516
48517
48518
48520
48523
48524
48528
48529
48530
48535
48536
48539
48541
48542
48548
48549
48550
48551
48553
48554
48560
48562
48563
48564
48568
48569
48570
48572
48575
48576
48577
48578
48579
48580
48582
48585
48587
48588
48591
48593
48594
48595
48596
48599
48600
48601
48603
48604
48606
48608
48611
48621
48622
48623
48624
48626
48628
48629
48630
48631
48632
48636
48637
48639
48641
48644
48645
48646
48647
48649
48650
48652
48655
48657
48658
48659
48661
48662
48663
48664
48665
48667
48668
48669
48671
48672
48673
48675
48677
48679
48680
48683
48684
48685
48686
48689
48693
48694
48697
48698
48699
48700
48704
48706
48707
48711
48713
48714
48717
48718
48721
48727
48728
48729
48730
48731
48737
48738
48739
48740
48742
48743
48744
48749
48751
48752
48753
48754
48758
48759
48761
48769
48773
48774
48775
48778
48779
48781
48782
48784
48785
48786
48787
48790
48791
48793
48794
48795
48796
48798
48799
48802
48804
48805
48806
48809
48810
48811
48812
48813
48818
48819
48820
48821
48822
48824
48825
48826
48830
48831
48832
48833
48834
48837
48838
48839
48843
48846
48848
48849
48851
48852
48855
48859
48860
48864
48866
48867
48868
48870
48872
48877
48879
48884
48886
48887
48888
48889
48890
48891
48892
48894
48895
48897
48898
48899
48905
48906
48907
48908
48909
48910
48911
48913
48915
48917
48919
48920
48921
48926
48927
48928
48929
48930
48931
48932
48933
48935
48936
48937
48938
48939
48940
48941
48942
48944
48945
48947
48949
48950
48955
48956
48957
48960
48962
48964
48965
48966
48967
48968
48970
48971
48973
48975
48979
48982
48983
48984
48985
48987
48988
48989
48990
48994
48997
48998
49002
49006
49007
49008
49011
49012
49014
49015
49017
49018
49019
49020
49023
49024
49026
49028
49029
49032
49034
49035
49036
49037
49038
49039
49040
49042
49046
49047
49051
49054
49059
49060
49061
49064
49065
49066
49068
49069
49074
49075
49077
49079
49083
49087
49088
49096
49097
49098
49101
49103
49107
49108
49112
49113
49114
49120
49121
49122
49124
49125
49126
49127
49128
49131
49133
49134
49135
49137
49141
49142
49143
49144
49146
49147
49148
49152
49153
49155
49162
49164
49165
49169
49170
49172
49178
49179
49180
49183
49186
49187
49188
49189
49191
49194
49197
49198
49203
49204
49205
49206
49207
49208
49211
49213
49214
49215
49216
49218
49219
49222
49223
49224
49227
49228
49230
49231
49233
49236
49237
49238
49240
49241
49242
49243
49245
49248
49250
49252
49253
49256
49257
49259
49261
49262
49264
49265
49267
49269
49270
49271
49272
49273
49274
49275
49276
49278
49279
49282
49283
49284
49287
49288
49289
49291
49292
49293
49296
49298
49299
49300
49302
49305
49307
49309
49310
49314
49318
49320
49324
49325
49329
49330
49331
49332
49333
49334
49337
49339
49340
49343
49346
49347
49348
49349
49351
49353
49356
49359
49364
49365
49366
49367
49369
49371
49378
49379
49380
49382
49385
49386
49388
49390
49392
49393
49394
49398
49400
49401
49402
49403
49404
49405
49406
49407
49414
49415
49416
49419
49421
49422
49423
49424
49426
49428
49430
49432
49436
49440
49445
49449
49452
49455
49456
49457
49458
49459
49461
49462
49463
49464
49465
49467
49469
49470
49471
49473
49476
49477
49484
49485
49487
49489
49492
49493
49494
49496
49501
49509
49512
49513
49516
49520
49526
49527
49529
49531
49533
49534
49535
49536
49539
49540
49543
49545
49547
49549
49550
49551
49552
49553
49555
49556
49558
49560
49563
49564
49565
49567
49568
49569
49570
49571
49572
49573
49574
49575
49577
49578
49579
49580
49581
49583
49584
49586
49587
49591
49593
49595
49596
49598
49599
49600
49603
49604
49607
49608
49616
49617
49618
49620
49621
49624
49625
49627
49629
49632
49634
49635
49639
49644
49646
49647
49649
49650
49651
49657
49658
49661
49663
49664
49667
49668
49669
49671
49672
49673
49675
49677
49678
49681
49682
49683
49684
49686
49689
49690
49691
49692
49693
49694
49697
49698
49699
49700
49701
49702
49703
49705
49708
49710
49712
49713
49714
49715
49718
49719
49720
49721
49722
49723
49724
49725
49728
49729
49731
49732
49733
49735
49737
49738
49741
49743
49745
49748
49754
49756
49760
49763
49764
49765
49766
49767
49768
49769
49771
49773
49774
49776
49779
49780
49787
49788
49790
49791
49796
49798
49801
49802
49804
49805
49806
49809
49810
49811
49813
49819
49820
49822
49823
49824
49825
49826
49830
49832
49835
49836
49837
49839
49842
49845
49846
49848
49849
49850
49855
49856
49858
49860
49861
49863
49868
49869
49873
49874
49875
49876
49877
49878
49879
49880
49882
49887
49889
49890
49891
49893
49894
49895
49897
49898
49899
49900
49901
49906
49907
49908
49909
49912
49913
49916
49917
49918
49919
49921
49922
49923
49924
49926
49927
49928
49930
49931
49932
49936
49940
49941
49942
49945
49948
49955
49959
49960
49966
49967
49971
49972
49973
49974
49976
49979
49980
49981
49982
49984
49986
49988
49989
49991
49992
49994
49995
49996
49997
49999
50000
50002
50003
50004
50005
50009
50011
50012
50019
50022
50023
50024
50026
50028
50029
50030
50033
50036
50042
50043
50046
50049
50050
50053
50054
50055
50056
50057
50060
50061
50062
50066
50067
50068
50069
50070
50072
50073
50074
50075
50077
50078
50079
50080
50081
50082
50083
50084
50086
50089
50090
50091
50094
50095
50098
50100
50103
50104
50105
50107
50110
50113
50114
50116
50120
50122
50123
50124
50125
50128
50129
50130
50131
50133
50135
50138
50139
50143
50145
50147
50149
50151
50152
50155
50161
50164
50167
50168
50169
50170
50174
50175
50176
50178
50179
50180
50181
50186
50187
50188
50193
50194
50195
50196
50198
50199
50201
50204
50205
50206
50209
50212
50213
50215
50216
50220
50222
50223
50225
50226
50229
50231
50232
50233
50241
50244
50245
50246
50247
50251
50252
50258
50260
50263
50267
50271
50273
50274
50275
50276
50278
50279
50285
50288
50289
50290
50291
50292
50294
50296
50297
50299
50300
50303
50304
50310
50311
50312
50313
50317
50318
50319
50321
50322
50323
50324
50327
50330
50331
50333
50338
50339
50340
50341
50342
50345
50346
50348
50349
50350
50352
50355
50357
50358
50359
50360
50361
50364
50366
50370
50371
50373
50374
50379
50382
50384
50385
50386
50388
50390
50394
50395
50396
50397
50398
50401
50402
50405
50407
50410
50411
50413
50414
50415
50416
50418
50422
50423
50426
50427
50429
50432
50433
50435
50436
50438
50439
50441
50445
50448
50450
50457
50458
50460
50461
50463
50465
50467
50468
50469
50472
50476
50477
50480
50483
50485
50486
50490
50492
50494
50497
50500
50504
50507
50508
50509
50510
50515
50517
50519
50520
50521
50522
50524
50525
50528
50529
50531
50532
50533
50534
50535
50539
50541
50543
50544
50545
50547
50548
50553
50554
50555
50556
50557
50561
50562
50564
50565
50566
50569
50570
50571
50572
50573
50576
50578
50579
50580
50581
50585
50586
50588
50589
50591
50595
50604
50606
50608
50610
50611
50612
50613
50614
50615
50616
50617
50618
50622
50623
50626
50627
50630
50631
50634
50635
50636
50639
50640
50641
50642
50643
50644
50645
50651
50652
50654
50656
50657
50658
50659
50664
50667
50669
50670
50671
50679
50680
50682
50683
50686
50687
50688
50692
50693
50695
50697
50698
50700
50702
50703
50705
50707
50708
50710
50711
50712
50713
50714
50715
50716
50717
50718
50719
50720
50721
50724
50725
50726
50728
50730
50731
50732
50733
50734
50735
50738
50739
50741
50742
50743
50745
50746
50747
50748
50749
50750
50751
50752
50754
50756
50757
50758
50760
50761
50763
50767
50770
50773
50776
50778
50779
50781
50782
50785
50786
50788
50789
50790
50792
50793
50794
50795
50799
50800
50802
50803
50804
50806
50808
50809
50811
50812
50813
50814
50816
50817
50820
50821
50823
50826
50835
50836
50838
50841
50842
50844
50845
50847
50848
50850
50853
50854
50857
50860
50861
50863
50865
50866
50870
50872
50873
50875
50877
50879
50882
50884
50885
50889
50890
50891
50893
50896
50897
50900
50901
50902
50903
50904
50905
50908
50910
50912
50913
50915
50920
50921
50923
50925
50927
50930
50932
50933
50934
50935
50936
50937
50938
50939
50940
50941
50942
50943
50944
50945
50947
50949
50950
50951
50952
50953
50956
50957
50958
50959
50960
50962
50966
50967
50968
50970
50971
50972
50979
50983
50984
50986
50987
50988
50989
50991
50992
50993
50995
50998
51000
51002
51005
51007
51010
51011
51012
51013
51015
51017
51018
51021
51023
51024
51026
51028
51029
51030
51031
51032
51033
51034
51035
51036
51039
51041
51042
51043
51044
51046
51047
51049
51054
51057
51058
51059
51061
51062
51066
51067
51070
51071
51072
51073
51074
51075
51076
51077
51078
51081
51083
51085
51086
51087
51088
51089
51090
51091
51092
51093
51094
51097
51101
51102
51103
51104
51105
51109
51112
51113
51115
51116
51117
51118
51119
51120
51121
51125
51127
51128
51130
51133
51138
51139
51140
51143
51145
51149
51154
51155
51159
51162
51165
51167
51168
51171
51177
51178
51179
51180
51181
51184
51185
51187
51189
51190
51192
51193
51196
51197
51198
51199
51200
51201
51202
51204
51205
51209
51211
51212
51215
51216
51220
51221
51222
51224
51227
51228
51230
51234
51236
51241
51243
51244
51245
51249
51252
51253
51254
51260
51262
51263
51265
51266
51268
51269
51271
51272
51273
51274
51275
51276
51277
51280
51283
51284
51285
51287
51289
51290
51292
51296
51297
51301
51302
51303
51305
51306
51308
51310
51311
51316
51317
51319
51320
51321
51322
51323
51324
51325
51326
51327
51331
51333
51334
51335
51338
51339
51340
51342
51343
51344
51347
51348
51352
51353
51354
51355
51357
51359
51365
51366
51368
51369
51370
51371
51372
51374
51376
51378
51379
51380
51381
51382
51384
51385
51387
51390
51392
51394
51395
51397
51398
51400
51401
51402
51403
51404
51406
51407
51411
51415
51416
51417
51422
51424
51425
51426
51427
51428
51433
51439
51442
51443
51448
51449
51453
51454
51459
51460
51461
51464
51467
51468
51469
51470
51471
51473
51475
51476
51477
51480
51483
51486
51487
51488
51489
51491
51492
51493
51494
51496
51497
51498
51499
51501
51503
51505
51509
51510
51511
51512
51513
51514
51515
51516
51520
51524
51525
51526
51527
51529
51532
51533
51534
51535
51540
51541
51545
51548
51550
51554
51555
51556
51558
51566
51567
51568
51572
51573
51574
51578
51579
51582
51583
51584
51585
51586
51587
51588
51590
51591
51592
51595
51596
51598
51601
51603
51615
51619
51620
51621
51622
51623
51626
51627
51628
51630
51634
51635
51638
51640
51641
51642
51643
51644
51646
51648
51650
51655
51657
51660
51664
51666
51669
51670
51671
51672
51673
51674
51675
51678
51680
51682
51688
51689
51690
51691
51694
51695
51696
51698
51699
51700
51702
51703
51710
51714
51716
51719
51720
51723
51726
51729
51730
51733
51741
51742
51744
51747
51748
51749
51756
51758
51759
51761
51762
51763
51765
51770
51774
51775
51779
51783
51784
51785
51788
51790
51791
51792
51794
51796
51797
51799
51800
51803
51809
51810
51812
51813
51814
51815
51818
51819
51821
51822
51824
51831
51832
51833
51834
51839
51840
51842
51843
51844
51845
51847
51850
51851
51859
51860
51861
51866
51869
51870
51871
51874
51875
51876
51877
51878
51879
51880
51881
51883
51885
51886
51887
51888
51889
51890
51891
51893
51896
51899
51900
51901
51902
51903
51904
51905
51906
51908
51913
51914
51915
51916
51918
51922
51923
51925
51929
51931
51932
51934
51937
51939
51942
51944
51945
51947
51948
51950
51952
51953
51954
51955
51958
51959
51960
51964
51965
51966
51967
51969
51971
51974
51976
51979
51983
51985
51989
51990
51991
51993
51994
51997
52000
52001
52003
52004
52005
52006
52007
52010
52011
52013
52014
52015
52017
52018
52021
52027
52028
52029
52031
52032
52033
52039
52041
52042
52046
52048
52053
52054
52055
52057
52058
52059
52060
52062
52063
52065
52066
52067
52068
52070
52071
52072
52074
52078
52085
52088
52089
52092
52093
52096
52098
52100
52101
52105
52106
52109
52110
52111
52115
52116
52117
52119
52120
52123
52124
52126
52127
52131
52136
52139
52140
52141
52143
52144
52145
52146
52149
52150
52152
52157
52158
52160
52162
52166
52167
52170
52172
52175
52176
52177
52178
52180
52182
52183
52185
52188
52189
52191
52192
52194
52195
52197
52198
52200
52201
52202
52203
52204
52211
52213
52214
52215
52218
52219
52220
52222
52223
52225
52230
52231
52232
52233
52236
52238
52240
52242
52250
52253
52254
52255
52256
52257
52259
52264
52266
52270
52272
52275
52278
52281
52284
52285
52287
52288
52290
52293
52294
52295
52297
52298
52300
52301
52302
52303
52304
52305
52306
52309
52314
52315
52317
52319
52320
52321
52322
52323
52326
52327
52329
52332
52333
52336
52337
52339
52340
52341
52343
52346
52347
52348
52349
52351
52352
52354
52356
52357
52363
52364
52365
52367
52369
52371
52372
52373
52377
52379
52380
52382
52384
52390
52392
52393
52396
52397
52398
52400
52401
52403
52404
52406
52407
52408
52410
52411
52412
52413
52415
52417
52418
52424
52426
52430
52434
52436
52438
52439
52440
52442
52444
52446
52449
52450
52451
52453
52455
52456
52457
52462
52463
52464
52465
52467
52468
52469
52470
52471
52472
52473
52474
52476
52477
52478
52481
52483
52486
52487
52488
52490
52492
52494
52495
52497
52502
52506
52507
52508
52510
52511
52513
52514
52515
52516
52517
52518
52519
52520
52525
52531
52532
52533
52534
52536
52538
52540
52546
52549
52553
52557
52559
52560
52561
52562
52565
52566
52569
52570
52572
52573
52575
52576
52579
52581
52587
52589
52590
52591
52595
52597
52598
52603
52607
52608
52610
52611
52615
52616
52617
52618
52620
52622
52623
52624
52625
52626
52627
52632
52634
52636
52638
52640
52641
52642
52643
52645
52652
52653
52654
52655
52657
52659
52661
52662
52664
52665
52666
52667
52671
52675
52679
52680
52681
52682
52684
52685
52687
52688
52689
52691
52693
52694
52695
52696
52701
52706
52707
52709
52711
52712
52713
52716
52718
52719
52722
52723
52725
52726
52730
52731
52733
52734
52735
52736
52737
52738
52739
52741
52742
52746
52747
52749
52753
52754
52756
52757
52759
52761
52762
52764
52767
52771
52775
52777
52778
52779
52782
52783
52784
52785
52787
52789
52790
52791
52793
52794
52796
52797
52798
52801
52802
52805
52806
52807
52809
52810
52813
52816
52819
52821
52822
52823
52825
52828
52830
52834
52835
52836
52838
52840
52841
52843
52847
52848
52849
52850
52852
52853
52855
52856
52857
52858
52859
52860
52863
52864
52865
52866
52868
52870
52871
52873
52875
52876
52877
52883
52886
52887
52888
52891
52892
52893
52894
52895
52896
52897
52898
52899
52901
52903
52904
52906
52907
52908
52910
52911
52915
52916
52919
52920
52922
52923
52924
52925
52929
52931
52932
52933
52934
52935
52938
52939
52940
52942
52943
52945
52947
52949
52951
52953
52954
52955
52956
52957
52958
52960
52961
52962
52965
52966
52967
52968
52969
52970
52971
52973
52974
52975
52977
52978
52979
52981
52984
52987
52990
52991
52992
52993
52994
52996
53002
53004
53005
53007
53010
53011
53015
53016
53017
53020
53021
53022
53023
53024
53025
53029
53030
53031
53032
53033
53037
53038
53041
53042
53044
53045
53046
53049
53050
53051
53054
53055
53057
53059
53060
53062
53063
53064
53065
53067
53070
53071
53073
53074
53075
53077
53078
53080
53082
53083
53084
53085
53086
53087
53089
53092
53094
53097
53098
53100
53102
53105
53107
53108
53109
53110
53112
53114
53115
53116
53121
53123
53124
53125
53126
53127
53130
53132
53133
53140
53141
53143
53146
53148
53150
53152
53153
53156
53159
53163
53164
53166
53167
53170
53172
53174
53175
53176
53177
53179
53180
53182
53183
53184
53187
53188
53191
53196
53199
53200
53201
53205
53206
53207
53208
53209
53211
53213
53215
53216
53217
53218
53221
53223
53224
53228
53230
53231
53235
53236
53237
53238
53239
53240
53241
53244
53245
53246
53248
53251
53253
53256
53257
53259
53260
53261
53264
53265
53268
53269
53270
53271
53276
53277
53281
53283
53284
53292
53293
53294
53297
53298
53303
53304
53306
53307
53308
53309
53310
53314
53315
53318
53321
53322
53323
53324
53326
53327
53333
53337
53339
53340
53342
53343
53344
53345
53346
53348
53349
53350
53354
53357
53358
53359
53360
53361
53362
53363
53365
53367
53368
53369
53372
53374
53376
53379
53380
53383
53384
53385
53387
53388
53390
53393
53394
53395
53399
53400
53401
53403
53405
53406
53407
53412
53413
53414
53415
53416
53424
53426
53427
53429
53432
53433
53434
53435
53437
53439
53440
53441
53442
53447
53452
53453
53455
53457
53458
53459
53460
53463
53470
53475
53477
53479
53480
53481
53482
53486
53489
53490
53492
53494
53499
53508
53509
53510
53512
53513
53517
53518
53521
53523
53526
53527
53532
53533
53534
53535
53540
53547
53548
53549
53551
53554
53555
53557
53561
53562
53564
53566
53569
53570
53571
53572
53573
53574
53577
53579
53580
53582
53583
53586
53587
53589
53591
53593
53595
53596
53598
53602
53606
53609
53611
53612
53613
53615
53617
53618
53621
53622
53624
53628
53630
53631
53634
53636
53637
53638
53639
53640
53642
53643
53644
53645
53646
53649
53650
53651
53654
53655
53656
53659
53660
53661
53663
53665
53666
53667
53668
53670
53674
53675
53678
53679
53680
53683
53688
53689
53691
53692
53699
53700
53701
53703
53705
53707
53708
53709
53714
53720
53722
53726
53727
53730
53732
53733
53734
53735
53736
53739
53740
53744
53746
53749
53751
53754
53757
53759
53761
53763
53764
53765
53771
53772
53773
53775
53779
53780
53782
53784
53789
53792
53793
53794
53795
53797
53800
53802
53804
53808
53809
53810
53812
53814
53815
53818
53822
53823
53824
53825
53826
53829
53830
53832
53833
53836
53837
53839
53840
53843
53844
53845
53846
53848
53851
53852
53857
53859
53860
53861
53863
53864
53865
53866
53867
53868
53870
53871
53873
53877
53878
53879
53880
53881
53882
53884
53885
53886
53887
53890
53893
53895
53897
53898
53899
53901
53903
53909
53915
53916
53919
53920
53921
53923
53924
53925
53927
53928
53931
53932
53937
53939
53940
53941
53945
53946
53948
53950
53951
53953
53955
53959
53961
53966
53968
53969
53970
53971
53974
53975
53977
53978
53980
53983
53985
53986
53989
53990
53991
53992
53993
53994
53995
53996
53998
54001
54003
54004
54006
54008
54009
54012
54013
54016
54018
54022
54024
54025
54026
54027
54028
54029
54030
54031
54032
54033
54035
54038
54039
54040
54044
54046
54047
54048
54049
54051
54052
54053
54055
54056
54057
54058
54061
54065
54066
54067
54068
54069
54072
54074
54078
54079
54080
54084
54085
54086
54087
54088
54091
54092
54093
54094
54095
54097
54099
54100
54102
54105
54107
54108
54109
54111
54112
54113
54114
54115
54116
54120
54126
54130
54131
54132
54133
54135
54138
54139
54140
54144
54145
54148
54149
54150
54152
54154
54155
54156
54157
54158
54159
54161
54167
54172
54173
54174
54177
54178
54181
54184
54186
54187
54189
54192
54193
54195
54197
54199
54200
54201
54202
54205
54209
54210
54218
54219
54220
54223
54226
54227
54228
54229
54233
54235
54236
54237
54239
54241
54243
54246
54247
54249
54250
54251
54253
54254
54255
54257
54258
54261
54262
54263
54264
54265
54266
54267
54269
54271
54275
54277
54279
54280
54281
54285
54288
54293
54294
54295
54296
54297
54299
54304
54306
54307
54308
54310
54312
54313
54315
54317
54318
54323
54324
54327
54328
54329
54330
54331
54332
54333
54334
54335
54338
54339
54340
54342
54346
54350
54356
54359
54360
54361
54362
54365
54368
54369
54372
54374
54376
54377
54378
54379
54380
54381
54383
54386
54387
54388
54392
54393
54394
54395
54396
54397
54398
54399
54403
54404
54409
54410
54412
54419
54424
54425
54430
54431
54432
54436
54439
54440
54441
54442
54444
54446
54447
54449
54450
54452
54454
54455
54457
54458
54460
54465
54467
54468
54471
54472
54474
54475
54476
54478
54483
54484
54485
54486
54487
54488
54489
54491
54495
54497
54500
54503
54504
54507
54508
54509
54510
54518
54519
54520
54522
54523
54525
54527
54528
54529
54533
54535
54536
54537
54539
54543
54547
54548
54551
54554
54556
54557
54559
54562
54563
54564
54565
54568
54569
54570
54572
54574
54577
54578
54580
54581
54582
54585
54586
54587
54588
54589
54590
54591
54595
54597
54600
54603
54606
54607
54608
54613
54614
54615
54616
54618
54619
54620
54621
54622
54624
54625
54627
54628
54629
54630
54631
54633
54635
54638
54639
54641
54644
54645
54649
54650
54653
54656
54657
54659
54661
54667
54668
54669
54675
54677
54680
54681
54686
54690
54693
54695
54697
54698
54699
54700
54703
54704
54706
54707
54708
54710
54711
54712
54713
54719
54720
54723
54724
54726
54731
54733
54738
54739
54740
54741
54746
54747
54748
54749
54751
54752
54756
54757
54759
54765
54768
54769
54771
54775
54778
54782
54789
54791
54794
54796
54797
54799
54802
54805
54809
54810
54811
54812
54814
54815
54816
54817
54818
54820
54822
54823
54824
54827
54833
54834
54835
54837
54838
54841
54842
54843
54848
54850
54851
54852
54853
54854
54855
54858
54859
54861
54866
54867
54869
54870
54871
54872
54874
54877
54878
54879
54881
54882
54883
54885
54889
54894
54900
54902
54903
54907
54909
54911
54914
54917
54923
54924
54925
54929
54931
54934
54935
54938
54940
54949
54952
54953
54955
54957
54962
54964
54965
54966
54968
54969
54971
54972
54974
54978
54980
54984
54986
54987
54988
54990
54991
54992
54993
54996
54998
55000
55002
55003
55004
55005
55006
55008
55014
55015
55016
55018
55019
55020
55021
55022
55023
55024
55025
55031
55032
55033
55036
55038
55041
55042
55044
55045
55046
55047
55048
55049
55055
55058
55059
55062
55067
55068
55074
55077
55078
55079
55080
55085
55087
55089
55091
55092
55100
55101
55103
55106
55108
55110
55111
55112
55113
55114
55116
55118
55120
55121
55122
55124
55125
55129
55130
55135
55136
55138
55141
55142
55143
55145
55148
55150
55153
55154
55156
55157
55158
55159
55160
55161
55163
55165
55168
55169
55170
55175
55178
55179
55181
55182
55184
55186
55189
55194
55195
55196
55197
55201
55209
55211
55213
55214
55215
55216
55219
55221
55223
55224
55226
55228
55231
55234
55240
55241
55246
55247
55249
55251
55254
55256
55257
55259
55262
55264
55267
55268
55269
55271
55273
55274
55275
55276
55278
55281
55284
55285
55288
55289
55290
55291
55292
55293
55295
55297
55298
55299
55302
55305
55306
55307
55308
55309
55317
55320
55322
55323
55324
55327
55328
55333
55334
55335
55337
55338
55339
55340
55342
55343
55346
55347
55348
55351
55352
55355
55359
55360
55363
55369
55370
55373
55374
55375
55376
55377
55383
55384
55386
55387
55389
55393
55395
55399
55400
55401
55402
55403
55404
55408
55409
55410
55411
55415
55423
55425
55426
55427
55431
55432
55435
55436
55438
55439
55441
55442
55444
55446
55451
55454
55456
55457
55461
55462
55463
55465
55468
55469
55471
55474
55480
55482
55483
55487
55489
55490
55492
55493
55496
55500
55502
55503
55504
55507
55508
55512
55513
55514
55516
55519
55521
55523
55525
55526
55528
55529
55530
55531
55537
55539
55540
55543
55544
55547
55549
55551
55552
55553
55557
55558
55559
55560
55563
55564
55565
55571
55572
55573
55579
55580
55581
55582
55583
55588
55590
55592
55593
55594
55595
55598
55604
55606
55607
55608
55609
55613
55616
55619
55620
55626
55627
55628
55630
55634
55635
55636
55638
55639
55640
55643
55644
55645
55646
55648
55649
55650
55651
55652
55653
55655
55657
55658
55661
55664
55665
55667
55670
55671
55673
55677
55680
55681
55682
55684
55685
55686
55687
55688
55689
55691
55692
55694
55697
55698
55700
55702
55705
55709
55711
55712
55713
55718
55719
55721
55722
55723
55728
55730
55731
55734
55735
55738
55739
55742
55743
55744
55747
55748
55752
55753
55755
55761
55763
55768
55769
55770
55771
55772
55773
55774
55775
55778
55781
55782
55783
55786
55790
55791
55792
55794
55796
55798
55799
55802
55803
55804
55808
55810
55811
55812
55814
55815
55816
55818
55819
55820
55821
55823
55824
55827
55829
55831
55832
55833
55834
55838
55839
55846
55848
55851
55852
55854
55855
55856
55857
55860
55862
55863
55864
55865
55867
55868
55869
55870
55872
55876
55878
55883
55884
55885
55889
55897
55899
55906
55909
55911
55913
55914
55915
55917
55919
55921
55922
55925
55926
55927
55930
55931
55940
55941
55943
55944
55945
55947
55948
55949
55950
55951
55953
55955
55956
55959
55961
55964
55967
55968
55970
55971
55972
55976
55979
55980
55981
55982
55984
55985
55986
55991
55993
55994
55997
56002
56004
56007
56008
56009
56010
56011
56014
56017
56018
56024
56027
56028
56029
56031
56034
56037
56038
56039
56040
56041
56043
56045
56050
56054
56059
56060
56062
56064
56066
56067
56068
56072
56074
56075
56077
56078
56080
56082
56087
56090
56091
56092
56093
56095
56096
56098
56099
56103
56104
56105
56108
56110
56111
56113
56114
56115
56116
56120
56121
56122
56127
56128
56129
56130
56132
56133
56134
56138
56139
56140
56141
56142
56144
56145
56147
56148
56149
56150
56155
56157
56161
56163
56165
56166
56167
56168
56170
56171
56172
56173
56175
56179
56180
56183
56184
56186
56188
56193
56194
56199
56200
56202
56203
56204
56205
56206
56209
56212
56214
56215
56216
56218
56220
56221
56222
56225
56227
56231
56232
56234
56235
56236
56237
56238
56240
56242
56243
56244
56246
56248
56249
56250
56251
56252
56253
56255
56256
56260
56261
56262
56266
56267
56268
56270
56271
56273
56276
56277
56279
56280
56282
56286
56287
56291
56292
56293
56295
56301
56306
56307
56308
56313
56316
56317
56320
56321
56325
56327
56328
56330
56331
56332
56333
56335
56336
56337
56338
56339
56341
56343
56346
56349
56351
56355
56356
56357
56358
56361
56363
56364
56366
56368
56369
56373
56374
56376
56377
56378
56380
56383
56384
56385
56387
56388
56391
56392
56394
56395
56397
56399
56400
56401
56402
56406
56407
56408
56410
56415
56416
56418
56421
56427
56430
56433
56434
56435
56437
56438
56439
56441
56442
56445
56446
56447
56453
56454
56455
56459
56460
56461
56462
56463
56465
56466
56467
56468
56469
56470
56471
56478
56481
56482
56484
56485
56486
56489
56490
56491
56493
56495
56496
56497
56501
56502
56503
56506
56507
56508
56510
56511
56512
56513
56517
56518
56521
56525
56527
56531
56532
56534
56535
56536
56538
56539
56540
56542
56546
56547
56548
56550
56551
56552
56553
56555
56556
56558
56559
56561
56564
56565
56571
56572
56575
56577
56578
56582
56583
56584
56588
56590
56593
56596
56597
56598
56603
56606
56611
56612
56613
56614
56615
56620
56623
56626
56627
56630
56631
56633
56643
56644
56645
56647
56649
56650
56652
56653
56658
56660
56662
56664
56665
56666
56667
56670
56671
56672
56673
56678
56679
56681
56684
56687
56689
56690
56693
56695
56696
56697
56700
56702
56703
56705
56706
56707
56710
56713
56714
56718
56721
56723
56725
56727
56728
56730
56735
56736
56738
56739
56742
56743
56745
56747
56748
56749
56753
56755
56757
56759
56761
56764
56766
56768
56769
56771
56774
56777
56779
56786
56787
56788
56790
56791
56792
56793
56794
56795
56796
56801
56804
56805
56809
56811
56817
56818
56819
56821
56822
56823
56825
56826
56834
56836
56837
56838
56839
56840
56846
56851
56852
56853
56854
56856
56857
56858
56860
56861
56862
56866
56867
56868
56870
56871
56872
56874
56876
56877
56879
56881
56884
56885
56888
56889
56895
56896
56897
56898
56900
56901
56903
56905
56907
56909
56910
56911
56913
56914
56916
56917
56919
56920
56925
56926
56927
56928
56931
56933
56934
56935
56940
56941
56943
56944
56945
56946
56948
56949
56952
56953
56954
56963
56964
56965
56966
56970
56972
56974
56977
56980
56984
56986
56989
56992
56994
56997
56999
57000
57003
57004
57013
57014
57018
57019
57020
57024
57026
57027
57028
57033
57035
57036
57038
57041
57042
57043
57044
57048
57049
57051
57053
57057
57060
57061
57063
57064
57065
57068
57070
57074
57075
57077
57078
57079
57081
57082
57084
57085
57086
57087
57093
57094
57095
57096
57100
57102
57104
57106
57110
57112
57113
57115
57116
57119
57120
57122
57123
57125
57126
57127
57129
57130
57133
57138
57139
57140
57141
57142
57146
57147
57149
57150
57151
57152
57153
57154
57155
57156
57160
57163
57165
57166
57167
57169
57171
57172
57173
57174
57177
57178
57188
57190
57194
57195
57196
57200
57201
57203
57205
57207
57208
57210
57211
57212
57214
57215
57216
57218
57220
57223
57225
57227
57229
57231
57233
57234
57235
57236
57237
57238
57241
57242
57246
57247
57248
57250
57252
57255
57256
57258
57262
57263
57264
57265
57267
57268
57269
57273
57278
57280
57282
57284
57285
57287
57289
57292
57293
57296
57297
57300
57304
57305
57308
57309
57311
57312
57315
57316
57323
57324
57325
57328
57331
57334
57336
57338
57339
57341
57347
57348
57350
57353
57354
57355
57357
57359
57360
57363
57366
57367
57369
57371
57372
57373
57379
57380
57383
57385
57388
57389
57391
57392
57393
57394
57396
57398
57400
57402
57405
57409
57411
57412
57413
57415
57417
57418
57419
57423
57424
57432
57434
57436
57438
57440
57441
57442
57444
57448
57449
57450
57454
57455
57456
57460
57463
57464
57465
57466
57467
57468
57469
57471
57472
57474
57475
57477
57479
57480
57481
57482
57483
57487
57488
57489
57491
57496
57498
57501
57508
57509
57510
57511
57512
57513
57516
57517
57518
57519
57520
57522
57524
57526
57528
57529
57530
57532
57534
57535
57536
57538
57539
57540
57542
57543
57545
57547
57550
57551
57552
57554
57555
57556
57557
57559
57563
57565
57570
57571
57572
57573
57574
57575
57576
57580
57583
57589
57590
57592
57593
57596
57597
57598
57599
57603
57605
57606
57609
57610
57612
57615
57616
57617
57619
57620
57621
57623
57625
57626
57627
57628
57632
57635
57636
57639
57644
57646
57650
57652
57653
57656
57658
57659
57660
57667
57668
57670
57671
57674
57675
57677
57678
57679
57680
57682
57683
57684
57688
57689
57690
57691
57692
57696
57698
57699
57703
57704
57707
57708
57710
57711
57712
57715
57716
57717
57722
57724
57726
57728
57731
57732
57735
57736
57738
57739
57743
57744
57745
57747
57752
57753
57755
57756
57761
57762
57763
57764
57766
57767
57768
57774
57778
57783
57785
57788
57789
57790
57796
57797
57799
57800
57801
57802
57803
57805
57806
57807
57808
57810
57813
57814
57815
57818
57819
57821
57824
57825
57826
57829
57831
57832
57833
57834
57835
57836
57838
57839
57840
57843
57844
57845
57851
57854
57858
57859
57860
57865
57866
57867
57868
57870
57871
57872
57873
57875
57878
57879
57881
57886
57889
57890
57893
57895
57896
57898
57901
57902
57904
57907
57909
57913
57914
57916
57917
57918
57921
57922
57923
57924
57925
57931
57932
57933
57935
57942
57943
57945
57949
57951
57954
57956
57957
57964
57965
57969
57972
57976
57980
57987
57988
57990
57991
57993
57994
57995
57997
57998
58002
58010
58012
58016
58017
58023
58024
58026
58028
58029
58033
58034
58036
58039
58040
58042
58044
58046
58048
58051
58052
58053
58055
58058
58060
58068
58070
58071
58073
58075
58077
58078
58082
58084
58085
58088
58093
58095
58097
58100
58102
58103
58105
58106
58111
58112
58115
58116
58118
58120
58124
58126
58127
58128
58130
58134
58135
58136
58140
58142
58143
58144
58146
58148
58150
58152
58153
58156
58157
58158
58162
58163
58164
58166
58168
58169
58172
58173
58174
58176
58181
58183
58187
58189
58190
58191
58196
58201
58203
58204
58205
58210
58212
58213
58215
58222
58226
58227
58231
58233
58234
58236
58237
58239
58241
58245
58247
58248
58251
58253
58254
58255
58256
58257
58259
58260
58261
58267
58270
58271
58276
58277
58278
58280
58282
58284
58286
58287
58297
58300
58302
58303
58304
58305
58306
58308
58309
58310
58311
58315
58317
58318
58320
58323
58327
58329
58332
58333
58334
58336
58340
58342
58344
58345
58347
58350
58351
58354
58356
58358
58360
58361
58362
58364
58365
58366
58367
58369
58371
58372
58374
58375
58377
58381
58383
58384
58386
58387
58389
58391
58396
58400
58401
58402
58404
58405
58407
58409
58410
58411
58412
58414
58417
58419
58420
58421
58423
58425
58426
58427
58428
58430
58432
58433
58435
58437
58438
58439
58446
58449
58451
58454
58456
58458
58460
58461
58462
58467
58468
58469
58470
58473
58475
58477
58483
58485
58487
58491
58493
58496
58497
58498
58499
58501
58502
58503
58504
58507
58511
58514
58518
58522
58523
58524
58527
58531
58532
58533
58535
58539
58540
58541
58542
58544
58548
58549
58558
58559
58562
58563
58564
58566
58567
58569
58571
58572
58573
58574
58575
58578
58579
58581
58583
58584
58587
58589
58591
58592
58593
58594
58600
58602
58603
58606
58607
58611
58612
58614
58616
58617
58621
58622
58623
58624
58626
58627
58629
58630
58634
58636
58637
58645
58646
58647
58648
58650
58651
58653
58655
58657
58658
58659
58663
58667
58668
58669
58670
58671
58672
58675
58677
58679
58682
58683
58684
58688
58689
58690
58693
58694
58695
58696
58697
58699
58701
58702
58705
58706
58715
58716
58717
58721
58722
58723
58724
58725
58726
58727
58729
58730
58734
58737
58739
58740
58742
58744
58746
58747
58748
58751
58752
58753
58755
58759
58762
58764
58766
58767
58768
58769
58770
58773
58776
58777
58778
58780
58782
58783
58785
58786
58789
58790
58791
58792
58793
58795
58797
58800
58802
58805
58806
58807
58809
58810
58811
58812
58814
58815
58818
58819
58821
58824
58825
58828
58831
58832
58833
58835
58837
58838
58841
58843
58844
58845
58847
58849
58851
58855
58856
58857
58859
58860
58861
58862
58863
58864
58865
58867
58868
58873
58874
58875
58876
58879
58880
58883
58885
58886
58890
58893
58895
58896
58897
58898
58899
58900
58901
58907
58908
58911
58916
58917
58918
58919
58921
58922
58923
58924
58925
58926
58927
58929
58930
58932
58935
58936
58940
58941
58945
58949
58950
58951
58953
58955
58957
58959
58962
58963
58965
58966
58967
58969
58970
58972
58975
58976
58977
58979
58980
58982
58984
58985
58986
58987
58990
58991
58993
58995
58996
58997
58998
59003
59006
59007
59008
59009
59011
59012
59014
59016
59017
59018
59022
59025
59026
59027
59030
59036
59037
59039
59042
59047
59049
59052
59054
59055
59056
59058
59059
59060
59063
59064
59066
59069
59070
59072
59074
59076
59077
59078
59079
59080
59082
59087
59088
59093
59094
59103
59106
59109
59110
59111
59115
59116
59124
59127
59128
59129
59130
59131
59135
59138
59140
59141
59143
59144
59145
59146
59148
59150
59151
59152
59153
59155
59157
59161
59162
59163
59165
59168
59171
59172
59175
59176
59177
59178
59181
59182
59186
59187
59188
59190
59193
59195
59196
59198
59199
59200
59201
59204
59205
59208
59211
59214
59216
59217
59218
59219
59220
59222
59223
59225
59226
59227
59228
59229
59231
59232
59233
59234
59235
59238
59239
59240
59241
59243
59245
59247
59250
59251
59254
59256
59265
59266
59267
59268
59269
59272
59273
59275
59276
59278
59280
59281
59284
59286
59290
59291
59292
59294
59296
59298
59300
59301
59303
59304
59307
59308
59309
59310
59313
59314
59315
59316
59317
59318
59320
59322
59324
59326
59327
59328
59329
59330
59333
59337
59340
59341
59342
59346
59348
59349
59355
59358
59361
59362
59364
59365
59367
59370
59374
59375
59380
59382
59383
59385
59386
59389
59390
59393
59398
59399
59401
59404
59406
59407
59408
59410
59411
59418
59419
59421
59422
59424
59428
59429
59430
59432
59433
59435
59436
59438
59440
59441
59442
59443
59444
59446
59447
59448
59449
59451
59454
59457
59458
59460
59463
59465
59466
59467
59469
59470
59473
59474
59475
59476
59479
59480
59481
59483
59484
59485
59487
59488
59489
59492
59493
59500
59501
59505
59506
59509
59513
59514
59515
59516
59519
59521
59522
59524
59525
59529
59531
59533
59539
59540
59541
59542
59543
59547
59549
59551
59557
59563
59564
59566
59567
59568
59569
59570
59571
59574
59575
59578
59583
59585
59590
59592
59593
59595
59597
59598
59600
59604
59605
59606
59608
59610
59612
59615
59616
59618
59619
59622
59624
59626
59627
59630
59632
59633
59634
59636
59637
59639
59640
59641
59642
59644
59647
59653
59655
59656
59660
59661
59663
59666
59668
59669
59670
59671
59672
59673
59675
59676
59677
59678
59680
59684
59685
59686
59687
59689
59694
59695
59696
59697
59699
59700
59701
59702
59703
59707
59709
59710
59713
59714
59716
59717
59718
59720
59723
59724
59725
59726
59728
59730
59732
59733
59736
59738
59739
59741
59744
59745
59748
59749
59756
59760
59761
59762
59763
59764
59766
59769
59770
59771
59774
59778
59780
59781
59782
59784
59785
59786
59788
59789
59793
59794
59798
59799
59802
59806
59810
59811
59812
59816
59819
59820
59822
59824
59825
59828
59829
59832
59840
59841
59843
59844
59851
59852
59853
59854
59855
59856
59858
59859
59860
59862
59865
59868
59869
59870
59871
59876
59877
59878
59879
59882
59883
59884
59887
59890
59896
59897
59899
59902
59907
59910
59915
59916
59918
59920
59921
59922
59924
59925
59926
59929
59930
59933
59937
59944
59946
59951
59952
59953
59955
59956
59957
59959
59960
59962
59963
59964
59965
59966
59968
59970
59977
59981
59982
59984
59987
59988
59993
59994
59995
59996
59997
60002
60003
60004
60008
60010
60012
60013
60014
60015
60018
60019
60020
60024
60025
60026
60028
60029
60030
60033
60037
60038
60039
60040
60046
60048
60050
60052
60054
60055
60057
60059
60060
60062
60065
60066
60067
60072
60073
60074
60077
60079
60082
60087
60095
60097
60098
60099
60100
60101
60102
60106
60107
60108
60109
60111
60114
60120
60122
60126
60130
60132
60133
60142
60145
60150
60151
60154
60155
60156
60159
60162
60163
60165
60168
60172
60173
60174
60175
60176
60177
60179
60180
60181
60182
60185
60186
60187
60190
60192
60197
60198
60199
60203
60204
60210
60212
60214
60217
60219
60220
60224
60226
60234
60235
60236
60238
60239
60240
60241
60242
60244
60245
60246
60254
60255
60256
60258
60259
60265
60266
60267
60268
60271
60273
60274
60275
60276
60277
60280
60281
60282
60283
60285
60286
60288
60291
60294
60296
60299
60300
60306
60309
60312
60313
60316
60317
60318
60321
60322
60323
60325
60327
60329
60331
60333
60337
60339
60342
60343
60346
60347
60350
60352
60354
60355
60359
60360
60362
60363
60367
60370
60374
60378
60381
60382
60384
60385
60386
60391
60392
60395
60396
60397
60400
60403
60404
60406
60408
60412
60413
60418
60419
60420
60421
60424
60425
60426
60427
60428
60431
60433
60435
60436
60437
60439
60442
60443
60445
60446
60451
60453
60456
60459
60460
60461
60462
60465
60467
60470
60476
60477
60478
60480
60481
60484
60485
60489
60491
60493
60494
60497
60498
60499
60503
60506
60508
60511
60512
60514
60516
60517
60518
60521
60522
60523
60526
60527
60528
60532
60534
60535
60538
60540
60545
60547
60550
60551
60552
60553
60554
60557
60560
60564
60565
60567
60568
60570
60573
60574
60575
60578
60583
60584
60585
60589
60592
60593
60594
60598
60599
60600
60601
60602
60603
60606
60607
60608
60609
60610
60612
60613
60615
60616
60617
60619
60621
60623
60626
60627
60628
60629
60630
60631
60632
60633
60634
60638
60646
60647
60648
60654
60656
60658
60659
60660
60662
60664
60665
60667
60668
60669
60671
60675
60676
60678
60679
60681
60682
60683
60684
60686
60687
60689
60690
60691
60694
60698
60702
60705
60707
60709
60712
60718
60720
60723
60724
60725
60730
60731
60734
60735
60736
60737
60738
60741
60743
60745
60749
60752
60756
60764
60765
60766
60767
60770
60772
60775
60776
60777
60778
60779
60780
60781
60782
60783
60784
60785
60786
60789
60792
60793
60794
60795
60796
60797
60799
60800
60803
60804
60806
60808
60810
60811
60814
60815
60816
60820
60823
60824
60826
60829
60831
60832
60834
60836
60839
60840
60845
60846
60851
60852
60854
60855
60856
60857
60858
60859
60860
60861
60862
60863
60865
60866
60869
60870
60874
60876
60880
60881
60883
60887
60891
60893
60894
60897
60898
60901
60907
60909
60911
60919
60920
60921
60922
60923
60925
60926
60927
60934
60935
60936
60937
60939
60943
60944
60947
60949
60950
60952
60953
60954
60955
60956
60959
60960
60964
60967
60970
60972
60976
60977
60979
60983
60984
60987
60988
60991
60992
60995
60996
60997
60998
60999
61002
61003
61005
61010
61015
61021
61023
61025
61029
61030
61032
61035
61036
61037
61038
61040
61050
61051
61052
61055
61056
61057
61058
61059
61060
61062
61064
61066
61070
61073
61074
61075
61076
61077
61079
61081
61084
61085
61086
61090
61091
61092
61094
61095
61096
61101
61103
61106
61107
61108
61109
61116
61117
61119
61121
61124
61126
61127
61129
61132
61137
61138
61140
61144
61145
61146
61149
61150
61152
61153
61154
61160
61161
61165
61168
61170
61171
61178
61180
61182
61184
61185
61188
61189
61190
61191
61192
61193
61194
61195
61197
61199
61203
61205
61207
61209
61210
61211
61212
61214
61215
61220
61221
61222
61223
61225
61228
61232
61237
61240
61243
61245
61249
61250
61254
61255
61257
61259
61261
61264
61265
61267
61269
61273
61274
61275
61276
61279
61281
61282
61284
61289
61294
61295
61298
61301
61302
61303
61305
61309
61310
61312
61314
61315
61316
61317
61319
61324
61325
61326
61328
61331
61335
61336
61337
61338
61340
61341
61342
61345
61349
61351
61352
61354
61355
61356
61361
61363
61364
61365
61367
61368
61369
61370
61371
61374
61378
61379
61381
61383
61384
61386
61387
61388
61389
61391
61394
61400
61401
61405
61406
61407
61408
61409
61411
61412
61413
61416
61421
61425
61427
61431
61433
61435
61436
61438
61441
61442
61443
61444
61446
61448
61449
61450
61451
61453
61456
61457
61460
61463
61464
61468
61471
61472
61473
61476
61478
61479
61483
61484
61485
61487
61493
61494
61495
61499
61500
61501
61506
61507
61509
61514
61518
61520
61521
61522
61524
61527
61533
61535
61536
61537
61542
61543
61544
61550
61551
61552
61556
61557
61558
61561
61562
61566
61568
61569
61570
61571
61574
61576
61578
61580
61581
61584
61585
61586
61592
61594
61599
61601
61604
61606
61607
61608
61609
61610
61613
61616
61617
61620
61627
61628
61635
61637
61639
61643
61644
61645
61646
61649
61650
61659
61660
61664
61669
61670
61671
61672
61674
61676
61678
61679
61683
61684
61685
61686
61688
61689
61693
61696
61698
61703
61704
61705
61708
61709
61710
61711
61712
61713
61715
61720
61726
61730
61732
61735
61738
61739
61741
61742
61744
61745
61748
61752
61757
61758
61759
61760
61762
61763
61764
61766
61767
61768
61769
61770
61772
61773
61774
61775
61779
61781
61782
61783
61784
61785
61787
61790
61791
61794
61795
61797
61798
61799
61801
61802
61805
61806
61807
61809
61810
61813
61815
61816
61818
61819
61821
61822
61823
61824
61826
61829
61830
61834
61835
61836
61837
61838
61841
61844
61846
61850
61853
61856
61857
61858
61861
61862
61865
61872
61875
61876
61877
61878
61879
61880
61885
61889
61890
61898
61899
61903
61905
61906
61908
61909
61910
61911
61912
61913
61916
61920
61921
61922
61924
61925
61926
61927
61928
61930
61932
61934
61935
61936
61937
61939
61946
61950
61956
61958
61964
61965
61966
61970
61971
61974
61984
61985
61987
61988
61995
61996
61999
62002
62003
62005
62007
62010
62011
62018
62020
62023
62024
62028
62029
62030
62035
62040
62041
62042
62043
62044
62046
62047
62049
62050
62056
62059
62065
62067
62068
62070
62071
62072
62073
62075
62076
62078
62081
62083
62085
62087
62088
62091
62092
62094
62095
62096
62097
62099
62101
62103
62106
62109
62110
62111
62112
62114
62115
62116
62117
62118
62119
62124
62125
62127
62130
62131
62133
62134
62135
62137
62138
62139
62140
62141
62142
62143
62149
62151
62153
62158
62162
62164
62173
62174
62179
62180
62181
62183
62185
62188
62189
62195
62196
62197
62198
62200
62202
62205
62207
62210
62214
62216
62217
62218
62219
62222
62225
62226
62227
62234
62236
62238
62239
62243
62244
62247
62248
62249
62250
62251
62252
62253
62254
62256
62259
62261
62262
62263
62264
62265
62266
62268
62269
62272
62276
62283
62284
62285
62288
62290
62291
62293
62296
62304
62305
62306
62307
62309
62312
62314
62316
62317
62321
62324
62327
62329
62331
62332
62333
62334
62335
62337
62338
62339
62340
62344
62345
62346
62351
62352
62355
62356
62357
62359
62361
62364
62366
62369
62371
62377
62378
62380
62381
62389
62390
62392
62395
62398
62399
62401
62404
62406
62407
62411
62413
62414
62415
62422
62423
62428
62430
62431
62436
62438
62439
62441
62444
62446
62447
62451
62452
62453
62454
62456
62457
62461
62462
62463
62464
62465
62466
62469
62471
62475
62477
62487
62488
62490
62491
62492
62494
62495
62501
62502
62507
62509
62512
62513
62515
62517
62519
62520
62521
62525
62528
62532
62533
62534
62535
62536
62537
62538
62539
62540
62542
62543
62546
62547
62549
62550
62553
62557
62558
62563
62569
62570
62577
62578
62579
62582
62584
62586
62593
62595
62597
62598
62602
62605
62609
62610
62614
62618
62620
62623
62624
62626
62627
62630
62631
62632
62633
62634
62639
62640
62643
62647
62654
62655
62656
62657
62658
62659
62660
62663
62667
62668
62672
62673
62675
62676
62677
62680
62682
62683
62685
62686
62689
62690
62691
62694
62695
62696
62697
62698
62699
62700
62701
62703
62707
62708
62709
62711
62713
62716
62717
62718
62719
62720
62724
62725
62727
62728
62731
62732
62737
62738
62739
62740
62744
62746
62747
62750
62751
62755
62756
62759
62762
62766
62770
62771
62772
62773
62776
62777
62778
62780
62782
62785
62788
62790
62791
62793
62796
62803
62807
62808
62810
62811
62813
62814
62815
62818
62819
62820
62821
62823
62824
62825
62829
62833
62834
62836
62837
62839
62840
62841
62842
62843
62844
62845
62847
62861
62862
62863
62865
62866
62867
62869
62871
62872
62873
62877
62880
62881
62884
62885
62886
62892
62894
62898
62900
62903
62904
62905
62906
62907
62910
62912
62914
62916
62917
62919
62921
62925
62928
62929
62930
62932
62933
62940
62942
62948
62949
62951
62957
62959
62961
62962
62963
62966
62971
62973
62974
62980
62982
62983
62984
62985
62988
62990
62991
62992
62993
62995
63000
63001
63003
63005
63006
63008
63011
63013
63015
63017
63020
63021
63028
63032
63034
63035
63036
63037
63039
63043
63046
63049
63050
63051
63053
63056
63057
63060
63062
63065
63066
63067
63068
63069
63070
63073
63079
63085
63088
63090
63092
63094
63095
63097
63098
63099
63100
63104
63106
63113
63114
63115
63116
63117
63118
63119
63124
63125
63126
63128
63129
63130
63135
63136
63138
63139
63142
63145
63147
63148
63149
63151
63152
63153
63155
63157
63161
63164
63165
63168
63169
63170
63173
63174
63175
63180
63182
63183
63186
63187
63189
63190
63192
63193
63196
63198
63204
63208
63209
63213
63215
63216
63219
63222
63227
63228
63230
63232
63233
63236
63243
63244
63245
63248
63249
63250
63251
63256
63257
63259
63260
63261
63262
63264
63265
63266
63271
63272
63275
63276
63277
63278
63280
63281
63285
63286
63292
63294
63297
63299
63301
63303
63304
63305
63307
63319
63320
63321
63322
63323
63326
63327
63330
63335
63337
63338
63339
63340
63343
63344
63346
63347
63350
63351
63352
63356
63359
63361
63362
63364
63365
63366
63367
63368
63369
63370
63373
63375
63383
63387
63388
63391
63393
63396
63398
63402
63403
63406
63408
63412
63415
63417
63421
63422
63423
63429
63430
63432
63434
63435
63437
63441
63442
63447
63452
63453
63455
63456
63459
63462
63464
63466
63468
63469
63471
63476
63478
63479
63480
63485
63486
63489
63492
63495
63499
63500
63501
63504
63505
63506
63508
63513
63514
63516
63517
63520
63521
63522
63527
63532
63536
63537
63538
63541
63544
63545
63548
63549
63551
63552
63554
63555
63556
63557
63558
63559
63561
63568
63569
63575
63576
63577
63579
63582
63584
63593
63594
63596
63603
63605
63606
63607
63613
63614
63616
63619
63624
63625
63629
63630
63636
63640
63643
63645
63647
63649
63651
63653
63654
63656
63657
63658
63659
63660
63661
63663
63667
63668
63669
63670
63673
63681
63682
63683
63686
63687
63690
63691
63692
63693
63695
63697
63702
63703
63704
63707
63711
63713
63714
63717
63718
63720
63723
63726
63727
63728
63730
63731
63733
63734
63735
63736
63738
63740
63745
63746
63749
63751
63752
63754
63755
63756
63757
63758
63764
63766
63768
63770
63772
63773
63775
63781
63787
63788
63791
63792
63793
63797
63799
63802
63806
63809
63810
63811
63812
63815
63816
63817
63818
63819
63821
63822
63823
63824
63826
63832
63838
63840
63844
63845
63846
63850
63851
63852
63853
63854
63858
63860
63863
63866
63868
63869
63870
63871
63872
63873
63875
63877
63878
63879
63880
63881
63882
63885
63886
63890
63892
63893
63896
63898
63904
63905
63906
63907
63908
63914
63915
63916
63917
63919
63920
63921
63923
63927
63928
63930
63932
63933
63935
63943
63946
63948
63951
63954
63955
63961
63962
63963
63967
63974
63977
63979
63980
63982
63983
63985
63988
63990
63991
63996
63997
63998
64002
64004
64005
64006
64009
64010
64011
64013
64015
64016
64017
64019
64021
64022
64024
64025
64028
64029
64034
64042
64043
64044
64045
64046
64048
64049
64053
64054
64055
64057
64058
64060
64062
64063
64065
64067
64069
64070
64071
64072
64073
64074
64075
64078
64086
64088
64089
64090
64091
64096
64099
64101
64102
64108
64111
64115
64116
64121
64124
64127
64128
64129
64130
64131
64132
64133
64135
64137
64138
64142
64144
64145
64146
64147
64149
64151
64153
64154
64155
64157
64160
64162
64163
64164
64166
64168
64171
64173
64174
64176
64179
64182
64183
64184
64185
64187
64194
64195
64196
64201
64203
64204
64207
64208
64209
64211
64215
64219
64221
64226
64227
64228
64229
64230
64231
64234
64235
64239
64241
64245
64247
64251
64253
64257
64258
64259
64260
64263
64266
64268
64269
64270
64273
64274
64277
64280
64283
64285
64288
64289
64290
64294
64295
64297
64298
64303
64312
64313
64314
64315
64316
64318
64319
64324
64326
64331
64333
64335
64336
64338
64339
64340
64342
64345
64346
64348
64349
64350
64351
64355
64357
64358
64359
64360
64362
64369
64370
64371
64374
64375
64376
64379
64381
64382
64392
64395
64396
64399
64400
64403
64406
64410
64412
64416
64417
64419
64420
64422
64423
64424
64425
64427
64428
64431
64432
64434
64436
64438
64439
64440
64441
64444
64445
64446
64447
64448
64454
64455
64456
64458
64460
64461
64462
64463
64467
64468
64475
64476
64479
64483
64484
64485
64486
64487
64489
64490
64491
64495
64498
64503
64504
64507
64509
64512
64513
64520
64522
64525
64527
64528
64531
64534
64535
64536
64538
64540
64541
64543
64547
64550
64552
64553
64557
64558
64560
64561
64562
64564
64569
64570
64572
64575
64581
64586
64587
64589
64590
64591
64592
64595
64596
64597
64599
64604
64605
64606
64608
64611
64612
64614
64615
64616
64617
64619
64621
64622
64623
64624
64625
64629
64632
64633
64635
64636
64637
64638
64639
64641
64642
64643
64644
64646
64649
64650
64654
64658
64662
64663
64667
64673
64674
64675
64679
64681
64682
64684
64686
64688
64689
64691
64692
64695
64696
64697
64700
64702
64703
64704
64705
64706
64707
64708
64710
64711
64713
64714
64720
64721
64723
64724
64726
64729
64730
64732
64734
64740
64742
64743
64746
64747
64748
64752
64753
64754
64756
64759
64761
64762
64763
64769
64772
64773
64775
64778
64781
64783
64785
64787
64789
64791
64793
64794
64796
64798
64799
64802
64804
64806
64808
64809
64810
64811
64812
64813
64815
64816
64818
64828
64832
64833
64835
64836
64837
64838
64839
64846
64849
64850
64851
64857
64858
64859
64867
64870
64871
64872
64874
64876
64879
64882
64883
64886
64887
64889
64891
64893
64894
64901
64902
64903
64904
64905
64910
64912
64913
64914
64915
64916
64918
64919
64920
64926
64927
64928
64931
64934
64935
64941
64943
64944
64945
64948
64949
64950
64951
64953
64958
64962
64963
64964
64965
64968
64969
64970
64971
64976
64977
64982
64983
64985
64987
64990
64992
64998
65000
65001
65006
65010
65011
65013
65014
65015
65017
65021
65027
65030
65031
65032
65035
65039
65040
65041
65042
65045
65046
65048
65051
65052
65053
65054
65057
65058
65059
65060
65062
65063
65064
65065
65070
65076
65077
65079
65081
65082
65085
65086
65087
65088
65092
65099
65100
65107
65108
65109
65110
65111
65112
65114
65119
65120
65121
65122
65125
65126
65127
65131
65132
65136
65139
65140
65141
65142
65145
65147
65150
65151
65152
65156
65159
65164
65175
65177
65183
65184
65185
65187
65194
65196
65199
65201
65205
65209
65210
65211
65215
65217
65219
65224
65229
65231
65233
65234
65235
65241
65244
65250
65251
65252
65254
65256
65257
65261
65263
65264
65268
65269
65273
65274
65275
65276
65277
65278
65297
65298
65304
65305
65306
65307
65310
65311
65312
65313
65314
65315
65316
65318
65319
65320
65322
65323
65326
65327
65332
65334
65335
65337
65338
65341
65342
65343
65346
65347
65355
65358
65360
65362
65363
65367
65368
65371
65373
65374
65378
65379
65384
65385
65386
65389
65390
65393
65395
65396
65397
65399
65402
65403
65406
65407
65409
65410
65411
65413
65414
65417
65418
65421
65422
65423
65424
65425
65426
65427
65430
65436
65439
65443
65444
65446
65449
65450
65452
65453
65454
65455
65459
65461
65463
65464
65465
65466
65468
65469
65471
65472
65473
65476
65478
65479
65486
65488
65489
65490
65491
65492
65495
65496
65498
65499
65500
65502
65507
65509
65510
65511
65513
65514
65516
65519
65523
65524
65526
65528
65529
65530
65531
65536
65538
65540
65542
65543
65546
65550
65552
65553
65554
65555
65559
65560
65569
65573
65578
65581
65582
65584
65585
65586
65587
65588
65589
65590
65592
65593
65596
65597
65598
65601
65602
65604
65605
65606
65607
65611
65618
65619
65621
65623
65625
65628
65630
65631
65632
65635
65637
65639
65641
65642
65644
65645
65646
65648
65649
65652
65654
65655
65657
65658
65659
65663
65666
65667
65669
65673
65674
65676
65677
65678
65681
65684
65686
65690
65691
65692
65696
65702
65706
65708
65709
65710
65711
65714
65721
65728
65729
65731
65736
65737
65745
65747
65749
65751
65752
65753
65755
65756
65757
65759
65760
65761
65763
65765
65768
65769
65771
65772
65777
65780
65781
65783
65785
65786
65787
65788
65789
65790
65793
65794
65798
65799
65802
65803
65804
65806
65808
65812
65814
65819
65821
65823
65824
65826
65827
65828
65829
65831
65832
65833
65835
65838
65839
65841
65843
65844
65846
65848
65851
65854
65856
65861
65862
65863
65864
65867
65870
65876
65877
65878
65882
65883
65884
65885
65886
65889
65892
65893
65894
65899
65900
65901
65902
65903
65904
65905
65906
65909
65910
65914
65915
65916
65917
65918
65919
65920
65921
65923
65924
65930
65931
65932
65937
65941
65942
65943
65944
65945
65950
65957
65959
65960
65961
65964
65965
65966
65967
65968
65971
65972
65973
65975
65977
65978
65982
65983
65990
65993
65994
65995
65998
66000
66001
66002
66005
66006
66007
66011
66013
66015
66018
66023
66025
66026
66028
66029
66034
66038
66039
66040
66041
66043
66045
66050
66052
66053
66054
66057
66058
66060
66061
66062
66064
66065
66068
66069
66070
66071
66072
66073
66074
66077
66079
66083
66089
66090
66093
66096
66097
66098
66099
66100
66101
66102
66111
66116
66119
66120
66121
66125
66127
66132
66134
66138
66140
66141
66142
66151
66153
66160
66161
66162
66163
66166
66167
66169
66170
66171
66172
66174
66175
66181
66184
66186
66191
66194
66196
66199
66202
66203
66204
66206
66211
66212
66214
66216
66217
66229
66230
66231
66233
66239
66240
66243
66244
66246
66249
66250
66251
66253
66254
66258
66263
66264
66265
66268
66269
66270
66272
66274
66275
66277
66280
66281
66282
66287
66288
66290
66291
66293
66294
66296
66298
66299
66300
66306
66307
66311
66312
66313
66314
66315
66317
66319
66320
66322
66323
66324
66325
66327
66328
66329
66330
66332
66333
66335
66336
66337
66338
66339
66341
66345
66346
66347
66348
66349
66350
66351
66352
66353
66354
66358
66359
66362
66364
66365
66366
66367
66369
66373
66374
66375
66376
66377
66378
66380
66385
66386
66389
66390
66392
66394
66396
66399
66402
66404
66406
66408
66412
66417
66418
66420
66422
66424
66425
66426
66428
66429
66431
66436
66438
66439
66440
66441
66443
66444
66446
66447
66449
66454
66455
66459
66460
66469
66470
66471
66473
66474
66476
66477
66478
66480
66485
66486
66487
66488
66490
66494
66496
66497
66499
66504
66505
66508
66510
66516
66517
66518
66520
66522
66524
66526
66527
66532
66533
66535
66536
66538
66540
66541
66543
66545
66546
66547
66550
66552
66554
66555
66558
66559
66560
66561
66563
66569
66571
66573
66575
66576
66577
66579
66580
66581
66582
66583
66584
66585
66586
66588
66590
66591
66592
66596
66597
66599
66600
66605
66606
66614
66615
66618
66621
66622
66623
66631
66632
66633
66636
66637
66641
66642
66644
66646
66649
66654
66655
66656
66657
66658
66659
66660
66661
66667
66668
66669
66671
66674
66678
66679
66680
66681
66683
66687
66690
66691
66692
66693
66694
66695
66696
66700
66702
66703
66706
66708
66709
66710
66713
66719
66723
66729
66730
66731
66733
66735
66736
66740
66741
66744
66746
66750
66751
66753
66754
66755
66756
66757
66758
66759
66760
66762
66763
66768
66769
66770
66771
66773
66775
66778
66783
66786
66788
66789
66792
66793
66795
66797
66798
66800
66811
66812
66814
66815
66818
66820
66821
66822
66825
66826
66828
66833
66835
66836
66840
66844
66848
66853
66854
66855
66856
66857
66858
66860
66862
66867
66868
66869
66870
66874
66877
66878
66882
66885
66887
66888
66890
66892
66903
66904
66908
66912
66913
66917
66919
66922
66923
66926
66928
66931
66935
66936
66937
66939
66945
66946
66951
66955
66957
66958
66959
66963
66967
66969
66971
66973
66975
66976
66977
66978
66979
66982
66983
66990
66993
66994
66997
66998
66999
67002
67004
67006
67008
67009
67016
67017
67021
67022
67024
67025
67029
67032
67033
67034
67036
67037
67038
67039
67041
67042
67044
67046
67047
67048
67049
67059
67061
67064
67065
67069
67072
67075
67079
67081
67083
67085
67089
67093
67094
67095
67097
67100
67101
67102
67104
67107
67112
67113
67114
67115
67116
67119
67121
67124
67126
67129
67132
67133
67135
67138
67142
67145
67147
67150
67153
67156
67157
67159
67160
67164
67165
67166
67167
67168
67169
67172
67174
67180
67182
67184
67185
67187
67190
67194
67198
67200
67205
67208
67209
67210
67211
67212
67214
67219
67220
67226
67228
67230
67234
67235
67237
67238
67240
67246
67248
67253
67257
67261
67262
67263
67265
67267
67268
67269
67272
67273
67275
67279
67283
67284
67285
67287
67288
67290
67291
67292
67295
67297
67301
67303
67305
67306
67307
67314
67315
67317
67321
67324
67326
67327
67328
67330
67333
67334
67338
67345
67347
67354
67356
67359
67360
67364
67365
67366
67368
67371
67373
67374
67375
67377
67378
67384
67387
67388
67389
67398
67399
67406
67407
67409
67410
67416
67418
67419
67422
67425
67426
67427
67429
67433
67436
67437
67443
67446
67447
67448
67455
67459
67462
67463
67464
67467
67474
67475
67476
67479
67480
67482
67483
67484
67486
67488
67489
67491
67494
67499
67500
67501
67502
67503
67504
67507
67510
67513
67515
67516
67517
67518
67521
67522
67524
67525
67526
67528
67529
67531
67536
67537
67538
67539
67541
67542
67544
67546
67547
67548
67549
67551
67552
67554
67555
67556
67558
67560
67561
67563
67571
67572
67575
67576
67577
67578
67582
67584
67585
67586
67590
67591
67592
67594
67596
67597
67600
67601
67605
67607
67608
67609
67610
67615
67616
67617
67618
67619
67622
67623
67625
67627
67628
67630
67631
67632
67635
67639
67642
67646
67649
67650
67651
67654
67657
67660
67663
67665
67666
67667
67668
67670
67674
67676
67677
67679
67680
67681
67691
67693
67704
67707
67708
67709
67710
67712
67721
67724
67725
67729
67731
67735
67739
67740
67744
67745
67747
67752
67754
67757
67759
67761
67762
67764
67765
67766
67767
67772
67774
67775
67776
67779
67785
67786
67787
67790
67792
67794
67797
67802
67804
67806
67807
67810
67816
67819
67821
67822
67823
67824
67826
67828
67831
67834
67838
67845
67850
67852
67854
67857
67861
67862
67863
67864
67868
67871
67872
67873
67877
67879
67883
67885
67886
67887
67892
67894
67896
67897
67899
67906
67908
67909
67911
67913
67914
67915
67916
67917
67918
67920
67921
67922
67923
67925
67926
67929
67931
67940
67943
67945
67949
67950
67951
67954
67955
67956
67957
67958
67959
67960
67962
67964
67966
67968
67971
67973
67974
67976
67978
67981
67988
67992
67994
68003
68005
68007
68008
68014
68015
68017
68019
68022
68023
68024
68029
68034
68035
68036
68037
68041
68042
68043
68044
68045
68049
68052
68053
68055
68057
68059
68063
68064
68066
68068
68069
68070
68071
68072
68073
68075
68081
68085
68086
68090
68094
68096
68097
68098
68099
68100
68101
68103
68104
68105
68107
68108
68109
68111
68113
68117
68118
68125
68126
68127
68128
68131
68133
68139
68140
68143
68144
68151
68153
68156
68159
68160
68161
68163
68165
68168
68169
68172
68173
68179
68184
68192
68194
68195
68197
68199
68200
68203
68207
68208
68218
68219
68222
68223
68226
68227
68228
68229
68230
68231
68234
68236
68237
68240
68242
68244
68248
68251
68252
68253
68255
68257
68259
68260
68267
68272
68274
68275
68276
68277
68279
68280
68282
68283
68286
68290
68291
68294
68297
68298
68299
68300
68301
68304
68307
68308
68309
68311
68312
68313
68314
68315
68319
68323
68324
68327
68328
68332
68335
68336
68337
68340
68342
68345
68346
68349
68350
68351
68354
68356
68357
68358
68359
68360
68361
68362
68363
68364
68369
68374
68376
68379
68381
68386
68387
68388
68390
68394
68395
68396
68397
68401
68403
68404
68405
68406
68407
68408
68409
68410
68411
68414
68416
68417
68418
68421
68422
68424
68426
68428
68429
68430
68432
68434
68435
68437
68444
68445
68448
68449
68452
68453
68457
68458
68459
68460
68461
68463
68464
68469
68470
68471
68473
68476
68477
68478
68485
68486
68487
68495
68496
68502
68505
68506
68507
68508
68509
68511
68518
68524
68525
68526
68527
68531
68534
68535
68536
68538
68543
68546
68548
68549
68550
68555
68556
68558
68559
68560
68565
68566
68567
68568
68569
68570
68571
68572
68574
68575
68578
68579
68586
68589
68600
68604
68606
68608
68609
68610
68612
68614
68616
68619
68620
68621
68622
68623
68626
68627
68630
68631
68632
68633
68635
68639
68641
68642
68646
68647
68648
68651
68652
68653
68654
68656
68657
68659
68661
68662
68667
68670
68672
68677
68678
68680
68683
68687
68688
68689
68691
68692
68695
68700
68701
68703
68707
68710
68711
68712
68716
68718
68720
68723
68724
68725
68727
68728
68729
68730
68733
68735
68737
68738
68739
68740
68741
68742
68743
68745
68746
68750
68751
68752
68753
68754
68755
68760
68763
68764
68766
68767
68768
68769
68770
68772
68773
68775
68777
68780
68781
68783
68786
68792
68797
68801
68802
68803
68804
68806
68810
68813
68816
68822
68826
68828
68829
68831
68838
68841
68844
68845
68849
68851
68852
68853
68857
68862
68863
68867
68868
68872
68873
68877
68883
68884
68887
68890
68891
68894
68895
68898
68901
68903
68904
68907
68910
68912
68914
68915
68918
68919
68920
68923
68924
68925
68926
68929
68930
68933
68935
68940
68944
68947
68948
68949
68950
68954
68955
68956
68957
68960
68962
68964
68967
68969
68972
68974
68976
68978
68980
68984
68985
68993
68998
69001
69004
69006
69009
69013
69014
69015
69016
69017
69018
69019
69024
69025
69030
69031
69033
69036
69039
69041
69043
69049
69050
69052
69054
69055
69058
69059
69061
69062
69063
69068
69070
69072
69073
69074
69075
69077
69078
69081
69083
69084
69085
69087
69088
69089
69091
69092
69093
69095
69102
69104
69107
69109
69110
69111
69112
69114
69115
69116
69124
69126
69130
69132
69134
69136
69137
69140
69142
69149
69153
69154
69157
69158
69160
69163
69167
69168
69180
69184
69186
69191
69192
69193
69194
69197
69202
69203
69207
69208
69211
69215
69216
69217
69220
69222
69226
69227
69228
69231
69232
69234
69238
69239
69243
69245
69246
69249
69250
69251
69255
69257
69260
69264
69265
69267
69268
69270
69271
69273
69274
69275
69277
69284
69285
69290
69293
69294
69295
69298
69299
69301
69305
69308
69309
69314
69315
69320
69321
69323
69327
69328
69329
69330
69332
69334
69335
69336
69337
69339
69343
69344
69351
69352
69354
69355
69357
69358
69359
69361
69366
69368
69369
69371
69374
69375
69376
69377
69382
69383
69384
69388
69391
69393
69397
69400
69401
69402
69405
69406
69407
69408
69412
69413
69417
69419
69421
69423
69426
69427
69428
69429
69430
69431
69434
69436
69437
69438
69439
69441
69443
69445
69446
69447
69449
69451
69452
69454
69458
69461
69462
69463
69464
69466
69467
69469
69471
69472
69473
69475
69480
69481
69485
69486
69490
69492
69495
69496
69499
69500
69501
69504
69505
69508
69509
69511
69515
69516
69517
69518
69520
69521
69523
69525
69526
69529
69532
69533
69539
69540
69541
69542
69544
69546
69547
69549
69551
69553
69554
69557
69558
69560
69563
69567
69568
69569
69570
69574
69576
69577
69578
69579
69580
69581
69582
69583
69584
69585
69587
69590
69592
69595
69597
69602
69606
69607
69612
69615
69617
69619
69622
69624
69625
69628
69629
69631
69632
69634
69635
69640
69644
69645
69647
69649
69651
69652
69653
69657
69659
69660
69661
69665
69672
69684
69685
69686
69687
69690
69692
69693
69695
69696
69698
69699
69702
69703
69704
69707
69708
69709
69710
69712
69713
69717
69720
69721
69724
69725
69726
69727
69729
69730
69736
69740
69744
69747
69750
69756
69758
69760
69761
69764
69765
69766
69768
69770
69771
69772
69777
69781
69784
69785
69786
69788
69790
69792
69793
69798
69800
69805
69806
69808
69810
69811
69812
69813
69814
69815
69817
69824
69825
69828
69829
69831
69832
69833
69839
69842
69843
69845
69847
69851
69854
69857
69861
69865
69869
69876
69878
69882
69883
69884
69886
69888
69889
69890
69891
69892
69893
69897
69898
69899
69900
69905
69907
69908
69911
69916
69917
69918
69920
69921
69923
69926
69928
69930
69931
69932
69933
69937
69938
69940
69942
69945
69947
69948
69957
69958
69961
69963
69964
69966
69967
69968
69970
69971
69973
69974
69975
69976
69977
69982
69983
69984
69987
69989
69993
70001
70002
70004
70005
70007
70008
70012
70013
70017
70020
70022
70023
70024
70027
70029
70032
70034
70037
70041
70042
70046
70048
70049
70051
70052
70053
70058
70059
70062
70065
70068
70069
70072
70074
70078
70080
70081
70084
70085
70091
70092
70093
70094
70095
70097
70098
70099
70101
70103
70104
70106
70110
70112
70113
70115
70116
70118
70123
70126
70136
70137
70139
70141
70147
70148
70150
70153
70157
70159
70160
70161
70162
70172
70174
70176
70178
70186
70187
70188
70190
70193
70197
70202
70203
70204
70205
70206
70207
70212
70214
70216
70217
70219
70221
70226
70227
70229
70232
70233
70234
70236
70238
70240
70241
70243
70244
70246
70248
70250
70251
70254
70255
70261
70265
70266
70267
70268
70270
70271
70278
70282
70286
70289
70290
70291
70292
70294
70295
70298
70299
70300
70303
70304
70307
70309
70312
70313
70314
70316
70318
70319
70320
70321
70322
70326
70328
70334
70336
70337
70338
70340
70341
70342
70343
70344
70345
70349
70350
70352
70355
70356
70360
70365
70368
70371
70373
70375
70376
70378
70380
70381
70383
70384
70385
70388
70389
70391
70392
70396
70401
70408
70410
70414
70415
70416
70417
70418
70419
70424
70430
70431
70433
70435
70437
70440
70441
70445
70446
70450
70452
70453
70454
70456
70457
70458
70459
70462
70464
70468
70470
70472
70473
70474
70476
70478
70479
70481
70485
70489
70490
70494
70496
70500
70502
70503
70505
70506
70512
70513
70514
70515
70516
70517
70518
70520
70521
70522
70523
70524
70527
70530
70533
70534
70535
70537
70538
70542
70543
70544
70546
70547
70551
70553
70554
70556
70558
70559
70561
70563
70564
70566
70567
70568
70573
70574
70575
70577
70581
70582
70583
70584
70585
70587
70588
70593
70594
70596
70602
70604
70605
70608
70611
70617
70618
70619
70620
70621
70622
70624
70625
70626
70627
70629
70631
70635
70637
70639
70640
70641
70644
70645
70647
70649
70650
70656
70657
70659
70662
70664
70665
70666
70667
70669
70672
70674
70678
70679
70680
70681
70684
70687
70689
70691
70692
70693
70694
70696
70697
70698
70701
70702
70703
70708
70710
70712
70713
70714
70715
70716
70717
70718
70725
70726
70728
70730
70731
70733
70735
70736
70741
70742
70743
70746
70748
70749
70755
70757
70760
70761
70764
70768
70770
70773
70775
70776
70778
70780
70794
70795
70797
70799
70800
70802
70803
70804
70807
70809
70810
70812
70814
70817
70818
70820
70821
70825
70826
70827
70833
70835
70838
70839
70841
70842
70845
70848
70853
70854
70855
70860
70861
70863
70864
70869
70870
70874
70879
70883
70884
70885
70886
70888
70894
70896
70898
70899
70901
70908
70913
70915
70918
70919
70920
70921
70923
70925
70927
70928
70930
70931
70932
70935
70938
70942
70944
70945
70946
70948
70950
70953
70955
70957
70959
70960
70961
70962
70963
70964
70965
70974
70975
70977
70978
70982
70984
70986
70988
70995
70996
71000
71003
71008
71015
71017
71018
71019
71020
71022
71025
71029
71031
71039
71040
71041
71042
71044
71046
71047
71051
71052
71053
71054
71056
71061
71062
71063
71065
71066
71068
71072
71073
71075
71083
71084
71088
71090
71091
71093
71094
71095
71096
71097
71098
71099
71100
71101
71102
71106
71107
71108
71110
71111
71112
71118
71126
71127
71128
71133
71140
71141
71142
71144
71145
71147
71150
71152
71156
71158
71159
71160
71163
71164
71165
71167
71168
71171
71180
71181
71182
71187
71188
71190
71191
71193
71194
71195
71196
71201
71202
71204
71207
71209
71213
71214
71216
71217
71219
71220
71221
71223
71230
71231
71233
71234
71236
71238
71240
71243
71244
71245
71246
71247
71248
71249
71252
71257
71261
71263
71272
71274
71279
71280
71281
71285
71287
71291
71293
71294
71295
71296
71297
71299
71300
71301
71302
71304
71305
71306
71308
71309
71310
71311
71314
71316
71320
71321
71323
71325
71328
71329
71331
71334
71335
71336
71337
71339
71342
71345
71349
71352
71354
71358
71359
71360
71361
71363
71365
71366
71367
71368
71374
71375
71376
71380
71381
71383
71387
71388
71391
71395
71398
71399
71404
71405
71406
71408
71411
71419
71422
71424
71428
71432
71433
71438
71440
71443
71444
71446
71447
71448
71451
71452
71453
71456
71457
71458
71460
71463
71464
71465
71466
71469
71471
71474
71475
71477
71479
71481
71483
71486
71487
71492
71495
71496
71497
71500
71501
71504
71505
71507
71508
71509
71511
71512
71514
71515
71516
71520
71521
71522
71524
71526
71528
71533
71534
71535
71539
71541
71545
71548
71551
71552
71553
71555
71560
71563
71565
71566
71568
71570
71571
71572
71575
71577
71585
71588
71590
71592
71595
71597
71598
71599
71601
71602
71603
71613
71617
71621
71623
71628
71629
71630
71633
71634
71643
71647
71651
71652
71655
71656
71658
71659
71660
71661
71662
71668
71674
71678
71679
71681
71683
71685
71686
71690
71692
71693
71694
71695
71698
71699
71700
71701
71708
71709
71710
71711
71712
71715
71717
71720
71724
71725
71727
71733
71736
71737
71741
71742
71743
71745
71749
71750
71755
71756
71759
71761
71762
71764
71766
71767
71773
71774
71775
71778
71779
71784
71786
71787
71789
71791
71793
71795
71796
71798
71799
71801
71802
71805
71807
71815
71817
71818
71821
71827
71831
71833
71835
71836
71838
71839
71840
71854
71857
71861
71862
71866
71872
71874
71875
71876
71877
71878
71881
71885
71888
71892
71896
71901
71903
71905
71910
71911
71914
71915
71919
71921
71923
71924
71925
71927
71928
71929
71930
71934
71939
71940
71942
71943
71946
71951
71952
71953
71958
71959
71960
71962
71963
71964
71967
71968
71969
71970
71973
71974
71976
71977
71981
71985
71989
71992
71998
71999
72000
72001
72002
72007
72008
72009
72012
72014
72017
72020
72022
72026
72027
72032
72035
72037
72039
72040
72042
72045
72046
72047
72049
72052
72053
72054
72055
72057
72061
72062
72063
72065
72066
72067
72071
72072
72075
72076
72079
72082
72089
72091
72093
72094
72097
72099
72100
72102
72105
72107
72108
72110
72111
72114
72115
72116
72120
72121
72122
72123
72125
72128
72135
72138
72139
72140
72141
72149
72150
72156
72160
72170
72171
72172
72179
72181
72182
72184
72185
72186
72188
72189
72190
72191
72194
72198
72203
72204
72208
72212
72213
72216
72218
72220
72221
72223
72226
72230
72231
72235
72237
72238
72240
72243
72244
72245
72248
72249
72251
72253
72255
72257
72264
72265
72271
72272
72276
72277
72280
72281
72285
72286
72288
72289
72291
72297
72298
72299
72300
72305
72306
72308
72309
72310
72312
72313
72314
72319
72322
72325
72326
72328
72331
72332
72338
72341
72343
72345
72346
72349
72350
72351
72357
72361
72364
72371
72376
72378
72381
72384
72385
72387
72389
72390
72393
72395
72396
72398
72399
72401
72402
72403
72405
72409
72410
72412
72414
72415
72418
72419
72424
72428
72431
72438
72439
72442
72443
72444
72445
72446
72447
72448
72451
72452
72454
72456
72458
72459
72460
72461
72464
72465
72466
72470
72472
72473
72474
72476
72479
72483
72488
72490
72491
72493
72496
72500
72504
72509
72510
72517
72518
72519
72520
72526
72527
72528
72529
72531
72532
72533
72540
72541
72543
72545
72547
72549
72550
72553
72555
72557
72559
72560
72567
72569
72570
72571
72573
72574
72576
72577
72581
72583
72586
72590
72592
72595
72597
72601
72603
72604
72605
72606
72611
72613
72619
72620
72621
72622
72624
72626
72628
72630
72631
72632
72633
72634
72635
72636
72637
72638
72639
72640
72644
72645
72648
72649
72657
72659
72661
72671
72677
72679
72681
72682
72688
72690
72691
72694
72695
72699
72701
72705
72707
72710
72711
72713
72716
72719
72720
72724
72725
72726
72728
72729
72731
72735
72738
72740
72742
72743
72745
72748
72749
72751
72754
72755
72756
72758
72761
72762
72768
72771
72776
72781
72783
72786
72792
72794
72795
72796
72799
72801
72803
72805
72807
72808
72809
72812
72813
72814
72815
72816
72819
72826
72827
72833
72837
72838
72840
72841
72849
72854
72856
72858
72861
72862
72867
72870
72872
72873
72875
72878
72883
72884
72885
72886
72887
72895
72896
72898
72899
72906
72907
72908
72909
72910
72911
72915
72916
72917
72921
72922
72923
72928
72931
72932
72933
72938
72940
72948
72951
72954
72958
72960
72962
72963
72964
72965
72967
72968
72971
72973
72975
72980
72981
72983
72986
72987
72992
72996
72998
73009
73010
73013
73014
73016
73017
73019
73020
73022
73026
73032
73033
73034
73035
73036
73039
73041
73047
73048
73051
73052
73053
73054
73055
73057
73058
73059
73061
73064
73065
73067
73068
73071
73074
73078
73081
73083
73087
73088
73091
73093
73096
73102
73104
73105
73107
73109
73110
73113
73114
73116
73117
73118
73119
73120
73123
73124
73127
73129
73130
73132
73135
73136
73138
73139
73140
73141
73144
73145
73146
73150
73151
73162
73165
73167
73168
73170
73171
73172
73173
73174
73178
73179
73182
73183
73186
73187
73188
73193
73194
73196
73197
73199
73200
73205
73206
73207
73209
73212
73215
73216
73219
73220
73223
73226
73227
73228
73234
73236
73240
73241
73245
73246
73249
73250
73254
73255
73258
73260
73261
73262
73264
73265
73267
73268
73269
73270
73272
73273
73275
73279
73280
73285
73287
73289
73292
73294
73299
73307
73308
73313
73314
73315
73316
73318
73320
73322
73328
73330
73331
73332
73335
73336
73338
73343
73348
73350
73355
73356
73357
73359
73360
73361
73365
73367
73372
73375
73377
73379
73380
73382
73385
73387
73388
73389
73391
73397
73399
73400
73401
73402
73403
73405
73406
73407
73409
73411
73413
73414
73416
73417
73418
73421
73424
73425
73427
73431
73432
73433
73441
73442
73449
73452
73454
73455
73456
73458
73459
73461
73463
73464
73472
73477
73481
73486
73490
73491
73492
73493
73494
73496
73497
73498
73499
73502
73503
73504
73507
73508
73515
73516
73520
73521
73524
73526
73527
73531
73532
73533
73534
73535
73536
73538
73544
73546
73548
73549
73550
73555
73559
73560
73561
73564
73565
73571
73573
73575
73576
73580
73585
73587
73589
73594
73595
73596
73598
73601
73602
73603
73605
73610
73612
73613
73616
73619
73620
73623
73624
73627
73628
73635
73636
73637
73638
73640
73642
73643
73655
73656
73657
73658
73660
73661
73664
73667
73669
73671
73673
73676
73677
73678
73681
73682
73690
73691
73693
73695
73696
73697
73700
73701
73705
73707
73709
73710
73711
73712
73717
73720
73721
73723
73725
73728
73732
73735
73737
73738
73739
73743
73744
73745
73749
73750
73752
73754
73755
73756
73758
73759
73767
73770
73775
73776
73777
73779
73781
73782
73783
73784
73786
73788
73789
73794
73798
73801
73802
73803
73804
73807
73809
73815
73818
73819
73820
73825
73828
73829
73830
73832
73833
73835
73836
73839
73840
73842
73843
73846
73847
73850
73853
73858
73859
73860
73862
73865
73867
73868
73869
73870
73872
73873
73875
73879
73880
73883
73886
73887
73892
73896
73897
73898
73905
73906
73908
73909
73910
73911
73912
73913
73916
73917
73922
73923
73928
73930
73931
73936
73942
73944
73945
73948
73950
73951
73952
73954
73956
73957
73961
73963
73965
73966
73970
73971
73972
73977
73979
73982
73984
73986
73992
73995
73996
73998
74001
74006
74008
74011
74012
74018
74021
74027
74034
74037
74039
74041
74042
74045
74046
74047
74048
74049
74050
74053
74054
74055
74060
74062
74063
74067
74069
74071
74072
74075
74077
74080
74081
74082
74086
74088
74089
74090
74093
74094
74095
74096
74097
74100
74104
74106
74110
74116
74117
74119
74120
74122
74128
74131
74132
74133
74135
74136
74137
74140
74143
74145
74149
74150
74151
74152
74153
74155
74157
74159
74162
74163
74166
74171
74176
74177
74179
74181
74182
74183
74185
74187
74188
74189
74190
74193
74194
74197
74201
74202
74204
74205
74216
74217
74221
74224
74225
74232
74235
74236
74238
74239
74240
74241
74243
74248
74250
74252
74256
74262
74267
74268
74269
74270
74271
74283
74284
74286
74287
74291
74293
74298
74302
74304
74307
74308
74314
74317
74320
74321
74323
74324
74325
74328
74329
74332
74334
74335
74336
74344
74345
74350
74354
74355
74357
74358
74361
74362
74363
74364
74366
74368
74381
74382
74383
74384
74385
74386
74387
74391
74392
74394
74395
74397
74399
74400
74402
74403
74404
74413
74417
74419
74420
74423
74429
74430
74434
74436
74441
74442
74443
74444
74451
74452
74455
74460
74463
74464
74468
74471
74477
74479
74482
74483
74484
74486
74487
74488
74490
74492
74493
74498
74504
74505
74506
74508
74515
74518
74519
74525
74528
74532
74533
74535
74537
74546
74548
74550
74551
74554
74556
74558
74562
74565
74567
74568
74569
74572
74574
74576
74577
74581
74584
74585
74587
74591
74593
74595
74597
74598
74599
74604
74609
74612
74614
74620
74622
74623
74626
74634
74635
74636
74637
74639
74641
74643
74644
74645
74646
74648
74649
74651
74653
74654
74656
74657
74659
74660
74661
74662
74666
74669
74670
74671
74676
74680
74681
74686
74691
74695
74697
74700
74701
74708
74709
74710
74711
74713
74715
74716
74717
74718
74720
74721
74723
74724
74731
74734
74735
74743
74744
74748
74750
74751
74752
74754
74755
74756
74757
74762
74763
74767
74768
74773
74775
74777
74781
74782
74783
74784
74785
74787
74789
74790
74792
74793
74794
74799
74801
74802
74804
74805
74808
74811
74812
74814
74817
74818
74820
74821
74823
74827
74828
74830
74833
74834
74835
74839
74840
74843
74849
74851
74852
74854
74858
74859
74863
74864
74869
74871
74872
74873
74877
74878
74880
74887
74888
74893
74894
74903
74905
74906
74907
74909
74912
74913
74915
74916
74920
74921
74922
74924
74927
74930
74931
74932
74936
74939
74945
74946
74950
74958
74959
74961
74967
74970
74976
74980
74981
74986
74988
74990
74991
74992
74993
74994
74995
75000
75001
75002
75007
75008
75010
75012
75015
75017
75018
75019
75020
75021
75025
75026
75027
75028
75032
75035
75041
75042
75048
75049
75050
75051
75054
75058
75060
75066
75068
75070
75071
75072
75074
75081
75088
75089
75092
75093
75101
75102
75103
75105
75106
75108
75109
75110
75111
75112
75115
75117
75118
75121
75122
75123
75124
75125
75127
75129
75130
75131
75132
75133
75135
75136
75138
75140
75143
75149
75150
75151
75152
75155
75157
75162
75165
75166
75169
75172
75174
75177
75178
75180
75182
75185
75188
75190
75191
75193
75194
75196
75199
75200
75203
75205
75206
75207
75208
75210
75211
75213
75219
75221
75222
75223
75224
75225
75226
75227
75229
75230
75231
75232
75233
75234
75235
75237
75242
75243
75246
75248
75253
75257
75258
75259
75260
75263
75266
75267
75268
75269
75272
75274
75275
75279
75282
75285
75290
75294
75297
75300
75303
75305
75307
75311
75312
75314
75317
75318
75320
75322
75323
75324
75326
75328
75329
75330
75331
75332
75335
75336
75338
75339
75340
75342
75351
75352
75353
75354
75355
75357
75362
75364
75369
75370
75371
75372
75380
75385
75388
75389
75390
75392
75393
75394
75395
75396
75401
75404
75409
75411
75415
75419
75420
75422
75423
75425
75429
75430
75431
75432
75433
75435
75436
75440
75441
75445
75446
75447
75449
75450
75451
75452
75454
75457
75458
75461
75462
75463
75465
75468
75469
75471
75472
75473
75475
75477
75478
75479
75485
75486
75488
75489
75490
75493
75494
75495
75496
75499
75501
75503
75504
75505
75507
75508
75509
75512
75514
75515
75516
75519
75520
75524
75527
75528
75530
75535
75538
75541
75544
75549
75552
75555
75558
75561
75577
75579
75580
75583
75584
75585
75587
75592
75593
75595
75600
75601
75603
75604
75605
75606
75608
75609
75613
75618
75620
75622
75625
75626
75628
75629
75630
75631
75639
75643
75646
75649
75650
75651
75652
75654
75655
75656
75658
75661
75666
75672
75673
75674
75682
75683
75685
75686
75690
75693
75694
75695
75699
75700
75703
75706
75709
75711
75714
75715
75717
75721
75722
75724
75725
75728
75740
75741
75743
75747
75748
75751
75756
75759
75763
75771
75776
75777
75778
75789
75791
75792
75793
75799
75800
75804
75807
75809
75810
75812
75815
75820
75825
75828
75829
75830
75832
75833
75834
75835
75838
75842
75843
75846
75847
75848
75851
75853
75855
75861
75862
75869
75879
75880
75881
75884
75887
75888
75889
75894
75896
75897
75899
75900
75902
75907
75914
75916
75918
75920
75921
75922
75925
75930
75931
75932
75935
75938
75941
75946
75947
75953
75955
75957
75959
75962
75964
75965
75966
75971
75973
75977
75982
75985
75987
75988
75989
75992
75994
76002
76003
76004
76006
76012
76013
76014
76017
76018
76022
76026
76027
76035
76037
76040
76041
76045
76046
76048
76049
76051
76052
76053
76056
76058
76061
76063
76064
76066
76067
76068
76069
76070
76071
76077
76079
76083
76084
76086
76089
76092
76095
76100
76101
76104
76106
76108
76111
76113
76122
76123
76128
76129
76130
76138
76142
76145
76147
76149
76150
76151
76153
76158
76159
76160
76165
76168
76175
76176
76179
76184
76186
76187
76189
76192
76193
76195
76197
76199
76201
76203
76204
76207
76213
76217
76220
76223
76224
76225
76226
76227
76228
76229
76230
76232
76234
76235
76239
76242
76244
76245
76246
76247
76258
76261
76263
76266
76270
76271
76274
76275
76278
76280
76281
76283
76289
76292
76295
76296
76298
76303
76308
76310
76312
76319
76321
76334
76335
76338
76339
76340
76342
76345
76346
76353
76358
76360
76361
76365
76366
76367
76369
76370
76373
76374
76381
76382
76385
76387
76388
76391
76392
76401
76403
76404
76405
76406
76407
76408
76410
76411
76414
76419
76420
76424
76428
76431
76433
76436
76441
76443
76444
76447
76450
76452
76453
76457
76462
76466
76471
76475
76476
76478
76480
76490
76491
76492
76494
76498
76500
76503
76504
76506
76511
76512
76514
76515
76520
76521
76524
76526
76527
76530
76531
76533
76535
76536
76538
76543
76545
76547
76548
76557
76560
76561
76563
76564
76565
76570
76579
76582
76583
76584
76588
76591
76597
76604
76606
76607
76612
76614
76615
76616
76618
76622
76624
76626
76627
76629
76630
76634
76635
76637
76638
76639
76640
76641
76642
76644
76645
76647
76648
76650
76651
76656
76658
76659
76660
76668
76669
76670
76673
76674
76675
76678
76679
76680
76681
76682
76684
76689
76693
76696
76697
76698
76699
76706
76707
76709
76711
76713
76714
76716
76717
76721
76723
76726
76729
76730
76732
76734
76735
76736
76740
76742
76753
76754
76756
76759
76760
76762
76763
76765
76768
76775
76776
76780
76781
76782
76783
76786
76787
76789
76791
76792
76793
76794
76795
76798
76802
76803
76806
76807
76810
76811
76818
76819
76821
76823
76824
76827
76828
76833
76836
76838
76842
76847
76852
76855
76856
76857
76858
76862
76864
76867
76868
76874
76876
76879
76880
76884
76887
76888
76890
76892
76893
76894
76897
76901
76907
76910
76912
76916
76922
76926
76927
76931
76932
76938
76939
76940
76941
76945
76946
76951
76952
76953
76954
76955
76957
76961
76963
76967
76970
76971
76973
76974
76978
76980
76982
76986
76989
76990
76991
76992
76995
76996
76997
77004
77006
77011
77012
77013
77014
77016
77017
77019
77022
77026
77027
77028
77031
77033
77036
77043
77047
77048
77051
77056
77061
77063
77064
77067
77068
77074
77076
77081
77082
77087
77089
77091
77092
77093
77103
77104
77105
77106
77107
77110
77111
77114
77117
77118
77120
77121
77122
77130
77134
77136
77140
77142
77143
77145
77146
77148
77149
77150
77154
77156
77157
77158
77160
77164
77167
77168
77169
77170
77173
77175
77178
77180
77181
77182
77183
77184
77187
77192
77196
77198
77201
77202
77205
77207
77209
77214
77216
77217
77218
77220
77227
77228
77229
77231
77232
77234
77235
77237
77241
77243
77244
77245
77248
77249
77250
77251
77252
77254
77255
77256
77258
77259
77261
77263
77264
77265
77267
77269
77271
77272
77276
77278
77281
77282
77283
77285
77290
77291
77292
77294
77295
77299
77302
77303
77305
77307
77309
77311
77312
77314
77316
77318
77320
77322
77327
77330
77332
77333
77334
77336
77338
77339
77340
77341
77344
77348
77352
77353
77357
77358
77360
77363
77367
77369
77370
77372
77375
77376
77379
77380
77382
77383
77385
77391
77393
77394
77397
77401
77402
77403
77404
77405
77410
77411
77413
77414
77416
77417
77420
77422
77423
77432
77434
77435
77436
77439
77440
77443
77444
77446
77450
77454
77456
77459
77462
77463
77467
77470
77474
77475
77477
77486
77488
77492
77494
77498
77502
77506
77516
77517
77518
77524
77526
77528
77529
77531
77534
77535
77537
77538
77540
77542
77544
77546
77550
77555
77556
77558
77563
77564
77573
77575
77579
77586
77590
77598
77605
77607
77608
77609
77612
77613
77615
77616
77620
77621
77622
77624
77625
77626
77627
77629
77632
77635
77644
77646
77651
77653
77654
77655
77658
77659
77660
77662
77663
77664
77667
77668
77673
77677
77680
77687
77689
77691
77694
77699
77703
77704
77705
77708
77712
77714
77717
77719
77721
77725
77732
77733
77737
77738
77740
77742
77747
77754
77756
77758
77759
77761
77766
77769
77771
77773
77774
77779
77781
77782
77785
77786
77790
77791
77792
77796
77801
77802
77804
77805
77807
77810
77811
77812
77813
77816
77817
77818
77819
77820
77823
77825
77829
77837
77839
77843
77848
77849
77850
77851
77852
77854
77856
77860
77862
77864
77869
77870
77872
77873
77874
77879
77881
77882
77883
77884
77885
77894
77898
77899
77902
77910
77911
77912
77913
77917
77920
77923
77924
77929
77930
77937
77939
77941
77942
77943
77944
77945
77947
77948
77949
77952
77953
77954
77957
77959
77961
77969
77970
77971
77972
77975
77976
77977
77978
77979
77983
77984
77985
77987
77990
77991
77997
78000
78001
78002
78003
78008
78012
78013
78014
78016
78019
78020
78021
78025
78026
78028
78029
78030
78032
78034
78036
78039
78040
78041
78042
78043
78046
78051
78053
78054
78056
78061
78062
78064
78067
78068
78069
78074
78075
78077
78078
78079
78080
78081
78083
78087
78088
78090
78098
78100
78103
78106
78108
78110
78111
78113
78115
78118
78119
78122
78124
78125
78126
78128
78130
78132
78134
78138
78143
78144
78148
78151
78152
78154
78157
78159
78161
78163
78165
78169
78170
78176
78177
78179
78181
78182
78183
78184
78185
78187
78194
78196
78197
78198
78200
78205
78208
78210
78219
78220
78222
78224
78226
78230
78232
78234
78240
78241
78242
78245
78246
78249
78251
78252
78253
78256
78257
78258
78259
78263
78264
78267
78268
78273
78279
78282
78283
78284
78285
78286
78288
78289
78290
78293
78296
78297
78299
78300
78301
78302
78304
78307
78312
78315
78316
78318
78320
78322
78323
78326
78327
78328
78329
78334
78335
78336
78337
78338
78339
78341
78345
78347
78349
78350
78352
78355
78358
78359
78361
78363
78365
78367
78368
78375
78377
78379
78380
78381
78382
78385
78387
78391
78393
78394
78397
78399
78406
78407
78413
78414
78416
78417
78418
78419
78420
78425
78427
78433
78437
78440
78444
78448
78450
78457
78458
78459
78463
78464
78465
78470
78473
78475
78478
78479
78480
78487
78489
78490
78492
78493
78501
78502
78503
78510
78511
78514
78515
78521
78523
78525
78526
78527
78529
78533
78534
78535
78537
78540
78541
78542
78547
78549
78554
78556
78560
78566
78570
78571
78572
78573
78574
78576
78577
78583
78587
78588
78589
78591
78593
78594
78595
78599
78601
78603
78606
78607
78611
78612
78620
78621
78624
78626
78630
78636
78637
78638
78642
78645
78653
78667
78668
78669
78673
78675
78676
78678
78683
78685
78687
78691
78695
78696
78697
78698
78699
78700
78705
78706
78709
78713
78715
78717
78719
78720
78721
78724
78725
78726
78727
78731
78732
78734
78736
78737
78738
78741
78743
78744
78747
78749
78751
78759
78766
78767
78771
78773
78774
78776
78778
78781
78785
78788
78790
78791
78795
78801
78803
78805
78810
78811
78813
78816
78819
78823
78827
78829
78837
78838
78840
78845
78847
78848
78851
78853
78854
78858
78859
78860
78862
78863
78865
78866
78869
78870
78872
78873
78878
78880
78881
78885
78888
78890
78891
78893
78898
78900
78901
78902
78905
78909
78910
78911
78912
78913
78915
78919
78923
78925
78928
78929
78930
78931
78932
78934
78937
78938
78941
78942
78944
78945
78949
78950
78951
78952
78955
78956
78958
78964
78969
78971
78976
78977
78979
78981
78982
78983
78984
78988
78990
78992
78994
78997
78998
79002
79008
79011
79015
79016
79017
79018
79021
79024
79027
79028
79031
79033
79034
79035
79036
79037
79042
79044
79045
79046
79047
79049
79052
79054
79057
79058
79062
79073
79074
79077
79081
79083
79084
79086
79091
79093
79096
79098
79103
79104
79105
79106
79107
79110
79111
79113
79114
79115
79117
79118
79119
79126
79131
79132
79133
79139
79140
79141
79142
79143
79147
79149
79150
79152
79156
79161
79162
79165
79166
79169
79170
79173
79174
79180
79182
79185
79187
79193
79195
79197
79198
79201
79202
79204
79206
79208
79210
79211
79213
79216
79218
79219
79220
79221
79222
79232
79233
79235
79239
79241
79242
79243
79248
79253
79255
79258
79259
79260
79261
79266
79268
79272
79273
79276
79277
79280
79281
79285
79286
79298
79299
79300
79301
79304
79306
79307
79310
79316
79317
79318
79319
79320
79321
79322
79323
79327
79328
79331
79336
79342
79346
79350
79351
79353
79355
79356
79359
79360
79361
79362
79363
79368
79370
79372
79375
79376
79377
79381
79383
79385
79388
79394
79395
79398
79401
79404
79405
79407
79408
79411
79414
79417
79420
79422
79433
79436
79442
79446
79449
79451
79454
79460
79461
79463
79470
79471
79473
79476
79477
79478
79482
79483
79484
79488
79490
79494
79497
79500
79502
79503
79504
79506
79508
79511
79512
79513
79517
79520
79522
79524
79525
79527
79531
79534
79535
79538
79547
79551
79552
79554
79557
79559
79565
79566
79567
79570
79571
79575
79577
79578
79583
79584
79585
79587
79588
79589
79592
79593
79594
79596
79597
79599
79602
79604
79608
79609
79610
79612
79615
79621
79622
79623
79624
79626
79631
79632
79633
79635
79636
79644
79648
79649
79650
79651
79653
79654
79655
79657
79658
79659
79660
79661
79662
79665
79666
79667
79668
79677
79683
79690
79693
79694
79699
79701
79703
79706
79707
79710
79712
79719
79721
79724
79725
79726
79731
79733
79736
79739
79740
79742
79743
79744
79747
79749
79750
79751
79752
79755
79756
79757
79759
79761
79762
79767
79770
79771
79774
79775
79777
79781
79783
79786
79789
79790
79793
79795
79799
79800
79809
79810
79811
79813
79816
79819
79820
79830
79832
79835
79837
79840
79841
79845
79846
79852
79854
79856
79858
79860
79862
79869
79870
79873
79875
79877
79881
79885
79886
79889
79894
79898
79899
79903
79907
79911
79917
79918
79920
79922
79925
79933
79937
79938
79940
79943
79944
79946
79947
79949
79950
79954
79955
79957
79958
79961
79962
79968
79969
79987
79988
79993
79994
79995
79999
80007
80008
80009
80012
80016
80017
80018
80019
80021
80022
80025
80026
80028
80032
80036
80037
80039
80042
80045
80047
80050
80054
80055
80057
80058
80060
80061
80065
80068
80070
80071
80073
80079
80081
80084
80085
80086
80088
80091
80093
80096
80098
80100
80101
80103
80105
80107
80108
80109
80113
80115
80116
80117
80119
80123
80126
80129
80131
80132
80133
80136
80137
80138
80139
80148
80149
80154
80158
80160
80163
80165
80166
80174
80175
80178
80181
80183
80186
80187
80188
80189
80190
80195
80197
80203
80205
80206
80209
80211
80212
80218
80219
80220
80222
80223
80224
80225
80228
80232
80233
80234
80240
80244
80246
80248
80255
80256
80258
80265
80267
80268
80269
80273
80277
80278
80279
80285
80287
80289
80291
80295
80298
80299
80300
80303
80307
80310
80313
80314
80316
80317
80319
80320
80321
80326
80328
80330
80331
80334
80336
80337
80338
80343
80344
80345
80347
80348
80350
80351
80352
80353
80355
80357
80358
80360
80361
80363
80365
80366
80378
80379
80384
80386
80392
80395
80400
80403
80405
80406
80408
80421
80423
80425
80427
80428
80431
80432
80433
80435
80437
80439
80440
80441
80445
80446
80451
80452
80454
80456
80457
80458
80464
80465
80466
80470
80472
80475
80477
80479
80481
80483
80486
80487
80490
80496
80499
80500
80503
80504
80505
80509
80511
80512
80513
80516
80517
80523
80524
80525
80527
80529
80531
80532
80534
80535
80542
80543
80544
80546
80547
80548
80549
80553
80554
80557
80558
80559
80560
80563
80565
80566
80570
80572
80577
80579
80580
80583
80584
80588
80589
80590
80591
80600
80602
80606
80612
80618
80620
80624
80625
80637
80638
80639
80640
80646
80647
80650
80653
80661
80662
80663
80667
80671
80679
80680
80681
80692
80695
80697
80699
80701
80702
80704
80706
80711
80715
80717
80719
80722
80723
80724
80728
80729
80730
80731
80732
80737
80740
80742
80745
80747
80760
80761
80763
80776
80785
80789
80790
80792
80797
80798
80800
80801
80802
80803
80805
80806
80812
80815
80816
80817
80818
80822
80823
80824
80825
80832
80834
80835
80836
80837
80838
80842
80844
80846
80847
80849
80852
80856
80858
80860
80864
80867
80868
80869
80870
80872
80881
80886
80890
80893
80897
80898
80900
80901
80904
80907
80911
80915
80916
80921
80922
80925
80928
80929
80930
80931
80935
80939
80943
80944
80946
80952
80954
80961
80965
80968
80973
80980
80983
80986
80992
80993
80996
80999
81003
81007
81008
81009
81010
81016
81020
81021
81022
81024
81025
81026
81027
81032
81033
81034
81035
81037
81044
81047
81052
81054
81055
81056
81057
81060
81062
81066
81077
81079
81080
81081
81085
81087
81091
81092
81093
81096
81099
81100
81101
81102
81109
81110
81112
81116
81117
81118
81119
81120
81122
81123
81124
81134
81137
81142
81146
81158
81159
81160
81161
81165
81166
81167
81169
81175
81177
81181
81185
81188
81189
81193
81194
81195
81197
81199
81200
81202
81204
81211
81216
81218
81219
81220
81221
81222
81228
81231
81233
81235
81246
81250
81253
81255
81257
81258
81259
81264
81266
81268
81269
81271
81274
81275
81279
81280
81281
81283
81284
81288
81292
81293
81294
81295
81296
81300
81302
81303
81304
81307
81309
81316
81321
81325
81329
81336
81337
81338
81342
81344
81345
81346
81347
81348
81350
81351
81353
81354
81356
81361
81362
81366
81367
81368
81369
81370
81372
81373
81374
81380
81383
81385
81388
81389
81390
81392
81394
81395
81396
81398
81400
81402
81403
81404
81406
81408
81411
81413
81414
81416
81422
81427
81429
81432
81434
81435
81439
81443
81444
81446
81448
81450
81454
81456
81459
81467
81472
81473
81474
81476
81477
81479
81480
81481
81482
81483
81485
81486
81487
81490
81491
81495
81497
81498
81499
81500
81501
81503
81509
81519
81520
81522
81524
81525
81527
81536
81539
81541
81547
81549
81550
81551
81555
81562
81564
81566
81567
81569
81571
81572
81573
81574
81576
81579
81580
81581
81582
81585
81587
81588
81589
81592
81596
81598
81600
81601
81609
81610
81611
81615
81617
81618
81625
81628
81635
81637
81639
81642
81645
81646
81650
81653
81654
81658
81661
81665
81666
81680
81683
81684
81685
81688
81689
81699
81700
81701
81703
81705
81709
81714
81715
81718
81719
81720
81721
81726
81727
81731
81733
81734
81742
81745
81756
81757
81760
81761
81765
81770
81772
81776
81778
81779
81783
81786
81787
81789
81793
81796
81797
81798
81802
81809
81810
81811
81814
81816
81817
81819
81821
81822
81827
81828
81837
81839
81844
81845
81852
81857
81858
81859
81860
81861
81870
81872
81873
81875
81879
81885
81886
81887
81889
81893
81896
81897
81898
81905
81908
81910
81911
81921
81922
81923
81924
81929
81930
81933
81936
81944
81954
81955
81958
81962
81963
81977
81978
81982
81983
81984
81987
81988
81989
81991
81992
81994
82000
82004
82005
82007
82013
82015
82017
82018
82019
82024
82026
82027
82029
82030
82032
82035
82038
82040
82042
82046
82047
82049
82050
82052
82054
82061
82063
82067
82071
82073
82074
82076
82078
82087
82088
82089
82092
82094
82095
82099
82101
82105
82111
82112
82115
82117
82118
82122
82124
82127
82133
82134
82135
82136
82139
82140
82147
82148
82149
82151
82157
82159
82160
82164
82168
82170
82172
82174
82175
82177
82178
82180
82181
82184
82189
82194
82195
82201
82206
82207
82210
82212
82216
82220
82228
82229
82234
82236
82237
82239
82243
82248
82249
82251
82253
82257
82260
82264
82268
82269
82271
82272
82275
82276
82278
82279
82286
82287
82290
82292
82294
82295
82297
82300
82303
82305
82306
82310
82311
82312
82316
82318
82322
82323
82324
82325
82329
82334
82337
82348
82353
82355
82357
82358
82359
82362
82363
82364
82365
82368
82370
82372
82376
82377
82381
82382
82384
82385
82388
82389
82390
82391
82397
82398
82400
82401
82405
82414
82419
82422
82423
82426
82428
82431
82434
82435
82440
82442
82443
82444
82447
82450
82454
82455
82458
82459
82460
82461
82464
82470
82473
82474
82479
82480
82485
82488
82490
82492
82493
82495
82496
82497
82499
82501
82505
82512
82515
82518
82519
82524
82525
82526
82527
82528
82529
82531
82532
82537
82541
82544
82549
82550
82554
82555
82557
82558
82562
82563
82566
82567
82572
82573
82574
82577
82579
82585
82589
82591
82593
82598
82601
82602
82603
82608
82617
82621
82622
82624
82625
82626
82628
82630
82631
82633
82634
82635
82637
82640
82643
82644
82646
82647
82651
82652
82653
82655
82656
82661
82669
82670
82671
82672
82674
82680
82681
82685
82686
82687
82688
82693
82698
82699
82700
82704
82709
82712
82714
82715
82717
82721
82732
82733
82740
82743
82744
82745
82746
82752
82753
82756
82759
82760
82765
82773
82774
82780
82782
82783
82785
82788
82795
82799
82800
82802
82806
82808
82810
82812
82813
82814
82816
82819
82823
82825
82832
82833
82835
82841
82842
82850
82852
82854
82855
82858
82860
82864
82868
82870
82871
82876
82877
82878
82881
82884
82885
82886
82889
82891
82892
82895
82896
82898
82899
82900
82903
82905
82908
82911
82915
82920
82921
82923
82926
82928
82929
82930
82931
82938
82939
82942
82943
82944
82950
82954
82956
82959
82972
82973
82975
82977
82978
82979
82980
82983
82984
82985
82986
82987
82989
82990
82991
82994
82996
82999
83003
83004
83008
83011
83019
83023
83024
83026
83028
83029
83037
83044
83045
83050
83051
83052
83056
83058
83062
83064
83065
83072
83073
83076
83077
83080
83081
83082
83083
83088
83090
83092
83095
83098
83099
83101
83102
83106
83108
83111
83113
83114
83115
83117
83122
83123
83126
83129
83131
83138
83142
83143
83146
83150
83152
83155
83157
83160
83166
83167
83168
83169
83172
83175
83184
83185
83186
83190
83191
83193
83198
83201
83204
83205
83207
83208
83212
83214
83217
83218
83219
83220
83223
83226
83227
83229
83231
83233
83236
83241
83244
83245
83249
83252
83256
83258
83259
83262
83264
83267
83268
83272
83274
83275
83276
83277
83283
83284
83286
83287
83290
83305
83312
83315
83317
83320
83321
83322
83324
83327
83331
83332
83336
83342
83343
83345
83352
83354
83359
83361
83363
83367
83371
83372
83374
83382
83387
83391
83392
83393
83394
83398
83402
83412
83414
83418
83421
83427
83430
83431
83434
83437
83439
83440
83441
83443
83444
83445
83454
83455
83465
83467
83469
83474
83479
83481
83484
83485
83486
83488
83493
83495
83499
83501
83503
83504
83506
83510
83512
83513
83514
83515
83516
83517
83519
83520
83521
83523
83524
83526
83527
83530
83532
83534
83537
83543
83545
83546
83548
83551
83553
83554
83560
83562
83564
83565
83567
83568
83570
83574
83576
83578
83582
83584
83585
83592
83593
83599
83602
83605
83608
83609
83613
83617
83620
83629
83630
83631
83632
83637
83638
83639
83640
83642
83647
83648
83652
83655
83657
83662
83668
83669
83671
83673
83677
83679
83681
83684
83685
83687
83690
83691
83696
83697
83698
83704
83706
83708
83711
83712
83714
83716
83719
83728
83729
83739
83743
83749
83750
83754
83757
83758
83762
83763
83764
83765
83771
83772
83778
83782
83784
83787
83790
83791
83793
83795
83796
83797
83800
83802
83803
83804
83805
83806
83807
83808
83812
83814
83818
83820
83821
83822
83824
83826
83829
83830
83833
83835
83839
83841
83845
83846
83848
83849
83853
83855
83858
83859
83861
83863
83864
83866
83870
83871
83875
83876
83877
83879
83880
83885
83886
83887
83889
83894
83896
83897
83900
83902
83906
83907
83908
83911
83917
83918
83920
83921
83929
83932
83934
83938
83944
83947
83948
83949
83951
83952
83957
83960
83964
83967
83971
83974
83975
83977
83986
83989
83991
83992
83994
84000
84004
84008
84010
84012
84013
84025
84027
84033
84037
84040
84044
84049
84050
84055
84060
84062
84065
84068
84069
84071
84072
84074
84076
84077
84078
84079
84084
84086
84089
84090
84092
84095
84101
84106
84107
84109
84110
84111
84112
84113
84120
84124
84125
84126
84130
84134
84135
84137
84139
84142
84147
84150
84152
84157
84158
84160
84163
84164
84165
84169
84170
84171
84174
84178
84185
84186
84189
84192
84193
84194
84195
84197
84199
84201
84203
84208
84209
84212
84220
84221
84222
84224
84225
84226
84228
84232
84237
84238
84239
84241
84242
84243
84244
84247
84249
84250
84252
84254
84255
84262
84265
84270
84271
84272
84273
84274
84275
84277
84278
84282
84283
84284
84285
84286
84289
84292
84298
84301
84303
84304
84308
84309
84310
84311
84314
84315
84323
84329
84332
84333
84336
84338
84339
84340
84342
84348
84353
84357
84359
84362
84364
84368
84369
84372
84374
84380
84381
84384
84387
84390
84391
84393
84394
84396
84397
84399
84400
84401
84404
84405
84406
84408
84409
84410
84416
84418
84419
84422
84425
84426
84427
84429
84431
84432
84433
84435
84436
84439
84441
84444
84448
84450
84452
84453
84457
84458
84459
84464
84465
84466
84469
84470
84473
84474
84476
84477
84478
84480
84481
84484
84489
84494
84496
84497
84500
84501
84502
84504
84506
84508
84509
84510
84513
84516
84524
84526
84529
84532
84533
84534
84536
84540
84541
84544
84545
84546
84548
84549
84550
84554
84556
84558
84562
84567
84570
84574
84575
84576
84577
84579
84580
84582
84589
84590
84591
84595
84601
84606
84608
84609
84610
84612
84619
84620
84625
84626
84628
84629
84634
84635
84637
84638
84640
84642
84643
84644
84645
84646
84649
84650
84654
84655
84658
84660
84661
84664
84670
84671
84672
84673
84681
84682
84686
84687
84691
84692
84693
84697
84698
84702
84704
84706
84709
84710
84712
84714
84716
84717
84718
84720
84721
84722
84725
84727
84728
84730
84733
84736
84741
84744
84745
84748
84749
84755
84756
84760
84762
84764
84766
84770
84776
84778
84784
84785
84787
84788
84789
84790
84791
84796
84799
84805
84810
84811
84815
84817
84818
84819
84823
84824
84826
84827
84828
84832
84833
84834
84838
84839
84843
84845
84846
84848
84860
84862
84863
84864
84866
84872
84875
84878
84879
84884
84885
84889
84890
84891
84892
84894
84895
84896
84901
84906
84907
84909
84912
84913
84915
84917
84919
84920
84921
84925
84926
84927
84928
84930
84931
84932
84934
84935
84936
84937
84941
84942
84943
84944
84947
84948
84949
84951
84954
84956
84958
84959
84962
84963
84964
84966
84969
84972
84974
84976
84980
84981
84982
84992
84993
84995
85000
85001
85010
85011
85015
85016
85020
85023
85025
85026
85027
85029
85033
85037
85040
85041
85042
85044
85050
85054
85056
85057
85061
85062
85063
85065
85067
85074
85076
85082
85086
85088
85093
85097
85101
85105
85112
85114
85116
85118
85119
85120
85123
85125
85127
85135
85139
85140
85144
85146
85147
85154
85156
85160
85163
85165
85170
85175
85176
85186
85187
85188
85189
85190
85194
85198
85200
85207
85208
85210
85212
85213
85221
85222
85232
85235
85236
85238
85246
85247
85248
85249
85250
85251
85252
85253
85262
85266
85267
85269
85279
85280
85284
85285
85286
85287
85288
85289
85292
85296
85298
85300
85305
85317
85319
85320
85321
85322
85323
85324
85327
85335
85337
85338
85339
85341
85347
85348
85349
85353
85354
85357
85363
85364
85365
85366
85372
85373
85377
85378
85380
85381
85383
85384
85388
85389
85392
85393
85395
85400
85401
85403
85406
85408
85410
85415
85416
85418
85419
85421
85425
85428
85429
85432
85434
85437
85439
85446
85448
85449
85450
85455
85458
85464
85465
85466
85469
85471
85472
85475
85476
85477
85482
85483
85487
85489
85491
85494
85495
85497
85501
85502
85503
85504
85505
85510
85514
85517
85519
85524
85525
85526
85529
85530
85532
85536
85538
85540
85541
85542
85544
85551
85553
85557
85559
85561
85564
85565
85569
85571
85573
85576
85578
85579
85583
85585
85587
85588
85596
85597
85598
85600
85601
85603
85605
85606
85608
85610
85612
85614
85615
85616
85620
85621
85622
85623
85625
85629
85632
85633
85637
85639
85643
85644
85645
85647
85649
85656
85657
85662
85664
85666
85670
85672
85673
85675
85676
85677
85679
85681
85683
85686
85690
85692
85694
85703
85713
85714
85721
85723
85726
85728
85729
85730
85731
85735
85736
85739
85740
85742
85743
85744
85745
85749
85750
85759
85763
85769
85770
85773
85774
85776
85783
85784
85789
85790
85791
85797
85801
85804
85806
85811
85812
85815
85816
85817
85819
85821
85823
85831
85832
85836
85840
85841
85846
85849
85850
85852
85858
85860
85864
85865
85868
85870
85877
85879
85881
85884
85886
85893
85894
85895
85898
85901
85903
85904
85905
85906
85912
85915
85917
85919
85920
85923
85925
85929
85933
85934
85938
85939
85942
85943
85944
85946
85948
85950
85955
85958
85959
85965
85975
85976
85977
85978
85979
85980
85982
85983
85984
85986
85987
85988
85991
85993
85994
85995
85998
86000
86003
86004
86006
86015
86016
86018
86019
86020
86025
86027
86030
86034
86035
86037
86039
86041
86045
86047
86052
86055
86057
86061
86062
86064
86072
86077
86080
86083
86084
86087
86090
86097
86107
86108
86110
86114
86115
86116
86117
86118
86120
86121
86122
86124
86128
86129
86130
86133
86134
86135
86136
86142
86143
86144
86145
86147
86149
86153
86155
86159
86162
86165
86166
86170
86171
86176
86178
86179
86184
86190
86192
86196
86199
86201
86202
86204
86208
86209
86210
86212
86214
86216
86217
86219
86223
86225
86227
86229
86230
86232
86236
86242
86245
86248
86250
86254
86258
86261
86265
86268
86270
86272
86274
86280
86283
86287
86289
86292
86294
86295
86297
86298
86299
86300
86302
86303
86306
86307
86308
86310
86313
86320
86321
86325
86329
86330
86333
86334
86335
86338
86340
86342
86343
86344
86346
86348
86354
86365
86366
86372
86376
86377
86378
86379
86380
86385
86386
86387
86389
86390
86392
86394
86396
86398
86400
86403
86408
86413
86414
86416
86417
86418
86420
86424
86428
86429
86433
86436
86442
86443
86448
86452
86455
86459
86461
86462
86463
86467
86468
86469
86471
86472
86473
86479
86480
86491
86497
86498
86499
86504
86505
86508
86511
86512
86514
86519
86521
86522
86523
86526
86527
86528
86533
86535
86537
86538
86541
86542
86544
86546
86549
86551
86560
86561
86569
86570
86573
86576
86581
86585
86586
86587
86591
86592
86598
86602
86608
86611
86615
86618
86622
86626
86631
86633
86635
86636
86641
86642
86643
86646
86650
86653
86655
86659
86662
86664
86667
86670
86671
86675
86681
86684
86695
86697
86702
86703
86704
86711
86715
86716
86717
86719
86720
86722
86723
86724
86725
86730
86731
86737
86740
86742
86743
86745
86750
86751
86752
86756
86760
86763
86764
86765
86766
86767
86768
86771
86776
86777
86779
86782
86789
86790
86794
86795
86799
86801
86802
86806
86808
86809
86810
86811
86813
86815
86824
86825
86827
86829
86830
86835
86836
86838
86839
86840
86841
86844
86847
86848
86849
86851
86853
86855
86865
86869
86870
86875
86877
86882
86885
86888
86889
86891
86895
86896
86904
86908
86909
86914
86915
86916
86918
86919
86920
86922
86923
86924
86926
86929
86933
86935
86936
86938
86941
86949
86951
86954
86957
86967
86982
86983
86985
86990
86991
86992
86995
86997
86999
87001
87006
87007
87008
87013
87015
87018
87020
87022
87030
87031
87033
87039
87041
87043
87044
87045
87047
87049
87055
87064
87066
87069
87075
87076
87080
87081
87086
87088
87089
87098
87101
87103
87104
87106
87108
87109
87110
87117
87119
87120
87122
87123
87124
87125
87128
87129
87130
87132
87135
87138
87140
87141
87142
87143
87144
87145
87147
87148
87150
87154
87155
87157
87160
87162
87166
87167
87171
87172
87173
87174
87175
87176
87178
87179
87180
87187
87197
87201
87205
87206
87207
87208
87211
87214
87221
87223
87225
87229
87235
87242
87244
87245
87246
87247
87249
87250
87252
87253
87256
87257
87258
87259
87261
87262
87266
87267
87269
87272
87274
87275
87277
87278
87283
87301
87302
87303
87309
87311
87313
87314
87317
87318
87320
87322
87323
87326
87330
87333
87336
87339
87342
87350
87354
87357
87358
87359
87360
87361
87363
87364
87365
87370
87372
87374
87378
87379
87382
87383
87386
87387
87388
87390
87391
87393
87396
87398
87399
87402
87405
87410
87413
87416
87417
87421
87422
87423
87424
87426
87429
87432
87435
87438
87439
87440
87441
87442
87443
87444
87447
87452
87454
87464
87465
87469
87470
87472
87473
87474
87476
87481
87490
87491
87495
87499
87500
87501
87502
87506
87507
87510
87511
87512
87513
87516
87518
87519
87522
87526
87528
87533
87536
87539
87545
87546
87547
87548
87554
87556
87565
87567
87568
87570
87572
87577
87579
87581
87582
87584
87593
87596
87598
87599
87600
87601
87602
87604
87606
87607
87608
87609
87610
87616
87617
87619
87623
87624
87625
87627
87628
87630
87632
87636
87637
87638
87639
87640
87641
87642
87643
87644
87650
87652
87653
87656
87658
87659
87660
87662
87663
87667
87668
87672
87673
87678
87680
87682
87686
87688
87689
87690
87692
87694
87695
87699
87701
87703
87706
87709
87710
87711
87712
87715
87716
87719
87724
87725
87727
87729
87736
87737
87740
87743
87748
87749
87751
87753
87755
87756
87757
87759
87760
87761
87764
87767
87773
87774
87775
87778
87779
87780
87781
87788
87789
87791
87792
87795
87797
87798
87803
87804
87808
87809
87811
87817
87819
87822
87823
87825
87826
87828
87829
87830
87832
87834
87837
87841
87849
87855
87857
87858
87859
87862
87863
87866
87867
87869
87870
87871
87873
87875
87876
87879
87882
87883
87886
87887
87888
87890
87899
87900
87902
87906
87907
87908
87922
87923
87924
87927
87930
87939
87941
87943
87950
87952
87954
87956
87960
87964
87965
87967
87972
87973
87975
87976
87978
87980
87984
87986
87987
87990
87991
87992
87995
87996
87999
88003
88004
88007
88008
88009
88010
88012
88013
88015
88017
88027
88034
88036
88038
88042
88043
88044
88045
88047
88048
88050
88055
88059
88064
88072
88073
88076
88081
88083
88085
88086
88087
88088
88090
88091
88092
88098
88101
88103
88104
88108
88110
88114
88118
88121
88123
88128
88129
88130
88132
88133
88135
88138
88144
88146
88148
88149
88156
88157
88158
88159
88172
88173
88176
88178
88181
88182
88183
88184
88185
88186
88191
88192
88193
88194
88195
88198
88200
88204
88205
88207
88212
88214
88215
88216
88218
88224
88227
88234
88235
88237
88239
88243
88251
88257
88258
88259
88260
88261
88266
88268
88269
88273
88274
88278
88279
88280
88281
88282
88283
88288
88290
88295
88298
88300
88308
88310
88311
88312
88318
88321
88324
88325
88328
88331
88334
88336
88337
88339
88341
88345
88349
88350
88351
88353
88357
88360
88361
88367
88369
88372
88375
88376
88377
88378
88379
88381
88383
88384
88391
88392
88393
88395
88396
88398
88401
88408
88409
88418
88419
88421
88422
88423
88425
88428
88429
88434
88435
88437
88443
88444
88445
88449
88452
88455
88456
88458
88460
88461
88462
88463
88465
88466
88470
88474
88475
88476
88477
88478
88479
88480
88481
88484
88487
88489
88491
88499
88500
88502
88504
88511
88515
88519
88522
88528
88529
88530
88533
88540
88541
88544
88547
88548
88551
88554
88556
88558
88560
88566
88567
88568
88571
88572
88576
88579
88584
88591
88594
88600
88601
88606
88608
88609
88610
88611
88613
88614
88617
88622
88623
88629
88631
88634
88635
88637
88643
88651
88655
88656
88660
88669
88670
88673
88674
88679
88685
88687
88689
88691
88694
88700
88703
88704
88705
88712
88718
88721
88723
88725
88730
88732
88733
88740
88744
88746
88747
88749
88752
88753
88757
88760
88762
88764
88766
88770
88771
88776
88782
88783
88784
88787
88788
88792
88794
88797
88798
88803
88805
88806
88810
88811
88814
88816
88817
88819
88822
88824
88827
88829
88830
88833
88834
88837
88838
88842
88843
88849
88850
88852
88855
88857
88858
88865
88866
88870
88872
88876
88877
88878
88879
88883
88884
88885
88888
88894
88898
88901
88903
88905
88907
88909
88912
88914
88917
88918
88919
88929
88931
88932
88935
88936
88937
88939
88942
88943
88944
88953
88954
88956
88958
88960
88962
88963
88965
88969
88970
88971
88975
88980
88982
88985
88986
88987
88988
88989
88990
88994
88995
89001
89002
89004
89008
89009
89010
89011
89012
89013
89014
89015
89018
89019
89030
89031
89032
89036
89039
89040
89046
89050
89052
89059
89062
89063
89066
89067
89068
89069
89072
89076
89077
89078
89079
89084
89088
89092
89095
89096
89097
89098
89099
89102
89103
89107
89109
89111
89117
89118
89122
89123
89124
89125
89130
89131
89132
89133
89138
89139
89144
89145
89146
89147
89152
89154
89155
89160
89161
89162
89166
89167
89173
89176
89178
89181
89182
89187
89189
89190
89193
89203
89207
89211
89212
89214
89215
89219
89225
89228
89231
89232
89233
89234
89235
89237
89239
89241
89245
89247
89248
89253
89254
89255
89257
89259
89261
89264
89265
89266
89267
89271
89272
89273
89274
89277
89278
89281
89285
89286
89287
89288
89291
89293
89294
89303
89304
89305
89306
89312
89315
89320
89321
89324
89326
89327
89328
89331
89333
89338
89340
89346
89349
89351
89356
89359
89364
89365
89366
89368
89370
89374
89376
89381
89382
89383
89386
89387
89389
89391
89392
89394
89398
89399
89403
89406
89408
89410
89413
89415
89417
89420
89422
89423
89426
89427
89432
89434
89440
89441
89445
89446
89453
89454
89456
89458
89460
89461
89466
89469
89471
89472
89473
89476
89478
89480
89482
89484
89486
89487
89490
89493
89494
89495
89497
89499
89500
89502
89503
89506
89508
89516
89518
89519
89523
89527
89529
89531
89533
89534
89536
89537
89538
89540
89541
89542
89546
89549
89550
89554
89558
89561
89562
89563
89565
89566
89567
89572
89574
89576
89578
89583
89586
89587
89589
89593
89597
89598
89601
89602
89603
89610
89614
89616
89617
89619
89620
89621
89622
89623
89625
89629
89630
89636
89637
89642
89647
89648
89650
89653
89655
89660
89664
89665
89666
89670
89676
89678
89679
89680
89681
89684
89691
89694
89696
89704
89706
89707
89708
89709
89710
89712
89713
89720
89724
89725
89728
89729
89731
89740
89741
89742
89743
89745
89746
89748
89751
89752
89755
89759
89760
89762
89763
89768
89769
89771
89773
89779
89781
89784
89787
89788
89792
89794
89795
89796
89798
89799
89801
89802
89807
89808
89810
89818
89826
89830
89832
89836
89838
89845
89848
89850
89853
89854
89857
89862
89863
89867
89870
89871
89874
89876
89879
89882
89888
89890
89892
89895
89897
89899
89901
89909
89914
89916
89922
89923
89927
89932
89934
89936
89942
89943
89945
89951
89954
89958
89962
89968
89971
89973
89974
89976
89982
89988
89991
89996
89997
89999
90002
90004
90006
90007
90008
90010
90012
90015
90021
90026
90027
90028
90031
90032
90033
90035
90040
90043
90044
90048
90049
90051
90052
90053
90056
90061
90062
90069
90070
90071
90072
90074
90076
90082
90085
90088
90090
90091
90093
90096
90100
90101
90102
90103
90105
90106
90107
90109
90111
90113
90117
90118
90120
90122
90123
90124
90126
90127
90128
90129
90130
90131
90132
90137
90143
90144
90146
90147
90148
90149
90153
90154
90155
90161
90162
90164
90166
90174
90179
90181
90182
90183
90184
90186
90189
90190
90191
90198
90202
90209
90212
90216
90219
90220
90222
90223
90227
90229
90230
90240
90242
90247
90250
90251
90253
90254
90258
90260
90262
90269
90273
90274
90276
90277
90278
90279
90283
90286
90287
90288
90301
90303
90307
90308
90309
90312
90323
90326
90328
90336
90337
90342
90347
90349
90354
90357
90358
90359
90363
90366
90370
90371
90372
90379
90380
90390
90394
90395
90396
90397
90399
90400
90405
90406
90409
90410
90411
90415
90419
90423
90425
90427
90438
90441
90444
90445
90446
90448
90450
90452
90454
90455
90457
90458
90460
90463
90464
90465
90471
90478
90481
90483
90484
90486
90487
90490
90493
90494
90496
90500
90502
90508
90512
90513
90521
90523
90527
90535
90537
90542
90546
90551
90555
90562
90563
90565
90570
90573
90574
90581
90590
90594
90598
90599
90604
90605
90606
90609
90611
90612
90614
90616
90617
90618
90619
90623
90624
90625
90626
90629
90633
90635
90636
90638
90641
90649
90650
90651
90654
90655
90657
90658
90659
90660
90664
90665
90668
90671
90673
90678
90679
90687
90688
90689
90690
90691
90692
90694
90696
90700
90702
90706
90707
90709
90713
90715
90716
90718
90720
90721
90730
90732
90735
90736
90737
90738
90740
90741
90747
90748
90751
90752
90757
90765
90766
90785
90787
90788
90789
90790
90791
90793
90794
90798
90800
90801
90802
90804
90808
90815
90824
90832
90833
90837
90842
90843
90854
90856
90859
90862
90865
90868
90871
90872
90874
90876
90878
90879
90881
90883
90884
90885
90888
90894
90897
90898
90901
90907
90908
90913
90918
90923
90926
90927
90931
90933
90935
90938
90939
90940
90941
90942
90943
90946
90947
90948
90950
90952
90955
90956
90960
90961
90962
90963
90965
90966
90967
90968
90970
90973
90975
90977
90979
90980
90983
90984
90987
90991
90993
90996
90998
90999
91000
91002
91006
91008
91010
91015
91020
91021
91022
91027
91028
91029
91030
91032
91033
91035
91036
91037
91040
91045
91046
91050
91051
91052
91053
91057
91059
91060
91063
91066
91067
91068
91070
91071
91074
91077
91078
91082
91087
91090
91094
91101
91102
91104
91106
91107
91109
91110
91114
91117
91121
91122
91124
91125
91130
91131
91132
91133
91136
91137
91139
91140
91143
91145
91147
91151
91155
91156
91157
91158
91160
91161
91166
91167
91168
91170
91173
91182
91188
91189
91190
91192
91195
91196
91197
91201
91207
91209
91210
91212
91216
91220
91222
91227
91229
91235
91236
91239
91240
91241
91248
91250
91251
91252
91253
91255
91260
91261
91264
91266
91268
91272
91273
91276
91277
91278
91279
91280
91284
91285
91286
91291
91292
91293
91304
91311
91312
91314
91315
91318
91319
91322
91323
91324
91330
91332
91334
91335
91337
91339
91340
91341
91342
91344
91345
91346
91348
91349
91354
91355
91356
91357
91360
91373
91374
91380
91385
91386
91389
91391
91392
91395
91396
91402
91412
91413
91416
91417
91422
91424
91429
91430
91434
91438
91439
91440
91443
91445
91446
91451
91452
91456
91458
91464
91465
91467
91469
91470
91471
91472
91476
91477
91480
91483
91485
91493
91497
91500
91503
91505
91508
91511
91514
91516
91518
91526
91528
91531
91535
91540
91541
91543
91545
91546
91547
91550
91552
91553
91554
91557
91558
91563
91566
91567
91569
91571
91577
91581
91583
91585
91586
91587
91590
91596
91597
91598
91599
91600
91601
91602
91603
91604
91606
91608
91609
91613
91614
91623
91627
91630
91636
91643
91647
91648
91659
91662
91663
91665
91672
91673
91676
91682
91685
91689
91690
91691
91692
91694
91699
91703
91704
91706
91707
91709
91710
91719
91720
91722
91726
91730
91735
91743
91746
91748
91749
91750
91751
91752
91753
91755
91756
91757
91759
91761
91762
91763
91773
91779
91788
91798
91806
91807
91809
91810
91817
91821
91822
91826
91827
91836
91837
91838
91840
91841
91842
91848
91850
91865
91866
91867
91868
91870
91871
91872
91877
91880
91886
91888
91889
91890
91892
91896
91897
91905
91907
91910
91912
91914
91919
91923
91924
91925
91928
91932
91938
91939
91940
91943
91952
91953
91954
91957
91959
91960
91965
91967
91969
91971
91972
91975
91978
91980
91981
91983
91986
91987
91992
91993
91996
92000
92003
92005
92006
92007
92008
92010
92011
92013
92016
92019
92020
92022
92023
92024
92025
92031
92034
92037
92039
92045
92047
92048
92051
92053
92054
92055
92056
92057
92058
92060
92062
92065
92071
92075
92076
92077
92082
92083
92085
92090
92096
92098
92099
92100
92103
92111
92112
92116
92119
92120
92121
92124
92126
92130
92133
92134
92137
92138
92139
92144
92146
92150
92152
92155
92159
92161
92163
92164
92165
92169
92180
92184
92187
92188
92189
92194
92199
92200
92201
92204
92205
92207
92209
92211
92212
92216
92217
92220
92221
92225
92226
92231
92235
92236
92237
92238
92239
92241
92242
92243
92247
92248
92250
92254
92259
92262
92263
92266
92267
92273
92278
92279
92288
92296
92299
92304
92306
92311
92312
92314
92315
92320
92326
92332
92337
92340
92341
92344
92358
92359
92361
92362
92366
92367
92368
92370
92374
92379
92381
92382
92383
92384
92385
92386
92387
92390
92397
92398
92399
92400
92411
92412
92413
92414
92415
92423
92427
92428
92429
92434
92438
92440
92441
92442
92444
92448
92451
92457
92460
92463
92464
92468
92472
92481
92487
92489
92493
92494
92496
92498
92500
92502
92503
92506
92510
92516
92517
92520
92524
92525
92526
92527
92533
92535
92536
92542
92543
92544
92545
92547
92548
92550
92552
92558
92560
92561
92575
92576
92582
92584
92585
92589
92591
92594
92595
92599
92601
92606
92607
92610
92612
92613
92618
92620
92622
92624
92625
92627
92629
92632
92634
92637
92639
92640
92642
92646
92647
92649
92650
92652
92653
92658
92659
92664
92672
92673
92675
92679
92681
92684
92686
92687
92689
92691
92692
92696
92698
92701
92705
92706
92711
92712
92714
92722
92725
92728
92729
92730
92733
92734
92735
92737
92739
92740
92743
92746
92750
92751
92754
92755
92756
92762
92764
92769
92771
92775
92777
92778
92781
92782
92787
92788
92794
92795
92797
92803
92806
92808
92809
92811
92812
92813
92814
92818
92820
92823
92824
92829
92840
92844
92845
92848
92849
92851
92852
92855
92861
92864
92867
92869
92870
92874
92884
92890
92893
92895
92898
92901
92904
92907
92910
92923
92924
92926
92927
92930
92931
92934
92936
92937
92942
92943
92949
92950
92951
92953
92956
92961
92962
92963
92964
92966
92967
92968
92972
92974
92975
92977
92982
92984
92991
92998
93000
93001
93006
93016
93020
93021
93023
93024
93025
93030
93031
93034
93037
93043
93044
93046
93048
93050
93052
93055
93057
93058
93060
93061
93062
93063
93064
93066
93067
93070
93077
93079
93080
93085
93088
93089
93090
93091
93092
93093
93096
93098
93099
93113
93114
93119
93121
93122
93128
93132
93133
93135
93137
93141
93142
93144
93148
93156
93157
93160
93165
93167
93168
93174
93177
93178
93180
93181
93182
93183
93184
93185
93187
93193
93195
93198
93204
93208
93210
93212
93213
93222
93225
93228
93230
93233
93234
93238
93240
93241
93243
93244
93246
93249
93251
93253
93254
93256
93261
93264
93266
93271
93277
93279
93285
93291
93300
93302
93303
93309
93315
93317
93319
93321
93322
93324
93325
93326
93327
93328
93329
93330
93334
93335
93339
93342
93346
93347
93349
93351
93352
93356
93359
93363
93364
93365
93369
93370
93371
93372
93373
93375
93376
93378
93383
93386
93388
93393
93395
93399
93404
93408
93409
93414
93416
93418
93426
93430
93431
93432
93435
93437
93443
93445
93446
93447
93456
93459
93460
93461
93467
93468
93472
93474
93485
93486
93488
93490
93494
93495
93500
93504
93507
93514
93515
93516
93517
93518
93528
93529
93530
93531
93534
93540
93542
93543
93548
93549
93553
93554
93562
93569
93571
93572
93573
93576
93577
93578
93583
93586
93587
93588
93592
93594
93599
93602
93604
93607
93610
93614
93615
93616
93618
93628
93629
93630
93632
93633
93636
93637
93640
93641
93642
93643
93644
93646
93651
93652
93653
93655
93657
93658
93662
93671
93673
93677
93679
93680
93681
93684
93687
93688
93692
93701
93703
93704
93711
93712
93713
93715
93720
93729
93737
93738
93742
93743
93746
93748
93749
93750
93754
93761
93764
93767
93771
93776
93777
93778
93785
93788
93791
93794
93795
93801
93803
93805
93807
93812
93817
93819
93827
93828
93829
93830
93832
93834
93836
93842
93843
93845
93846
93847
93848
93854
93856
93857
93865
93868
93870
93873
93874
93882
93884
93887
93888
93890
93891
93895
93899
93900
93902
93904
93906
93911
93914
93918
93920
93921
93924
93931
93932
93933
93934
93936
93942
93944
93950
93956
93962
93963
93964
93965
93969
93971
93972
93975
93983
93984
93985
93994
93995
93997
94001
94002
94009
94015
94019
94025
94026
94029
94032
94034
94035
94040
94042
94047
94049
94050
94056
94059
94064
94067
94068
94072
94074
94076
94080
94081
94082
94085
94090
94091
94093
94095
94096
94100
94104
94109
94110
94111
94112
94123
94126
94129
94131
94136
94137
94138
94139
94140
94141
94143
94147
94150
94154
94155
94158
94160
94162
94165
94169
94170
94172
94175
94177
94181
94183
94184
94187
94188
94190
94195
94197
94198
94200
94205
94211
94214
94218
94219
94221
94227
94228
94229
94231
94239
94244
94246
94247
94252
94255
94257
94259
94262
94263
94268
94270
94271
94284
94285
94286
94287
94288
94289
94290
94295
94297
94300
94305
94308
94309
94310
94312
94316
94318
94321
94323
94324
94329
94330
94332
94333
94337
94338
94345
94347
94350
94351
94354
94356
94359
94360
94365
94367
94368
94374
94377
94378
94379
94380
94381
94384
94385
94388
94391
94392
94393
94394
94399
94402
94408
94411
94414
94415
94421
94425
94428
94429
94430
94431
94433
94435
94439
94441
94442
94443
94444
94445
94447
94450
94453
94456
94457
94458
94459
94463
94464
94466
94468
94470
94472
94473
94474
94475
94479
94480
94487
94489
94491
94497
94498
94506
94510
94516
94518
94519
94521
94527
94532
94533
94534
94535
94537
94538
94542
94553
94554
94559
94574
94575
94580
94583
94585
94586
94589
94596
94598
94604
94606
94608
94609
94613
94615
94616
94618
94621
94625
94627
94639
94640
94641
94644
94646
94652
94659
94662
94664
94671
94674
94679
94680
94684
94693
94695
94696
94697
94698
94699
94700
94701
94704
94709
94710
94711
94713
94715
94718
94720
94724
94726
94734
94735
94747
94751
94753
94757
94764
94768
94774
94778
94781
94782
94783
94787
94794
94795
94798
94800
94807
94809
94812
94813
94814
94816
94821
94824
94826
94827
94832
94834
94838
94841
94842
94845
94848
94850
94854
94857
94858
94860
94862
94865
94867
94868
94873
94875
94877
94879
94885
94889
94896
94899
94901
94903
94904
94908
94910
94912
94916
94918
94919
94920
94921
94927
94931
94932
94938
94940
94941
94943
94946
94948
94950
94952
94956
94964
94966
94967
94968
94969
94973
94979
94981
94984
94987
94988
94995
94998
94999
95001
95003
95005
95007
95013
95017
95020
95024
95026
95032
95044
95052
95056
95058
95063
95064
95070
95071
95072
95074
95077
95079
95080
95085
95088
95095
95096
95103
95107
95110
95111
95113
95114
95116
95118
95122
95124
95128
95133
95135
95139
95140
95146
95150
95153
95154
95156
95157
95161
95164
95169
95171
95176
95177
95179
95180
95192
95193
95195
95198
95199
95203
95205
95208
95210
95212
95215
95216
95217
95218
95224
95225
95229
95230
95232
95234
95235
95238
95239
95242
95244
95245
95248
95250
95252
95255
95257
95258
95259
95260
95265
95266
95268
95272
95273
95276
95277
95279
95280
95281
95284
95285
95286
95288
95293
95294
95296
95298
95301
95304
95305
95306
95308
95309
95320
95322
95328
95330
95331
95332
95334
95338
95340
95342
95343
95344
95347
95349
95355
95356
95358
95360
95361
95362
95365
95369
95373
95381
95383
95384
95386
95389
95390
95396
95406
95409
95410
95411
95413
95414
95415
95417
95419
95422
95423
95424
95429
95430
95431
95432
95436
95438
95442
95444
95449
95451
95454
95457
95460
95461
95462
95464
95471
95472
95473
95480
95482
95483
95485
95488
95496
95497
95500
95501
95502
95503
95505
95509
95516
95517
95518
95519
95521
95525
95527
95529
95530
95531
95535
95539
95540
95541
95545
95554
95556
95558
95559
95560
95561
95562
95566
95569
95571
95572
95574
95576
95585
95589
95591
95593
95596
95601
95604
95615
95616
95617
95619
95620
95621
95623
95628
95629
95633
95639
95641
95651
95652
95654
95656
95657
95659
95665
95667
95668
95671
95673
95677
95680
95681
95686
95688
95691
95700
95701
95703
95706
95707
95712
95714
95716
95717
95718
95721
95724
95725
95727
95728
95729
95730
95731
95732
95733
95734
95735
95736
95737
95738
95739
95740
95741
95742
95743
95745
95746
95747
95748
95749
95750
95751
95752
95754
95755
95756
95757
95758
95760
95761
95763
95764
95766
95767
95768
95769
95770
95771
95773
95774
95775
95776
95777
95778
95780
95781
95782
95783
95784
95785
95786
95787
95788
95789
95790
95791
95792
95794
95795
95796
95797
95798
95799
95800
95801
95803
95804
95805
95806
95807
95808
95809
95811
95812
95816
95817
95818
95819
95820
95821
95822
95823
95827
95829
95830
95831
95832
95834
95837
95838
95843
95846
95848
95850
95851
95853
95857
95861
95862
95863
95864
95866
95867
95868
95870
95875
95876
95877
95878
95884
95885
95886
95888
95891
95893
95894
95897
95898
95899
95900
95904
95905
95906
95908
95909
95913
95914
95919
95920
95925
95926
95927
95931
95933
95935
95937
95939
95941
95947
95948
95950
95951
95954
95956
95957
95964
95965
95967
95968
95970
95971
95976
95977
95978
95985
95987
95991
95992
95993
95994
95995
95998
95999
96000
96002
96008
96013
96014
96015
96016
96017
96018
96021
96027
96030
96033
96034
96035
96036
96039
96046
96047
96049
96054
96055
96057
96058
96062
96064
96073
96078
96084
96095
96104
96107
96109
96118
96119
96124
96126
96134
96136
96145
96148
96156
96164
96166
96169
96174
96175
96187
96194
96197
96204
96207
96210
96211
96224
96231
96240
96246
96247
96248
96254
96256
96258
96265
96266
96269
96272
96274
96276
96286
96298
96301
96303
96320
96321
96328
96334
96338
96339
96340
96361
96362
96372
96376
96377
96379
96386
96387
96394
96400
96401
96404
96413
96414
96422
96423
96429
96431
96441
96445
96449
96451
96455
96457
96463
96464
96475
96485
96486
96503
96513
96516
96519
96535
96541
96543
96555
96562
96570
96579
96587
96617
96630
96632
96633
96641
96643
96646
96654
96666
96667
96668
96674
96682
96695
96696
96707
96708
96712
96733
96745
96756
96757
96758
96775
96776
96777
96795
96806
96807
96817
96819
96830
96842
96865
96873
96874
96900
96901
96926
96927
96957
96971
96981
97009
97013
97031
97051
97069
97085
97112
97113
97114
97115
97116
97136
97137
97188
97199
97212
97213
97222
97230
97232
97233
97271
97272
97313
97315
97316
97339
97353
97363
97370
97371
97372
97482
97535
97538
97549
97595
97611
97618
97619
97697
97730
97754
97756
97768
97769
97772
97783
97784
97843
97846
97854
97858
97862
97871
97882
97945
97947
97952
97957
97963
97968
97975
97979
97987
98047
98050
98059
98081
98086
98093
98094
98114
98115
98187
98188
98207
98213
98219
98228
98248
98367
98389
98391
98401
98419
98509
98515
98531
98539
98541
98603
98604
98719
98736
98773
98777
98779
98799
98809
98984
98989
99007
99027
99028
99043
99048
99108
99109
99118
99302
99319
99363
99370
99389
99422
99431
99433
99436
99702
99717
99734
99737
99744
99747
99767
99806
99816
99818
99851
99853
99865
99902
99906
99908
99917
99918
99920
100100
100236
100253
100257
100276
100279
100282
100312
100315
100326
100327
100352
100353
100354
100370
100372
100385
100386
100402
100410
100415
100449
100492
100500
100523
101126
101134
101135
101172
101176
101199
101232
101241
101256
101258
101262
101310
101326
101367
101387
101422
101425
101463
101466
101475
101530
101532
101535
101536
101562
102901
102921
102946
102948
102952
102970
102988
103001
103046
103054
103101
103102
103103
103125
103128
103179
103190
103194
103196
103204
103288
103314
103336
103337
103357
103471
103492
103510
103567
103569
103596
103615
103646
104188
104228
105341
107671
107678
107684
107724
107758
107785
107836
107844
107857
107861
107865
107875
107888
107893
107899
107911
107967
108037
108040
108056
108082
108086
108087
108088
108105
108109
108118
108135
108183
108192
108210
108211
108223
108312
108328
108344
108355
108387
108416
108420
108430
108501
108505
108509
108517
108518
117191
124306
126968
128693
131614
133758
134850
138128
138536
142533
146508
147657
148275
148276
148277
148279
148280
148281
148282
148283
148284
148288
148292
148293
148294
148298
148299
148301
148303
148309
148314
148317
148318
148319
148324
148325
148326
148327
148330
148331
148334
148336
148337
148341
148343
148348
148357
148366
148367
148369
148377
148378
148379
148380
148381
148386
148388
148390
148397
148404
148405
148414
148420
148428
148435
148446
148448
148449
148454
148458
148464
148467
148469
148489
148490
148491
148496
148505
148510
148518
148524
148526
148536
148537
148538
148539
148540
148545
148546
148548
148551
148554
148557
148558
148561
148563
148569
148577
148579
148587
148588
148589
148593
148594
148604
148605
148606
148607
148610
148623
148625
148627
148629
148630
148632
148634
148645
148646
148648
148650
148652
148654
148660
148661
148675
148676
148678
148682
148683
148685
148686
148687
148700
148701
148702
148703
148705
148706
148708
148711
148716
148721
148722
148723
148725
148726
148727
148729
148744
148752
148759
148761
148762
148763
148766
148767
148768
148775
148776
148778
148779
148782
148797
148803
148804
148805
148808
148811
148812
148816
148820
148823
148841
148842
148843
148844
148849
148852
148853
148868
148874
148876
148877
148879
148880
148882
148883
148884
148889
148895
148913
148922
148924
148925
148926
148927
148933
148936
148942
148943
148961
148972
148974
148975
148976
148977
148979
148980
148989
148990
148992
148995
149005
149006
149009
149012
149014
149033
149037
149039
149040
149041
149044
149045
149046
149047
149048
149052
149054
149055
149068
149075
149076
149085
149086
149091
149095
149098
149099
149105
149109
149110
149112
149117
149124
149127
149131
149135
149137
149143
149147
149155
149161
149165
149169
149171
149172
149175
149176
149177
149178
149181
149182
149183
149188
149191
149193
149195
149201
149204
149208
149214
149232
149244
149247
149248
149250
149251
149252
149256
149266
149268
149269
149280
149282
149285
149297
149323
149326
149333
149337
149338
149340
149347
149348
149350
149351
149353
149355
149356
149357
149358
149360
149362
149366
149369
149376
149377
149382
149383
149389
149398
149402
149413
149422
149427
149447
149460
149464
149467
149468
149469
149472
149476
149477
149480
149482
149483
149484
149485
149490
149493
149499
149508
149509
149532
149535
149536
149537
149556
149570
149574
149577
149583
149585
149586
149591
149592
149593
149594
149595
149600
149603
149604
149607
149610
149614
149616
149619
149620
149622
149623
149628
149632
149633
149635
149637
149643
149644
149648
149655
149656
149661
149664
149665
149678
149683
149715
149717
149718
149721
149724
149743
149744
149746
149748
149749
149750
149751
149752
149753
149754
149756
149758
149760
149765
149767
149769
149772
149773
149781
149783
149785
149789
149790
149796
149800
149803
149804
149806
149809
149816
149819
149837
149839
149880
149891
149904
149925
149926
149931
149936
149937
149939
149944
149954
149955
149957
149959
149961
149963
149965
149967
149968
149970
149972
149973
149981
149982
149984
149985
149991
149994
149995
149997
149998
150001
150003
150005
150006
150007
150009
150011
150013
150020
150023
150024
150028
150032
150040
150047
150050
150051
150065
150067
150072
150076
150077
150086
150094
150095
150106
150109
150140
150149
150155
150156
150159
150165
150169
150172
150177
150182
150185
150190
150191
150196
150199
150200
150202
150203
150204
150208
150209
150212
150216
150217
150220
150223
150226
150233
150234
150235
150246
150247
150257
150270
150271
150281
150282
150287
150294
150301
150307
150334
150347
150348
150354
150359
150366
150371
150378
150379
150387
150388
150394
150396
150431
150432
150436
150451
150453
150454
150455
150456
150460
150465
150470
150479
150480
150484
150485
150486
150488
150495
150496
150497
150503
150505
150508
150512
150516
150518
150528
150531
150533
150535
150540
150541
150544
150552
150560
150561
150563
150564
150569
150572
150577
150585
150599
150604
150611
150616
150621
150625
150630
150635
150645
150646
150660
150674
150675
150687
150691
150693
150703
150704
150711
150714
150731
150739
150757
150771
150772
150785
150790
150798
150805
150807
150817
150823
150828
150832
150836
150838
150843
150847
150848
150853
150854
150855
150856
150857
150860
150864
150866
150868
150870
150871
150872
150875
150881
150882
150883
150889
150892
150896
150898
150899
150900
150903
150904
150905
150907
150909
150910
150911
150912
150914
150917
150921
150922
150923
150932
150933
150937
150941
150946
150950
150953
150954
150956
150984
150996
151002
151010
151015
151019
151024
151029
151032
151033
151058
151062
151069
151078
151081
151092
151104
151116
151117
151119
151133
151141
151142
151143
151161
151184
151186
151196
151197
151201
151223
151230
151232
151239
151240
151243
151250
151256
151260
151269
151274
151280
151282
151284
151286
151290
151291
151295
151297
151298
151302
151309
151310
151311
151313
151314
151315
151323
151324
151329
151330
151335
151339
151340
151347
151348
151351
151353
151354
151356
151360
151362
151364
151366
151367
151370
151371
151373
151374
151375
151379
151380
151381
151384
151394
151396
151408
151419
151447
151448
151450
151453
151458
151459
151466
151486
151508
151514
151519
151524
151528
151546
151549
151562
151569
151577
151580
151590
151600
151611
151617
151633
151640
151642
151643
151652
151666
151670
151673
151676
151687
151689
151713
151730
151735
151745
151753
151760
151774
151779
151783
151807
151814
151816
151828
151837
151876
151889
151897
151903
151906
151912
151924
151932
151943
151955
151963
151967
151970
151979
151985
151990
151991
151993
151996
152000
152008
152011
152013
152017
152019
152023
152027
152029
152030
152031
152032
152033
152034
152035
152037
152043
152045
152048
152053
152064
152073
152074
152081
152084
152086
152087
152088
152095
152097
152099
152100
152101
152104
152105
152113
152116
152122
152123
152125
152127
152129
152134
152142
152156
152166
152172
152173
152195
152200
152215
152217
152218
152220
152225
152229
152232
152234
152243
152249
152260
152274
152281
152285
152290
152311
152316
152332
152345
152362
152365
152368
152381
152392
152393
152399
152425
152445
152451
152454
152460
152468
152498
152501
152505
152508
152514
152517
152529
152574
152575
152593
152650
152653
152655
152657
152666
152678
152698
152703
152709
152738
152755
152759
152812
152814
152819
152833
152858
152893
152921
152930
152933
152943
152952
152959
152961
152968
152983
152984
152987
152993
152994
152996
152998
153011
153023
153027
153032
153035
153051
153055
153056
153058
153060
153061
153065
153067
153068
153070
153071
153078
153080
153082
153084
153100
153102
153107
153112
153119
153122
153127
153129
153132
153135
153139
153142
153143
153146
153151
153156
153159
153165
153168
153175
153177
153179
153187
153190
153199
153206
153212
153214
153215
153217
153218
153227
153228
153232
153241
153249
153267
153269
153271
153275
153280
153305
153309
153330
153343
153349
153353
153354
153355
153359
153365
153367
153373
153374
153384
153389
153395
153411
153421
153427
153429
153431
153434
153441
153446
153471
153485
153495
153500
153522
153524
153533
153536
153589
153602
153622
153624
153626
153627
153638
153642
153644
153655
153683
153706
153727
153729
153733
153734
153740
153743
153748
153784
153798
153816
153817
153824
153825
153829
153841
153863
153864
153876
153878
153881
153891
153919
153928
153934
153948
153952
153954
153980
153988
154017
154019
154020
154057
154074
154087
154122
154148
154150
154166
154175
154207
154216
154230
154248
154263
154276
154277
154278
154287
154291
154293
154334
154352
154382
154385
154390
154393
154404
154414
154421
154426
154428
154440
154461
154475
154478
154495
154504
154528
154555
154563
154575
154593
154606
154610
154625
154641
154642
154650
154652
154653
154676
154679
154681
154702
154726
154740
154758
154760
154762
154770
154773
154786
154792
154793
154801
154808
154811
154812
154813
154822
154827
154828
154832
154833
154840
154843
154846
154847
154849
154852
154856
154857
154858
154860
154862
154869
154876
154879
154882
154890
154891
154895
154896
154902
154905
154910
154913
154917
154918
154919
154922
154924
154932
154938
154939
154944
154945
154952
154953
154960
154964
154979
154981
154983
154984
154987
154988
154990
154991
154993
154995
154996
154999
155007
155008
155010
155011
155013
155015
155023
155024
155029
155037
155055
155058
155059
155060
155063
155064
155067
155076
155078
155095
155099
155104
155121
155126
155130
155144
155147
155153
155157
155159
155161
155170
155180
155195
155199
155204
155208
155217
155220
155221
155224
155248
155259
155260
155265
155269
155280
155282
155294
155297
155311
155312
155334
155348
155352
155361
155368
155370
155374
155393
155396
155405
155410
155415
155421
155430
155435
155438
155450
155486
155487
155490
155498
155506
155511
155529
155562
155579
155581
155601
155605
155610
155611
155614
155616
155620
155621
155626
155636
155658
155680
155692
155702
155718
155729
155738
155739
155752
155755
155756
155769
155781
155808
155811
155817
155819
155821
155837
155844
155847
155863
155867
155869
155874
155875
155884
155887
155893
155905
155907
155908
155915
155916
155919
155925
155937
155941
155954
155956
155964
155999
156010
156035
156036
156037
156041
156054
156065
156086
156095
156143
156156
156164
156173
156174
156185
156199
156203
156204
156209
156219
156221
156229
156241
156243
156251
156256
156261
156293
156301
156307
156310
156326
156347
156358
156359
156387
156400
156406
156410
156412
156417
156422
156429
156433
156437
156442
156443
156447
156464
156490
156497
156507
156510
156521
156525
156528
156532
156543
156544
156555
156579
156585
156610
156622
156639
156645
156666
156687
156707
156713
156714
156716
156722
156723
156736
156804
156809
156813
156850
156856
156857
156866
156868
156878
156903
156941
156959
156964
156983
156999
157008
157009
157017
157022
157024
157034
157036
157038
157047
157060
157066
157083
157105
157144
157145
157150
157182
157183
157190
157194
157213
157214
157216
157243
157258
157312
157315
157321
157330
157342
157356
157357
157360
157362
157364
157371
157381
157396
157427
157447
157448
157478
157486
157489
157493
157502
157526
157531
157534
157536
157543
157559
157632
157648
157657
157700
157727
157734
157775
157800
157805
157816
157832
157839
157850
157853
157862
157884
157889
157932
157957
157958
157972
157973
157976
157984
157993
157999
158006
158021
158033
158038
158054
158072
158133
158140
158154
158159
158171
158184
158190
158200
158215
158219
158242
158274
158290
158303
158318
158323
158328
158335
158344
158359
158366
158390
158406
158408
158413
158416
158444
158450
158503
158514
158548
158564
158582
158585
158597
158617
158635
158638
158643
158649
158658
158684
158689
158694
158706
158712
158725
158731
158732
158733
158737
158739
158740
158741
158743
158749
158752
158758
158761
158772
158774
158775
158780
158782
158790
158805
158808
158811
158815
158817
158819
158825
158826
158830
158844
158845
158849
158850
158856
158858
158865
158871
158883
158889
158893
158902
158915
158916
158917
158919
158924
158926
158927
158928
158931
158933
158934
158937
158938
158947
158948
158949
158951
158953
158956
158959
158964
158969
158973
158974
158976
158980
158981
158982
158985
158987
158995
158998
158999
159003
159005
159006
159010
159011
159013
159019
159028
159029
159030
159032
159034
159035
159037
159043
159046
159050
159052
159053
159054
159063
159066
159067
159069
159072
159075
159076
159080
159086
159089
159094
159096
159097
159098
159099
159100
159103
159108
159115
159121
159123
159130
159132
159143
159146
159147
159151
159156
159163
159165
159170
159172
159173
159175
159176
159179
159208
159210
159213
159216
159219
159221
159223
159226
159230
159233
159247
159253
159256
159265
159271
159276
159282
159297
159298
159300
159307
159311
159312
159314
159316
159319
159326
159329
159341
159345
159357
159361
159362
159364
159371
159378
159384
159393
159405
159423
159426
159429
159453
159457
159471
159487
159488
159490
159491
159496
159498
159505
159509
159518
159527
159534
159536
159541
159544
159546
159548
159557
159561
159563
159571
159578
159582
159590
159594
159599
159606
159612
159628
159632
159635
159641
159644
159646
159650
159659
159666
159667
159677
159678
159682
159693
159700
159706
159718
159721
159723
159734
159745
159770
159772
159773
159780
159785
159787
159788
159798
159803
159805
159806
159812
159815
159816
159817
159831
159834
159838
159857
159859
159870
159874
159880
159885
159886
159896
159910
159915
159919
159928
159951
159954
159962
159967
159972
159983
160005
160017
160018
160034
160051
160063
160090
160115
160116
160117
160119
160124
160128
160148
160164
160170
160172
160174
160175
160181
160187
160188
160224
160227
160235
160238
160240
160257
160259
160263
160267
160271
160274
160292
160316
160317
160341
160348
160352
160361
160372
160383
160392
160396
160399
160403
160415
160419
160422
160430
160432
160446
160458
160481
160504
160508
160540
160552
160572
160596
160597
160604
160605
160609
160613
160614
160617
160632
160635
160637
160645
160646
160649
160655
160669
160685
160693
160696
160713
160714
160740
160741
160751
160768
160782
160784
160785
160793
160801
160808
160819
160820
160834
160836
160843
160845
160846
160849
160852
160856
160857
160861
160862
160870
160874
160883
160889
160905
160927
160929
160933
160954
160955
160962
160965
160971
160974
160989
160998
161015
161021
161030
161034
161053
161057
161058
161059
161060
161076
161090
161097
161107
161113
161118
161119
161124
161128
161135
161140
161144
161158
161159
161164
161190
161201
161212
161215
161224
161229
161253
161258
161260
161261
161265
161269
161272
161274
161282
161285
161315
161317
161320
161327
161328
161334
161358
161361
161371
161390
161398
161427
161455
161471
161483
161484
161489
161507
161510
161518
161530
161559
161585
161586
161589
161592
161596
161612
161622
161635
161664
161677
161689
161691
161700
161718
161723
161751
161762
161780
161783
161794
161801
161805
161821
161826
161828
161830
161833
161844
161847
161854
161866
161867
161880
161894
161901
161904
161910
161932
161943
161948
161950
161986
161995
162000
162022
162027
162030
162032
162045
162060
162068
162080
162081
162084
162101
162106
162115
162120
162129
162136
162146
162160
162163
162176
162186
162188
162215
162218
162223
162228
162231
162236
162267
162269
162270
162276
162281
162282
162284
162285
162287
162296
162306
162345
162347
162364
162365
162373
162386
162399
162441
162447
162462
162469
162474
162494
162537
162555
162560
162561
162570
162586
162595
162597
162600
162605
162622
162627
162631
162641
162656
162664
162682
162704
162711
162719
162721
162749
162754
162829
162830
162836
162855
162862
162863
162867
162871
162888
162912
162913
162925
162946
162962
162973
162987
162993
162998
163006
163011
163029
163032
163044
163053
163087
163106
163118
163128
163134
163138
163144
163160
163172
163185
163192
163197
163215
163229
163231
163276
163293
163309
163325
163344
163352
163356
163358
163369
163380
163382
163409
163439
163440
163442
163449
163457
163477
163487
163502
163514
163519
163526
163530
163547
163548
163553
163557
163561
163586
163587
163588
163589
163638
163652
163680
163693
163704
163715
163718
163748
163749
163754
163757
163767
163768
163781
163803
163810
163834
163864
163870
163875
163878
163960
163981
163990
164008
164013
164014
164031
164043
164054
164061
164071
164083
164101
164106
164132
164137
164153
164154
164156
164168
164174
164196
164198
164201
164213
164225
164230
164235
164238
164267
164289
164291
164310
164323
164339
164350
164356
164359
164360
164362
164379
164416
164419
164432
164436
164454
164463
164465
164476
164479
164497
164500
164509
164532
164535
164571
164586
164588
164607
164620
164687
164692
164713
164715
164757
164765
164790
164840
164879
164891
164893
164904
164906
164919
164927
164938
164971
164982
164984
164989
164993
164998
165030
165052
165064
165092
165149
165151
165165
165178
165186
165262
165263
165271
165273
165290
165315
165316
165324
165351
165364
165386
165399
165401
165416
165430
165438
165440
165454
165455
165484
165491
165499
165522
165523
165556
165559
165582
165583
165607
165664
165666
165685
165709
165721
165722
165727
165732
165736
165739
165748
165750
165765
165776
165782
165802
165817
165843
165879
165884
165906
165923
165931
165936
165986
165990
165993
166009
166017
166018
166041
166042
166096
166109
166110
166119
166121
166123
166144
166156
166168
166170
166180
166207
166213
166214
166224
166242
166256
166302
166315
166336
166337
166339
166356
166399
166406
166412
166413
166439
166441
166448
166449
166456
166474
166506
166511
166517
166519
166522
166525
166534
166551
166565
166568
166581
166651
166656
166666
166685
166707
166716
166719
166771
166780
166784
166802
166842
166865
166874
166876
166877
166891
166901
166907
166924
166941
166945
166978
167014
167023
167029
167033
167044
167055
167069
167103
167109
167122
167147
167167
167200
167213
167223
167240
167269
167299
167310
167325
167356
167360
167374
167422
167446
167461
167465
167470
167475
167477
167497
167510
167513
167528
167550
167555
167558
167582
167609
167611
167641
167666
167669
167684
167695
167720
167725
167732
167761
167762
167777
167783
167852
167859
167863
167914
167918
167930
167959
167975
168122
168204
168213
168237
168278
168306
168314
168380
168412
168488
168497
168509
168517
168531
168578
168589
168602
168615
168616
168617
168640
168642
168663
168690
168750
168752
168753
168762
168766
168782
168783
168818
168845
168876
168896
168901
168906
168922
168927
168937
168945
168947
168949
168950
168951
168953
168956
168959
168960
168961
168962
168964
168965
168966
168968
168971
168975
168976
168977
168979
168981
168982
168984
168991
168998
169001
169002
169003
169007
169016
169018
169023
169025
169026
169031
169042
169044
169054
169056
169057
169061
169063
169068
169069
169070
169083
169086
169088
169090
169091
169092
169094
169100
169103
169108
169111
169127
169130
169133
169134
169147
169148
169155
169162
169173
169176
169182
169183
169186
169189
169192
169193
169206
169210
169212
169216
169222
169225
169227
169246
169259
169270
169278
169280
169286
169290
169298
169305
169307
169309
169318
169319
169325
169335
169345
169347
169358
169359
169361
169366
169367
169369
169379
169384
169387
169389
169398
169401
169404
169412
169415
169417
169422
169425
169428
169433
169438
169450
169453
169455
169462
169469
169479
169486
169489
169490
169497
169498
169507
169514
169515
169518
169525
169529
169535
169553
169556
169568
169569
169572
169573
169574
169576
169580
169585
169591
169600
169602
169607
169614
169615
169617
169622
169629
169634
169637
169639
169648
169652
169666
169675
169678
169684
169685
169686
169688
169693
169695
169697
169714
169716
169724
169725
169728
169730
169734
169736
169745
169749
169752
169753
169760
169763
169764
169770
169771
169784
169787
169788
169791
169795
169800
169808
169813
169814
169817
169818
169820
169822
169826
169882
169892
169922
169929
169957
169965
169966
169969
169977
169979
169980
169998
170000
170002
170022
170033
170042
170055
170075
170080
170091
170113
170121
170124
170127
170130
170141
170146
170147
170149
170163
170164
170170
170175
170188
170189
170199
170215
170218
170219
170222
170247
170249
170253
170265
170267
170272
170286
170292
170295
170298
170311
170329
170362
170363
170367
170371
170388
170392
170393
170394
170400
170409
170412
170413
170415
170429
170438
170463
170465
170472
170492
170509
170519
170531
170544
170546
170551
170553
170570
170575
170580
170596
170620
170627
170634
170636
170638
170650
170653
170661
170662
170664
170672
170712
170718
170726
170734
170741
170766
170771
170772
170774
170775
170783
170789
170792
170794
170795
170796
170797
170798
170802
170804
170812
170813
170819
170832
170834
170836
170838
170850
170855
170859
170861
170868
170889
170890
170896
170905
170916
170922
170926
170942
170945
170946
170948
170962
170968
171003
171017
171026
171030
171057
171061
171062
171073
171082
171092
171093
171096
171100
171101
171120
171131
171144
171160
171171
171173
171176
171181
171183
171189
171195
171206
171215
171220
171224
171233
171236
171238
171245
171251
171253
171255
171277
171279
171283
171297
171300
171318
171325
171326
171328
171329
171337
171346
171349
171360
171366
171368
171372
171380
171381
171394
171399
171414
171417
171419
171421
171429
171437
171438
171446
171454
171457
171463
171469
171471
171483
171488
171493
171494
171500
171505
171506
171523
171540
171544
171546
171547
171551
171560
171573
171588
171598
171603
171611
171623
171632
171639
171642
171652
171653
171655
171658
171664
171665
171674
171676
171690
171691
171704
171720
171756
171758
171767
171775
171778
171786
171800
171803
171806
171813
171817
171824
171832
171834
171864
171893
171903
171912
171913
171928
171931
171933
171935
171948
171962
171967
171970
171975
171983
171984
171985
171987
171988
171991
171997
172000
172003
172026
172027
172033
172044
172051
172054
172061
172064
172091
172094
172102
172118
172119
172133
172139
172146
172154
172158
172159
172163
172171
172183
172192
172194
172199
172204
172214
172221
172299
172300
172319
172320
172328
172345
172353
172355
172359
172361
172370
172399
172400
172402
172414
172442
172459
172464
172469
172484
172499
172503
172507
172512
172519
172525
172530
172547
172553
172556
172559
172568
172573
172583
172586
172604
172605
172608
172617
172628
172638
172642
172646
172665
172676
172681
172701
172703
172708
172714
172716
172719
172722
172723
172735
172737
172748
172764
172774
172779
172786
172831
172834
172844
172848
172851
172854
172871
172874
172896
172914
172920
172940
172941
172943
172945
172951
172952
172962
172963
172996
173001
173010
173011
173016
173017
173029
173038
173039
173042
173055
173056
173058
173064
173065
173076
173101
173105
173108
173109
173121
173139
173146
173147
173151
173170
173175
173177
173184
173200
173201
173205
173206
173228
173234
173245
173255
173258
173260
173264
173275
173285
173291
173302
173304
173310
173315
173325
173333
173337
173339
173341
173342
173346
173351
173364
173367
173376
173381
173395
173396
173416
173417
173419
173436
173441
173443
173448
173458
173467
173470
173475
173487
173493
173498
173506
173518
173530
173534
173540
173541
173544
173556
173558
173560
173565
173576
173591
173598
173600
173608
173611
173614
173645
173647
173651
173677
173678
173681
173688
173694
173704
173705
173715
173719
173748
173752
173757
173759
173772
173775
173791
173808
173830
173835
173889
173901
173908
173912
173917
173920
173927
173941
173947
173964
173970
173976
173982
173997
174006
174010
174025
174027
174036
174039
174050
174060
174066
174070
174090
174131
174135
174150
174154
174176
174177
174183
174195
174219
174239
174249
174257
174260
174271
174285
174286
174299
174300
174305
174307
174343
174344
174360
174367
174377
174381
174393
174395
174399
174412
174433
174435
174444
174461
174471
174476
174481
174482
174488
174489
174490
174494
174508
174510
174518
174521
174529
174538
174541
174548
174598
174604
174606
174610
174616
174625
174645
174651
174657
174663
174677
174679
174681
174691
174693
174695
174697
174726
174735
174745
174774
174785
174789
174795
174817
174825
174827
174834
174862
174891
174893
174899
174910
174923
174938
174945
174948
174969
174972
174979
174980
174986
174994
175004
175016
175023
175031
175059
175072
175074
175125
175129
175130
175131
175139
175144
175148
175150
175180
175207
175217
175225
175235
175245
175255
175256
175263
175267
175273
175297
175298
175302
175311
175320
175333
175342
175347
175350
175355
175361
175364
175368
175369
175376
175381
175393
175397
175402
175423
175440
175451
175458
175468
175470
175476
175483
175491
175494
175495
175497
175511
175523
175530
175535
175552
175559
175564
175570
175578
175595
175616
175640
175651
175653
175663
175672
175678
175688
175696
175700
175717
175731
175738
175739
175757
175762
175769
175771
175776
175796
175798
175816
175822
175824
175834
175841
175842
175855
175862
175865
175866
175868
175869
175870
175873
175875
175893
175894
175899
175908
175922
175937
175941
175950
175967
175970
175972
175983
175990
175993
176001
176013
176017
176019
176020
176029
176030
176061
176066
176083
176088
176097
176102
176120
176125
176128
176131
176152
176170
176182
176190
176201
176217
176220
176224
176239
176250
176253
176264
176267
176286
176302
176308
176310
176318
176326
176357
176358
176359
176367
176384
176394
176395
176399
176405
176415
176432
176435
176440
176460
176472
176498
176500
176533
176541
176547
176556
176559
176563
176574
176577
176582
176591
176602
176605
176607
176616
176633
176639
176665
176670
176672
176677
176686
176689
176697
176701
176702
176703
176705
176706
176727
176728
176734
176735
176743
176752
176783
176788
176790
176792
176800
176811
176814
176847
176854
176855
176877
176880
176892
176906
176913
176915
176925
176932
176933
176940
176946
176955
176962
176968
176976
176977
176982
176987
176991
176992
176996
177025
177026
177034
177051
177061
177065
177072
177078
177084
177088
177089
177097
177099
177100
177113
177126
177130
177131
177132
177145
177174
177175
177181
177186
177188
177189
177203
177208
177209
177218
177228
177230
177231
177242
177249
177251
177265
177273
177279
177280
177281
177292
177299
177304
177308
177317
177320
177328
177329
177335
177349
177351
177353
177355
177368
177370
177387
177397
177404
177408
177412
177417
177422
177426
177429
177444
177446
177460
177461
177470
177478
177484
177488
177489
177493
177502
177519
177522
177553
177556
177563
177571
177573
177581
177583
177597
177598
177603
177616
177617
177626
177631
177632
177647
177649
177652
177656
177660
177665
177673
177679
177717
177722
177732
177733
177748
177753
177754
177760
177761
177766
177776
177777
177779
177780
177782
177793
177798
177800
177811
177821
177823
177833
177838
177850
177859
177882
177883
177884
177890
177893
177895
177911
177916
177917
177921
177922
177940
177941
177953
177956
177963
177987
178006
178007
178008
178023
178024
178037
178059
178063
178064
178067
178071
178073
178086
178087
178091
178103
178111
178123
178136
178149
178151
178167
178168
178171
178175
178176
178182
178185
178219
178229
178241
178244
178259
178261
178267
178275
178280
178293
178297
178309
178323
178337
178341
178358
178368
178373
178390
178393
178396
178397
178398
178399
178407
178410
178418
178425
178441
178442
178463
178466
178467
178475
178478
178488
178499
178504
178521
178523
178528
178531
178532
178534
178538
178550
178552
178553
178555
178564
178571
178575
178577
178595
178604
178610
178620
178621
178633
178640
178642
178644
178661
178664
178674
178691
178700
178702
178717
178721
178736
178743
178754
178780
178782
178783
178793
178795
178807
178813
178819
178833
178837
178838
178843
178844
178853
178862
178866
178867
178879
178889
178891
178893
178894
178895
178904
178906
178907
178915
178916
178939
178951
178956
178983
179029
179035
179036
179041
179058
179061
179063
179065
179084
179093
179101
179119
179126
179140
179144
179146
179152
179187
179192
179196
179199
179205
179224
179245
179246
179249
179252
179258
179260
179261
179263
179272
179274
179275
179285
179293
179315
179320
179328
179330
179339
179340
179350
179361
179367
179376
179380
179384
179411
179413
179419
179424
179435
179436
179445
179453
179466
179472
179479
179491
179514
179521
179525
179527
179528
179545
179548
179555
179558
179577
179586
179588
179596
179610
179613
179655
179666
179685
179686
179700
179706
179716
179742
179747
179752
179776
179804
179808
179831
179834
179837
179842
179852
179854
179871
179876
179883
179886
179896
179925
179929
179935
179942
179952
179955
179966
179973
179979
179994
179996
179997
179999
180001
180019
180021
180023
180029
180050
180054
180076
180106
180121
180127
180128
180131
180132
180140
180153
180154
180158
180160
180177
180178
180186
180202
180204
180218
180234
180236
180238
180243
180254
180274
180282
180290
180297
180313
180318
180320
180326
180351
180376
180381
180388
180389
180397
180398
180402
180403
180412
180419
180428
180429
180444
180471
180474
180479
180494
180500
180504
180522
180524
180526
180541
180545
180559
180560
180565
180581
180589
180591
180598
180603
180612
180644
180648
180663
180673
180676
180700
180702
180704
180707
180723
180727
180729
180731
180755
180768
180774
180782
180786
180787
180808
180809
180824
180831
180833
180837
180842
180860
180865
180882
180905
180908
180912
180916
180918
180923
180924
180933
180939
180955
180958
180959
180962
180975
180986
180989
180999
181001
181003
181006
181010
181022
181029
181042
181044
181052
181059
181065
181085
181088
181090
181105
181114
181122
181129
181130
181137
181140
181146
181160
181162
181163
181175
181201
181202
181212
181220
181226
181229
181235
181247
181248
181253
181259
181261
181264
181279
181284
181303
181308
181314
181320
181326
181339
181340
181348
181349
181352
181370
181373
181376
181388
181400
181415
181428
181430
181431
181443
181444
181464
181472
181476
181481
181488
181494
181499
181502
181506
181522
181526
181527
181531
181546
181555
181559
181563
181575
181584
181593
181602
181610
181612
181615
181618
181644
181645
181647
181666
181669
181682
181685
181695
181699
181701
181704
181709
181717
181737
181738
181741
181743
181748
181750
181757
181758
181759
181774
181788
181793
181798
181804
181820
181829
181842
181849
181866
181870
181899
181904
181910
181911
181914
181922
181945
181949
181964
181965
181968
181990
181999
182000
182003
182009
182015
182020
182021
182022
182027
182043
182058
182060
182073
182115
182118
182131
182151
182156
182161
182164
182171
182172
182173
182185
182187
182192
182212
182220
182236
182237
182246
182256
182262
182265
182300
182309
182323
182329
182330
182349
182355
182380
182382
182383
182394
182396
182406
182409
182416
182438
182452
182456
182473
182479
182493
182509
182531
182535
182552
182559
182563
182567
182573
182575
182578
182592
182596
182605
182616
182620
182621
182625
182632
182636
182637
182643
182661
182666
182676
182682
182691
182695
182703
182713
182726
182756
182779
182783
182789
182804
182806
182810
182815
182835
182853
182862
182864
182874
182877
182889
182899
182900
182937
182966
182978
182979
182987
182999
183001
183002
183007
183016
183017
183020
183022
183025
183033
183050
183056
183060
183069
183070
183073
183078
183080
183086
183087
183100
183115
183131
183133
183134
183145
183147
183149
183155
183156
183164
183190
183191
183192
183194
183202
183208
183212
183223
183229
183233
183249
183256
183277
183306
183314
183324
183330
183339
183354
183366
183399
183407
183412
183415
183447
183466
183475
183487
183490
183492
183493
183504
183510
183517
183521
183529
183537
183544
183552
183558
183559
183566
183575
183582
183592
183594
183603
183606
183612
183618
183631
183637
183639
183641
183646
183649
183657
183659
183662
183689
183700
183703
183723
183724
183727
183741
183769
183775
183776
183792
183807
183818
183819
183823
183841
183844
183849
183857
183859
183870
183882
183893
183898
183922
183931
183932
183941
183944
183946
183959
183963
183976
183983
183991
184011
184020
184025
184042
184044
184050
184052
184060
184081
184082
184088
184090
184096
184117
184131
184132
184139
184157
184162
184201
184212
184213
184227
184245
184260
184262
184274
184278
184281
184284
184286
184287
184293
184301
184313
184317
184334
184342
184343
184344
184348
184350
184353
184361
184364
184368
184373
184378
184406
184410
184423
184430
184432
184434
184450
184482
184490
184528
184579
184591
184592
184597
184602
184606
184626
184627
184633
184648
184650
184677
184695
184696
184713
184721
184729
184730
184734
184738
184743
184744
184751
184793
184801
184802
184806
184809
184812
184824
184843
184853
184858
184876
184883
184887
184891
184900
184902
184924
184928
184932
184942
184945
184948
184950
184954
184959
184966
184976
184979
184989
184994
185023
185033
185038
185058
185061
185068
185086
185088
185089
185095
185113
185126
185139
185145
185152
185180
185188
185190
185192
185197
185225
185231
185250
185255
185262
185265
185279
185291
185309
185312
185318
185321
185327
185350
185358
185362
185369
185376
185380
185382
185386
185392
185393
185396
185398
185406
185430
185440
185451
185461
185464
185477
185482
185485
185493
185501
185504
185518
185523
185536
185542
185557
185570
185578
185582
185584
185586
185592
185606
185608
185613
185616
185617
185622
185640
185671
185677
185681
185685
185697
185709
185714
185739
185740
185745
185763
185766
185792
185815
185824
185861
185911
185940
185962
185982
185990
186000
186002
186012
186025
186032
186039
186047
186052
186053
186068
186114
186120
186121
186127
186128
186138
186139
186140
186157
186167
186173
186186
186199
186204
186206
186210
186219
186221
186239
186240
186258
186260
186285
186301
186326
186330
186336
186338
186352
186355
186365
186373
186378
186379
186385
186389
186392
186398
186399
186410
186420
186442
186447
186464
186468
186472
186475
186487
186499
186510
186525
186540
186547
186556
186557
186591
186611
186613
186634
186639
186644
186653
186655
186656
186669
186670
186674
186691
186703
186720
186721
186730
186734
186757
186758
186763
186769
186779
186787
186788
186804
186823
186830
186834
186843
186846
186872
186897
186906
186910
186912
186919
186920
186926
186941
186945
186946
186947
186964
186976
186996
187000
187003
187006
187015
187029
187032
187042
187051
187065
187067
187071
187083
187090
187096
187101
187108
187112
187117
187118
187120
187123
187162
187163
187164
187168
187196
187211
187215
187216
187219
187225
187229
187241
187251
187258
187260
187268
187269
187285
187288
187301
187306
187308
187309
187310
187333
187350
187353
187363
187368
187376
187392
187403
187404
187407
187414
187420
187423
187430
187434
187449
187467
187480
187487
187490
187496
187525
187542
187543
187557
187559
187564
187583
187607
187614
187616
187630
187631
187652
187660
187676
187684
187695
187697
187703
187710
187725
187738
187746
187768
187772
187780
187787
187795
187807
187808
187813
187815
187816
187817
187823
187837
187863
187865
187878
187879
187884
187885
187909
187915
187923
187931
187933
187952
187970
187972
187973
187977
187980
187982
187983
187988
187990
188011
188017
188022
188032
188046
188047
188050
188051
188056
188070
188071
188073
188079
188088
188090
188093
188103
188104
188109
188115
188116
188120
188128
188133
188137
188152
188161
188169
188172
188180
188187
188193
188203
188208
188222
188228
188233
188247
188254
188256
188288
188293
188307
188308
188310
188331
188333
188335
188351
188352
188358
188359
188372
188373
188377
188382
188384
188402
188425
188430
188435
188446
188450
188460
188465
188469
188475
188486
188500
188510
188527
188540
188544
188557
188561
188563
188569
188592
188613
188625
188626
188647
188648
188665
188667
188670
188678
188682
188683
188697
188713
188714
188735
188748
188750
188754
188764
188774
188775
188780
188781
188786
188796
188800
188806
188807
188835
188844
188845
188848
188857
188865
188870
188874
188904
188912
188928
188931
188942
188949
188967
188982
188988
188991
188995
189008
189017
189056
189068
189069
189072
189080
189084
189086
189099
189104
189105
189108
189117
189130
189132
189164
189173
189200
189211
189213
189220
189223
189236
189246
189261
189277
189280
189285
189292
189299
189312
189313
189321
189346
189347
189351
189362
189386
189387
189391
189392
189400
189402
189412
189420
189422
189423
189424
189429
189432
189438
189439
189469
189476
189485
189487
189496
189530
189535
189540
189551
189557
189580
189586
189592
189598
189601
189605
189613
189630
189638
189644
189646
189669
189670
189674
189685
189689
189696
189699
189707
189715
189726
189743
189766
189775
189800
189807
189811
189813
189816
189820
189825
189848
189852
189856
189867
189870
189879
189891
189893
189915
189924
189930
189942
189967
189976
189984
189986
190000
190012
190015
190019
190023
190025
190033
190051
190053
190064
190068
190085
190101
190130
190135
190153
190155
190173
190182
190183
190191
190194
190196
190204
190215
190224
190225
190238
190240
190250
190253
190259
190260
190286
190314
190325
190326
190339
190366
190367
190378
190394
190404
190411
190429
190431
190435
190436
190442
190446
190447
190452
190454
190459
190469
190486
190496
190526
190537
190542
190565
190573
190590
190602
190608
190609
190614
190632
190637
190638
190653
190656
190678
190694
190700
190721
190724
190730
190739
190743
190777
190795
190806
190820
190834
190857
190875
190877
190896
190900
190906
190910
190916
190924
190940
190953
190957
190968
190969
190970
190989
190992
191008
191080
191087
191094
191100
191107
191125
191137
191138
191159
191183
191193
191194
191196
191204
191205
191216
191217
191225
191226
191228
191229
191230
191241
191254
191257
191276
191278
191279
191280
191297
191305
191313
191331
191342
191348
191359
191362
191372
191376
191394
191404
191414
191429
191437
191440
191441
191466
191514
191516
191518
191521
191535
191541
191553
191567
191578
191579
191585
191588
191607
191624
191626
191651
191652
191663
191667
191675
191690
191693
191703
191712
191726
191740
191744
191750
191751
191775
191782
191790
191795
191797
191812
191818
191833
191835
191843
191848
191849
191865
191870
191878
191885
191900
191902
191904
191911
191917
191934
191937
191953
191968
191974
191991
191994
192008
192015
192023
192026
192028
192081
192087
192091
192097
192105
192109
192139
192143
192153
192206
192210
192220
192233
192245
192254
192262
192270
192271
192286
192288
192311
192314
192317
192323
192324
192325
192327
192333
192336
192347
192365
192367
192378
192385
192393
192397
192398
192426
192452
192453
192481
192482
192506
192514
192515
192516
192545
192548
192549
192560
192564
192568
192573
192596
192638
192656
192679
192687
192703
192704
192709
192734
192748
192754
192759
192765
192781
192784
192787
192788
192797
192803
192809
192811
192848
192850
192857
192866
192887
192899
192900
192913
192921
192924
192936
192939
192945
192955
192959
192960
192993
192996
192999
193029
193037
193064
193077
193085
193096
193107
193112
193133
193202
193216
193222
193229
193258
193260
193262
193288
193296
193302
193312
193324
193331
193346
193347
193348
193357
193362
193380
193393
193400
193411
193420
193421
193448
193459
193495
193496
193499
193505
193518
193544
193553
193560
193563
193565
193575
193583
193591
193605
193609
193611
193625
193640
193642
193648
193657
193667
193672
193676
193692
193706
193716
193722
193731
193749
193762
193767
193778
193780
193785
193801
193826
193855
193863
193869
193870
193890
193904
193924
193930
193940
193949
193964
193982
194006
194044
194048
194058
194060
194066
194080
194085
194100
194104
194112
194121
194122
194129
194143
194146
194173
194174
194175
194196
194200
194204
194217
194224
194226
194230
194249
194253
194260
194276
194279
194287
194307
194324
194330
194335
194369
194383
194386
194424
194434
194449
194454
194456
194504
194507
194513
194517
194536
194549
194563
194581
194597
194599
194612
194628
194631
194636
194658
194695
194729
194736
194743
194756
194761
194771
194773
194783
194791
194827
194832
194838
194848
194856
194858
194880
194896
194932
194944
194952
194953
194963
194982
194999
195021
195034
195035
195062
195063
195122
195157
195172
195180
195190
195191
195210
195238
195250
195272
195296
195297
195304
195307
195322
195333
195340
195341
195347
195350
195395
195396
195397
195406
195407
195425
195434
195454
195466
195481
195513
195527
195532
195545
195551
195554
195561
195567
195568
195589
195591
195594
195615
195629
195635
195694
195709
195712
195721
195724
195730
195735
195743
195753
195769
195782
195796
195847
195861
195866
195877
195885
195886
195902
195908
195916
195925
195934
195937
195942
195976
195978
195988
196023
196027
196040
196069
196070
196076
196080
196100
196111
196114
196151
196158
196165
196200
196201
196202
196237
196248
196249
196255
196260
196269
196282
196286
196292
196300
196306
196340
196342
196349
196364
196369
196370
196371
196414
196416
196427
196441
196442
196472
196504
196506
196517
196542
196549
196553
196561
196564
196585
196588
196599
196614
196617
196639
196642
196645
196666
196669
196693
196697
196702
196716
196718
196745
196751
196754
196767
196779
196780
196799
196800
196815
196822
196829
196872
196890
196921
196922
196932
196934
196943
196944
196951
196961
196962
196977
196981
197012
197018
197041
197066
197069
197080
197102
197103
197106
197107
197153
197168
197204
197210
197228
197242
197278
197286
197288
197291
197331
197363
197379
197380
197385
197389
197390
197396
197437
197465
197466
197486
197487
197517
197536
197538
197554
197564
197576
197590
197593
197611
197627
197634
197676
197690
197706
197714
197719
197739
197745
197767
197771
197780
197806
197808
197811
197827
197843
197857
197858
197865
197880
197907
197928
197930
197935
197952
197993
197994
197998
198002
198003
198025
198026
198037
198040
198046
198052
198059
198096
198135
198137
198143
198159
198178
198187
198188
198206
198215
198222
198224
198233
198238
198241
198252
198262
198286
198297
198309
198321
198338
198342
198364
198365
198371
198372
198380
198383
198408
198412
198430
198436
198438
198459
198461
198470
198481
198484
198504
198506
198552
198568
198604
198674
198675
198676
198701
198726
198742
198752
198780
198820
198826
198839
198842
198853
198863
198877
198880
198883
198885
198889
198899
198946
198950
198969
198980
198992
198999
199012
199025
199030
199042
199065
199067
199102
199120
199125
199130
199187
199189
199199
199202
199211
199214
199228
199231
199249
199252
199258
199283
199324
199348
199350
199385
199388
199392
199404
199408
199430
199463
199488
199489
199490
199491
199517
199545
199555
199559
199562
199564
199565
199576
199584
199587
199590
199592
199596
199644
199647
199657
199662
199667
199712
199727
199732
199733
199745
199778
199783
199784
199791
199798
199806
199823
199824
199841
199872
199874
199882
199901
199910
199926
199942
199943
199944
199959
199963
199968
199982
199999
200011
200014
200042
200087
200095
200104
200106
200116
200121
200147
200148
200178
200183
200187
200189
200191
200205
200217
200230
200231
200239
200241
200243
200260
200265
200281
200304
200305
200310
200320
200366
200377
200384
200385
200400
200421
200449
200450
200454
200480
200494
200507
200516
200524
200558
200572
200584
200590
200619
200622
200637
200647
200689
200694
200695
200709
200711
200717
200742
200789
200791
200797
200826
200850
200863
200864
200873
200875
200889
200894
200905
200924
200925
200949
200970
201001
201011
201031
201036
201039
201067
201092
201095
201101
201103
201110
201114
201135
201138
201143
201147
201148
201154
201159
201166
201167
201168
201173
201175
201179
201184
201194
201223
201233
201237
201240
201252
201281
201304
201312
201364
201375
201377
201386
201395
201400
201424
201430
201453
201458
201461
201465
201475
201476
201485
201487
201489
201502
201503
201505
201509
201513
201520
201528
201538
201573
201597
201603
201609
201610
201640
201653
201664
201666
201686
201694
201698
201699
201760
201761
201784
201787
201788
201797
201818
201822
201823
201837
201854
201876
201878
201912
201913
201915
201924
201926
201943
201956
201958
201962
201964
201975
202006
202009
202011
202020
202028
202050
202051
202072
202091
202142
202150
202160
202164
202189
202196
202200
202201
202202
202226
202229
202245
202253
202280
202295
202304
202305
202308
202335
202344
202348
202354
202357
202368
202378
202384
202390
202395
202397
202403
202414
202418
202442
202444
202449
202471
202475
202495
202497
202512
202523
202533
202543
202547
202558
202570
202581
202585
202589
202652
202698
202737
202752
202757
202771
202777
202782
202785
202795
202801
202839
202850
202897
202899
202906
202911
202955
202963
202976
202978
202986
203017
203023
203050
203058
203061
203089
203093
203102
203122
203141
203142
203166
203167
203176
203204
203205
203216
203252
203272
203286
203298
203303
203304
203305
203331
203337
203361
203404
203436
203443
203448
203450
203465
203536
203542
203546
203555
203594
203596
203612
203642
203648
203651
203657
203667
203673
203684
203689
203692
203699
203700
203709
203730
203745
203751
203778
203788
203794
203810
203811
203819
203872
203913
203916
203924
203939
203960
203965
203966
203968
203975
203978
203988
204005
204010
204019
204025
204035
204045
204047
204070
204089
204125
204137
204138
204145
204149
204155
204169
204198
204202
204205
204217
204219
204223
204228
204258
204292
204301
204307
204338
204341
204381
204394
204395
204399
204428
204474
204494
204513
204524
204525
204533
204534
204589
204607
204617
204653
204659
204665
204668
204676
204686
204698
204715
204758
204798
204801
204808
204811
204854
204872
204875
204880
204884
204887
204904
204910
204928
204935
204973
204988
204993
205011
205030
205033
205039
205051
205057
205071
205080
205089
205096
205097
205108
205109
205122
205135
205137
205138
205147
205155
205156
205166
205173
205188
205213
205228
205229
205247
205259
205268
205270
205279
205288
205291
205295
205303
205307
205315
205351
205365
205379
205380
205385
205386
205389
205397
205413
205429
205432
205436
205509
205525
205545
205562
205570
205577
205578
205579
205599
205616
205624
205625
205660
205683
205694
205698
205718
205730
205740
205774
205821
205822
205824
205838
205843
205859
205883
205899
205902
205907
205929
205936
205937
205972
205977
205985
205989
205993
206031
206039
206043
206065
206069
206070
206077
206095
206111
206112
206123
206129
206141
206148
206150
206158
206230
206233
206243
206253
206261
206264
206265
206271
206275
206291
206305
206311
206315
206328
206331
206346
206361
206366
206381
206401
206422
206424
206442
206446
206463
206471
206484
206485
206486
206520
206527
206532
206534
206536
206542
206548
206566
206579
206586
206602
206614
206620
206629
206655
206656
206663
206690
206691
206694
206708
206709
206766
206772
206786
206802
206811
206816
206840
206848
206855
206859
206880
206882
206933
206939
206952
206993
207029
207031
207050
207060
207074
207083
207100
207103
207119
207125
207130
207140
207141
207144
207176
207177
207180
207262
207265
207286
207354
207357
207367
207398
207404
207408
207414
207454
207461
207462
207497
207506
207536
207542
207543
207550
207565
207567
207573
207576
207585
207597
207600
207602
207634
207656
207675
207683
207689
207706
207716
207756
207809
207869
207902
207903
207917
207940
207941
207997
208047
208048
208071
208080
208097
208104
208106
208142
208162
208171
208196
208207
208223
208228
208232
208260
208266
208273
208288
208312
208327
208331
208339
208364
208390
208404
208440
208450
208458
208481
208489
208491
208497
208498
208517
208519
208527
208553
208588
208601
208614
208632
208633
208649
208686
208688
208692
208698
208705
208751
208763
208799
208804
208805
208811
208843
208852
208854
208861
208871
208873
208878
208879
208925
208926
208941
208942
208967
208976
208977
208982
208985
208989
208994
209000
209011
209033
209071
209101
209105
209130
209178
209179
209181
209188
209191
209198
209207
209213
209218
209228
209256
209260
209269
209272
209276
209284
209312
209348
209370
209374
209398
209403
209437
209439
209452
209464
209490
209528
209534
209559
209594
209603
209611
209629
209639
209643
209682
209702
209723
209728
209753
209754
209769
209771
209773
209813
209818
209827
209852
209871
209887
209888
209912
209920
209935
209949
209951
209954
209981
209988
210000
210004
210007
210020
210033
210073
210075
210083
210086
210100
210111
210112
210119
210123
210126
210134
210159
210160
210172
210177
210219
210230
210238
210249
210306
210307
210351
210358
210367
210384
210385
210401
210505
210522
210537
210540
210554
210577
210638
210645
210646
210657
210659
210687
210690
210696
210708
210772
210801
210810
210811
210827
210988
211001
211021
211028
211049
211050
211052
211079
211080
211090
211095
211109
211119
211162
211166
211168
211173
211174
211178
211211
211216
211222
211231
211236
211268
211271
211291
211314
211334
211342
211362
211378
211379
211388
211389
211398
211400
211405
211440
211461
211489
211500
211515
211530
211534
211536
211541
211548
211591
211599
211611
211612
211614
211632
211645
211683
211695
211698
211701
211781
211788
211821
211829
211853
211882
211901
211949
211952
211976
211978
211986
211987
211988
212003
212022
212038
212062
212073
212077
212079
212081
212144
212150
212151
212161
212192
212193
212205
212211
212212
212225
212240
212252
212253
212263
212266
212269
212273
212297
212336
212345
212346
212386
212393
212410
212415
212425
212430
212434
212452
212481
212518
212529
212563
212587
212596
212598
212600
212666
212677
212683
212700
212720
212743
212753
212757
212759
212788
212796
212815
212835
212843
212918
212920
212924
212946
212952
212964
212974
212993
213002
213033
213044
213051
213054
213059
213081
213089
213098
213129
213150
213188
213191
213207
213212
213222
213234
213241
213274
213275
213309
213325
213331
213338
213351
213358
213382
213386
213388
213399
213402
213415
213418
213423
213441
213465
213466
213490
213495
213496
213512
213556
213566
213596
213606
213624
213635
213640
213642
213643
213647
213661
213675
213677
213681
213695
213713
213742
213749
213773
213785
213819
213872
213876
213889
213901
213902
213903
213914
213924
213934
213935
213952
213972
213977
213990
213991
214002
214029
214057
214064
214080
214083
214085
214094
214109
214132
214150
214229
214241
214255
214270
214302
214326
214328
214365
214366
214372
214386
214431
214432
214474
214483
214485
214497
214508
214533
214544
214550
214598
214608
214616
214628
214721
214744
214756
214781
214790
214799
214818
214825
214867
214876
214879
214881
214887
214901
214912
214913
214917
214926
214945
214955
214966
214994
215041
215078
215123
215140
215145
215153
215161
215181
215209
215221
215222
215247
215260
215263
215278
215285
215297
215317
215332
215335
215342
215359
215377
215379
215386
215393
215399
215405
215413
215433
215437
215476
215481
215485
215495
215505
215510
215512
215523
215524
215580
215581
215599
215601
215631
215650
215655
215661
215665
215682
215683
215687
215696
215735
215769
215782
215820
215855
215877
215898
215909
215912
215919
215963
216007
216008
216030
216059
216073
216079
216109
216129
216143
216144
216150
216151
216153
216164
216166
216189
216198
216214
216220
216234
216266
216276
216287
216307
216313
216330
216340
216350
216355
216382
216385
216387
216403
216405
216422
216427
216434
216462
216476
216480
216487
216488
216500
216531
216536
216542
216559
216571
216579
216581
216590
216592
216623
216627
216628
216634
216638
216660
216664
216669
216683
216695
216706
216717
216723
216743
216745
216780
216785
216786
216791
216798
216803
216805
216829
216844
216860
216877
216890
216892
216893
216896
216927
216931
216933
216979
216990
217037
217049
217051
217054
217066
217076
217090
217105
217112
217115
217134
217157
217158
217190
217207
217219
217222
217230
217238
217252
217257
217271
217275
217282
217312
217331
217341
217345
217346
217385
217404
217407
217415
217429
217436
217502
217519
217531
217541
217559
217563
217584
217591
217614
217619
217659
217661
217671
217681
217696
217718
217720
217730
217741
217751
217755
217790
217823
217824
217839
217861
217866
217879
217915
217941
217945
218010
218017
218022
218039
218048
218052
218072
218095
218106
218107
218111
218112
218116
218151
218153
218172
218189
218210
218215
218218
218236
218239
218240
218281
218290
218295
218306
218318
218319
218385
218404
218423
218430
218431
218461
218469
218509
218514
218522
218523
218541
218542
218556
218588
218633
218644
218648
218673
218674
218685
218723
218758
218777
218781
218784
218800
218801
218803
218845
218849
218856
218860
218863
218881
218893
218906
218912
218940
218943
218955
218969
218982
219032
219055
219084
219085
219098
219099
219106
219144
219176
219190
219214
219216
219224
219248
219269
219296
219319
219345
219352
219356
219371
219373
219397
219398
219406
219410
219418
219430
219434
219485
219508
219528
219537
219553
219554
219557
219597
219612
219654
219687
219707
219725
219738
219741
219786
219813
219820
219859
219865
219870
219874
219884
219907
219914
219926
219947
219964
220014
220015
220027
220042
220048
220057
220072
220087
220102
220107
220108
220141
220147
220181
220186
220219
220240
220242
220250
220264
220265
220296
220303
220321
220326
220330
220405
220421
220450
220456
220457
220474
220482
220491
220492
220497
220509
220526
220548
220628
220634
220644
220645
220647
220648
220650
220677
220730
220751
220766
220788
220799
220807
220816
220834
220838
220843
220849
220850
220918
220921
220931
220956
220960
220961
220974
220981
221000
221009
221049
221059
221065
221067
221092
221111
221114
221115
221149
221162
221176
221182
221210
221211
221229
221233
221239
221265
221271
221273
221274
221280
221306
221317
221331
221376
221400
221446
221466
221475
221500
221501
221504
221507
221523
221529
221544
221555
221567
221590
221632
221646
221653
221671
221715
221719
221742
221782
221799
221808
221814
221817
221824
221843
221860
221898
221911
221952
221983
221984
221993
222004
222017
222018
222021
222025
222042
222051
222083
222108
222214
222235
222260
222265
222266
222307
222311
222315
222327
222328
222329
222337
222360
222406
222412
222429
222436
222442
222446
222465
222489
222490
222527
222533
222534
222539
222541
222542
222570
222616
222625
222636
222640
222654
222659
222662
222693
222708
222709
222716
222731
222733
222750
222794
222814
222839
222857
222863
222898
222912
222934
222937
222957
222999
223006
223025
223043
223082
223087
223093
223122
223170
223219
223225
223253
223265
223275
223325
223329
223344
223373
223383
223424
223432
223482
223486
223491
223496
223497
223501
223504
223506
223513
223521
223528
223551
223554
223588
223599
223600
223606
223617
223624
223635
223642
223664
223666
223672
223677
223711
223715
223731
223757
223758
223784
223787
223799
223804
223821
223824
223876
223904
223916
223961
223971
223978
223980
223990
224012
224016
224034
224065
224070
224071
224072
224081
224083
224092
224101
224113
224169
224184
224191
224199
224243
224265
224279
224303
224308
224354
224369
224374
224388
224396
224397
224420
224442
224449
224456
224482
224498
224503
224522
224535
224553
224576
224590
224597
224604
224623
224626
224633
224647
224648
224649
224673
224698
224716
224717
224766
224796
224825
224826
224833
224834
224848
224857
224901
224940
224986
224987
224994
224997
225024
225039
225077
225091
225095
225106
225132
225144
225217
225255
225285
225287
225291
225302
225325
225332
225347
225352
225356
225408
225446
225458
225464
225478
225487
225490
225495
225496
225500
225505
225510
225547
225549
225588
225590
225613
225617
225656
225666
225693
225694
225714
225731
225738
225775
225793
225794
225796
225797
225802
225824
225832
225833
225843
225853
225857
225900
225902
225944
225948
225972
225977
226043
226060
226088
226109
226112
226158
226168
226171
226174
226196
226206
226215
226250
226255
226297
226306
226310
226328
226343
226366
226369
226372
226386
226395
226403
226404
226423
226424
226425
226532
226545
226568
226576
226579
226601
226627
226638
226672
226684
226699
226706
226719
226726
226743
226744
226752
226760
226761
226771
226779
226786
226792
226794
226796
226815
226831
226832
226878
226949
226954
226956
226966
226970
226972
227015
227025
227026
227079
227083
227087
227106
227115
227128
227142
227143
227201
227209
227222
227249
227308
227324
227333
227343
227350
227461
227475
227479
227484
227505
227513
227525
227526
227532
227546
227564
227589
227628
227629
227643
227655
227657
227698
227721
227743
227775
227776
227781
227794
227814
227840
227855
227888
227915
227916
227929
227944
227957
227979
227981
227997
228001
228051
228088
228109
228116
228127
228131
228143
228159
228166
228171
228176
228203
228208
228216
228252
228257
228269
228277
228281
228299
228326
228333
228343
228351
228354
228363
228368
228472
228511
228512
228521
228526
228534
228538
228557
228572
228597
228601
228612
228617
228633
228637
228642
228657
228676
228701
228704
228715
228741
228744
228747
228753
228781
228786
228906
228917
228919
228931
228979
228993
229000
229022
229061
229082
229102
229108
229117
229165
229169
229215
229216
229223
229225
229229
229248
229259
229268
229272
229288
229316
229321
229336
229337
229347
229400
229413
229512
229528
229538
229551
229553
229556
229561
229565
229575
229584
229605
229612
229617
229628
229660
229704
229745
229749
229753
229769
229774
229775
229793
229806
229826
229831
229844
229845
229881
229888
229939
229941
229943
229944
229979
230006
230007
230020
230078
230088
230105
230123
230127
230143
230149
230159
230166
230172
230177
230179
230196
230207
230219
230281
230290
230291
230331
230353
230362
230417
230420
230432
230438
230461
230471
230487
230499
230501
230531
230595
230610
230612
230638
230641
230663
230686
230708
230710
230722
230750
230756
230784
230787
230790
230794
230843
230872
230901
230904
230908
230912
230947
230952
230967
230972
230979
231008
231031
231058
231064
231072
231088
231090
231093
231109
231151
231158
231162
231164
231178
231182
231193
231221
231226
231228
231246
231252
231277
231282
231293
231302
231323
231329
231347
231355
231356
231361
231385
231407
231416
231442
231448
231457
231459
231461
231469
231482
231497
231513
231564
231581
231622
231643
231652
231660
231673
231675
231695
231719
231731
231753
231807
231830
231833
231861
231866
231876
231952
231956
231980
231982
232004
232016
232021
232045
232054
232055
232076
232078
232085
232107
232154
232157
232170
232238
232254
232258
232289
232344
232346
232347
232382
232409
232431
232519
232522
232536
232569
232584
232587
232626
232647
232650
232711
232764
232827
232831
232842
232846
232857
232860
232865
232866
232867
232883
232892
232900
232925
232952
232982
233019
233021
233045
233048
233049
233070
233074
233101
233123
233127
233165
233166
233173
233179
233226
233233
233234
233262
233270
233286
233291
233310
233326
233365
233384
233399
233416
233431
233433
233443
233450
233471
233474
233511
233517
233522
233531
233540
233564
233587
233623
233629
233665
233683
233684
233694
233700
233737
233738
233743
233765
233778
233818
233832
233876
233899
233904
233910
233921
233930
233933
233934
233939
233942
233962
233963
233986
234012
234065
234114
234116
234121
234149
234169
234175
234247
234261
234267
234268
234275
234284
234285
234292
234293
234329
234355
234370
234382
234390
234450
234456
234458
234459
234507
234526
234570
234588
234608
234614
234619
234636
234646
234660
234668
234684
234716
234744
234746
234787
234800
234810
234862
234871
234900
234936
234956
234960
235008
235133
235137
235154
235156
235162
235181
235190
235205
235213
235274
235278
235300
235336
235339
235341
235369
235425
235434
235476
235484
235492
235503
235507
235542
235547
235548
235568
235595
235611
235620
235633
235690
235714
235728
235730
235734
235739
235798
235801
235819
235820
235830
235879
235884
235911
235919
235966
235972
235977
235983
236017
236047
236050
236071
236084
236116
236126
236134
236138
236146
236161
236192
236197
236216
236218
236235
236243
236246
236263
236301
236307
236315
236362
236363
236370
236372
236397
236450
236463
236478
236497
236529
236552
236609
236678
236683
236718
236719
236723
236737
236757
236763
236773
236791
236800
236802
236816
236881
236927
236964
236971
236974
236979
237001
237037
237040
237073
237084
237099
237125
237138
237149
237165
237175
237188
237200
237202
237230
237231
237232
237233
237249
237270
237336
237344
237385
237386
237412
237427
237447
237476
237554
237568
237597
237613
237614
237626
237635
237636
237666
237671
237684
237694
237707
237729
237731
237779
237783
237797
237805
237843
237854
237872
237895
237916
237917
237938
238037
238044
238053
238060
238066
238090
238119
238159
238180
238215
238251
238257
238298
238310
238341
238405
238423
238428
238439
238448
238449
238469
238473
238477
238478
238518
238529
238553
238561
238585
238616
238617
238630
238656
238680
238687
238691
238692
238739
238740
238771
238785
238792
238794
238813
238816
238830
238840
238853
238862
238903
238909
238940
238941
238942
238960
238972
238976
238977
238988
239093
239158
239262
239292
239327
239363
239381
239390
239393
239429
239443
239534
239546
239593
239623
239624
239632
239671
239684
239724
239749
239752
239755
239796
239813
239815
239822
239843
239872
239878
239881
239882
239942
239974
239989
240005
240024
240042
240052
240055
240061
240094
240107
240151
240162
240187
240196
240217
240218
240219
240251
240262
240263
240285
240298
240305
240313
240333
240343
240347
240360
240367
240406
240413
240446
240470
240475
240480
240494
240507
240526
240528
240539
240553
240557
240576
240602
240607
240619
240627
240647
240656
240675
240677
240705
240713
240729
240739
240786
240790
240801
240802
240804
240806
240809
240815
240828
240849
240875
240906
240914
240929
240943
240947
240956
240976
240990
240995
241001
241005
241010
241037
241056
241066
241100
241110
241114
241120
241154
241160
241168
241182
241186
241213
241250
241271
241320
241377
241382
241422
241431
241433
241488
241489
241504
241505
241506
241521
241576
241581
241586
241588
241591
241625
241628
241651
241694
241695
241707
241715
241726
241728
241743
241751
241756
241821
241823
241830
241834
241880
241919
241923
241936
241943
241990
241993
242023
242025
242028
242043
242044
242061
242074
242077
242087
242115
242116
242126
242144
242145
242146
242161
242172
242173
242185
242191
242212
242268
242269
242312
242322
242332
242333
242346
242366
242373
242374
242401
242406
242432
242518
242555
242563
242565
242579
242596
242667
242675
242696
242710
242723
242737
242738
242761
242786
242789
242827
242853
242861
242902
242956
242995
242997
243036
243050
243068
243097
243116
243158
243203
243219
243247
243248
243251
243254
243258
243261
243293
243298
243299
243308
243319
243320
243325
243329
243343
243344
243355
243367
243394
243400
243403
243410
243413
243417
243419
243450
243470
243471
243475
243484
243497
243548
243595
243629
243640
243667
243727
243776
243792
243798
243805
243822
243851
243866
243893
243913
243925
243935
243941
243945
243949
243970
243976
243993
244014
244022
244024
244032
244080
244085
244090
244097
244101
244107
244146
244147
244148
244156
244158
244163
244167
244184
244204
244260
244278
244279
244315
244348
244352
244362
244410
244426
244431
244480
244481
244495
244546
244594
244600
244615
244625
244643
244647
244655
244680
244688
244746
244760
244769
244776
244845
244860
244888
244911
244920
244927
244928
244944
244957
244969
244980
244982
244983
244987
245010
245023
245037
245055
245064
245128
245187
245199
245205
245214
245221
245229
245233
245294
245305
245320
245325
245335
245376
245377
245378
245394
245407
245444
245449
245455
245458
245483
245495
245505
245513
245547
245559
245579
245580
245586
245587
245610
245626
245684
245686
245720
245721
245733
245780
245796
245797
245829
245866
245875
245928
245957
245959
245982
245991
245995
246009
246011
246014
246024
246032
246065
246067
246081
246098
246131
246153
246218
246243
246247
246262
246276
246283
246305
246322
246336
246349
246389
246392
246405
246479
246498
246531
246541
246542
246546
246561
246610
246622
246624
246671
246686
246696
246704
246713
246714
246719
246721
246746
246753
246755
246759
246781
246782
246818
246821
246834
246846
246859
246873
246880
246883
246923
246945
246963
246989
246995
247033
247036
247047
247067
247078
247081
247087
247111
247117
247152
247191
247192
248044
248045
248046
248053
248054
248056
248057
248058
248059
248068
248069
248070
248071
248076
