0
1
2
3
4
5
6
7
8
9
10
11
12
13
14
15
16
17
18
19
20
21
22
23
24
25
26
27
28
29
30
31
32
33
34
35
36
37
38
39
40
41
42
43
44
45
46
47
48
49
50
51
52
53
54
55
56
57
58
59
60
61
62
63
64
65
66
67
68
69
70
71
72
73
74
75
76
77
78
79
80
81
82
83
84
85
86
87
88
89
90
91
92
93
94
95
96
97
98
99
100
101
102
103
104
105
106
107
108
109
110
111
112
113
114
115
116
117
118
119
120
121
122
123
127
128
129
130
131
132
133
134
135
136
137
138
139
141
144
145
146
147
150
152
156
157
158
161
165
166
171
172
197
198
220
222
223
224
225
226
227
228
229
230
231
232
233
234
235
236
237
238
239
240
241
242
243
244
245
246
247
248
249
250
251
252
253
254
255
256
257
258
259
260
261
262
263
264
265
266
267
268
269
270
271
272
273
274
275
276
277
278
279
280
281
282
283
284
285
286
287
288
289
290
291
292
293
294
295
296
298
299
300
301
302
303
304
305
306
307
308
309
310
311
312
313
314
315
316
318
319
320
321
322
323
324
325
326
327
328
329
330
331
332
333
334
335
336
337
338
339
340
341
342
343
344
345
346
347
348
349
350
351
352
353
354
355
356
357
358
359
360
361
362
363
364
365
366
367
368
369
370
371
372
374
375
376
377
378
379
380
381
382
383
384
385
386
387
388
389
390
391
392
393
394
395
396
397
398
399
400
401
402
403
404
405
406
407
408
409
410
411
412
413
414
415
416
417
418
419
420
421
423
424
425
426
427
428
429
430
431
432
433
434
435
436
437
438
439
440
441
442
443
444
445
446
447
448
449
450
451
452
453
455
456
457
458
459
460
461
462
463
464
465
466
467
468
469
470
471
472
473
474
475
476
477
478
479
480
481
482
483
484
485
486
487
488
489
490
491
492
493
494
495
496
497
498
499
500
501
502
503
504
505
506
507
508
509
510
511
512
513
514
516
517
518
519
520
521
522
523
524
525
526
527
528
529
530
531
532
533
534
535
536
537
538
539
540
541
542
543
544
545
546
547
548
549
550
551
552
553
554
555
557
558
559
560
561
562
563
564
565
566
567
568
569
570
571
572
573
574
575
576
577
578
579
580
581
582
583
585
586
587
588
589
590
591
592
593
594
595
596
597
598
599
600
601
602
603
604
605
606
607
608
609
610
611
612
613
614
615
616
617
618
619
620
622
623
624
625
626
627
628
629
630
631
632
633
634
635
636
637
638
639
640
641
642
643
644
645
646
647
648
649
650
651
652
653
654
655
656
657
658
659
660
661
662
663
664
665
666
667
668
669
670
671
672
673
674
675
676
677
678
680
681
682
683
684
685
686
687
688
689
690
691
692
693
694
695
696
697
698
699
700
701
702
703
704
706
707
708
709
710
711
712
713
714
715
716
717
718
719
721
722
723
724
726
727
728
729
730
731
732
733
734
735
736
737
738
739
740
741
742
743
744
745
746
747
748
749
750
751
752
753
754
755
756
757
758
759
760
761
762
763
764
765
766
767
768
769
770
771
772
773
774
776
777
778
779
780
781
782
783
784
785
786
787
788
789
790
791
792
793
795
796
797
798
799
800
801
802
803
804
805
806
807
808
809
810
811
812
813
814
815
816
817
818
819
821
822
823
824
825
826
829
830
831
832
833
834
835
836
837
838
839
840
841
842
843
844
846
847
848
849
850
851
852
853
854
855
856
857
858
859
860
861
862
863
864
866
867
868
869
870
871
872
873
874
875
876
877
878
879
880
881
882
883
884
885
886
887
888
889
890
891
892
893
894
895
896
897
898
899
900
901
902
903
904
905
906
907
908
909
910
911
912
913
914
915
916
917
918
919
920
921
922
923
924
925
926
927
928
929
930
931
932
933
934
935
936
937
938
939
940
941
942
943
944
945
946
947
948
949
950
951
952
953
954
955
956
957
958
959
960
961
962
963
964
965
966
967
968
969
970
971
972
973
974
975
977
978
979
980
981
982
983
984
985
986
987
988
989
991
992
993
994
995
996
997
998
999
1000
1001
1002
1003
1004
1005
1006
1007
1008
1009
1010
1011
1012
1014
1015
1016
1017
1018
1019
1020
1021
1022
1023
1024
1025
1026
1027
1028
1029
1030
1033
1034
1035
1036
1037
1038
1039
1040
1041
1042
1043
1044
1045
1046
1047
1048
1049
1050
1051
1052
1053
1054
1055
1056
1057
1058
1059
1060
1061
1062
1063
1064
1065
1066
1067
1068
1069
1070
1071
1072
1073
1074
1075
1076
1077
1078
1079
1080
1081
1082
1083
1084
1085
1086
1087
1088
1089
1090
1091
1092
1093
1094
1095
1096
1097
1098
1099
1100
1101
1102
1103
1104
1105
1106
1109
1110
1111
1112
1113
1114
1115
1116
1117
1118
1119
1120
1121
1122
1123
1124
1125
1126
1128
1129
1130
1131
1132
1133
1134
1135
1136
1137
1138
1139
1140
1141
1142
1143
1144
1145
1146
1147
1148
1149
1150
1151
1152
1153
1154
1155
1156
1157
1158
1159
1160
1161
1162
1163
1164
1165
1166
1167
1170
1171
1172
1173
1174
1175
1176
1178
1179
1180
1181
1182
1183
1184
1185
1186
1187
1188
1189
1190
1191
1192
1193
1194
1195
1196
1197
1198
1199
1200
1201
1202
1203
1204
1205
1206
1207
1208
1209
1210
1211
1212
1213
1214
1215
1216
1217
1218
1219
1220
1221
1222
1223
1224
1225
1226
1227
1228
1229
1231
1234
1235
1236
1237
1238
1239
1240
1241
1242
1243
1245
1246
1247
1248
1249
1250
1251
1252
1253
1254
1255
1256
1257
1258
1259
1260
1261
1262
1263
1264
1265
1266
1267
1268
1269
1270
1271
1272
1273
1274
1275
1277
1278
1279
1280
1281
1282
1283
1284
1285
1286
1287
1288
1289
1290
1291
1292
1293
1294
1295
1296
1297
1298
1299
1300
1301
1302
1303
1304
1305
1306
1307
1308
1310
1311
1312
1313
1314
1315
1316
1317
1318
1319
1320
1322
1323
1324
1325
1326
1327
1328
1329
1330
1331
1332
1333
1334
1335
1336
1337
1338
1339
1340
1341
1342
1344
1345
1346
1347
1348
1350
1351
1352
1353
1354
1355
1356
1358
1359
1360
1361
1362
1363
1364
1365
1366
1367
1368
1369
1370
1371
1372
1373
1374
1375
1376
1378
1379
1380
1381
1382
1383
1384
1385
1386
1387
1388
1390
1391
1393
1394
1395
1396
1397
1398
1399
1400
1401
1402
1403
1404
1405
1406
1407
1408
1409
1410
1411
1412
1413
1414
1415
1416
1417
1418
1419
1420
1421
1422
1423
1424
1425
1426
1427
1428
1429
1430
1432
1433
1434
1435
1436
1438
1439
1440
1441
1442
1443
1445
1446
1447
1448
1449
1450
1452
1453
1454
1455
1456
1457
1458
1459
1460
1461
1462
1463
1464
1465
1466
1467
1468
1469
1470
1471
1472
1473
1474
1475
1476
1477
1478
1479
1480
1481
1482
1483
1484
1485
1487
1488
1489
1490
1491
1492
1493
1494
1495
1496
1497
1498
1499
1500
1501
1502
1503
1504
1505
1506
1507
1508
1509
1510
1511
1512
1513
1514
1515
1516
1518
1519
1520
1521
1522
1523
1524
1525
1526
1527
1528
1529
1530
1531
1532
1533
1534
1535
1536
1537
1538
1539
1540
1541
1542
1543
1544
1546
1547
1548
1549
1550
1551
1552
1553
1554
1555
1556
1557
1558
1559
1560
1561
1562
1563
1564
1565
1566
1567
1568
1569
1570
1571
1572
1573
1575
1576
1577
1578
1579
1580
1581
1582
1583
1584
1585
1586
1587
1588
1589
1590
1591
1592
1593
1594
1595
1596
1597
1598
1599
1600
1601
1602
1603
1605
1606
1607
1608
1609
1610
1611
1612
1613
1614
1615
1616
1617
1618
1619
1620
1622
1623
1624
1625
1626
1627
1628
1630
1632
1633
1634
1635
1636
1637
1638
1639
1640
1641
1642
1643
1644
1645
1646
1647
1649
1650
1652
1653
1654
1655
1656
1657
1658
1659
1660
1661
1662
1663
1664
1665
1666
1667
1668
1669
1670
1671
1672
1673
1674
1675
1676
1677
1678
1679
1680
1681
1682
1683
1684
1685
1686
1687
1688
1689
1690
1691
1692
1693
1694
1695
1696
1697
1698
1699
1700
1701
1702
1703
1704
1706
1707
1708
1709
1711
1712
1713
1714
1715
1716
1717
1718
1719
1720
1721
1722
1723
1724
1725
1727
1728
1729
1730
1731
1732
1733
1734
1735
1736
1737
1738
1739
1740
1741
1742
1743
1744
1745
1746
1748
1750
1752
1753
1754
1755
1756
1757
1759
1760
1761
1762
1763
1764
1765
1766
1767
1768
1769
1770
1771
1772
1773
1774
1775
1776
1777
1778
1779
1780
1781
1782
1783
1784
1785
1786
1787
1788
1789
1790
1791
1792
1794
1795
1796
1797
1798
1799
1800
1801
1802
1803
1804
1805
1806
1807
1808
1809
1810
1811
1812
1813
1814
1815
1816
1817
1818
1819
1820
1821
1822
1823
1824
1825
1826
1827
1828
1829
1830
1831
1832
1833
1834
1835
1836
1837
1840
1841
1842
1843
1844
1845
1846
1847
1848
1849
1850
1851
1852
1853
1854
1855
1856
1857
1858
1859
1860
1861
1862
1864
1865
1866
1867
1869
1870
1871
1874
1875
1876
1877
1878
1879
1880
1881
1882
1883
1884
1885
1886
1887
1888
1889
1890
1891
1892
1893
1894
1895
1896
1897
1898
1899
1900
1901
1902
1904
1905
1906
1907
1908
1909
1910
1911
1912
1914
1915
1916
1917
1918
1919
1921
1922
1923
1924
1925
1926
1927
1928
1929
1930
1931
1932
1934
1935
1936
1937
1938
1939
1940
1942
1943
1944
1945
1946
1947
1948
1949
1950
1951
1952
1953
1954
1956
1957
1958
1959
1960
1962
1964
1965
1966
1968
1969
1970
1971
1972
1973
1975
1976
1977
1979
1980
1981
1982
1984
1985
1986
1987
1988
1989
1990
1991
1992
1993
1994
1995
1996
1997
1998
1999
2000
2001
2002
2003
2004
2006
2007
2008
2010
2011
2012
2013
2014
2015
2017
2018
2019
2020
2021
2022
2023
2024
2025
2026
2027
2028
2029
2030
2032
2033
2034
2035
2036
2037
2038
2039
2040
2043
2044
2045
2046
2047
2048
2049
2050
2051
2052
2053
2054
2055
2056
2057
2058
2059
2060
2061
2063
2064
2065
2066
2067
2068
2069
2070
2071
2072
2073
2074
2075
2076
2077
2078
2079
2080
2081
2082
2083
2084
2085
2086
2087
2088
2089
2090
2091
2092
2093
2094
2095
2096
2097
2098
2099
2100
2101
2103
2104
2105
2107
2108
2109
2111
2112
2113
2114
2115
2116
2117
2119
2121
2122
2123
2124
2126
2127
2128
2129
2131
2132
2133
2134
2135
2136
2137
2138
2139
2140
2141
2143
2144
2145
2146
2147
2148
2149
2150
2151
2152
2153
2154
2155
2156
2157
2158
2159
2160
2162
2163
2164
2166
2167
2168
2169
2170
2171
2172
2173
2174
2175
2176
2177
2178
2179
2180
2181
2182
2184
2185
2186
2187
2188
2189
2190
2191
2192
2193
2194
2195
2196
2197
2198
2199
2200
2201
2202
2203
2204
2205
2206
2207
2208
2209
2210
2211
2212
2213
2214
2215
2216
2217
2219
2220
2221
2222
2223
2224
2225
2226
2227
2228
2229
2230
2231
2232
2233
2234
2235
2236
2237
2238
2239
2240
2241
2242
2243
2244
2245
2246
2247
2248
2249
2250
2251
2252
2253
2255
2257
2258
2259
2260
2261
2262
2263
2264
2265
2266
2267
2268
2269
2270
2271
2272
2273
2274
2275
2276
2277
2278
2279
2280
2281
2282
2284
2285
2286
2287
2289
2290
2291
2292
2293
2294
2295
2296
2297
2298
2299
2300
2301
2302
2303
2304
2305
2306
2307
2308
2309
2310
2311
2312
2313
2314
2315
2316
2318
2319
2320
2321
2322
2323
2324
2325
2327
2328
2329
2330
2331
2332
2333
2334
2335
2336
2337
2338
2341
2342
2343
2344
2345
2346
2347
2348
2349
2350
2351
2353
2354
2355
2356
2357
2358
2359
2360
2361
2362
2363
2364
2365
2366
2367
2368
2369
2370
2372
2373
2374
2376
2378
2379
2380
2381
2382
2383
2384
2387
2388
2389
2390
2391
2392
2393
2394
2395
2397
2398
2399
2400
2401
2402
2403
2404
2405
2406
2407
2408
2410
2411
2412
2413
2414
2416
2418
2420
2421
2422
2423
2424
2425
2426
2427
2428
2429
2430
2431
2432
2433
2434
2435
2436
2438
2439
2440
2441
2442
2443
2444
2445
2446
2447
2448
2450
2451
2452
2453
2454
2455
2456
2457
2458
2460
2461
2462
2463
2464
2465
2466
2467
2468
2469
2470
2471
2472
2473
2475
2476
2477
2478
2479
2480
2481
2482
2483
2484
2485
2486
2487
2488
2489
2490
2491
2492
2493
2494
2495
2496
2497
2498
2499
2500
2502
2503
2504
2505
2506
2507
2508
2509
2510
2511
2512
2513
2514
2515
2516
2517
2518
2519
2520
2521
2522
2523
2524
2526
2527
2528
2530
2531
2532
2533
2534
2535
2536
2537
2538
2540
2541
2542
2543
2544
2545
2546
2547
2548
2549
2550
2551
2552
2553
2554
2555
2556
2557
2558
2559
2560
2561
2562
2563
2564
2565
2567
2568
2569
2570
2571
2572
2573
2574
2575
2577
2578
2579
2580
2581
2582
2583
2584
2585
2586
2587
2588
2589
2590
2591
2592
2593
2594
2595
2597
2598
2599
2600
2601
2602
2603
2604
2605
2606
2607
2608
2609
2610
2612
2613
2614
2615
2616
2617
2618
2619
2620
2621
2622
2623
2624
2625
2626
2627
2628
2629
2630
2631
2632
2634
2636
2637
2638
2639
2640
2641
2642
2643
2644
2645
2646
2647
2648
2649
2650
2651
2652
2653
2654
2657
2658
2659
2660
2662
2663
2664
2665
2666
2667
2668
2669
2670
2673
2674
2675
2676
2677
2678
2679
2680
2681
2682
2683
2684
2685
2686
2688
2689
2690
2691
2692
2693
2694
2695
2696
2697
2698
2699
2700
2701
2702
2703
2704
2705
2706
2707
2708
2709
2710
2711
2712
2713
2714
2715
2716
2717
2718
2719
2720
2721
2722
2723
2724
2725
2726
2727
2728
2729
2730
2731
2732
2733
2734
2735
2736
2737
2738
2739
2740
2741
2742
2743
2744
2745
2746
2747
2748
2749
2750
2751
2752
2753
2754
2755
2756
2757
2758
2759
2760
2761
2762
2763
2765
2767
2768
2770
2772
2773
2774
2775
2776
2777
2779
2780
2781
2782
2783
2784
2785
2786
2787
2788
2789
2790
2791
2792
2793
2794
2795
2796
2797
2798
2799
2800
2801
2802
2803
2804
2805
2806
2807
2808
2809
2810
2812
2813
2814
2816
2817
2818
2820
2821
2822
2823
2824
2825
2826
2827
2828
2829
2830
2831
2832
2833
2835
2836
2837
2838
2840
2841
2842
2843
2844
2845
2846
2847
2848
2849
2850
2851
2852
2853
2854
2855
2856
2858
2859
2860
2861
2862
2863
2866
2867
2868
2869
2870
2871
2873
2874
2875
2876
2877
2878
2879
2880
2881
2882
2883
2885
2886
2887
2888
2889
2890
2891
2892
2893
2894
2895
2896
2897
2899
2900
2901
2902
2903
2904
2905
2906
2907
2908
2909
2910
2911
2912
2913
2914
2915
2916
2917
2918
2919
2920
2921
2922
2923
2924
2925
2926
2928
2929
2930
2931
2932
2933
2935
2936
2937
2938
2939
2940
2941
2942
2943
2944
2945
2946
2947
2948
2949
2950
2951
2952
2953
2955
2956
2957
2958
2959
2961
2962
2963
2964
2965
2967
2968
2969
2971
2972
2973
2974
2975
2976
2977
2978
2979
2980
2981
2982
2983
2984
2985
2986
2987
2988
2989
2990
2991
2992
2993
2994
2995
2996
2997
2998
2999
3000
3001
3003
3004
3005
3006
3007
3008
3009
3010
3012
3013
3014
3016
3017
3018
3019
3021
3022
3023
3024
3026
3027
3028
3030
3031
3032
3033
3034
3035
3036
3037
3038
3039
3040
3041
3042
3043
3044
3045
3046
3047
3048
3049
3050
3051
3052
3053
3054
3055
3056
3057
3058
3059
3060
3061
3062
3063
3064
3065
3066
3067
3069
3070
3071
3072
3074
3075
3076
3077
3078
3079
3080
3081
3082
3083
3084
3086
3087
3088
3089
3091
3092
3093
3094
3095
3096
3097
3098
3099
3100
3101
3102
3103
3104
3105
3106
3107
3108
3109
3110
3111
3113
3114
3115
3117
3118
3122
3124
3125
3126
3127
3128
3129
3130
3131
3132
3133
3134
3135
3136
3137
3138
3140
3141
3142
3143
3144
3145
3146
3148
3149
3150
3151
3152
3153
3154
3155
3156
3157
3158
3159
3160
3161
3162
3163
3164
3165
3166
3167
3170
3171
3172
3173
3175
3176
3177
3178
3179
3180
3181
3182
3183
3184
3185
3186
3187
3188
3189
3191
3192
3193
3194
3195
3196
3197
3198
3199
3200
3201
3202
3203
3204
3205
3207
3208
3209
3210
3212
3213
3214
3215
3216
3217
3219
3221
3222
3223
3224
3225
3226
3228
3229
3230
3231
3232
3233
3234
3235
3237
3238
3239
3240
3241
3242
3243
3244
3245
3246
3247
3248
3249
3250
3251
3252
3253
3254
3255
3256
3257
3258
3259
3260
3262
3263
3264
3266
3267
3268
3269
3270
3271
3272
3273
3274
3275
3276
3277
3278
3280
3281
3282
3283
3284
3285
3286
3287
3288
3289
3290
3291
3292
3294
3295
3296
3297
3298
3299
3300
3301
3302
3303
3304
3305
3307
3308
3309
3310
3311
3312
3313
3314
3315
3316
3317
3318
3319
3320
3321
3322
3323
3324
3325
3326
3327
3328
3329
3330
3331
3334
3335
3336
3337
3338
3339
3340
3341
3342
3344
3345
3346
3347
3348
3349
3350
3351
3352
3354
3355
3356
3357
3358
3359
3361
3362
3364
3365
3366
3367
3368
3369
3370
3371
3372
3373
3374
3375
3376
3377
3378
3379
3380
3381
3382
3383
3384
3385
3387
3388
3389
3391
3392
3394
3395
3396
3397
3398
3400
3401
3402
3403
3404
3405
3406
3407
3408
3409
3410
3411
3412
3413
3414
3415
3417
3418
3419
3420
3421
3422
3423
3424
3425
3426
3428
3429
3430
3431
3432
3433
3434
3435
3436
3437
3438
3439
3440
3441
3442
3443
3444
3445
3446
3447
3448
3449
3450
3451
3452
3455
3456
3458
3459
3460
3461
3462
3463
3464
3465
3466
3467
3468
3469
3470
3471
3472
3473
3474
3475
3476
3477
3478
3479
3480
3481
3482
3483
3485
3486
3487
3488
3489
3490
3491
3492
3493
3494
3495
3496
3497
3498
3499
3500
3501
3502
3503
3505
3506
3507
3508
3509
3510
3511
3512
3513
3514
3515
3516
3518
3519
3520
3521
3522
3523
3524
3525
3526
3528
3529
3530
3531
3532
3533
3534
3535
3536
3538
3539
3540
3541
3542
3543
3544
3545
3546
3547
3548
3549
3552
3553
3554
3555
3556
3557
3558
3559
3560
3561
3562
3563
3564
3565
3566
3567
3568
3569
3570
3571
3572
3573
3574
3575
3576
3577
3578
3579
3580
3581
3583
3584
3585
3586
3588
3590
3591
3593
3594
3595
3596
3597
3598
3599
3600
3601
3602
3603
3604
3605
3606
3608
3609
3611
3612
3613
3614
3615
3616
3617
3618
3619
3620
3621
3622
3623
3624
3625
3626
3627
3628
3629
3630
3631
3632
3633
3634
3635
3636
3637
3638
3639
3641
3642
3643
3644
3645
3646
3648
3649
3650
3651
3652
3654
3655
3656
3657
3658
3659
3660
3661
3662
3663
3665
3666
3667
3668
3669
3670
3671
3672
3673
3674
3676
3677
3678
3679
3680
3681
3682
3683
3685
3686
3687
3689
3690
3691
3692
3693
3694
3695
3696
3697
3698
3700
3701
3702
3703
3704
3706
3707
3708
3711
3712
3713
3714
3715
3716
3717
3718
3719
3720
3721
3722
3724
3725
3726
3727
3728
3729
3730
3731
3732
3733
3734
3736
3737
3738
3739
3741
3742
3743
3744
3745
3746
3747
3749
3750
3751
3752
3753
3754
3755
3756
3757
3758
3759
3760
3761
3762
3763
3764
3765
3766
3768
3769
3770
3771
3772
3773
3775
3776
3777
3778
3779
3780
3781
3782
3783
3784
3787
3788
3789
3790
3791
3792
3793
3794
3795
3796
3798
3799
3800
3801
3802
3803
3804
3805
3806
3807
3808
3809
3810
3811
3812
3813
3814
3815
3816
3817
3818
3819
3820
3821
3822
3823
3825
3826
3827
3828
3829
3830
3831
3833
3834
3835
3836
3837
3838
3839
3840
3841
3842
3843
3844
3845
3846
3847
3848
3851
3852
3853
3854
3855
3856
3857
3858
3859
3860
3861
3862
3864
3865
3866
3867
3868
3869
3870
3871
3872
3874
3875
3876
3877
3878
3879
3881
3882
3883
3884
3885
3886
3887
3888
3889
3890
3891
3892
3895
3896
3897
3899
3900
3901
3902
3903
3904
3905
3906
3908
3909
3910
3911
3913
3914
3915
3917
3919
3920
3921
3922
3923
3924
3925
3926
3927
3928
3929
3930
3931
3932
3933
3935
3936
3938
3939
3940
3941
3942
3943
3944
3945
3946
3947
3948
3949
3950
3951
3953
3954
3955
3956
3957
3958
3959
3960
3961
3962
3963
3965
3967
3968
3969
3970
3971
3972
3973
3974
3975
3976
3977
3978
3979
3980
3981
3982
3983
3984
3986
3987
3988
3989
3990
3991
3992
3993
3994
3995
3996
3997
3998
3999
4000
4001
4002
4003
4004
4005
4007
4008
4009
4010
4011
4012
4013
4014
4015
4016
4017
4018
4019
4020
4021
4022
4024
4025
4026
4027
4028
4030
4031
4032
4033
4034
4035
4036
4037
4038
4039
4040
4041
4042
4044
4045
4046
4047
4048
4049
4050
4051
4052
4053
4054
4055
4056
4057
4058
4059
4060
4061
4062
4064
4065
4066
4067
4068
4069
4070
4071
4072
4073
4075
4076
4077
4078
4079
4080
4081
4082
4083
4084
4086
4087
4088
4089
4090
4091
4092
4093
4094
4095
4096
4097
4098
4099
4100
4101
4102
4104
4105
4106
4107
4108
4109
4111
4112
4114
4115
4116
4117
4118
4119
4120
4121
4122
4123
4124
4125
4126
4127
4128
4129
4130
4131
4132
4133
4134
4135
4136
4137
4138
4139
4140
4141
4142
4143
4144
4145
4146
4147
4148
4149
4150
4151
4152
4154
4155
4156
4157
4159
4161
4162
4164
4165
4167
4168
4170
4171
4172
4173
4175
4176
4177
4178
4179
4180
4181
4183
4184
4185
4186
4188
4189
4190
4191
4193
4194
4195
4196
4197
4200
4201
4202
4203
4204
4206
4208
4209
4211
4212
4213
4214
4216
4217
4218
4219
4220
4221
4222
4223
4225
4226
4227
4228
4229
4230
4231
4232
4233
4234
4236
4237
4238
4240
4241
4242
4243
4244
4245
4246
4247
4248
4249
4252
4253
4254
4255
4256
4257
4258
4259
4260
4261
4262
4263
4264
4265
4266
4267
4268
4269
4270
4272
4273
4274
4275
4276
4277
4278
4279
4281
4282
4283
4284
4285
4288
4289
4290
4291
4292
4293
4294
4295
4296
4297
4299
4300
4301
4302
4304
4306
4307
4308
4309
4310
4311
4312
4313
4314
4315
4316
4319
4320
4321
4322
4323
4324
4325
4327
4328
4329
4330
4331
4332
4333
4334
4335
4336
4337
4338
4339
4340
4341
4342
4343
4344
4345
4346
4347
4348
4350
4351
4352
4353
4354
4355
4356
4357
4359
4360
4361
4362
4363
4364
4366
4368
4369
4370
4371
4372
4373
4374
4375
4376
4377
4378
4379
4380
4381
4382
4383
4384
4385
4386
4387
4389
4390
4391
4392
4393
4394
4395
4396
4397
4398
4400
4401
4402
4403
4404
4405
4406
4407
4409
4410
4412
4413
4414
4415
4416
4417
4418
4419
4420
4421
4422
4423
4424
4425
4427
4428
4429
4430
4431
4432
4433
4434
4435
4436
4437
4438
4439
4440
4441
4442
4443
4444
4445
4446
4447
4448
4449
4450
4451
4452
4453
4454
4455
4456
4459
4460
4461
4462
4463
4464
4465
4466
4467
4468
4469
4470
4471
4472
4473
4475
4476
4477
4478
4479
4480
4482
4483
4484
4485
4486
4487
4488
4489
4490
4492
4493
4494
4495
4496
4497
4498
4499
4500
4501
4502
4503
4505
4506
4507
4508
4509
4510
4511
4512
4513
4514
4517
4518
4519
4520
4521
4522
4523
4524
4525
4526
4528
4529
4530
4531
4532
4533
4534
4535
4536
4537
4540
4541
4542
4543
4545
4546
4547
4551
4552
4553
4554
4556
4557
4559
4560
4561
4562
4563
4564
4565
4567
4568
4570
4571
4572
4573
4574
4575
4576
4577
4580
4581
4582
4583
4584
4585
4587
4588
4589
4590
4591
4592
4593
4594
4595
4598
4599
4600
4601
4602
4603
4604
4605
4606
4607
4609
4610
4611
4612
4613
4614
4616
4617
4618
4619
4620
4621
4622
4623
4625
4627
4629
4631
4632
4634
4635
4637
4638
4640
4641
4642
4643
4644
4645
4646
4647
4649
4650
4651
4652
4653
4654
4655
4656
4657
4658
4659
4660
4661
4663
4664
4666
4667
4669
4670
4671
4672
4673
4674
4675
4676
4677
4679
4680
4681
4682
4683
4684
4686
4687
4688
4689
4690
4691
4692
4693
4694
4695
4696
4697
4698
4699
4700
4701
4702
4703
4704
4705
4706
4707
4708
4709
4710
4711
4712
4713
4716
4717
4718
4719
4720
4721
4722
4723
4724
4725
4726
4727
4729
4730
4731
4732
4733
4734
4735
4736
4737
4738
4741
4742
4743
4744
4745
4746
4747
4748
4749
4750
4751
4752
4753
4755
4756
4757
4758
4761
4762
4763
4764
4765
4766
4767
4768
4769
4770
4773
4774
4775
4776
4777
4778
4779
4780
4781
4782
4783
4784
4785
4786
4788
4789
4790
4791
4792
4793
4795
4796
4797
4798
4799
4800
4801
4802
4803
4804
4805
4807
4808
4810
4811
4813
4816
4817
4818
4820
4821
4822
4823
4824
4826
4827
4828
4829
4830
4831
4832
4833
4834
4835
4836
4837
4838
4839
4840
4841
4842
4843
4844
4845
4846
4847
4848
4849
4850
4851
4852
4855
4856
4857
4858
4859
4860
4861
4862
4863
4864
4866
4867
4868
4869
4871
4873
4874
4875
4876
4877
4878
4879
4880
4881
4882
4883
4884
4886
4887
4888
4889
4890
4891
4892
4893
4895
4896
4897
4898
4899
4900
4902
4904
4905
4906
4907
4909
4910
4911
4912
4913
4914
4916
4917
4918
4920
4922
4923
4924
4925
4927
4928
4929
4930
4931
4933
4935
4936
4937
4938
4939
4940
4941
4942
4944
4945
4946
4947
4948
4949
4950
4952
4953
4954
4955
4956
4958
4961
4962
4963
4964
4965
4967
4968
4970
4971
4972
4973
4974
4976
4977
4978
4979
4980
4981
4982
4983
4984
4985
4986
4987
4988
4989
4990
4991
4992
4993
4994
4996
4997
4998
4999
5000
5001
5002
5003
5004
5005
5006
5008
5009
5010
5011
5012
5013
5015
5016
5017
5018
5019
5020
5021
5022
5024
5025
5026
5027
5028
5031
5032
5033
5034
5036
5037
5038
5039
5040
5041
5042
5043
5044
5045
5046
5047
5048
5049
5050
5052
5053
5054
5055
5056
5057
5058
5059
5060
5061
5062
5064
5065
5066
5067
5068
5069
5070
5072
5073
5074
5075
5076
5077
5078
5079
5081
5082
5083
5084
5085
5086
5087
5088
5089
5090
5091
5092
5093
5095
5096
5097
5098
5099
5101
5102
5103
5104
5105
5106
5107
5108
5109
5110
5111
5112
5114
5116
5117
5119
5120
5121
5122
5124
5125
5127
5128
5129
5130
5131
5132
5133
5134
5136
5137
5138
5139
5140
5141
5142
5143
5144
5145
5146
5147
5148
5149
5150
5151
5154
5155
5157
5158
5159
5160
5161
5162
5163
5164
5165
5166
5167
5168
5169
5170
5171
5173
5174
5175
5176
5177
5179
5181
5182
5183
5185
5186
5187
5188
5189
5190
5191
5192
5194
5195
5196
5197
5198
5199
5200
5201
5203
5204
5206
5207
5208
5209
5210
5211
5212
5213
5214
5215
5216
5217
5218
5219
5220
5222
5223
5224
5225
5226
5227
5228
5229
5230
5231
5232
5234
5235
5236
5237
5241
5242
5243
5244
5245
5246
5247
5248
5251
5252
5253
5254
5255
5256
5257
5258
5259
5260
5261
5262
5263
5264
5265
5266
5267
5268
5269
5270
5271
5272
5274
5275
5276
5277
5278
5279
5280
5281
5282
5283
5284
5286
5287
5288
5289
5291
5292
5293
5295
5296
5297
5298
5299
5300
5301
5302
5303
5304
5305
5306
5307
5308
5309
5310
5312
5313
5314
5315
5316
5317
5318
5319
5320
5323
5324
5325
5326
5327
5329
5330
5331
5332
5333
5334
5335
5336
5337
5338
5339
5340
5341
5342
5343
5344
5345
5346
5347
5348
5349
5350
5351
5352
5353
5354
5356
5357
5358
5359
5360
5361
5362
5363
5364
5365
5366
5367
5369
5370
5371
5372
5373
5374
5375
5376
5377
5378
5379
5380
5381
5382
5383
5384
5385
5386
5387
5388
5390
5391
5392
5394
5395
5396
5398
5399
5400
5401
5402
5403
5404
5405
5406
5407
5408
5409
5411
5413
5414
5415
5416
5417
5418
5419
5420
5421
5422
5423
5424
5425
5426
5427
5428
5429
5430
5432
5433
5434
5435
5436
5437
5438
5439
5440
5441
5442
5443
5444
5445
5446
5447
5448
5449
5450
5451
5454
5455
5456
5457
5458
5459
5460
5461
5462
5463
5464
5466
5467
5468
5469
5470
5471
5472
5473
5474
5475
5476
5477
5479
5480
5481
5483
5484
5485
5486
5487
5488
5489
5490
5491
5492
5493
5494
5495
5496
5497
5498
5499
5500
5501
5502
5503
5505
5507
5508
5509
5510
5511
5512
5514
5515
5516
5517
5518
5521
5522
5523
5524
5525
5527
5529
5530
5531
5532
5533
5534
5536
5538
5539
5540
5541
5543
5544
5545
5546
5547
5548
5550
5551
5552
5553
5555
5557
5559
5560
5561
5562
5563
5564
5565
5566
5567
5568
5570
5571
5572
5574
5576
5577
5579
5582
5583
5584
5585
5586
5587
5588
5589
5590
5591
5592
5593
5595
5596
5597
5598
5599
5600
5601
5602
5603
5604
5605
5606
5607
5608
5609
5610
5611
5612
5614
5615
5617
5618
5619
5620
5621
5622
5623
5624
5625
5626
5627
5629
5630
5631
5632
5634
5637
5638
5639
5640
5641
5642
5643
5644
5645
5646
5647
5648
5649
5650
5651
5652
5653
5654
5655
5656
5657
5658
5659
5660
5662
5663
5664
5666
5667
5668
5669
5670
5671
5672
5673
5674
5675
5676
5677
5678
5679
5680
5681
5682
5683
5684
5686
5687
5689
5691
5692
5693
5694
5695
5696
5697
5698
5699
5701
5702
5703
5704
5705
5706
5707
5708
5709
5710
5711
5712
5713
5714
5715
5716
5717
5720
5721
5723
5724
5725
5726
5727
5728
5732
5733
5734
5735
5736
5737
5738
5739
5741
5742
5743
5745
5746
5747
5748
5749
5750
5751
5752
5753
5757
5758
5759
5761
5762
5763
5764
5765
5766
5767
5768
5770
5772
5774
5775
5776
5777
5778
5779
5780
5781
5782
5783
5784
5786
5787
5788
5789
5790
5791
5792
5793
5794
5795
5796
5797
5798
5799
5801
5802
5803
5805
5807
5808
5809
5810
5812
5813
5815
5816
5817
5818
5819
5820
5821
5822
5823
5824
5825
5827
5829
5830
5831
5832
5833
5834
5835
5836
5837
5838
5839
5840
5842
5843
5844
5846
5847
5848
5849
5850
5851
5852
5853
5854
5855
5856
5858
5860
5861
5862
5864
5865
5866
5867
5868
5869
5870
5871
5875
5876
5877
5879
5880
5882
5883
5884
5886
5887
5888
5889
5890
5891
5893
5894
5895
5897
5898
5899
5900
5901
5902
5903
5904
5905
5906
5907
5909
5910
5911
5912
5913
5914
5915
5916
5917
5918
5921
5922
5923
5924
5926
5927
5929
5930
5931
5932
5933
5934
5935
5936
5938
5939
5940
5941
5943
5944
5945
5946
5947
5948
5949
5950
5951
5952
5953
5954
5955
5956
5957
5958
5959
5961
5962
5963
5964
5965
5966
5968
5969
5970
5971
5972
5973
5975
5976
5977
5978
5979
5981
5982
5983
5984
5985
5986
5987
5988
5989
5992
5993
5994
5995
5996
5997
5998
5999
6000
6001
6002
6003
6004
6005
6006
6007
6008
6009
6011
6013
6014
6015
6016
6017
6018
6019
6020
6021
6022
6024
6025
6026
6028
6029
6030
6031
6032
6033
6034
6036
6037
6038
6039
6040
6041
6042
6043
6044
6045
6046
6047
6048
6049
6051
6052
6053
6054
6055
6056
6058
6059
6060
6061
6063
6064
6066
6067
6068
6069
6070
6071
6072
6073
6074
6075
6077
6078
6079
6080
6081
6082
6083
6084
6085
6087
6088
6090
6091
6092
6093
6094
6095
6097
6098
6099
6101
6103
6105
6106
6107
6108
6109
6110
6111
6112
6113
6115
6116
6117
6119
6121
6122
6123
6124
6126
6127
6128
6129
6130
6131
6132
6133
6134
6135
6136
6138
6139
6141
6142
6143
6144
6145
6146
6147
6148
6149
6150
6151
6152
6153
6154
6156
6157
6158
6160
6161
6162
6163
6165
6166
6167
6168
6169
6170
6171
6172
6173
6174
6175
6176
6177
6178
6179
6180
6182
6183
6184
6185
6186
6187
6189
6191
6192
6193
6194
6195
6196
6197
6198
6199
6201
6202
6203
6204
6205
6206
6207
6208
6209
6211
6213
6214
6215
6217
6218
6220
6221
6222
6223
6224
6225
6226
6227
6228
6229
6230
6231
6232
6233
6234
6235
6236
6237
6238
6239
6240
6241
6243
6244
6245
6246
6248
6249
6250
6252
6253
6254
6255
6256
6257
6258
6259
6260
6261
6262
6263
6264
6265
6266
6267
6268
6272
6273
6275
6276
6277
6278
6279
6280
6281
6282
6283
6284
6286
6288
6289
6290
6291
6292
6293
6294
6295
6297
6298
6299
6301
6302
6304
6305
6306
6309
6310
6311
6312
6314
6315
6316
6318
6319
6320
6321
6322
6323
6324
6325
6326
6327
6328
6329
6330
6331
6332
6333
6334
6335
6336
6337
6338
6339
6340
6341
6343
6344
6345
6346
6347
6348
6349
6350
6351
6352
6353
6354
6355
6356
6357
6359
6360
6361
6362
6363
6364
6365
6368
6369
6371
6373
6374
6375
6376
6377
6378
6379
6380
6381
6383
6384
6385
6386
6387
6388
6389
6390
6391
6392
6393
6394
6395
6396
6397
6398
6399
6400
6401
6403
6404
6405
6406
6407
6408
6409
6410
6411
6412
6414
6415
6416
6418
6419
6420
6421
6424
6426
6428
6429
6430
6433
6434
6435
6436
6437
6438
6439
6440
6441
6442
6443
6444
6445
6446
6447
6448
6449
6450
6451
6452
6453
6454
6455
6456
6457
6459
6461
6463
6464
6465
6466
6467
6468
6469
6470
6471
6472
6473
6474
6475
6476
6477
6478
6483
6484
6485
6486
6487
6488
6489
6492
6493
6494
6495
6496
6497
6498
6499
6500
6501
6502
6503
6505
6507
6508
6509
6510
6511
6512
6513
6515
6516
6517
6518
6519
6520
6521
6522
6523
6525
6526
6527
6528
6529
6530
6531
6532
6533
6535
6536
6537
6539
6540
6541
6542
6543
6545
6546
6547
6548
6549
6550
6552
6553
6554
6555
6556
6557
6558
6559
6560
6561
6562
6563
6564
6565
6566
6568
6569
6570
6572
6573
6574
6575
6576
6577
6578
6579
6582
6583
6584
6587
6588
6589
6590
6591
6592
6593
6595
6596
6597
6599
6600
6601
6602
6603
6604
6605
6606
6607
6608
6609
6611
6612
6614
6615
6616
6618
6620
6621
6622
6623
6624
6625
6627
6628
6630
6631
6632
6633
6634
6635
6636
6637
6638
6639
6640
6641
6642
6643
6644
6645
6646
6647
6648
6649
6650
6652
6653
6654
6655
6656
6657
6658
6659
6660
6661
6662
6663
6664
6665
6667
6669
6670
6672
6673
6674
6676
6677
6678
6679
6680
6681
6683
6684
6686
6687
6691
6692
6693
6694
6695
6696
6697
6698
6699
6700
6701
6702
6703
6704
6705
6706
6707
6708
6711
6712
6713
6714
6715
6716
6717
6718
6719
6720
6721
6722
6724
6725
6727
6728
6729
6730
6731
6733
6734
6735
6736
6737
6738
6739
6741
6742
6743
6744
6745
6746
6747
6749
6750
6751
6752
6753
6756
6757
6758
6759
6761
6762
6763
6764
6765
6766
6767
6770
6772
6773
6774
6775
6777
6778
6779
6780
6781
6783
6784
6788
6790
6791
6792
6794
6795
6796
6797
6799
6801
6802
6803
6804
6805
6806
6807
6808
6809
6810
6811
6813
6815
6816
6817
6818
6819
6820
6821
6823
6824
6826
6829
6830
6832
6833
6834
6835
6836
6838
6840
6841
6842
6843
6844
6845
6846
6847
6848
6849
6850
6851
6852
6853
6854
6855
6857
6858
6859
6861
6862
6863
6864
6865
6866
6867
6868
6869
6870
6872
6873
6875
6876
6878
6879
6880
6881
6882
6884
6885
6886
6887
6889
6891
6895
6897
6898
6900
6901
6902
6903
6904
6905
6906
6907
6908
6909
6911
6912
6913
6915
6916
6918
6919
6920
6921
6922
6923
6924
6925
6927
6929
6930
6931
6932
6933
6934
6935
6937
6940
6941
6942
6943
6944
6945
6946
6947
6948
6949
6951
6952
6953
6954
6956
6957
6958
6959
6960
6961
6964
6965
6966
6967
6968
6969
6970
6971
6972
6973
6974
6975
6976
6977
6978
6979
6980
6983
6985
6988
6989
6990
6991
6992
6993
6994
6995
6996
6999
7001
7002
7003
7004
7005
7006
7008
7009
7011
7012
7014
7016
7017
7019
7020
7021
7022
7023
7024
7025
7026
7027
7028
7029
7030
7031
7033
7034
7035
7036
7037
7038
7039
7040
7041
7042
7043
7044
7045
7046
7047
7048
7050
7051
7052
7054
7055
7056
7057
7058
7059
7060
7061
7062
7063
7064
7065
7066
7067
7068
7070
7071
7072
7073
7074
7075
7076
7077
7078
7079
7080
7081
7082
7083
7085
7086
7087
7088
7090
7091
7092
7093
7094
7095
7096
7097
7098
7099
7100
7101
7102
7105
7106
7107
7108
7109
7110
7111
7112
7114
7115
7116
7117
7119
7120
7123
7124
7125
7126
7127
7128
7129
7130
7131
7132
7134
7135
7136
7137
7139
7141
7142
7143
7144
7145
7146
7147
7150
7151
7152
7153
7154
7155
7156
7157
7158
7159
7161
7162
7163
7164
7165
7166
7167
7168
7169
7170
7171
7172
7174
7175
7176
7177
7178
7179
7180
7181
7182
7183
7185
7186
7187
7188
7189
7190
7191
7192
7193
7194
7195
7196
7197
7198
7199
7202
7204
7205
7206
7207
7208
7209
7210
7211
7213
7214
7218
7220
7221
7223
7224
7225
7226
7227
7229
7230
7231
7233
7234
7236
7238
7239
7240
7241
7242
7243
7244
7245
7246
7247
7248
7249
7250
7252
7253
7255
7256
7258
7261
7262
7263
7265
7267
7268
7270
7271
7272
7274
7276
7277
7278
7280
7281
7282
7283
7284
7285
7286
7287
7289
7290
7293
7295
7296
7297
7298
7300
7301
7302
7303
7304
7305
7306
7307
7308
7309
7310
7314
7315
7316
7317
7318
7319
7320
7321
7322
7324
7325
7326
7327
7328
7330
7331
7332
7333
7334
7335
7336
7337
7338
7339
7341
7342
7343
7344
7345
7346
7347
7348
7351
7352
7353
7354
7355
7356
7357
7358
7359
7360
7361
7363
7364
7365
7366
7367
7368
7369
7370
7371
7372
7373
7374
7376
7378
7379
7380
7381
7382
7383
7384
7385
7386
7389
7390
7391
7394
7395
7397
7398
7402
7403
7404
7406
7407
7408
7410
7411
7412
7413
7415
7416
7417
7418
7419
7420
7421
7422
7423
7424
7425
7426
7427
7429
7430
7431
7432
7433
7434
7435
7436
7437
7438
7439
7440
7441
7442
7443
7444
7447
7448
7449
7450
7451
7452
7453
7454
7455
7457
7458
7459
7460
7461
7462
7463
7464
7465
7466
7467
7468
7469
7470
7472
7473
7474
7476
7477
7478
7479
7480
7481
7483
7484
7485
7486
7487
7489
7491
7493
7495
7496
7497
7498
7499
7500
7502
7503
7504
7505
7506
7508
7509
7510
7511
7512
7513
7514
7515
7516
7518
7520
7521
7522
7524
7525
7526
7528
7529
7530
7531
7532
7533
7534
7535
7537
7538
7539
7540
7541
7542
7543
7544
7545
7546
7547
7548
7549
7550
7551
7552
7554
7555
7556
7557
7558
7560
7561
7562
7563
7564
7565
7566
7567
7569
7570
7571
7572
7573
7574
7575
7576
7578
7580
7581
7582
7583
7584
7586
7587
7588
7589
7590
7591
7592
7593
7594
7595
7596
7597
7598
7602
7603
7604
7605
7606
7607
7608
7609
7610
7611
7612
7613
7614
7615
7616
7617
7618
7620
7621
7622
7623
7624
7625
7627
7628
7629
7630
7632
7633
7634
7635
7636
7637
7638
7639
7640
7641
7642
7643
7644
7645
7647
7648
7649
7650
7652
7653
7655
7656
7657
7658
7659
7660
7661
7662
7663
7664
7665
7666
7667
7669
7670
7671
7672
7673
7674
7675
7677
7678
7679
7680
7681
7682
7683
7684
7685
7686
7687
7689
7690
7691
7692
7693
7694
7695
7696
7697
7698
7700
7701
7702
7703
7704
7705
7706
7707
7708
7709
7710
7711
7712
7713
7715
7716
7717
7718
7719
7720
7721
7722
7723
7724
7725
7726
7727
7728
7731
7733
7734
7735
7736
7737
7738
7739
7740
7741
7742
7743
7744
7745
7746
7747
7748
7749
7750
7751
7752
7753
7754
7756
7757
7759
7760
7761
7762
7763
7764
7765
7766
7768
7770
7771
7772
7773
7774
7775
7776
7777
7778
7779
7780
7781
7782
7783
7784
7785
7786
7787
7788
7789
7790
7791
7792
7793
7794
7795
7796
7798
7799
7800
7801
7802
7803
7804
7805
7806
7807
7808
7809
7810
7812
7813
7815
7818
7819
7820
7821
7822
7825
7827
7828
7830
7831
7832
7833
7834
7835
7836
7837
7838
7839
7840
7841
7842
7843
7844
7848
7849
7850
7851
7852
7853
7854
7855
7856
7857
7859
7860
7862
7863
7864
7865
7867
7869
7870
7871
7872
7873
7874
7875
7876
7878
7880
7881
7883
7884
7885
7888
7889
7890
7891
7892
7893
7894
7896
7897
7898
7899
7900
7902
7903
7905
7906
7907
7909
7910
7911
7912
7913
7914
7915
7916
7917
7919
7920
7922
7923
7924
7925
7926
7927
7928
7929
7930
7931
7932
7934
7935
7936
7937
7941
7942
7943
7944
7947
7948
7949
7950
7952
7953
7954
7955
7956
7958
7960
7963
7964
7965
7966
7967
7968
7969
7970
7972
7974
7975
7976
7977
7980
7982
7984
7985
7987
7988
7990
7991
7992
7993
7994
7995
7998
7999
8000
8001
8002
8003
8005
8006
8007
8008
8009
8010
8012
8013
8014
8016
8017
8018
8019
8020
8021
8022
8023
8024
8026
8027
8028
8029
8030
8032
8033
8034
8036
8038
8039
8040
8041
8042
8043
8044
8045
8046
8047
8049
8051
8052
8053
8054
8055
8056
8057
8058
8059
8060
8061
8063
8064
8065
8066
8068
8069
8070
8071
8072
8074
8075
8076
8077
8078
8079
8080
8081
8082
8083
8084
8085
8086
8087
8088
8090
8091
8092
8093
8094
8095
8096
8097
8098
8099
8100
8101
8102
8103
8104
8105
8106
8107
8109
8110
8111
8112
8113
8115
8116
8117
8118
8119
8120
8121
8122
8123
8125
8126
8127
8128
8129
8130
8131
8132
8133
8134
8135
8136
8137
8138
8140
8142
8143
8144
8145
8146
8148
8150
8151
8152
8153
8154
8155
8156
8158
8159
8160
8161
8162
8163
8164
8166
8167
8168
8169
8170
8171
8172
8173
8174
8176
8177
8178
8179
8180
8182
8184
8185
8186
8187
8188
8189
8190
8191
8192
8193
8194
8195
8196
8197
8198
8199
8200
8201
8202
8203
8204
8205
8207
8208
8209
8210
8211
8212
8213
8214
8215
8216
8217
8218
8219
8220
8221
8222
8223
8224
8225
8226
8229
8230
8231
8232
8233
8234
8235
8238
8239
8240
8241
8242
8243
8244
8245
8246
8247
8249
8250
8251
8252
8253
8254
8255
8256
8259
8260
8261
8262
8264
8265
8266
8267
8268
8269
8273
8274
8275
8276
8278
8279
8280
8281
8282
8284
8285
8286
8287
8288
8289
8290
8291
8292
8293
8294
8295
8296
8297
8298
8299
8300
8302
8303
8304
8305
8306
8307
8308
8309
8311
8312
8313
8314
8315
8317
8318
8319
8320
8322
8323
8324
8325
8326
8327
8329
8330
8332
8333
8334
8335
8336
8337
8338
8339
8340
8341
8342
8343
8344
8345
8346
8347
8348
8349
8350
8351
8352
8354
8355
8356
8357
8358
8359
8360
8361
8362
8363
8364
8365
8366
8367
8369
8371
8373
8376
8377
8378
8379
8380
8381
8383
8384
8385
8386
8387
8388
8389
8390
8391
8392
8394
8395
8396
8397
8398
8399
8400
8401
8402
8403
8404
8405
8406
8407
8409
8410
8411
8412
8413
8415
8416
8417
8418
8419
8420
8421
8422
8423
8425
8426
8427
8428
8430
8431
8432
8433
8434
8435
8437
8438
8439
8440
8442
8443
8444
8445
8446
8448
8450
8451
8452
8453
8454
8455
8456
8457
8460
8462
8463
8464
8465
8466
8468
8469
8470
8471
8472
8473
8474
8476
8477
8478
8480
8481
8482
8483
8484
8485
8486
8487
8488
8490
8491
8492
8493
8494
8495
8496
8497
8498
8499
8500
8501
8502
8503
8504
8505
8506
8507
8509
8510
8511
8512
8513
8515
8516
8517
8519
8520
8523
8524
8526
8527
8528
8529
8530
8531
8532
8533
8534
8535
8536
8537
8539
8540
8541
8543
8545
8547
8548
8551
8552
8553
8554
8555
8556
8557
8558
8559
8561
8562
8563
8564
8565
8566
8567
8568
8569
8570
8573
8574
8577
8578
8580
8581
8582
8583
8584
8585
8586
8588
8591
8592
8593
8595
8597
8598
8599
8600
8601
8602
8604
8605
8606
8608
8609
8610
8611
8612
8613
8614
8615
8616
8617
8618
8619
8620
8621
8623
8624
8625
8626
8627
8628
8629
8632
8633
8635
8636
8637
8638
8639
8640
8642
8643
8644
8645
8646
8647
8649
8650
8652
8653
8655
8656
8657
8658
8659
8660
8662
8663
8665
8668
8669
8670
8672
8673
8674
8677
8678
8679
8680
8681
8682
8683
8684
8685
8686
8687
8689
8691
8692
8693
8695
8696
8697
8698
8699
8700
8702
8703
8704
8705
8707
8708
8709
8710
8712
8713
8714
8716
8717
8719
8720
8722
8723
8724
8725
8727
8728
8729
8730
8732
8733
8734
8735
8736
8737
8738
8739
8740
8741
8742
8743
8744
8745
8746
8747
8748
8749
8751
8753
8754
8755
8760
8761
8762
8763
8764
8765
8767
8769
8770
8771
8772
8773
8775
8776
8778
8779
8781
8782
8783
8784
8785
8786
8789
8790
8792
8793
8794
8795
8796
8797
8798
8799
8800
8801
8802
8804
8805
8806
8807
8808
8809
8812
8813
8814
8815
8816
8817
8818
8819
8820
8821
8823
8825
8826
8827
8828
8831
8833
8834
8835
8836
8837
8838
8839
8841
8842
8843
8844
8845
8846
8847
8848
8849
8850
8851
8852
8853
8854
8855
8856
8857
8858
8860
8862
8863
8864
8866
8867
8868
8869
8870
8871
8872
8873
8874
8875
8876
8877
8878
8880
8881
8882
8883
8884
8885
8886
8887
8888
8889
8890
8891
8892
8893
8894
8896
8897
8898
8900
8901
8902
8903
8904
8905
8906
8907
8908
8910
8911
8912
8913
8914
8916
8918
8919
8920
8921
8922
8923
8924
8925
8926
8927
8928
8929
8930
8931
8932
8933
8934
8937
8938
8940
8941
8942
8943
8944
8945
8946
8948
8949
8950
8951
8952
8953
8955
8956
8957
8958
8959
8960
8961
8962
8963
8964
8967
8968
8969
8970
8971
8972
8974
8976
8977
8978
8979
8980
8981
8982
8983
8984
8985
8986
8988
8992
8995
8996
8997
8999
9000
9001
9002
9003
9004
9005
9006
9007
9009
9010
9011
9012
9013
9014
9016
9017
9018
9019
9020
9021
9022
9023
9024
9026
9027
9029
9030
9031
9032
9033
9034
9035
9037
9038
9039
9040
9041
9042
9043
9044
9045
9046
9047
9048
9049
9050
9052
9053
9054
9055
9056
9057
9060
9061
9063
9064
9065
9066
9067
9071
9074
9075
9076
9077
9078
9079
9080
9082
9084
9085
9086
9087
9089
9090
9091
9093
9095
9096
9097
9099
9100
9101
9103
9104
9106
9107
9108
9110
9111
9112
9113
9114
9115
9116
9117
9118
9119
9121
9123
9124
9125
9128
9129
9132
9133
9134
9135
9137
9138
9139
9140
9141
9142
9144
9145
9147
9148
9149
9150
9151
9152
9153
9154
9155
9156
9157
9158
9159
9160
9162
9163
9164
9165
9166
9167
9168
9169
9170
9171
9172
9173
9174
9178
9180
9181
9183
9184
9185
9186
9188
9189
9190
9191
9192
9194
9195
9197
9199
9200
9201
9202
9203
9204
9206
9207
9209
9211
9212
9213
9214
9215
9217
9218
9219
9220
9221
9222
9223
9226
9227
9228
9229
9230
9231
9232
9233
9235
9236
9237
9238
9239
9240
9241
9244
9245
9247
9248
9249
9250
9251
9252
9253
9254
9255
9256
9257
9258
9259
9261
9262
9263
9264
9265
9266
9267
9268
9269
9270
9272
9273
9274
9277
9278
9279
9281
9282
9283
9284
9285
9287
9289
9290
9292
9293
9296
9297
9298
9299
9300
9301
9302
9303
9304
9305
9306
9307
9310
9311
9317
9318
9319
9321
9322
9324
9325
9326
9327
9328
9329
9330
9331
9332
9333
9334
9335
9336
9338
9340
9341
9343
9345
9347
9348
9350
9351
9352
9353
9354
9355
9357
9358
9360
9361
9362
9363
9364
9365
9366
9367
9368
9369
9370
9372
9373
9374
9376
9378
9379
9380
9381
9383
9384
9385
9386
9387
9388
9389
9390
9391
9392
9393
9394
9395
9397
9398
9399
9400
9401
9402
9403
9404
9405
9406
9407
9408
9409
9410
9411
9412
9413
9414
9415
9416
9417
9418
9419
9420
9421
9422
9423
9424
9425
9426
9427
9428
9429
9430
9431
9432
9433
9434
9435
9437
9439
9440
9441
9442
9444
9445
9446
9447
9449
9450
9451
9452
9453
9454
9455
9456
9457
9459
9460
9461
9462
9463
9464
9465
9466
9467
9468
9469
9470
9471
9473
9475
9476
9478
9479
9480
9481
9482
9483
9484
9485
9486
9487
9488
9490
9492
9493
9494
9495
9496
9497
9498
9500
9501
9503
9504
9506
9508
9509
9510
9511
9512
9513
9514
9515
9516
9517
9518
9519
9520
9521
9522
9523
9524
9525
9526
9527
9528
9529
9530
9531
9532
9533
9534
9536
9537
9538
9539
9540
9541
9542
9543
9544
9546
9550
9551
9552
9554
9556
9557
9558
9559
9560
9561
9563
9564
9565
9566
9568
9569
9571
9572
9573
9574
9575
9578
9580
9581
9582
9583
9584
9585
9586
9588
9589
9590
9591
9592
9593
9594
9596
9598
9599
9600
9601
9602
9603
9604
9605
9608
9609
9610
9611
9612
9613
9614
9615
9618
9619
9620
9623
9624
9625
9626
9628
9629
9630
9632
9633
9634
9635
9637
9639
9640
9641
9642
9646
9648
9649
9652
9653
9655
9656
9657
9659
9660
9662
9663
9664
9665
9666
9667
9668
9669
9670
9671
9672
9673
9675
9676
9677
9679
9680
9681
9682
9684
9685
9686
9687
9688
9689
9690
9691
9692
9693
9694
9695
9696
9697
9698
9699
9700
9701
9703
9704
9705
9707
9708
9709
9710
9711
9712
9713
9714
9715
9716
9718
9720
9721
9722
9724
9727
9728
9730
9732
9733
9734
9736
9737
9738
9739
9740
9742
9743
9744
9745
9746
9750
9752
9754
9757
9758
9760
9761
9763
9766
9767
9768
9769
9770
9771
9772
9773
9774
9775
9776
9777
9779
9780
9781
9783
9784
9785
9786
9787
9789
9790
9791
9795
9796
9797
9798
9799
9800
9801
9802
9803
9806
9807
9808
9810
9811
9812
9813
9814
9815
9816
9817
9818
9819
9821
9823
9824
9825
9826
9827
9829
9830
9831
9832
9833
9834
9835
9836
9837
9838
9839
9840
9842
9843
9844
9845
9846
9847
9848
9849
9850
9851
9852
9853
9854
9855
9856
9857
9859
9860
9861
9862
9865
9867
9868
9869
9870
9871
9872
9874
9875
9877
9878
9880
9882
9883
9884
9885
9886
9888
9889
9892
9893
9894
9895
9896
9897
9900
9903
9905
9906
9907
9908
9909
9910
9911
9914
9915
9916
9919
9920
9922
9923
9926
9927
9928
9930
9931
9932
9933
9934
9936
9938
9939
9940
9941
9943
9944
9945
9946
9947
9948
9949
9951
9952
9953
9956
9958
9959
9960
9961
9963
9964
9965
9966
9967
9968
9969
9970
9971
9973
9974
9975
9976
9977
9978
9979
9980
9981
9982
9984
9985
9986
9987
9988
9989
9990
9992
9994
9996
9997
9998
10000
10002
10003
10004
10005
10006
10009
10010
10011
10013
10014
10015
10016
10017
10018
10022
10024
10025
10027
10028
10029
10031
10032
10033
10035
10036
10037
10039
10040
10041
10042
10043
10044
10045
10046
10047
10049
10050
10053
10054
10055
10056
10057
10059
10060
10061
10062
10064
10065
10066
10069
10071
10072
10073
10074
10076
10077
10078
10079
10080
10082
10083
10084
10086
10087
10089
10090
10092
10096
10098
10101
10102
10103
10104
10105
10106
10108
10110
10111
10112
10113
10114
10115
10116
10117
10118
10120
10121
10122
10123
10124
10125
10126
10127
10128
10130
10131
10132
10134
10135
10137
10138
10139
10140
10141
10142
10144
10145
10146
10151
10152
10153
10155
10156
10158
10159
10161
10162
10163
10164
10165
10166
10167
10168
10169
10172
10173
10174
10175
10176
10177
10178
10179
10182
10183
10184
10185
10186
10187
10188
10189
10190
10191
10192
10193
10194
10196
10197
10198
10199
10201
10202
10204
10205
10206
10207
10208
10209
10210
10211
10212
10213
10217
10218
10219
10220
10222
10223
10226
10229
10230
10231
10232
10233
10235
10236
10237
10238
10239
10240
10242
10243
10244
10245
10246
10247
10248
10249
10250
10252
10253
10254
10255
10256
10258
10259
10260
10261
10262
10263
10264
10265
10266
10267
10268
10269
10270
10271
10272
10273
10274
10275
10276
10277
10278
10279
10281
10282
10283
10284
10286
10287
10289
10290
10291
10292
10294
10296
10297
10298
10299
10300
10301
10303
10304
10305
10306
10307
10308
10309
10310
10311
10312
10313
10314
10315
10317
10318
10320
10321
10322
10323
10324
10326
10329
10330
10331
10332
10333
10335
10336
10337
10338
10339
10340
10341
10342
10343
10344
10345
10346
10348
10349
10350
10351
10352
10354
10356
10357
10358
10362
10365
10368
10369
10370
10371
10372
10373
10374
10376
10377
10378
10379
10380
10381
10382
10383
10385
10386
10388
10390
10391
10392
10393
10394
10396
10399
10400
10401
10402
10403
10404
10405
10407
10408
10409
10410
10412
10413
10414
10415
10416
10417
10418
10419
10420
10424
10426
10427
10428
10429
10430
10431
10432
10434
10435
10436
10438
10439
10440
10443
10444
10445
10446
10449
10450
10451
10452
10453
10454
10455
10456
10457
10458
10459
10460
10461
10462
10463
10464
10465
10466
10467
10468
10470
10471
10472
10473
10475
10476
10477
10478
10479
10480
10481
10482
10483
10484
10485
10486
10487
10488
10489
10490
10491
10492
10493
10494
10495
10497
10498
10499
10500
10501
10502
10503
10505
10506
10507
10509
10510
10511
10512
10513
10514
10515
10516
10517
10518
10519
10520
10521
10522
10523
10525
10526
10527
10529
10530
10533
10534
10535
10537
10538
10539
10541
10542
10543
10544
10545
10546
10547
10548
10549
10550
10551
10552
10553
10555
10556
10557
10558
10560
10561
10562
10563
10564
10565
10567
10568
10569
10570
10572
10573
10574
10577
10578
10579
10580
10582
10583
10584
10587
10588
10589
10590
10591
10592
10593
10594
10596
10597
10598
10599
10600
10601
10602
10603
10604
10605
10606
10607
10608
10609
10610
10611
10612
10613
10614
10615
10616
10617
10618
10619
10621
10623
10624
10625
10627
10629
10631
10632
10633
10634
10635
10636
10639
10640
10641
10642
10643
10644
10646
10647
10648
10649
10650
10652
10653
10654
10655
10657
10658
10659
10660
10661
10662
10663
10665
10666
10669
10670
10672
10673
10674
10675
10677
10678
10679
10680
10681
10682
10684
10685
10686
10689
10690
10691
10694
10695
10697
10698
10701
10702
10705
10706
10708
10709
10710
10711
10712
10713
10715
10716
10717
10719
10720
10721
10722
10723
10724
10725
10727
10728
10729
10731
10732
10734
10735
10736
10737
10738
10739
10740
10741
10743
10744
10746
10747
10748
10749
10750
10751
10752
10753
10754
10755
10756
10757
10758
10759
10760
10762
10763
10764
10765
10766
10767
10768
10769
10770
10771
10772
10773
10774
10775
10776
10777
10778
10779
10781
10782
10784
10785
10786
10787
10788
10789
10790
10791
10793
10794
10795
10796
10798
10799
10800
10801
10804
10805
10806
10807
10808
10810
10811
10813
10814
10817
10818
10820
10822
10824
10825
10826
10827
10828
10829
10830
10831
10832
10833
10834
10835
10836
10837
10839
10840
10841
10842
10843
10844
10845
10846
10847
10849
10851
10853
10854
10856
10857
10858
10859
10860
10861
10862
10863
10866
10867
10869
10871
10872
10874
10875
10876
10877
10879
10880
10881
10882
10883
10885
10886
10887
10888
10889
10890
10891
10892
10894
10895
10896
10897
10898
10900
10901
10903
10904
10906
10908
10910
10911
10912
10913
10914
10916
10917
10918
10919
10920
10921
10922
10924
10925
10926
10929
10930
10931
10932
10933
10934
10936
10937
10939
10940
10941
10942
10945
10947
10948
10949
10953
10954
10957
10958
10959
10960
10961
10963
10964
10965
10966
10967
10969
10970
10971
10972
10973
10975
10976
10977
10978
10979
10980
10984
10985
10986
10989
10991
10992
10993
10994
10997
10999
11000
11002
11004
11006
11008
11009
11010
11012
11013
11015
11016
11017
11018
11019
11020
11021
11022
11023
11024
11026
11030
11031
11033
11035
11036
11038
11039
11040
11041
11043
11044
11045
11046
11047
11048
11051
11054
11055
11057
11058
11059
11060
11062
11063
11064
11065
11068
11069
11071
11072
11073
11074
11076
11077
11078
11079
11080
11084
11085
11086
11088
11089
11090
11091
11093
11094
11095
11096
11097
11098
11099
11100
11101
11102
11103
11105
11106
11107
11108
11109
11111
11112
11113
11114
11116
11117
11118
11119
11120
11121
11122
11123
11124
11125
11126
11127
11128
11129
11130
11131
11132
11134
11135
11136
11137
11138
11140
11141
11142
11143
11144
11145
11146
11147
11148
11149
11150
11151
11152
11153
11154
11155
11156
11157
11158
11160
11161
11162
11164
11165
11166
11168
11169
11170
11171
11172
11173
11174
11176
11177
11178
11180
11181
11182
11183
11184
11185
11186
11188
11189
11190
11191
11192
11193
11194
11197
11198
11201
11202
11203
11205
11206
11208
11210
11211
11212
11216
11217
11218
11219
11220
11221
11222
11223
11224
11227
11228
11229
11230
11232
11233
11234
11235
11236
11239
11240
11241
11242
11243
11244
11246
11247
11248
11250
11251
11252
11253
11254
11256
11257
11258
11261
11262
11263
11264
11265
11266
11267
11268
11269
11271
11272
11273
11274
11277
11278
11280
11282
11284
11285
11286
11288
11289
11290
11291
11292
11293
11294
11295
11296
11297
11298
11299
11300
11301
11302
11304
11305
11306
11307
11308
11310
11312
11313
11314
11315
11316
11317
11318
11319
11320
11321
11322
11323
11324
11325
11326
11329
11330
11332
11333
11334
11335
11336
11337
11338
11339
11340
11341
11342
11343
11344
11345
11346
11347
11348
11349
11351
11352
11353
11354
11355
11356
11358
11361
11362
11363
11365
11366
11367
11368
11369
11370
11371
11372
11373
11376
11378
11381
11382
11383
11384
11385
11386
11387
11388
11389
11390
11391
11394
11395
11396
11397
11398
11399
11400
11401
11405
11406
11407
11408
11409
11411
11413
11414
11415
11416
11419
11420
11421
11422
11423
11425
11426
11428
11429
11430
11432
11433
11434
11435
11436
11437
11438
11439
11440
11441
11442
11444
11446
11447
11448
11450
11451
11452
11453
11454
11455
11456
11457
11459
11460
11461
11464
11466
11467
11468
11469
11470
11471
11472
11474
11475
11477
11478
11480
11481
11482
11483
11484
11485
11486
11488
11489
11490
11491
11492
11493
11494
11495
11496
11497
11498
11500
11501
11502
11504
11506
11507
11509
11510
11511
11513
11514
11516
11517
11518
11519
11521
11523
11524
11525
11527
11528
11531
11532
11533
11534
11535
11537
11538
11540
11541
11542
11543
11544
11545
11546
11547
11548
11549
11550
11551
11552
11553
11554
11555
11557
11559
11560
11561
11563
11564
11565
11566
11567
11568
11569
11572
11573
11574
11576
11577
11578
11579
11580
11581
11583
11585
11587
11590
11591
11592
11595
11596
11597
11598
11599
11600
11602
11603
11605
11607
11609
11610
11612
11613
11614
11615
11616
11617
11618
11619
11620
11621
11622
11623
11625
11626
11627
11628
11629
11630
11631
11632
11633
11634
11635
11636
11639
11640
11641
11642
11643
11644
11645
11646
11647
11648
11650
11651
11652
11653
11654
11655
11656
11657
11658
11659
11660
11661
11663
11664
11665
11669
11670
11671
11672
11673
11674
11676
11677
11679
11680
11683
11684
11686
11687
11688
11689
11690
11691
11692
11693
11694
11696
11697
11698
11699
11701
11702
11703
11705
11707
11708
11709
11710
11712
11715
11716
11717
11718
11719
11720
11721
11722
11723
11725
11727
11729
11730
11731
11733
11735
11736
11737
11743
11744
11745
11746
11747
11750
11751
11754
11756
11758
11759
11760
11762
11763
11764
11765
11766
11767
11768
11770
11771
11773
11774
11776
11777
11778
11779
11782
11783
11784
11785
11786
11787
11788
11789
11790
11791
11792
11794
11795
11796
11797
11799
11800
11801
11802
11803
11804
11805
11806
11807
11808
11809
11810
11811
11813
11814
11815
11816
11817
11818
11819
11821
11822
11823
11824
11825
11827
11828
11829
11831
11832
11833
11834
11835
11837
11838
11839
11840
11842
11844
11845
11846
11847
11848
11851
11852
11853
11855
11856
11857
11858
11862
11863
11864
11865
11866
11869
11870
11872
11873
11874
11875
11876
11877
11878
11879
11881
11882
11883
11884
11885
11886
11888
11889
11890
11892
11893
11894
11896
11898
11899
11900
11901
11902
11903
11905
11906
11908
11909
11910
11911
11912
11913
11914
11918
11919
11920
11921
11923
11926
11927
11928
11930
11931
11932
11933
11937
11938
11939
11940
11941
11942
11943
11944
11945
11946
11947
11949
11950
11951
11952
11954
11955
11956
11957
11958
11960
11961
11962
11963
11964
11966
11967
11968
11969
11971
11972
11974
11975
11976
11978
11982
11983
11984
11985
11986
11987
11988
11990
11991
11992
11993
11994
11995
11996
11998
11999
12000
12001
12002
12004
12006
12007
12008
12009
12010
12011
12013
12015
12017
12018
12020
12021
12022
12023
12024
12025
12026
12027
12030
12031
12033
12034
12037
12039
12040
12041
12042
12043
12044
12046
12047
12050
12051
12052
12053
12055
12056
12057
12058
12059
12061
12062
12065
12066
12067
12068
12069
12070
12071
12073
12074
12075
12076
12077
12078
12079
12080
12081
12083
12084
12085
12086
12087
12088
12089
12090
12091
12092
12093
12095
12096
12098
12099
12100
12101
12102
12103
12104
12106
12108
12109
12110
12112
12113
12115
12116
12117
12118
12119
12120
12121
12124
12125
12126
12128
12129
12130
12131
12132
12133
12134
12135
12136
12137
12139
12140
12141
12142
12143
12144
12145
12146
12148
12149
12150
12151
12152
12153
12155
12156
12157
12158
12159
12160
12161
12163
12164
12165
12167
12168
12169
12171
12172
12174
12176
12177
12178
12179
12180
12181
12182
12183
12184
12185
12186
12190
12192
12193
12194
12195
12196
12197
12198
12199
12200
12201
12202
12203
12204
12205
12206
12207
12208
12209
12210
12215
12216
12217
12219
12220
12222
12223
12224
12225
12226
12227
12228
12229
12230
12233
12234
12235
12236
12237
12238
12239
12241
12242
12244
12245
12247
12248
12249
12250
12252
12253
12254
12255
12256
12258
12260
12261
12263
12264
12265
12266
12268
12269
12270
12271
12273
12274
12275
12277
12278
12279
12280
12281
12282
12283
12284
12285
12286
12287
12288
12289
12291
12292
12293
12296
12297
12298
12300
12301
12304
12305
12306
12307
12308
12309
12310
12311
12312
12313
12314
12315
12317
12320
12321
12323
12325
12326
12327
12331
12332
12333
12335
12336
12338
12339
12340
12342
12343
12344
12345
12346
12347
12348
12350
12351
12354
12355
12356
12359
12360
12361
12363
12364
12365
12366
12367
12368
12369
12370
12373
12375
12376
12377
12378
12379
12381
12383
12386
12387
12388
12389
12390
12391
12392
12395
12396
12397
12398
12399
12400
12401
12402
12404
12405
12406
12407
12410
12412
12414
12415
12416
12417
12418
12419
12420
12421
12422
12423
12426
12427
12429
12430
12431
12432
12433
12435
12436
12439
12441
12442
12443
12444
12447
12448
12449
12450
12451
12452
12453
12454
12456
12457
12458
12459
12460
12461
12463
12464
12465
12466
12468
12470
12471
12472
12473
12474
12475
12476
12477
12478
12480
12481
12482
12483
12484
12485
12488
12489
12490
12491
12493
12495
12496
12497
12498
12500
12501
12502
12503
12504
12505
12506
12507
12508
12509
12510
12511
12513
12514
12515
12517
12518
12519
12521
12523
12524
12526
12528
12529
12531
12533
12534
12535
12536
12537
12539
12540
12541
12542
12543
12544
12545
12547
12548
12549
12551
12552
12553
12555
12556
12558
12559
12560
12561
12564
12566
12567
12568
12569
12570
12571
12572
12573
12577
12578
12581
12582
12583
12584
12585
12586
12587
12588
12589
12590
12591
12593
12594
12595
12596
12597
12598
12601
12603
12606
12607
12609
12610
12611
12612
12613
12614
12615
12616
12617
12618
12621
12622
12624
12625
12626
12627
12629
12630
12633
12634
12635
12636
12638
12639
12640
12641
12642
12643
12644
12645
12647
12648
12649
12650
12651
12652
12653
12654
12655
12656
12659
12661
12662
12663
12664
12665
12666
12668
12669
12671
12673
12674
12676
12678
12679
12680
12681
12682
12683
12688
12689
12691
12692
12694
12696
12697
12698
12699
12701
12702
12704
12705
12706
12708
12710
12711
12712
12713
12715
12717
12718
12719
12720
12721
12722
12723
12726
12727
12731
12732
12733
12734
12735
12736
12737
12738
12739
12740
12741
12743
12744
12745
12747
12748
12749
12750
12751
12752
12753
12754
12755
12756
12757
12758
12759
12760
12761
12762
12763
12767
12768
12769
12770
12771
12772
12773
12775
12778
12779
12780
12781
12782
12784
12786
12787
12788
12789
12790
12791
12792
12793
12794
12795
12796
12797
12798
12799
12800
12801
12802
12803
12804
12805
12806
12807
12808
12809
12816
12817
12821
12822
12823
12824
12825
12826
12828
12829
12830
12832
12833
12834
12836
12837
12838
12840
12841
12843
12844
12845
12846
12848
12849
12850
12851
12852
12853
12854
12855
12856
12857
12858
12859
12861
12863
12864
12865
12867
12868
12869
12870
12871
12872
12874
12875
12876
12877
12878
12880
12881
12882
12883
12884
12887
12888
12889
12891
12892
12893
12894
12895
12896
12897
12899
12900
12901
12903
12904
12906
12908
12909
12910
12911
12912
12914
12915
12917
12918
12919
12920
12922
12923
12924
12925
12926
12927
12928
12929
12930
12931
12932
12933
12935
12936
12937
12938
12939
12940
12941
12942
12943
12944
12945
12946
12948
12949
12951
12952
12953
12954
12955
12957
12958
12959
12960
12961
12962
12963
12964
12965
12967
12968
12971
12973
12974
12976
12977
12979
12980
12981
12982
12983
12985
12986
12987
12988
12991
12993
12994
12995
12996
12998
12999
13000
13001
13002
13003
13004
13005
13006
13009
13010
13012
13014
13015
13016
13017
13018
13019
13021
13022
13024
13026
13027
13029
13030
13031
13033
13034
13035
13038
13040
13041
13042
13043
13045
13046
13047
13048
13051
13053
13054
13056
13057
13059
13060
13061
13062
13063
13064
13065
13066
13067
13068
13069
13071
13072
13073
13074
13075
13076
13077
13079
13080
13081
13082
13084
13085
13086
13087
13088
13089
13090
13091
13092
13093
13094
13095
13096
13097
13099
13100
13101
13102
13103
13104
13105
13106
13107
13108
13109
13110
13113
13114
13116
13117
13118
13120
13121
13122
13123
13125
13126
13127
13128
13131
13135
13136
13137
13138
13139
13140
13141
13142
13143
13144
13145
13147
13148
13150
13151
13153
13154
13156
13157
13158
13159
13160
13161
13162
13164
13165
13166
13167
13168
13170
13171
13172
13173
13175
13176
13177
13178
13179
13180
13181
13183
13184
13185
13186
13187
13188
13190
13193
13194
13196
13197
13199
13200
13201
13202
13203
13204
13205
13207
13208
13209
13211
13212
13213
13215
13216
13217
13218
13219
13222
13223
13224
13226
13227
13228
13229
13230
13232
13233
13234
13235
13236
13237
13238
13239
13240
13244
13245
13246
13248
13249
13250
13251
13252
13253
13254
13255
13256
13259
13260
13262
13263
13264
13265
13266
13267
13271
13272
13273
13276
13278
13279
13280
13281
13282
13283
13285
13290
13292
13293
13295
13296
13299
13301
13303
13304
13305
13306
13307
13308
13309
13310
13311
13312
13315
13316
13317
13318
13319
13320
13322
13323
13324
13325
13326
13328
13329
13330
13331
13332
13333
13336
13337
13338
13339
13340
13341
13343
13345
13346
13347
13348
13352
13354
13355
13357
13358
13359
13360
13362
13363
13364
13365
13366
13367
13368
13369
13370
13371
13372
13373
13375
13376
13377
13378
13379
13380
13382
13383
13384
13385
13386
13387
13388
13389
13390
13392
13393
13394
13395
13396
13398
13399
13400
13402
13404
13406
13407
13408
13409
13411
13412
13413
13414
13415
13416
13418
13419
13421
13422
13423
13424
13425
13426
13427
13428
13430
13432
13433
13434
13435
13437
13438
13439
13441
13443
13444
13445
13446
13447
13449
13450
13451
13452
13453
13454
13455
13456
13457
13458
13459
13460
13462
13464
13468
13469
13470
13471
13473
13474
13475
13477
13478
13479
13480
13481
13482
13483
13484
13485
13486
13487
13489
13491
13492
13493
13494
13495
13496
13497
13498
13499
13501
13502
13503
13504
13505
13506
13507
13508
13509
13511
13513
13514
13515
13516
13518
13519
13520
13522
13523
13525
13527
13528
13529
13530
13532
13534
13537
13538
13539
13540
13541
13542
13543
13544
13545
13546
13547
13548
13549
13550
13552
13553
13554
13555
13556
13557
13558
13559
13560
13561
13562
13563
13565
13567
13569
13570
13571
13572
13573
13574
13575
13576
13578
13579
13580
13581
13582
13583
13587
13589
13590
13591
13592
13593
13594
13595
13596
13597
13600
13603
13604
13605
13606
13608
13609
13610
13611
13612
13613
13614
13615
13616
13618
13620
13621
13624
13625
13626
13627
13630
13631
13632
13633
13634
13635
13636
13640
13641
13642
13643
13644
13645
13646
13647
13648
13649
13651
13652
13653
13654
13655
13657
13658
13659
13660
13661
13662
13663
13665
13666
13667
13668
13671
13673
13674
13675
13676
13677
13679
13680
13681
13682
13683
13684
13686
13688
13689
13690
13693
13695
13696
13697
13698
13699
13701
13702
13703
13704
13705
13706
13707
13708
13709
13710
13711
13712
13713
13714
13715
13716
13717
13718
13719
13721
13722
13723
13724
13725
13726
13727
13728
13729
13730
13731
13732
13733
13734
13736
13738
13741
13742
13744
13745
13746
13747
13748
13749
13750
13751
13752
13753
13754
13755
13756
13758
13759
13760
13761
13762
13764
13765
13766
13767
13769
13770
13771
13772
13775
13777
13778
13779
13780
13781
13783
13784
13785
13787
13789
13791
13792
13793
13794
13795
13797
13799
13801
13802
13804
13805
13806
13808
13809
13810
13813
13814
13817
13818
13819
13822
13823
13824
13827
13830
13831
13832
13833
13834
13835
13838
13839
13840
13841
13842
13845
13846
13847
13849
13851
13852
13853
13854
13855
13856
13857
13859
13860
13861
13863
13865
13866
13867
13868
13870
13872
13873
13874
13875
13876
13878
13879
13880
13881
13882
13884
13885
13887
13888
13890
13891
13892
13893
13895
13897
13898
13899
13900
13901
13902
13905
13906
13907
13908
13909
13910
13911
13912
13914
13915
13917
13918
13920
13921
13923
13924
13926
13927
13928
13929
13932
13934
13935
13936
13938
13939
13940
13942
13943
13944
13945
13948
13949
13952
13954
13955
13957
13958
13959
13960
13961
13962
13963
13964
13965
13966
13967
13968
13969
13970
13971
13972
13973
13974
13976
13977
13978
13980
13981
13983
13984
13985
13986
13987
13988
13989
13990
13991
13992
13993
13995
13996
13997
13998
13999
14000
14002
14003
14005
14006
14008
14009
14010
14011
14012
14014
14016
14018
14019
14020
14021
14022
14023
14024
14025
14026
14029
14031
14032
14034
14035
14036
14037
14038
14039
14040
14041
14042
14045
14046
14047
14048
14050
14051
14053
14054
14058
14059
14060
14061
14063
14064
14066
14067
14069
14070
14071
14072
14074
14075
14078
14079
14081
14082
14083
14084
14085
14086
14088
14089
14090
14091
14092
14093
14094
14095
14098
14103
14105
14107
14109
14110
14111
14112
14114
14115
14118
14120
14121
14122
14124
14127
14128
14129
14130
14131
14133
14134
14135
14137
14138
14141
14142
14143
14144
14145
14147
14149
14151
14152
14153
14154
14155
14156
14157
14159
14160
14161
14163
14164
14166
14167
14168
14169
14170
14171
14172
14173
14174
14175
14176
14177
14178
14179
14180
14181
14182
14183
14184
14185
14186
14188
14190
14191
14192
14193
14194
14195
14196
14197
14198
14199
14201
14203
14204
14205
14206
14207
14208
14209
14210
14211
14212
14213
14214
14217
14218
14220
14223
14224
14226
14227
14228
14229
14230
14231
14233
14234
14235
14237
14238
14239
14240
14241
14242
14244
14245
14246
14247
14249
14250
14251
14252
14255
14257
14258
14259
14260
14261
14262
14263
14264
14265
14268
14269
14270
14271
14272
14273
14274
14276
14279
14280
14282
14283
14284
14287
14289
14290
14291
14293
14294
14296
14297
14299
14300
14301
14302
14304
14307
14308
14311
14313
14314
14315
14318
14320
14322
14324
14325
14326
14327
14328
14330
14332
14333
14334
14335
14336
14338
14340
14341
14342
14343
14344
14345
14346
14347
14348
14351
14352
14354
14355
14356
14358
14359
14360
14362
14363
14365
14367
14369
14371
14372
14375
14376
14377
14378
14380
14381
14382
14384
14385
14387
14388
14389
14390
14391
14392
14393
14394
14395
14396
14397
14398
14399
14400
14403
14405
14406
14408
14410
14411
14412
14413
14415
14416
14417
14418
14419
14420
14421
14422
14423
14424
14426
14427
14428
14429
14430
14431
14432
14434
14435
14436
14437
14441
14442
14443
14444
14445
14447
14448
14449
14450
14452
14453
14454
14455
14456
14457
14458
14459
14460
14461
14462
14463
14464
14465
14466
14467
14469
14470
14471
14472
14473
14475
14476
14478
14479
14480
14481
14482
14484
14486
14487
14488
14490
14493
14494
14495
14496
14497
14498
14499
14500
14501
14502
14505
14506
14508
14511
14512
14513
14514
14516
14517
14518
14519
14523
14524
14525
14526
14527
14529
14531
14533
14534
14535
14536
14537
14540
14541
14542
14543
14544
14546
14547
14548
14549
14551
14552
14554
14555
14557
14558
14559
14560
14561
14563
14565
14569
14570
14571
14572
14573
14575
14576
14578
14580
14581
14583
14585
14586
14587
14588
14589
14590
14591
14593
14596
14597
14599
14600
14601
14602
14603
14605
14606
14607
14608
14609
14610
14611
14612
14613
14615
14616
14617
14619
14620
14622
14623
14627
14628
14629
14631
14634
14635
14636
14637
14639
14641
14642
14643
14644
14645
14647
14648
14649
14650
14652
14653
14654
14656
14657
14658
14660
14661
14663
14664
14665
14666
14667
14669
14670
14672
14673
14674
14677
14678
14679
14680
14681
14682
14683
14685
14687
14688
14689
14690
14691
14692
14693
14695
14696
14697
14698
14699
14700
14701
14702
14703
14704
14705
14706
14707
14709
14710
14711
14712
14713
14714
14717
14718
14720
14721
14722
14725
14726
14727
14728
14730
14731
14733
14735
14736
14737
14738
14739
14741
14742
14743
14744
14745
14746
14747
14748
14750
14752
14753
14756
14758
14759
14760
14761
14762
14763
14764
14765
14767
14768
14770
14772
14774
14775
14778
14780
14782
14783
14785
14786
14788
14789
14790
14791
14792
14793
14794
14795
14796
14799
14800
14801
14802
14803
14804
14807
14808
14810
14811
14813
14815
14816
14817
14818
14819
14820
14821
14822
14824
14825
14826
14827
14828
14829
14830
14831
14832
14833
14834
14835
14836
14838
14840
14841
14844
14845
14849
14850
14852
14853
14855
14856
14857
14858
14859
14860
14861
14862
14863
14864
14865
14866
14867
14868
14870
14871
14872
14873
14874
14876
14877
14880
14881
14882
14883
14884
14885
14886
14887
14889
14890
14891
14892
14893
14894
14895
14898
14902
14903
14904
14908
14909
14910
14911
14912
14913
14914
14916
14920
14921
14922
14923
14926
14928
14929
14930
14931
14932
14933
14934
14935
14936
14937
14938
14939
14940
14942
14943
14944
14946
14947
14949
14950
14952
14953
14954
14955
14958
14959
14960
14961
14962
14963
14967
14968
14969
14970
14971
14972
14973
14975
14976
14977
14978
14979
14980
14981
14982
14983
14984
14986
14987
14988
14989
14991
14992
14993
14995
14996
14997
14999
15000
15001
15002
15003
15004
15005
15006
15011
15014
15015
15016
15018
15019
15020
15023
15024
15025
15028
15029
15030
15031
15035
15036
15037
15038
15039
15040
15041
15042
15043
15044
15046
15047
15048
15049
15050
15055
15056
15057
15058
15059
15060
15062
15064
15065
15066
15067
15069
15070
15071
15072
15074
15075
15076
15077
15078
15080
15081
15082
15083
15085
15087
15088
15089
15090
15092
15093
15094
15095
15096
15097
15098
15099
15101
15103
15104
15105
15106
15107
15108
15110
15112
15113
15116
15117
15118
15119
15120
15122
15123
15124
15125
15126
15127
15128
15129
15130
15131
15132
15133
15135
15136
15137
15139
15142
15144
15147
15149
15150
15152
15153
15156
15157
15158
15161
15162
15164
15166
15167
15168
15170
15171
15172
15173
15174
15175
15176
15177
15178
15181
15184
15186
15187
15190
15191
15192
15193
15194
15196
15197
15198
15199
15200
15201
15202
15203
15204
15205
15206
15208
15209
15210
15211
15212
15213
15214
15215
15217
15218
15220
15222
15226
15227
15228
15229
15230
15232
15233
15234
15235
15236
15237
15238
15239
15240
15243
15244
15245
15246
15247
15250
15251
15252
15254
15257
15258
15259
15260
15261
15262
15264
15265
15267
15268
15269
15271
15272
15273
15275
15277
15278
15279
15282
15285
15286
15288
15289
15291
15292
15293
15295
15296
15297
15298
15299
15300
15301
15302
15303
15305
15306
15307
15308
15310
15311
15312
15313
15314
15315
15316
15317
15318
15322
15323
15324
15325
15327
15331
15333
15335
15336
15338
15339
15340
15341
15342
15345
15346
15347
15348
15349
15350
15352
15354
15355
15358
15359
15361
15363
15364
15365
15367
15374
15375
15376
15379
15380
15382
15383
15384
15385
15388
15389
15390
15391
15393
15394
15395
15396
15397
15399
15401
15402
15403
15405
15409
15410
15412
15413
15414
15416
15417
15418
15420
15422
15424
15425
15426
15427
15428
15429
15432
15433
15435
15436
15437
15439
15440
15441
15443
15444
15445
15446
15448
15449
15451
15452
15458
15462
15463
15464
15465
15466
15468
15470
15471
15472
15473
15474
15476
15477
15478
15480
15481
15482
15483
15484
15485
15486
15487
15488
15489
15491
15492
15493
15494
15495
15496
15497
15499
15501
15503
15505
15506
15507
15511
15512
15513
15515
15516
15518
15519
15521
15522
15523
15525
15526
15527
15528
15529
15530
15531
15532
15533
15535
15537
15540
15541
15542
15544
15545
15547
15548
15549
15551
15552
15553
15554
15555
15556
15557
15558
15560
15561
15562
15563
15564
15565
15567
15570
15572
15573
15574
15575
15576
15578
15579
15580
15581
15582
15584
15586
15588
15589
15591
15592
15593
15594
15595
15596
15597
15598
15599
15600
15601
15603
15604
15606
15607
15608
15609
15610
15611
15612
15613
15614
15615
15617
15618
15619
15620
15621
15622
15623
15624
15625
15626
15627
15628
15629
15630
15631
15632
15633
15634
15636
15637
15639
15641
15642
15644
15645
15647
15648
15649
15651
15653
15654
15656
15657
15659
15661
15663
15664
15665
15667
15669
15670
15673
15674
15675
15676
15678
15679
15680
15681
15683
15685
15686
15687
15688
15689
15693
15694
15695
15697
15698
15700
15702
15703
15704
15705
15706
15707
15708
15711
15712
15714
15715
15716
15717
15721
15722
15723
15724
15725
15727
15728
15731
15732
15733
15734
15735
15736
15737
15739
15740
15741
15742
15743
15745
15746
15747
15748
15749
15750
15751
15752
15754
15756
15758
15759
15761
15764
15765
15766
15767
15768
15769
15770
15772
15773
15774
15775
15776
15777
15778
15780
15781
15782
15783
15784
15786
15787
15788
15789
15790
15791
15792
15793
15794
15795
15796
15798
15799
15802
15803
15804
15806
15808
15809
15810
15811
15813
15814
15815
15816
15817
15818
15822
15823
15824
15825
15827
15828
15832
15833
15836
15837
15838
15839
15840
15841
15842
15843
15844
15845
15848
15849
15851
15855
15856
15859
15860
15862
15865
15866
15867
15869
15873
15874
15875
15876
15878
15879
15881
15882
15883
15884
15885
15886
15889
15891
15892
15893
15894
15895
15896
15897
15898
15899
15900
15902
15903
15904
15906
15908
15909
15910
15911
15912
15915
15917
15919
15920
15921
15922
15923
15924
15925
15926
15927
15930
15932
15933
15934
15935
15936
15941
15943
15944
15946
15948
15949
15951
15953
15955
15956
15957
15958
15959
15960
15961
15962
15963
15964
15965
15966
15967
15969
15970
15971
15972
15973
15974
15975
15976
15977
15979
15981
15982
15983
15984
15985
15987
15988
15989
15990
15996
15997
15998
15999
16000
16002
16004
16005
16006
16007
16008
16009
16010
16011
16012
16013
16014
16015
16016
16017
16018
16020
16021
16022
16023
16024
16025
16026
16027
16028
16029
16030
16031
16032
16034
16035
16036
16037
16041
16042
16043
16045
16046
16047
16048
16049
16050
16051
16052
16053
16057
16060
16061
16062
16063
16064
16066
16067
16068
16069
16070
16071
16073
16075
16076
16077
16078
16079
16080
16082
16083
16087
16088
16089
16091
16092
16093
16094
16095
16096
16097
16098
16099
16100
16101
16102
16103
16104
16105
16106
16107
16108
16109
16110
16111
16112
16113
16114
16115
16117
16118
16120
16124
16126
16127
16128
16129
16130
16131
16133
16134
16136
16137
16138
16139
16140
16142
16143
16144
16146
16147
16148
16149
16150
16151
16152
16153
16154
16155
16157
16159
16160
16162
16163
16164
16165
16166
16167
16168
16169
16170
16171
16172
16173
16174
16175
16177
16178
16179
16182
16183
16184
16185
16186
16187
16188
16190
16191
16192
16195
16197
16198
16200
16201
16202
16204
16205
16207
16208
16209
16211
16212
16213
16214
16215
16218
16219
16220
16221
16222
16223
16224
16225
16228
16229
16230
16231
16232
16233
16234
16235
16238
16239
16240
16241
16242
16243
16244
16245
16246
16248
16249
16250
16251
16252
16253
16256
16257
16258
16261
16262
16263
16267
16268
16270
16271
16277
16278
16279
16280
16282
16283
16284
16285
16288
16289
16290
16291
16294
16295
16296
16297
16298
16299
16300
16301
16302
16303
16304
16305
16306
16307
16308
16310
16311
16314
16315
16317
16319
16320
16321
16323
16324
16327
16328
16329
16330
16331
16332
16335
16336
16337
16338
16340
16343
16344
16345
16346
16347
16348
16349
16350
16351
16352
16353
16354
16355
16356
16357
16358
16359
16360
16361
16364
16365
16366
16367
16368
16369
16373
16375
16376
16379
16382
16383
16384
16385
16386
16387
16388
16389
16392
16393
16395
16396
16397
16398
16399
16401
16402
16403
16405
16406
16407
16408
16409
16410
16411
16412
16413
16415
16416
16418
16419
16420
16421
16422
16423
16424
16425
16427
16429
16430
16431
16432
16433
16434
16435
16436
16437
16439
16440
16441
16443
16444
16445
16448
16450
16451
16453
16454
16455
16456
16457
16463
16465
16466
16467
16468
16470
16472
16473
16474
16475
16476
16477
16478
16480
16484
16487
16488
16489
16490
16491
16492
16494
16496
16498
16499
16500
16501
16502
16503
16504
16505
16506
16507
16508
16509
16510
16511
16513
16515
16516
16517
16518
16519
16521
16522
16524
16525
16526
16530
16531
16532
16534
16536
16538
16539
16540
16541
16542
16543
16545
16546
16547
16548
16550
16551
16552
16553
16555
16556
16558
16560
16561
16562
16563
16566
16568
16569
16570
16572
16576
16577
16578
16579
16580
16583
16585
16586
16587
16589
16591
16592
16593
16594
16595
16596
16598
16599
16600
16601
16602
16603
16604
16605
16607
16609
16610
16612
16613
16614
16615
16617
16618
16620
16621
16622
16623
16624
16625
16626
16627
16628
16629
16632
16633
16634
16635
16636
16637
16639
16640
16641
16643
16645
16646
16648
16651
16653
16654
16656
16657
16659
16661
16662
16664
16665
16666
16668
16670
16672
16673
16674
16675
16676
16677
16679
16681
16682
16684
16686
16687
16688
16689
16691
16693
16694
16695
16696
16697
16698
16699
16701
16703
16704
16705
16706
16707
16708
16709
16710
16711
16712
16713
16714
16716
16717
16718
16719
16720
16722
16723
16724
16725
16727
16728
16731
16732
16735
16737
16738
16739
16740
16742
16743
16744
16746
16747
16748
16751
16752
16753
16754
16756
16757
16758
16759
16760
16761
16762
16763
16764
16765
16766
16768
16769
16770
16771
16772
16773
16775
16776
16777
16778
16779
16781
16782
16783
16784
16785
16787
16788
16789
16792
16793
16794
16796
16797
16798
16800
16802
16803
16804
16805
16806
16807
16808
16809
16810
16812
16814
16815
16817
16818
16819
16820
16821
16822
16823
16827
16828
16829
16832
16833
16834
16836
16839
16842
16845
16846
16847
16849
16850
16852
16853
16855
16856
16857
16860
16863
16864
16865
16866
16867
16868
16870
16872
16873
16874
16875
16876
16878
16879
16880
16881
16883
16884
16885
16887
16888
16890
16891
16892
16893
16894
16897
16898
16899
16901
16902
16905
16908
16909
16911
16912
16913
16915
16916
16917
16920
16922
16923
16924
16928
16929
16932
16933
16935
16937
16938
16939
16940
16941
16943
16944
16947
16949
16950
16952
16953
16954
16955
16956
16958
16959
16960
16961
16964
16966
16967
16968
16969
16970
16973
16974
16975
16976
16979
16980
16981
16982
16983
16984
16985
16987
16988
16989
16991
16993
16996
16997
16998
16999
17000
17002
17003
17005
17007
17008
17009
17011
17016
17017
17019
17020
17022
17023
17024
17027
17028
17030
17031
17032
17034
17038
17039
17040
17041
17043
17045
17046
17047
17049
17051
17052
17053
17055
17057
17058
17060
17061
17062
17063
17064
17065
17066
17067
17068
17069
17070
17071
17072
17074
17075
17076
17077
17078
17079
17080
17081
17082
17083
17084
17085
17086
17087
17088
17089
17090
17091
17092
17093
17094
17097
17098
17099
17101
17102
17104
17106
17107
17108
17109
17110
17111
17112
17113
17114
17117
17118
17119
17120
17121
17122
17123
17125
17127
17128
17129
17130
17131
17132
17133
17134
17136
17139
17140
17141
17142
17143
17145
17146
17147
17149
17150
17151
17153
17154
17155
17156
17157
17158
17159
17161
17162
17163
17164
17165
17166
17167
17168
17169
17171
17172
17173
17174
17175
17177
17180
17181
17184
17185
17187
17188
17189
17190
17191
17192
17193
17196
17197
17198
17199
17200
17201
17203
17204
17205
17206
17207
17208
17210
17211
17214
17216
17218
17219
17220
17221
17223
17224
17225
17226
17227
17228
17229
17230
17232
17234
17235
17236
17238
17239
17240
17241
17243
17244
17245
17247
17248
17249
17251
17252
17253
17254
17257
17258
17259
17260
17261
17263
17264
17265
17266
17267
17268
17270
17271
17272
17273
17275
17277
17278
17280
17281
17283
17284
17285
17287
17288
17289
17290
17291
17292
17293
17294
17295
17296
17297
17298
17299
17300
17302
17304
17305
17307
17308
17309
17310
17311
17312
17313
17315
17316
17318
17319
17320
17321
17323
17324
17325
17326
17328
17330
17332
17333
17334
17335
17338
17340
17344
17345
17346
17349
17350
17352
17353
17354
17356
17357
17358
17360
17362
17363
17364
17366
17367
17368
17369
17373
17374
17375
17376
17377
17378
17380
17381
17382
17384
17385
17386
17387
17388
17389
17391
17392
17393
17394
17395
17397
17399
17401
17402
17404
17405
17406
17407
17410
17414
17415
17416
17417
17419
17420
17422
17424
17425
17427
17428
17429
17430
17432
17434
17435
17437
17439
17440
17441
17443
17444
17445
17447
17448
17450
17452
17453
17454
17455
17456
17457
17459
17461
17462
17465
17466
17467
17471
17474
17475
17477
17479
17480
17481
17482
17483
17485
17486
17487
17488
17489
17490
17491
17492
17494
17495
17496
17497
17498
17500
17501
17502
17503
17504
17506
17507
17508
17509
17510
17511
17512
17513
17514
17515
17516
17517
17519
17521
17526
17528
17529
17530
17531
17533
17534
17535
17537
17538
17539
17540
17541
17543
17545
17547
17548
17549
17551
17553
17554
17556
17557
17558
17559
17560
17561
17562
17563
17564
17565
17566
17567
17568
17569
17571
17572
17573
17575
17576
17577
17578
17579
17583
17584
17587
17588
17589
17590
17591
17592
17593
17594
17596
17597
17598
17599
17600
17601
17602
17603
17604
17605
17606
17607
17609
17610
17612
17614
17615
17616
17617
17619
17621
17622
17623
17625
17626
17627
17628
17629
17631
17633
17634
17635
17637
17638
17639
17640
17642
17643
17645
17646
17648
17650
17651
17653
17654
17655
17657
17658
17659
17661
17664
17666
17668
17669
17670
17671
17672
17673
17675
17676
17677
17678
17679
17680
17681
17682
17683
17684
17685
17686
17688
17689
17690
17691
17693
17695
17696
17697
17698
17699
17700
17701
17702
17703
17704
17706
17708
17710
17711
17714
17717
17719
17720
17722
17723
17724
17726
17727
17730
17732
17733
17735
17736
17737
17739
17742
17743
17744
17745
17748
17749
17750
17754
17755
17756
17758
17759
17760
17761
17762
17763
17764
17765
17767
17768
17771
17773
17774
17775
17776
17778
17779
17781
17782
17784
17785
17786
17787
17788
17789
17790
17791
17793
17795
17796
17797
17798
17799
17800
17802
17803
17804
17805
17807
17810
17811
17812
17814
17818
17820
17821
17822
17825
17826
17827
17828
17829
17830
17831
17832
17833
17835
17836
17839
17840
17844
17845
17848
17849
17851
17852
17853
17854
17855
17856
17857
17860
17861
17863
17865
17866
17867
17869
17870
17872
17873
17874
17875
17877
17878
17880
17881
17882
17883
17884
17885
17886
17887
17888
17891
17892
17896
17898
17899
17900
17901
17904
17905
17907
17908
17911
17912
17914
17916
17918
17919
17921
17922
17923
17924
17925
17926
17927
17928
17929
17930
17931
17932
17933
17934
17935
17936
17939
17940
17942
17943
17944
17950
17951
17952
17953
17954
17955
17957
17958
17959
17960
17962
17963
17964
17965
17967
17968
17969
17971
17972
17973
17974
17975
17976
17977
17978
17981
17982
17983
17984
17985
17986
17987
17990
17991
17992
17994
17997
17998
18000
18001
18002
18003
18004
18005
18006
18007
18008
18009
18013
18014
18016
18017
18018
18020
18021
18022
18023
18024
18027
18028
18031
18034
18035
18036
18037
18038
18039
18040
18041
18042
18043
18046
18047
18048
18049
18052
18053
18054
18056
18057
18058
18059
18060
18061
18064
18065
18066
18068
18069
18072
18073
18074
18075
18076
18077
18078
18080
18082
18083
18084
18085
18086
18087
18088
18089
18090
18091
18092
18093
18094
18095
18097
18098
18099
18100
18101
18104
18105
18106
18107
18108
18109
18110
18112
18114
18115
18116
18117
18118
18119
18120
18124
18125
18126
18128
18130
18131
18132
18133
18134
18135
18136
18137
18138
18139
18140
18141
18142
18143
18144
18145
18146
18147
18149
18150
18151
18155
18156
18157
18158
18160
18162
18163
18164
18165
18166
18167
18168
18169
18170
18171
18172
18173
18174
18175
18176
18177
18178
18180
18181
18182
18183
18184
18185
18186
18187
18188
18189
18192
18193
18194
18195
18196
18197
18198
18199
18200
18202
18203
18204
18205
18206
18207
18209
18211
18212
18213
18214
18217
18218
18220
18221
18222
18223
18229
18230
18231
18232
18233
18234
18235
18236
18237
18238
18239
18240
18241
18242
18243
18244
18248
18249
18251
18252
18253
18254
18255
18258
18259
18260
18261
18263
18264
18266
18267
18268
18270
18271
18274
18275
18278
18279
18280
18282
18283
18284
18285
18287
18289
18290
18291
18292
18293
18295
18296
18297
18299
18301
18303
18304
18305
18306
18307
18308
18309
18310
18312
18315
18316
18318
18319
18320
18322
18323
18324
18326
18328
18329
18331
18332
18333
18334
18335
18336
18337
18339
18340
18342
18343
18344
18348
18349
18350
18351
18352
18353
18354
18356
18357
18358
18362
18365
18368
18369
18370
18372
18373
18374
18375
18376
18377
18378
18379
18380
18381
18382
18383
18384
18385
18387
18388
18389
18390
18391
18392
18393
18394
18395
18396
18397
18398
18400
18402
18403
18404
18405
18407
18408
18409
18411
18412
18413
18414
18415
18418
18420
18421
18422
18423
18424
18425
18427
18428
18430
18431
18432
18433
18435
18436
18439
18443
18444
18447
18448
18450
18451
18452
18453
18455
18456
18457
18458
18459
18460
18461
18462
18463
18464
18465
18466
18467
18468
18469
18470
18471
18473
18475
18476
18477
18478
18479
18480
18481
18483
18484
18486
18488
18489
18492
18494
18496
18498
18499
18500
18502
18504
18505
18506
18507
18508
18509
18510
18511
18512
18513
18514
18516
18517
18518
18520
18521
18522
18523
18524
18525
18526
18527
18528
18529
18530
18532
18533
18534
18535
18536
18537
18538
18539
18540
18541
18542
18544
18545
18546
18547
18548
18549
18550
18552
18553
18554
18555
18556
18557
18558
18559
18560
18561
18562
18563
18564
18565
18567
18569
18570
18571
18572
18573
18574
18575
18576
18577
18578
18579
18581
18583
18585
18586
18587
18588
18589
18591
18592
18593
18594
18595
18597
18599
18600
18601
18602
18603
18605
18606
18607
18608
18609
18610
18612
18613
18616
18617
18618
18620
18622
18623
18624
18626
18627
18630
18631
18632
18635
18636
18637
18638
18639
18641
18642
18643
18644
18645
18646
18647
18648
18649
18650
18651
18652
18653
18654
18655
18656
18657
18659
18660
18661
18662
18664
18665
18666
18667
18670
18671
18673
18674
18675
18676
18677
18678
18679
18682
18683
18684
18685
18686
18687
18689
18691
18692
18693
18694
18695
18696
18698
18699
18700
18702
18704
18705
18706
18707
18709
18710
18712
18713
18714
18715
18716
18717
18718
18720
18721
18722
18723
18724
18725
18726
18729
18730
18732
18733
18734
18735
18737
18738
18739
18740
18741
18743
18744
18745
18746
18747
18748
18749
18751
18752
18754
18755
18756
18758
18759
18760
18761
18762
18764
18765
18766
18767
18770
18771
18772
18773
18774
18775
18776
18777
18778
18779
18781
18783
18785
18786
18788
18790
18791
18792
18795
18796
18798
18800
18801
18802
18804
18805
18806
18808
18809
18810
18811
18814
18815
18816
18818
18819
18820
18821
18822
18826
18828
18830
18831
18833
18834
18835
18836
18839
18840
18842
18843
18844
18845
18848
18849
18850
18851
18856
18857
18858
18859
18861
18862
18863
18864
18865
18866
18867
18869
18870
18871
18872
18873
18874
18877
18878
18879
18880
18881
18884
18886
18887
18889
18890
18892
18894
18895
18896
18897
18898
18900
18902
18904
18905
18907
18908
18909
18910
18911
18912
18913
18915
18916
18917
18919
18921
18922
18924
18927
18931
18932
18933
18934
18935
18936
18937
18939
18940
18941
18942
18943
18944
18945
18946
18948
18949
18951
18952
18953
18954
18955
18957
18958
18959
18960
18961
18962
18964
18966
18967
18970
18971
18973
18974
18977
18978
18979
18980
18981
18982
18985
18986
18987
18988
18989
18990
18991
18992
18995
18998
19000
19001
19002
19003
19007
19008
19010
19011
19012
19013
19014
19015
19018
19019
19020
19022
19024
19026
19028
19032
19033
19034
19035
19036
19037
19038
19039
19040
19043
19044
19046
19047
19048
19049
19051
19052
19053
19054
19056
19057
19058
19059
19060
19061
19062
19065
19066
19067
19068
19069
19070
19072
19073
19074
19076
19077
19079
19080
19083
19084
19087
19088
19089
19090
19092
19094
19095
19096
19097
19098
19099
19100
19101
19102
19103
19104
19106
19107
19108
19110
19111
19113
19114
19115
19119
19120
19121
19122
19123
19124
19126
19130
19132
19133
19135
19136
19137
19138
19139
19140
19141
19142
19143
19144
19145
19146
19147
19148
19149
19150
19151
19152
19153
19154
19157
19158
19159
19162
19163
19164
19166
19167
19168
19169
19171
19172
19173
19174
19175
19176
19177
19179
19180
19181
19182
19183
19186
19188
19191
19192
19194
19195
19196
19197
19200
19201
19202
19204
19206
19207
19208
19209
19212
19213
19214
19215
19217
19220
19221
19222
19223
19226
19227
19228
19229
19231
19232
19233
19234
19235
19236
19237
19238
19239
19241
19242
19245
19246
19248
19249
19251
19252
19253
19254
19255
19257
19258
19260
19261
19262
19263
19264
19265
19266
19268
19269
19270
19271
19274
19275
19276
19277
19278
19280
19282
19283
19285
19288
19290
19292
19293
19296
19297
19298
19299
19301
19303
19304
19305
19306
19307
19308
19310
19312
19313
19314
19315
19317
19320
19321
19322
19324
19325
19329
19332
19333
19334
19335
19336
19337
19338
19339
19340
19341
19342
19344
19345
19346
19347
19349
19350
19351
19352
19353
19354
19355
19356
19359
19361
19363
19364
19366
19369
19371
19372
19373
19375
19376
19379
19381
19382
19383
19385
19386
19387
19389
19391
19392
19393
19394
19395
19396
19397
19398
19399
19401
19402
19403
19404
19405
19406
19407
19408
19409
19410
19411
19417
19418
19420
19421
19422
19423
19424
19425
19426
19427
19428
19432
19434
19435
19438
19439
19442
19446
19447
19448
19449
19450
19451
19452
19454
19457
19458
19459
19460
19461
19462
19463
19464
19465
19466
19468
19470
19471
19473
19474
19478
19480
19481
19482
19483
19484
19486
19487
19488
19489
19490
19492
19493
19494
19495
19498
19499
19500
19501
19502
19503
19504
19505
19506
19507
19510
19512
19514
19515
19516
19518
19524
19525
19528
19529
19530
19531
19533
19534
19535
19536
19537
19541
19542
19543
19544
19548
19549
19551
19552
19553
19556
19558
19559
19560
19561
19562
19565
19566
19567
19568
19569
19570
19571
19572
19573
19574
19576
19577
19579
19580
19581
19583
19586
19588
19591
19592
19593
19594
19595
19596
19597
19598
19600
19601
19603
19605
19606
19607
19609
19610
19611
19613
19614
19617
19620
19621
19622
19623
19625
19627
19628
19629
19631
19632
19633
19634
19635
19636
19638
19639
19641
19643
19644
19646
19647
19649
19650
19651
19653
19654
19658
19659
19660
19662
19663
19664
19666
19667
19668
19669
19670
19671
19672
19675
19677
19680
19681
19684
19686
19687
19689
19691
19692
19693
19694
19695
19697
19698
19699
19700
19702
19703
19704
19705
19707
19708
19710
19711
19712
19713
19715
19716
19717
19719
19720
19722
19723
19724
19725
19726
19727
19729
19730
19733
19735
19738
19740
19742
19743
19744
19747
19748
19749
19750
19752
19753
19755
19760
19761
19765
19766
19768
19769
19772
19773
19775
19776
19781
19782
19784
19785
19786
19787
19788
19789
19790
19791
19792
19793
19795
19796
19797
19799
19800
19802
19803
19804
19806
19808
19809
19810
19811
19812
19813
19814
19815
19818
19820
19822
19823
19825
19826
19829
19832
19833
19835
19837
19839
19841
19843
19844
19845
19848
19849
19850
19851
19855
19856
19857
19859
19861
19865
19866
19868
19869
19871
19872
19873
19874
19875
19877
19878
19879
19882
19883
19884
19886
19887
19888
19889
19890
19891
19892
19893
19895
19896
19897
19898
19899
19900
19902
19903
19905
19908
19909
19910
19911
19912
19913
19914
19915
19916
19917
19918
19919
19920
19922
19923
19926
19927
19929
19931
19933
19934
19936
19939
19941
19942
19943
19946
19947
19948
19949
19950
19951
19952
19953
19954
19956
19959
19960
19963
19964
19965
19969
19970
19973
19974
19975
19976
19978
19979
19980
19982
19983
19984
19986
19987
19989
19990
19992
19994
19996
19997
19998
19999
20000
20002
20004
20005
20006
20007
20010
20011
20012
20014
20016
20017
20018
20019
20021
20022
20023
20025
20026
20028
20029
20030
20032
20034
20036
20038
20040
20042
20043
20045
20046
20050
20051
20052
20053
20057
20058
20059
20060
20061
20063
20064
20065
20066
20067
20068
20069
20070
20071
20072
20073
20074
20075
20078
20079
20084
20086
20088
20090
20091
20092
20093
20094
20095
20097
20098
20099
20100
20101
20103
20104
20106
20107
20108
20110
20111
20112
20113
20114
20115
20117
20120
20121
20122
20123
20124
20125
20127
20128
20129
20130
20131
20132
20135
20138
20139
20140
20142
20143
20144
20146
20147
20148
20149
20151
20152
20156
20158
20159
20161
20162
20164
20165
20167
20168
20169
20170
20171
20172
20173
20174
20175
20179
20180
20181
20182
20183
20185
20186
20187
20188
20189
20192
20193
20194
20195
20196
20199
20201
20203
20204
20205
20206
20207
20208
20209
20211
20212
20213
20214
20215
20216
20218
20219
20220
20226
20227
20228
20230
20231
20232
20233
20235
20236
20239
20242
20243
20245
20249
20250
20251
20254
20256
20260
20263
20264
20266
20267
20269
20270
20271
20273
20275
20277
20278
20279
20280
20281
20284
20285
20287
20288
20290
20292
20293
20306
20307
20308
20309
20310
20311
20312
20314
20316
20317
20318
20319
20320
20321
20323
20325
20326
20327
20328
20329
20331
20332
20333
20334
20335
20336
20337
20338
20340
20341
20342
20343
20344
20347
20348
20352
20353
20355
20357
20358
20359
20361
20362
20364
20365
20367
20368
20369
20370
20372
20374
20375
20377
20379
20380
20381
20382
20383
20384
20385
20386
20387
20388
20389
20390
20391
20392
20394
20395
20397
20398
20400
20403
20404
20406
20407
20409
20411
20412
20413
20414
20415
20416
20417
20419
20420
20421
20422
20423
20424
20425
20426
20434
20435
20437
20438
20441
20442
20443
20444
20447
20450
20452
20453
20454
20455
20456
20457
20459
20460
20464
20465
20466
20467
20468
20469
20470
20472
20473
20476
20478
20479
20480
20481
20482
20483
20484
20485
20487
20488
20489
20490
20491
20494
20495
20496
20499
20500
20501
20502
20503
20505
20507
20508
20509
20510
20511
20512
20513
20514
20515
20516
20518
20522
20525
20526
20527
20529
20530
20533
20535
20536
20537
20538
20539
20541
20542
20543
20546
20547
20548
20549
20551
20552
20554
20555
20557
20558
20559
20560
20562
20563
20564
20568
20569
20572
20573
20575
20576
20579
20581
20583
20584
20585
20586
20587
20588
20589
20590
20591
20592
20596
20597
20598
20599
20600
20604
20606
20607
20608
20609
20610
20611
20612
20613
20614
20616
20617
20618
20619
20620
20621
20622
20623
20624
20625
20627
20629
20631
20632
20635
20637
20639
20640
20641
20643
20644
20645
20648
20649
20650
20651
20652
20653
20655
20656
20657
20658
20659
20660
20661
20662
20663
20664
20665
20667
20668
20670
20671
20672
20674
20675
20682
20683
20684
20685
20688
20692
20699
20701
20703
20704
20706
20708
20709
20710
20711
20713
20714
20715
20716
20717
20720
20721
20723
20725
20726
20728
20729
20730
20731
20732
20735
20736
20737
20738
20739
20742
20743
20747
20748
20749
20751
20752
20753
20754
20755
20756
20757
20758
20762
20764
20765
20767
20768
20770
20771
20772
20773
20774
20775
20776
20777
20779
20780
20781
20782
20783
20784
20787
20788
20789
20790
20791
20792
20794
20795
20796
20797
20798
20799
20800
20801
20803
20804
20805
20808
20809
20810
20812
20814
20815
20816
20817
20818
20820
20821
20822
20825
20826
20828
20829
20830
20831
20832
20833
20836
20837
20838
20843
20844
20846
20847
20848
20850
20851
20852
20853
20854
20855
20856
20857
20858
20859
20861
20863
20864
20865
20866
20868
20869
20872
20873
20874
20875
20876
20877
20878
20882
20884
20885
20887
20888
20891
20892
20893
20895
20896
20897
20898
20899
20901
20903
20904
20905
20906
20908
20911
20912
20913
20915
20918
20920
20921
20922
20923
20924
20926
20928
20930
20932
20933
20934
20935
20939
20941
20945
20947
20948
20950
20951
20952
20955
20956
20958
20959
20960
20961
20965
20967
20968
20969
20970
20971
20972
20973
20974
20975
20976
20977
20978
20979
20980
20981
20983
20984
20986
20987
20989
20990
20993
20994
20996
20997
21000
21001
21002
21003
21004
21006
21007
21008
21009
21015
21016
21018
21019
21021
21024
21025
21029
21030
21034
21036
21037
21038
21040
21041
21042
21044
21046
21047
21048
21049
21050
21051
21054
21055
21056
21057
21059
21062
21066
21067
21068
21070
21071
21072
21073
21074
21076
21077
21078
21079
21080
21084
21085
21087
21090
21091
21092
21094
21095
21096
21098
21099
21100
21101
21102
21103
21104
21105
21106
21107
21109
21110
21111
21112
21113
21114
21115
21116
21117
21118
21120
21121
21122
21123
21125
21126
21127
21128
21130
21131
21132
21133
21134
21135
21136
21137
21138
21139
21141
21142
21143
21144
21146
21147
21149
21150
21153
21154
21155
21156
21157
21158
21160
21163
21164
21165
21169
21171
21172
21173
21174
21176
21178
21179
21180
21181
21183
21184
21185
21187
21188
21190
21191
21192
21194
21195
21197
21199
21200
21201
21202
21204
21205
21207
21208
21209
21211
21213
21215
21216
21217
21218
21219
21220
21223
21226
21228
21230
21231
21232
21234
21235
21236
21237
21238
21239
21240
21241
21244
21245
21246
21248
21249
21250
21251
21252
21254
21255
21256
21257
21259
21261
21262
21263
21264
21265
21267
21268
21269
21270
21271
21274
21275
21276
21278
21279
21281
21282
21284
21286
21288
21289
21291
21292
21295
21296
21297
21298
21300
21301
21304
21306
21307
21308
21309
21311
21312
21314
21316
21317
21318
21320
21321
21322
21324
21326
21327
21329
21330
21332
21333
21334
21337
21339
21340
21341
21344
21345
21346
21348
21349
21350
21352
21353
21354
21356
21358
21360
21362
21365
21368
21369
21370
21371
21373
21374
21375
21378
21379
21380
21382
21383
21384
21385
21386
21387
21388
21391
21392
21394
21395
21397
21398
21399
21400
21401
21402
21403
21405
21406
21407
21409
21410
21412
21413
21414
21419
21420
21421
21422
21426
21427
21428
21429
21431
21432
21433
21434
21436
21440
21442
21443
21444
21445
21446
21449
21450
21451
21452
21453
21454
21456
21458
21459
21460
21461
21463
21464
21466
21470
21472
21473
21474
21475
21477
21478
21479
21480
21482
21483
21484
21486
21488
21490
21492
21493
21495
21496
21497
21498
21500
21502
21503
21504
21505
21506
21511
21513
21516
21517
21520
21521
21527
21528
21530
21531
21533
21534
21535
21537
21538
21539
21542
21545
21546
21547
21550
21551
21553
21556
21557
21558
21560
21561
21563
21564
21565
21566
21568
21571
21572
21574
21575
21576
21577
21579
21580
21581
21582
21583
21585
21586
21587
21588
21590
21592
21595
21596
21597
21599
21600
21602
21603
21604
21605
21606
21607
21608
21610
21611
21613
21615
21616
21617
21618
21619
21620
21621
21622
21623
21625
21627
21628
21630
21631
21632
21633
21634
21635
21637
21639
21640
21643
21645
21646
21648
21649
21652
21654
21655
21656
21658
21660
21661
21662
21663
21664
21665
21666
21668
21671
21674
21676
21678
21679
21680
21681
21682
21683
21684
21685
21687
21689
21690
21691
21692
21693
21694
21695
21696
21697
21698
21700
21701
21703
21704
21707
21708
21709
21711
21712
21716
21717
21719
21720
21721
21722
21725
21727
21730
21731
21734
21735
21736
21738
21739
21740
21741
21744
21746
21747
21748
21750
21751
21753
21754
21755
21756
21758
21760
21761
21762
21764
21766
21767
21768
21769
21773
21775
21776
21777
21778
21779
21780
21782
21784
21785
21786
21789
21793
21794
21798
21800
21801
21803
21808
21809
21810
21811
21813
21814
21815
21816
21817
21818
21819
21821
21822
21823
21825
21826
21827
21828
21831
21832
21833
21835
21838
21839
21840
21842
21844
21845
21846
21848
21849
21850
21851
21853
21854
21855
21857
21860
21861
21864
21866
21867
21869
21870
21871
21872
21873
21875
21876
21877
21878
21879
21883
21884
21885
21886
21889
21891
21892
21893
21894
21895
21896
21898
21900
21901
21902
21903
21904
21905
21906
21907
21908
21909
21911
21912
21914
21916
21917
21921
21922
21924
21925
21926
21927
21928
21929
21930
21931
21933
21934
21935
21936
21938
21939
21943
21944
21946
21948
21949
21953
21955
21957
21959
21960
21961
21962
21966
21968
21969
21970
21971
21972
21976
21977
21979
21982
21983
21986
21987
21988
21990
21991
21992
21993
21994
21995
21997
21998
21999
22000
22001
22002
22005
22006
22008
22009
22013
22014
22015
22019
22021
22022
22023
22025
22026
22027
22028
22030
22031
22032
22033
22034
22035
22036
22037
22038
22040
22041
22042
22043
22044
22048
22049
22050
22052
22053
22054
22056
22057
22060
22062
22063
22067
22070
22071
22077
22078
22081
22082
22084
22087
22088
22089
22090
22092
22093
22094
22096
22098
22099
22103
22104
22105
22106
22107
22108
22109
22110
22112
22113
22114
22115
22116
22117
22120
22121
22124
22125
22126
22127
22129
22130
22131
22132
22133
22134
22135
22136
22137
22139
22140
22141
22142
22143
22144
22145
22147
22149
22150
22151
22152
22153
22154
22156
22157
22158
22160
22161
22162
22163
22164
22165
22166
22167
22168
22170
22171
22172
22174
22175
22176
22178
22181
22183
22184
22185
22186
22187
22188
22189
22191
22193
22194
22195
22196
22197
22199
22200
22201
22203
22205
22206
22207
22208
22209
22210
22211
22212
22214
22216
22217
22218
22219
22220
22223
22226
22230
22231
22233
22235
22236
22237
22239
22240
22241
22242
22244
22247
22248
22250
22254
22255
22259
22260
22262
22263
22265
22266
22267
22268
22270
22272
22273
22274
22275
22276
22277
22279
22281
22282
22283
22284
22285
22286
22287
22289
22290
22291
22292
22293
22294
22296
22298
22299
22300
22301
22302
22305
22306
22307
22308
22309
22310
22312
22313
22315
22316
22317
22318
22319
22320
22321
22323
22324
22325
22326
22327
22328
22329
22330
22332
22333
22335
22336
22337
22338
22339
22342
22343
22345
22347
22348
22351
22353
22355
22356
22358
22359
22360
22362
22363
22368
22369
22370
22371
22372
22373
22374
22377
22378
22380
22381
22382
22383
22384
22385
22386
22387
22390
22391
22392
22394
22396
22397
22399
22402
22405
22408
22409
22411
22412
22413
22415
22416
22417
22419
22421
22422
22423
22424
22425
22426
22427
22428
22430
22432
22433
22434
22435
22437
22439
22440
22441
22442
22443
22445
22446
22447
22448
22449
22450
22451
22452
22453
22456
22459
22460
22461
22462
22463
22465
22466
22467
22468
22469
22470
22471
22472
22474
22475
22476
22477
22478
22480
22481
22482
22484
22485
22486
22487
22488
22491
22492
22493
22494
22495
22496
22497
22498
22499
22502
22505
22506
22510
22512
22513
22515
22516
22518
22519
22521
22522
22523
22525
22526
22527
22528
22529
22530
22533
22534
22537
22538
22542
22544
22545
22546
22547
22549
22550
22551
22552
22554
22555
22557
22559
22561
22562
22563
22564
22565
22567
22569
22570
22571
22572
22573
22575
22576
22577
22578
22580
22581
22583
22584
22586
22587
22588
22589
22590
22591
22592
22593
22595
22596
22598
22599
22600
22602
22604
22605
22606
22608
22609
22610
22617
22618
22619
22621
22623
22625
22626
22627
22628
22629
22630
22631
22632
22633
22634
22635
22636
22637
22639
22641
22643
22646
22647
22649
22651
22654
22655
22656
22657
22658
22660
22661
22662
22663
22664
22665
22666
22668
22669
22670
22672
22673
22675
22676
22677
22679
22682
22684
22685
22686
22687
22690
22693
22696
22697
22698
22700
22703
22705
22706
22707
22709
22711
22714
22715
22716
22717
22718
22723
22725
22730
22731
22732
22735
22736
22737
22738
22739
22740
22741
22742
22743
22744
22746
22747
22749
22751
22753
22756
22757
22759
22760
22761
22763
22765
22766
22767
22768
22770
22771
22772
22773
22775
22776
22777
22778
22779
22782
22783
22784
22786
22787
22788
22790
22792
22793
22794
22796
22799
22800
22802
22804
22806
22807
22809
22811
22812
22814
22815
22816
22817
22819
22821
22822
22823
22824
22825
22826
22827
22828
22830
22833
22834
22835
22838
22839
22840
22841
22842
22846
22847
22854
22855
22856
22857
22858
22863
22864
22865
22866
22867
22868
22869
22870
22871
22872
22873
22875
22877
22879
22880
22885
22886
22887
22888
22889
22891
22892
22893
22898
22900
22901
22903
22904
22905
22906
22907
22908
22909
22911
22912
22914
22918
22919
22921
22922
22924
22927
22929
22930
22934
22936
22937
22940
22941
22942
22944
22945
22947
22948
22949
22950
22951
22952
22953
22956
22957
22958
22960
22962
22963
22965
22966
22967
22969
22970
22973
22975
22977
22978
22979
22980
22982
22983
22984
22985
22986
22988
22990
22991
22992
22993
22994
22995
22996
22997
22998
22999
23000
23002
23003
23004
23005
23007
23009
23010
23011
23014
23016
23017
23021
23022
23023
23024
23025
23027
23030
23032
23033
23034
23035
23037
23038
23040
23041
23043
23044
23045
23050
23053
23057
23058
23059
23061
23064
23066
23067
23069
23070
23073
23074
23075
23076
23077
23081
23082
23083
23084
23086
23087
23088
23092
23093
23094
23095
23097
23098
23099
23102
23103
23104
23107
23109
23110
23113
23114
23116
23117
23118
23120
23121
23122
23123
23128
23130
23132
23133
23134
23136
23140
23141
23142
23143
23144
23145
23146
23148
23151
23152
23153
23154
23155
23156
23158
23159
23161
23162
23163
23164
23165
23166
23167
23168
23170
23172
23173
23174
23175
23176
23177
23178
23181
23182
23183
23185
23186
23187
23189
23190
23191
23192
23193
23194
23195
23197
23198
23199
23203
23204
23205
23206
23208
23209
23210
23211
23213
23214
23215
23216
23217
23218
23219
23220
23221
23222
23223
23225
23226
23227
23229
23230
23232
23235
23236
23237
23240
23245
23246
23248
23249
23251
23252
23253
23254
23255
23259
23260
23261
23263
23267
23268
23269
23270
23271
23272
23273
23274
23275
23276
23278
23279
23282
23283
23284
23285
23286
23287
23288
23290
23291
23292
23294
23295
23296
23297
23298
23299
23301
23302
23304
23307
23308
23310
23311
23312
23314
23316
23317
23320
23324
23325
23326
23327
23329
23330
23331
23332
23334
23336
23338
23339
23341
23343
23344
23346
23351
23352
23353
23354
23356
23357
23358
23359
23360
23364
23369
23371
23372
23373
23374
23377
23378
23379
23380
23381
23382
23383
23384
23385
23386
23389
23394
23395
23396
23397
23398
23399
23401
23402
23403
23405
23407
23409
23410
23413
23414
23417
23419
23422
23423
23424
23425
23426
23428
23429
23431
23432
23437
23438
23439
23440
23442
23443
23446
23447
23449
23450
23452
23454
23456
23457
23459
23463
23464
23466
23468
23469
23470
23471
23472
23474
23475
23476
23479
23481
23482
23483
23484
23485
23486
23487
23488
23489
23492
23493
23494
23495
23497
23499
23501
23502
23505
23507
23508
23511
23512
23513
23514
23515
23516
23517
23520
23521
23522
23523
23525
23526
23527
23530
23531
23532
23533
23534
23535
23536
23538
23539
23540
23542
23543
23544
23546
23547
23549
23553
23556
23559
23560
23561
23562
23563
23564
23566
23568
23570
23571
23572
23573
23575
23576
23577
23578
23579
23580
23581
23582
23583
23585
23586
23587
23588
23589
23590
23592
23593
23594
23595
23597
23598
23600
23601
23604
23606
23607
23608
23609
23611
23613
23614
23615
23616
23619
23620
23622
23624
23625
23626
23628
23629
23630
23631
23632
23633
23634
23639
23641
23642
23643
23644
23647
23648
23649
23652
23653
23655
23658
23659
23662
23663
23665
23667
23668
23669
23672
23673
23674
23675
23676
23677
23678
23679
23680
23681
23683
23684
23686
23688
23689
23690
23692
23693
23695
23698
23699
23700
23702
23703
23704
23706
23708
23709
23713
23715
23716
23717
23719
23720
23722
23723
23724
23728
23729
23730
23731
23732
23734
23735
23736
23737
23738
23739
23740
23741
23742
23743
23744
23746
23747
23748
23749
23750
23751
23752
23753
23755
23756
23757
23759
23760
23762
23763
23764
23765
23767
23768
23769
23770
23772
23773
23774
23775
23776
23777
23779
23782
23785
23786
23787
23790
23791
23792
23793
23794
23795
23796
23797
23799
23800
23801
23804
23808
23809
23810
23812
23814
23815
23816
23820
23822
23823
23825
23826
23828
23829
23831
23832
23833
23834
23835
23836
23837
23838
23842
23843
23845
23846
23847
23848
23850
23853
23855
23856
23857
23859
23860
23861
23862
23864
23868
23870
23871
23872
23873
23874
23875
23876
23877
23879
23880
23883
23884
23885
23886
23889
23890
23891
23896
23897
23898
23899
23900
23901
23903
23907
23908
23909
23910
23913
23914
23915
23917
23918
23919
23920
23922
23926
23927
23928
23929
23930
23934
23936
23937
23938
23940
23944
23945
23946
23947
23949
23950
23951
23953
23954
23956
23957
23958
23959
23960
23961
23962
23963
23964
23967
23971
23973
23975
23977
23978
23979
23980
23981
23982
23984
23985
23986
23987
23989
23991
23992
23994
23996
24001
24002
24003
24004
24006
24007
24008
24009
24010
24011
24012
24013
24014
24015
24016
24019
24021
24022
24023
24024
24025
24026
24027
24028
24029
24030
24032
24033
24036
24037
24039
24040
24046
24047
24048
24049
24050
24051
24052
24053
24056
24057
24059
24060
24062
24064
24066
24067
24068
24070
24072
24073
24075
24076
24078
24080
24081
24082
24083
24084
24085
24086
24088
24089
24090
24091
24093
24094
24095
24096
24101
24102
24103
24109
24110
24111
24112
24113
24115
24116
24118
24119
24122
24123
24124
24125
24126
24127
24129
24133
24137
24138
24140
24141
24142
24145
24146
24147
24148
24149
24150
24152
24156
24157
24159
24160
24161
24163
24164
24165
24167
24171
24173
24174
24175
24176
24179
24180
24187
24188
24190
24191
24192
24193
24194
24195
24197
24198
24199
24200
24203
24204
24205
24206
24207
24208
24209
24214
24217
24218
24219
24220
24221
24222
24223
24224
24225
24228
24231
24233
24234
24235
24236
24237
24238
24239
24240
24241
24242
24244
24245
24249
24250
24251
24253
24254
24255
24261
24263
24264
24266
24267
24268
24269
24270
24271
24272
24275
24276
24277
24278
24279
24280
24281
24282
24284
24285
24286
24288
24289
24293
24294
24295
24296
24298
24301
24302
24303
24304
24307
24308
24309
24310
24311
24313
24314
24315
24316
24317
24318
24319
24321
24322
24323
24326
24328
24329
24330
24331
24332
24333
24335
24336
24338
24339
24340
24341
24344
24347
24349
24350
24353
24355
24357
24358
24364
24365
24366
24367
24368
24370
24372
24373
24374
24375
24376
24377
24379
24380
24381
24382
24383
24385
24386
24387
24388
24389
24391
24393
24395
24396
24397
24398
24400
24401
24402
24403
24404
24407
24409
24410
24413
24414
24416
24418
24419
24421
24423
24424
24425
24427
24429
24431
24434
24435
24437
24438
24439
24440
24441
24443
24445
24446
24447
24448
24449
24450
24453
24455
24458
24459
24460
24461
24462
24463
24464
24467
24468
24469
24471
24475
24477
24478
24479
24480
24481
24482
24485
24486
24489
24490
24491
24493
24494
24495
24496
24497
24499
24500
24501
24502
24503
24505
24507
24508
24509
24512
24514
24517
24518
24520
24521
24522
24523
24524
24526
24528
24529
24530
24533
24534
24535
24537
24538
24539
24540
24543
24544
24545
24546
24547
24549
24550
24552
24554
24555
24556
24557
24559
24560
24561
24562
24563
24564
24568
24569
24570
24572
24573
24574
24576
24577
24578
24579
24580
24581
24582
24583
24584
24587
24589
24590
24591
24593
24596
24597
24598
24599
24600
24601
24602
24605
24606
24608
24609
24610
24612
24615
24616
24617
24618
24620
24621
24622
24624
24625
24629
24632
24634
24635
24636
24637
24639
24640
24642
24644
24646
24648
24649
24651
24652
24654
24655
24656
24657
24658
24660
24661
24662
24664
24665
24666
24670
24671
24672
24674
24677
24678
24679
24681
24685
24687
24689
24690
24691
24693
24694
24695
24696
24698
24699
24703
24710
24714
24715
24716
24717
24718
24719
24721
24723
24725
24726
24727
24728
24729
24732
24733
24735
24736
24737
24738
24739
24740
24742
24744
24745
24747
24749
24754
24755
24756
24757
24758
24759
24763
24764
24765
24766
24770
24772
24773
24775
24776
24778
24779
24780
24781
24782
24783
24784
24785
24788
24791
24792
24793
24794
24795
24796
24797
24799
24801
24802
24804
24805
24806
24807
24808
24809
24810
24811
24812
24813
24815
24820
24821
24824
24825
24826
24829
24830
24831
24832
24833
24834
24836
24837
24839
24840
24841
24842
24843
24844
24845
24847
24851
24853
24854
24855
24856
24860
24861
24863
24865
24866
24867
24868
24869
24873
24874
24875
24876
24879
24880
24881
24882
24883
24886
24887
24890
24891
24892
24894
24895
24897
24899
24900
24901
24903
24904
24905
24909
24912
24915
24917
24918
24919
24922
24923
24924
24925
24928
24929
24930
24931
24932
24934
24935
24939
24940
24941
24944
24946
24949
24950
24951
24952
24953
24954
24955
24956
24957
24958
24959
24960
24962
24963
24964
24965
24966
24967
24968
24969
24972
24973
24974
24977
24978
24979
24980
24982
24983
24985
24986
24988
24989
24990
24991
24992
24995
24998
24999
25000
25001
25003
25004
25005
25007
25008
25009
25010
25012
25014
25015
25016
25017
25025
25027
25028
25029
25030
25033
25035
25036
25037
25041
25042
25043
25044
25045
25046
25047
25049
25050
25052
25053
25054
25055
25056
25057
25058
25060
25061
25063
25064
25065
25066
25067
25068
25070
25072
25073
25074
25075
25076
25077
25080
25081
25082
25087
25088
25089
25091
25092
25095
25096
25097
25099
25100
25104
25105
25106
25108
25111
25113
25114
25115
25117
25119
25121
25123
25124
25125
25126
25127
25128
25132
25133
25134
25138
25143
25144
25145
25146
25147
25148
25149
25152
25153
25154
25155
25156
25157
25158
25160
25161
25162
25163
25164
25165
25166
25167
25168
25170
25171
25172
25173
25174
25178
25179
25180
25181
25182
25183
25187
25192
25193
25194
25195
25197
25198
25201
25203
25205
25206
25207
25208
25209
25210
25211
25212
25213
25215
25216
25217
25218
25219
25220
25221
25223
25224
25226
25227
25229
25230
25231
25232
25233
25237
25241
25243
25244
25245
25247
25250
25252
25255
25258
25259
25261
25262
25264
25265
25267
25269
25270
25271
25274
25276
25277
25278
25279
25280
25281
25282
25284
25285
25286
25291
25292
25293
25294
25296
25297
25300
25301
25303
25304
25306
25307
25309
25310
25312
25313
25315
25316
25317
25319
25322
25323
25325
25326
25328
25329
25330
25331
25333
25335
25340
25341
25342
25343
25344
25347
25348
25349
25350
25351
25352
25354
25357
25358
25362
25363
25364
25366
25368
25371
25372
25374
25375
25376
25378
25379
25380
25383
25384
25385
25388
25389
25391
25392
25393
25396
25397
25398
25399
25400
25402
25403
25405
25407
25408
25410
25411
25412
25416
25417
25419
25420
25423
25424
25425
25427
25428
25429
25430
25432
25434
25437
25438
25439
25440
25441
25442
25443
25446
25447
25448
25449
25450
25453
25456
25457
25460
25462
25464
25465
25466
25467
25468
25469
25471
25472
25477
25478
25479
25482
25483
25487
25489
25490
25492
25493
25494
25499
25500
25503
25504
25506
25507
25508
25510
25514
25516
25517
25518
25519
25521
25522
25524
25525
25526
25527
25528
25530
25531
25532
25534
25535
25536
25537
25540
25541
25542
25543
25544
25545
25547
25548
25549
25552
25553
25556
25557
25558
25559
25563
25565
25566
25567
25568
25569
25570
25571
25572
25574
25577
25580
25581
25582
25584
25585
25586
25588
25590
25591
25592
25593
25594
25595
25598
25599
25600
25602
25605
25606
25607
25609
25611
25613
25615
25616
25617
25618
25619
25620
25621
25622
25624
25626
25627
25628
25629
25635
25637
25638
25639
25640
25644
25645
25646
25649
25650
25651
25652
25654
25657
25658
25659
25660
25661
25662
25664
25666
25667
25668
25670
25672
25673
25674
25675
25676
25678
25679
25680
25681
25682
25683
25685
25688
25689
25690
25691
25692
25693
25694
25697
25699
25701
25703
25704
25705
25707
25708
25709
25710
25712
25714
25715
25717
25718
25720
25721
25722
25723
25724
25726
25728
25729
25731
25733
25735
25736
25737
25739
25742
25744
25746
25749
25750
25751
25753
25760
25761
25762
25763
25766
25768
25769
25770
25771
25773
25774
25776
25778
25780
25786
25788
25790
25791
25792
25793
25794
25795
25796
25797
25800
25802
25803
25804
25806
25807
25809
25811
25812
25814
25816
25817
25818
25819
25821
25822
25823
25824
25826
25827
25829
25830
25831
25832
25833
25838
25839
25841
25842
25844
25847
25849
25850
25852
25854
25858
25860
25861
25862
25863
25864
25865
25866
25869
25872
25873
25874
25875
25876
25878
25880
25881
25882
25883
25884
25885
25887
25888
25889
25891
25893
25894
25895
25896
25898
25899
25900
25901
25902
25903
25905
25908
25909
25910
25911
25912
25913
25914
25915
25916
25917
25918
25919
25920
25923
25924
25927
25928
25929
25930
25931
25932
25933
25934
25935
25936
25938
25939
25941
25942
25943
25944
25945
25946
25948
25949
25950
25951
25954
25955
25956
25957
25959
25962
25966
25967
25969
25971
25972
25974
25975
25976
25977
25979
25981
25984
25986
25988
25989
25990
25991
25994
25996
25997
25998
26000
26001
26002
26003
26005
26006
26007
26008
26009
26010
26012
26013
26018
26019
26021
26022
26023
26025
26026
26027
26029
26030
26031
26032
26033
26034
26035
26037
26038
26039
26042
26043
26044
26045
26047
26048
26049
26052
26053
26054
26055
26056
26061
26062
26063
26065
26067
26068
26069
26070
26071
26072
26073
26074
26075
26078
26079
26080
26081
26085
26087
26089
26091
26092
26094
26095
26096
26097
26098
26099
26100
26102
26103
26104
26106
26107
26108
26109
26110
26111
26112
26115
26119
26123
26124
26126
26127
26128
26129
26131
26132
26135
26137
26138
26139
26140
26141
26143
26144
26146
26148
26150
26151
26153
26154
26155
26156
26157
26162
26163
26164
26165
26166
26168
26170
26172
26173
26174
26177
26178
26179
26180
26182
26183
26184
26185
26187
26189
26190
26191
26193
26195
26196
26200
26201
26202
26203
26204
26207
26208
26209
26211
26213
26214
26215
26216
26217
26218
26219
26222
26223
26224
26225
26226
26228
26229
26230
26231
26234
26236
26237
26241
26243
26246
26248
26249
26250
26252
26253
26254
26256
26257
26258
26259
26260
26261
26262
26263
26264
26265
26266
26267
26268
26271
26273
26277
26279
26280
26281
26283
26284
26288
26289
26290
26291
26293
26294
26296
26298
26299
26300
26302
26305
26306
26307
26308
26310
26312
26313
26314
26317
26318
26320
26321
26323
26326
26327
26330
26332
26334
26336
26338
26340
26341
26342
26343
26344
26345
26346
26348
26349
26350
26352
26353
26354
26357
26358
26361
26363
26365
26367
26368
26369
26370
26372
26373
26375
26377
26379
26380
26381
26382
26383
26384
26385
26387
26388
26389
26391
26392
26394
26395
26396
26397
26398
26400
26401
26402
26403
26404
26405
26406
26407
26408
26409
26410
26413
26415
26417
26418
26421
26422
26423
26424
26425
26428
26429
26430
26431
26432
26433
26437
26438
26439
26440
26441
26442
26444
26447
26448
26453
26454
26455
26458
26460
26462
26463
26466
26468
26469
26471
26472
26475
26477
26479
26482
26483
26484
26486
26487
26488
26491
26492
26496
26498
26501
26502
26503
26504
26506
26508
26510
26512
26513
26514
26515
26516
26517
26519
26520
26521
26522
26525
26527
26531
26532
26533
26534
26535
26536
26541
26542
26543
26544
26545
26547
26548
26549
26551
26554
26555
26556
26557
26560
26564
26565
26566
26569
26570
26571
26572
26574
26576
26577
26578
26579
26582
26584
26585
26586
26587
26588
26590
26592
26595
26596
26598
26599
26600
26601
26605
26606
26607
26608
26609
26611
26612
26613
26615
26616
26617
26619
26620
26621
26622
26623
26624
26628
26629
26631
26634
26635
26636
26640
26642
26643
26644
26646
26647
26648
26652
26653
26654
26655
26656
26658
26659
26660
26661
26662
26663
26664
26669
26670
26676
26677
26678
26679
26680
26681
26682
26683
26684
26685
26687
26688
26690
26691
26694
26696
26697
26699
26701
26702
26703
26704
26705
26706
26707
26708
26709
26710
26711
26713
26714
26716
26717
26718
26721
26722
26723
26728
26729
26730
26731
26733
26734
26737
26738
26739
26740
26746
26747
26748
26750
26756
26758
26760
26762
26763
26764
26766
26767
26768
26770
26772
26773
26774
26775
26777
26778
26782
26783
26784
26785
26786
26787
26788
26789
26790
26791
26792
26793
26796
26799
26801
26802
26804
26805
26806
26809
26811
26812
26814
26815
26816
26817
26818
26819
26820
26823
26824
26825
26826
26828
26831
26832
26833
26834
26837
26838
26841
26842
26843
26845
26846
26848
26849
26850
26857
26858
26859
26860
26861
26863
26865
26867
26869
26872
26873
26874
26875
26876
26878
26880
26881
26882
26884
26886
26887
26889
26891
26893
26894
26895
26896
26897
26898
26899
26900
26901
26902
26903
26904
26907
26910
26912
26913
26914
26915
26917
26920
26921
26923
26924
26925
26926
26927
26928
26929
26930
26932
26934
26936
26937
26938
26939
26940
26944
26946
26947
26948
26949
26950
26952
26953
26955
26956
26957
26961
26963
26964
26965
26967
26969
26970
26973
26974
26975
26977
26978
26980
26981
26982
26984
26985
26986
26988
26989
26990
26991
26992
26994
26996
26997
26998
26999
27000
27002
27004
27005
27006
27007
27008
27009
27010
27012
27013
27016
27017
27018
27020
27023
27024
27025
27026
27027
27028
27030
27031
27032
27033
27034
27035
27036
27041
27042
27043
27044
27045
27048
27049
27050
27051
27053
27054
27055
27056
27058
27060
27062
27063
27064
27065
27067
27068
27070
27073
27076
27077
27078
27079
27082
27085
27086
27087
27088
27089
27091
27092
27094
27095
27097
27099
27100
27102
27103
27105
27106
27107
27109
27110
27111
27113
27117
27118
27119
27122
27123
27124
27127
27128
27129
27132
27133
27134
27135
27136
27139
27140
27141
27142
27146
27150
27151
27152
27153
27155
27156
27158
27160
27161
27163
27164
27166
27167
27168
27169
27171
27172
27175
27179
27181
27182
27183
27184
27187
27188
27189
27190
27191
27193
27196
27198
27201
27203
27204
27205
27206
27207
27209
27211
27212
27213
27216
27217
27218
27219
27221
27222
27223
27224
27225
27227
27228
27230
27232
27233
27237
27242
27243
27245
27247
27248
27251
27254
27255
27256
27257
27258
27260
27262
27264
27266
27267
27269
27271
27273
27276
27277
27279
27280
27281
27282
27283
27284
27285
27286
27287
27289
27290
27291
27292
27293
27294
27295
27296
27298
27300
27301
27302
27303
27304
27306
27308
27310
27312
27313
27314
27315
27317
27318
27323
27324
27328
27329
27332
27336
27337
27338
27339
27344
27345
27350
27352
27354
27355
27356
27357
27358
27361
27362
27363
27365
27366
27367
27368
27370
27371
27372
27373
27374
27376
27377
27378
27379
27380
27381
27384
27386
27388
27389
27390
27391
27392
27393
27394
27396
27399
27400
27402
27403
27404
27410
27411
27412
27415
27416
27417
27418
27419
27421
27422
27424
27425
27426
27429
27432
27433
27434
27435
27436
27437
27438
27442
27445
27446
27447
27449
27450
27451
27452
27454
27458
27460
27461
27462
27463
27464
27466
27467
27469
27470
27471
27472
27475
27477
27478
27480
27481
27482
27483
27484
27486
27487
27488
27489
27491
27492
27493
27496
27498
27500
27502
27504
27507
27509
27510
27517
27519
27520
27521
27523
27524
27525
27526
27528
27529
27530
27531
27532
27533
27534
27535
27538
27539
27542
27544
27545
27546
27548
27549
27550
27553
27555
27556
27558
27560
27562
27563
27568
27570
27572
27574
27577
27581
27582
27583
27584
27586
27588
27590
27591
27593
27594
27595
27596
27597
27599
27601
27603
27604
27605
27607
27609
27610
27612
27614
27619
27620
27622
27624
27626
27628
27629
27630
27632
27634
27635
27636
27638
27639
27641
27642
27643
27645
27646
27647
27648
27649
27650
27651
27652
27653
27657
27659
27661
27662
27664
27666
27668
27669
27670
27671
27672
27674
27675
27676
27680
27682
27683
27685
27687
27690
27692
27693
27697
27698
27699
27700
27701
27702
27703
27704
27705
27706
27707
27710
27711
27713
27714
27716
27717
27718
27721
27722
27723
27724
27725
27726
27728
27730
27731
27732
27734
27735
27737
27738
27740
27742
27743
27744
27745
27746
27747
27748
27749
27750
27751
27752
27753
27754
27757
27758
27759
27764
27765
27768
27769
27770
27771
27775
27778
27779
27780
27781
27782
27784
27786
27788
27789
27790
27791
27795
27796
27797
27798
27799
27800
27804
27805
27806
27807
27808
27809
27810
27811
27812
27815
27817
27819
27820
27821
27822
27823
27824
27825
27826
27827
27830
27832
27833
27834
27836
27837
27840
27843
27844
27845
27846
27848
27853
27854
27858
27862
27863
27865
27866
27867
27868
27869
27871
27876
27878
27879
27882
27885
27888
27889
27891
27893
27895
27896
27897
27900
27902
27904
27905
27906
27908
27910
27911
27912
27913
27914
27916
27917
27918
27920
27921
27922
27923
27924
27925
27926
27927
27928
27929
27930
27931
27932
27934
27935
27936
27938
27940
27941
27945
27946
27947
27948
27949
27952
27955
27956
27958
27959
27965
27967
27968
27969
27971
27975
27976
27978
27980
27982
27984
27986
27987
27988
27989
27990
27995
27996
27997
27998
27999
28000
28001
28003
28005
28007
28008
28012
28013
28014
28015
28016
28018
28019
28022
28024
28025
28026
28028
28031
28032
28037
28039
28041
28043
28044
28048
28049
28050
28051
28052
28053
28054
28055
28056
28057
28058
28060
28062
28063
28064
28066
28067
28069
28071
28073
28076
28077
28078
28079
28080
28082
28085
28086
28087
28088
28089
28091
28092
28097
28098
28099
28100
28101
28103
28105
28106
28107
28109
28111
28113
28115
28118
28119
28120
28121
28122
28124
28125
28126
28130
28136
28139
28140
28141
28142
28143
28144
28147
28148
28149
28151
28152
28153
28154
28155
28156
28158
28161
28163
28164
28165
28166
28167
28168
28169
28170
28173
28174
28176
28177
28178
28181
28183
28186
28187
28188
28189
28190
28191
28192
28193
28196
28198
28200
28201
28203
28205
28206
28209
28210
28211
28213
28214
28218
28220
28221
28222
28224
28225
28226
28227
28228
28229
28231
28232
28234
28238
28239
28240
28241
28242
28244
28245
28246
28247
28248
28249
28250
28254
28255
28256
28258
28259
28260
28261
28262
28263
28265
28266
28267
28268
28270
28272
28276
28277
28278
28279
28280
28282
28283
28285
28286
28288
28290
28291
28292
28293
28294
28295
28296
28298
28299
28300
28303
28304
28305
28307
28310
28312
28313
28314
28315
28316
28319
28320
28321
28323
28326
28327
28328
28329
28330
28331
28334
28335
28336
28338
28340
28342
28343
28346
28347
28348
28350
28352
28354
28355
28358
28359
28360
28365
28367
28368
28370
28374
28377
28378
28380
28381
28382
28383
28384
28387
28389
28390
28391
28393
28394
28396
28398
28399
28400
28401
28402
28403
28404
28406
28407
28412
28413
28414
28415
28416
28417
28418
28421
28425
28427
28428
28429
28430
28433
28434
28435
28438
28439
28440
28441
28442
28443
28444
28445
28446
28447
28448
28450
28451
28452
28453
28454
28457
28459
28460
28461
28463
28464
28465
28466
28468
28469
28470
28474
28475
28476
28477
28481
28482
28484
28486
28487
28488
28493
28494
28495
28496
28497
28498
28500
28501
28502
28503
28505
28506
28507
28508
28509
28510
28511
28513
28515
28518
28520
28521
28522
28523
28527
28528
28529
28530
28532
28534
28535
28536
28538
28539
28542
28543
28545
28546
28551
28552
28554
28555
28557
28558
28559
28560
28561
28562
28563
28564
28565
28567
28568
28569
28571
28572
28573
28574
28575
28578
28579
28583
28587
28588
28592
28594
28595
28596
28597
28598
28599
28600
28601
28602
28603
28604
28606
28607
28608
28609
28610
28611
28615
28616
28618
28619
28620
28621
28622
28625
28626
28627
28628
28631
28633
28637
28639
28640
28641
28644
28645
28647
28648
28649
28650
28651
28658
28659
28660
28661
28662
28663
28665
28666
28667
28669
28670
28671
28673
28674
28678
28679
28681
28685
28686
28687
28689
28690
28691
28692
28693
28694
28695
28698
28699
28701
28702
28704
28705
28707
28708
28709
28710
28711
28712
28715
28717
28719
28721
28722
28723
28725
28726
28727
28728
28730
28731
28732
28733
28736
28738
28739
28741
28743
28746
28747
28749
28750
28753
28754
28755
28756
28757
28758
28759
28760
28761
28762
28763
28764
28765
28766
28767
28768
28769
28772
28773
28774
28776
28777
28782
28784
28786
28790
28791
28792
28793
28794
28796
28797
28799
28802
28806
28807
28808
28810
28811
28812
28813
28816
28817
28819
28822
28826
28828
28829
28833
28835
28838
28839
28840
28842
28845
28846
28849
28852
28853
28855
28857
28858
28860
28862
28864
28868
28869
28870
28873
28875
28876
28879
28880
28881
28882
28883
28885
28886
28891
28892
28893
28894
28895
28896
28897
28898
28899
28900
28901
28904
28905
28908
28909
28910
28911
28913
28915
28916
28917
28918
28919
28920
28921
28924
28926
28928
28929
28931
28932
28933
28934
28935
28936
28938
28939
28940
28941
28942
28943
28945
28946
28950
28953
28954
28956
28958
28960
28961
28962
28964
28966
28967
28969
28970
28971
28972
28973
28974
28975
28976
28978
28979
28981
28983
28988
28991
28992
28993
28994
28995
28996
29000
29001
29002
29005
29006
29007
29008
29010
29013
29014
29015
29017
29018
29020
29021
29022
29024
29025
29026
29031
29032
29033
29035
29037
29038
29039
29040
29041
29042
29044
29045
29046
29049
29050
29051
29053
29054
29055
29057
29058
29060
29061
29062
29063
29066
29068
29069
29070
29071
29072
29073
29074
29075
29076
29077
29078
29080
29081
29082
29085
29088
29091
29092
29093
29094
29095
29096
29097
29099
29102
29103
29104
29105
29106
29108
29110
29113
29115
29116
29118
29119
29120
29121
29122
29123
29125
29128
29131
29134
29136
29140
29141
29142
29144
29145
29146
29147
29150
29153
29154
29157
29158
29159
29160
29161
29164
29168
29169
29170
29171
29172
29174
29176
29177
29178
29180
29182
29183
29184
29189
29191
29192
29193
29199
29201
29202
29203
29206
29208
29209
29210
29211
29213
29214
29216
29218
29219
29221
29223
29225
29229
29231
29233
29234
29236
29237
29238
29243
29245
29246
29248
29249
29252
29254
29255
29256
29257
29259
29260
29262
29263
29264
29265
29267
29268
29269
29270
29272
29273
29275
29280
29281
29282
29283
29284
29285
29286
29287
29288
29289
29292
29294
29295
29296
29297
29299
29300
29303
29304
29306
29308
29309
29310
29314
29315
29317
29318
29320
29321
29324
29328
29329
29333
29334
29337
29342
29344
29345
29346
29347
29349
29350
29353
29354
29355
29356
29358
29360
29361
29362
29363
29364
29367
29368
29369
29370
29371
29372
29375
29377
29378
29379
29380
29381
29382
29383
29384
29385
29389
29390
29391
29393
29394
29395
29398
29403
29404
29406
29407
29408
29409
29411
29412
29413
29416
29420
29421
29422
29423
29424
29425
29426
29428
29430
29433
29436
29437
29438
29439
29440
29441
29442
29445
29446
29447
29448
29449
29451
29452
29454
29455
29456
29457
29458
29459
29460
29461
29463
29464
29465
29466
29469
29470
29471
29472
29477
29478
29480
29482
29484
29485
29486
29487
29491
29492
29493
29494
29496
29500
29501
29502
29505
29507
29508
29509
29510
29513
29515
29516
29517
29521
29522
29525
29527
29528
29529
29530
29531
29533
29535
29536
29537
29539
29541
29542
29547
29548
29549
29550
29551
29553
29554
29556
29557
29558
29559
29560
29561
29562
29563
29564
29566
29569
29571
29572
29573
29575
29576
29577
29579
29580
29581
29582
29584
29586
29588
29591
29592
29593
29594
29595
29596
29598
29601
29602
29603
29605
29606
29607
29608
29611
29612
29614
29615
29616
29617
29618
29619
29620
29621
29622
29623
29624
29625
29627
29628
29631
29634
29635
29636
29638
29639
29640
29642
29643
29646
29647
29648
29649
29650
29651
29652
29653
29655
29656
29658
29659
29660
29663
29665
29666
29667
29669
29672
29677
29678
29680
29681
29682
29683
29684
29685
29686
29687
29688
29689
29690
29691
29693
29694
29695
29696
29697
29698
29699
29700
29701
29703
29707
29709
29711
29712
29713
29714
29715
29717
29719
29721
29722
29723
29725
29726
29728
29732
29733
29735
29743
29746
29748
29749
29750
29753
29754
29755
29756
29758
29761
29762
29763
29764
29767
29770
29771
29772
29774
29775
29776
29777
29778
29779
29780
29783
29784
29787
29793
29795
29796
29798
29799
29801
29802
29804
29806
29807
29808
29809
29810
29811
29812
29813
29815
29818
29819
29821
29822
29823
29824
29826
29827
29828
29831
29832
29833
29835
29838
29839
29840
29841
29842
29843
29844
29845
29846
29847
29849
29850
29851
29853
29854
29855
29856
29858
29859
29860
29861
29862
29863
29865
29868
29869
29872
29873
29877
29878
29880
29881
29884
29887
29889
29890
29891
29892
29893
29895
29896
29898
29899
29900
29901
29902
29903
29904
29907
29908
29910
29912
29913
29914
29916
29919
29921
29924
29925
29927
29932
29933
29934
29935
29938
29939
29940
29946
29949
29951
29952
29953
29954
29955
29956
29957
29959
29960
29961
29962
29963
29964
29965
29966
29967
29969
29970
29971
29972
29975
29976
29977
29978
29979
29980
29982
29983
29984
29985
29988
29989
29990
29991
29993
29995
29997
29998
29999
30000
30003
30004
30007
30008
30013
30014
30015
30016
30017
30018
30021
30022
30023
30027
30028
30029
30031
30032
30033
30034
30035
30036
30038
30039
30040
30042
30043
30044
30046
30047
30049
30051
30052
30053
30054
30056
30057
30059
30060
30062
30065
30066
30067
30068
30069
30070
30071
30074
30076
30078
30081
30082
30086
30089
30090
30092
30095
30096
30097
30098
30099
30102
30104
30106
30108
30111
30112
30113
30114
30116
30117
30118
30119
30120
30121
30122
30123
30124
30125
30126
30127
30129
30131
30132
30135
30137
30140
30141
30142
30143
30146
30147
30148
30149
30150
30152
30155
30157
30158
30163
30164
30165
30167
30171
30173
30181
30182
30183
30184
30185
30188
30191
30192
30195
30197
30198
30200
30203
30204
30205
30207
30212
30214
30215
30217
30219
30220
30221
30222
30223
30227
30228
30230
30231
30232
30233
30234
30235
30236
30237
30238
30239
30240
30241
30242
30243
30245
30246
30248
30249
30250
30251
30253
30254
30257
30258
30260
30261
30262
30264
30265
30266
30269
30271
30272
30273
30274
30276
30278
30279
30282
30283
30284
30285
30287
30290
30292
30293
30295
30296
30298
30299
30303
30304
30305
30306
30308
30309
30310
30311
30313
30314
30315
30316
30317
30318
30321
30323
30324
30327
30328
30329
30330
30332
30333
30334
30335
30337
30339
30342
30345
30347
30348
30349
30350
30351
30353
30354
30355
30357
30358
30359
30360
30361
30362
30363
30365
30366
30367
30368
30369
30370
30378
30379
30381
30382
30383
30385
30386
30389
30390
30391
30393
30394
30396
30397
30398
30399
30404
30405
30407
30408
30410
30411
30412
30413
30415
30417
30420
30422
30423
30424
30426
30428
30429
30430
30431
30433
30434
30437
30439
30441
30443
30446
30451
30452
30453
30455
30456
30457
30458
30459
30460
30462
30465
30466
30467
30469
30470
30471
30472
30473
30474
30475
30476
30477
30479
30480
30481
30482
30483
30485
30486
30488
30489
30490
30491
30492
30493
30494
30495
30496
30497
30499
30500
30501
30503
30505
30506
30508
30509
30512
30513
30514
30515
30516
30517
30519
30520
30521
30524
30525
30527
30530
30532
30533
30534
30535
30537
30538
30539
30541
30542
30543
30550
30551
30553
30557
30558
30560
30561
30562
30563
30564
30565
30568
30569
30570
30571
30572
30573
30575
30576
30577
30579
30580
30581
30585
30586
30587
30588
30590
30591
30592
30593
30595
30596
30597
30598
30599
30600
30601
30603
30604
30605
30606
30607
30609
30610
30612
30613
30614
30616
30618
30619
30620
30621
30622
30623
30625
30626
30628
30630
30636
30637
30638
30639
30640
30641
30642
30644
30647
30648
30650
30651
30652
30653
30654
30655
30656
30658
30661
30663
30665
30668
30673
30676
30680
30683
30684
30687
30688
30691
30692
30693
30694
30695
30696
30697
30700
30701
30702
30703
30705
30707
30709
30711
30712
30713
30714
30715
30716
30717
30718
30719
30720
30723
30725
30730
30731
30732
30735
30738
30740
30741
30742
30743
30744
30745
30746
30748
30750
30751
30753
30754
30755
30756
30758
30761
30762
30763
30764
30766
30767
30768
30773
30774
30775
30777
30778
30779
30780
30782
30784
30785
30786
30787
30788
30790
30792
30793
30794
30796
30797
30798
30799
30800
30801
30803
30805
30813
30814
30815
30816
30817
30818
30820
30821
30822
30825
30826
30827
30831
30834
30835
30837
30840
30844
30845
30846
30849
30850
30851
30852
30853
30855
30857
30859
30860
30861
30862
30863
30864
30865
30866
30868
30869
30870
30871
30872
30873
30875
30876
30879
30880
30881
30882
30883
30885
30886
30887
30888
30892
30893
30894
30897
30898
30899
30901
30902
30903
30904
30907
30909
30911
30912
30913
30915
30917
30918
30919
30921
30924
30925
30926
30928
30931
30932
30933
30934
30935
30939
30941
30942
30943
30945
30946
30948
30950
30951
30953
30954
30955
30957
30958
30960
30961
30962
30965
30966
30967
30968
30971
30975
30976
30977
30979
30980
30982
30986
30987
30988
30991
30993
30994
30995
30996
30998
30999
31000
31003
31005
31007
31008
31009
31012
31013
31014
31015
31016
31017
31023
31024
31027
31028
31034
31036
31037
31039
31042
31043
31044
31046
31051
31052
31053
31054
31055
31056
31058
31059
31061
31063
31065
31066
31071
31072
31073
31074
31075
31076
31077
31078
31079
31083
31084
31088
31090
31091
31092
31093
31095
31096
31097
31098
31099
31101
31104
31106
31107
31108
31109
31110
31111
31113
31114
31115
31117
31118
31119
31122
31126
31127
31128
31130
31131
31133
31135
31136
31137
31139
31141
31142
31143
31144
31146
31149
31152
31153
31155
31156
31157
31158
31163
31165
31167
31168
31169
31170
31171
31172
31174
31176
31177
31178
31179
31182
31184
31185
31186
31187
31188
31189
31192
31195
31196
31197
31198
31201
31207
31209
31210
31213
31216
31217
31218
31219
31221
31223
31224
31226
31228
31229
31230
31231
31232
31233
31235
31237
31238
31240
31242
31244
31245
31247
31249
31251
31253
31254
31255
31257
31258
31259
31260
31265
31266
31267
31268
31269
31270
31271
31274
31275
31276
31277
31278
31279
31281
31284
31286
31287
31288
31291
31292
31294
31296
31299
31300
31301
31303
31304
31310
31312
31313
31314
31315
31317
31318
31319
31321
31324
31325
31330
31333
31334
31335
31337
31338
31340
31341
31342
31343
31344
31345
31347
31348
31349
31351
31352
31353
31354
31356
31358
31360
31365
31366
31367
31368
31369
31371
31374
31375
31376
31378
31381
31383
31384
31385
31386
31389
31390
31391
31393
31394
31397
31398
31401
31402
31403
31404
31405
31406
31410
31413
31415
31416
31417
31419
31420
31422
31423
31424
31427
31428
31432
31433
31434
31437
31441
31442
31444
31447
31448
31449
31451
31452
31456
31457
31459
31460
31461
31462
31465
31466
31471
31474
31477
31478
31479
31480
31481
31484
31488
31489
31493
31494
31495
31498
31499
31502
31504
31508
31510
31511
31512
31513
31514
31516
31517
31519
31521
31522
31528
31530
31532
31533
31534
31535
31539
31540
31541
31542
31543
31544
31546
31547
31548
31550
31551
31553
31557
31558
31559
31561
31562
31563
31564
31567
31574
31575
31576
31579
31581
31582
31588
31589
31590
31591
31594
31595
31596
31597
31600
31602
31603
31604
31605
31606
31607
31609
31610
31612
31613
31615
31617
31621
31623
31625
31626
31627
31629
31630
31633
31634
31635
31637
31639
31641
31643
31644
31645
31646
31647
31648
31649
31651
31655
31659
31660
31661
31663
31664
31665
31669
31671
31673
31674
31676
31677
31679
31680
31681
31683
31685
31686
31687
31688
31690
31692
31693
31694
31695
31701
31702
31703
31706
31708
31709
31710
31711
31716
31717
31718
31719
31721
31724
31725
31728
31730
31731
31732
31733
31735
31736
31737
31744
31746
31747
31748
31752
31753
31754
31756
31757
31760
31761
31762
31763
31765
31767
31768
31769
31770
31773
31774
31776
31777
31778
31779
31781
31782
31784
31785
31786
31788
31789
31791
31793
31794
31795
31798
31800
31801
31802
31803
31805
31808
31810
31811
31812
31813
31815
31816
31819
31820
31821
31822
31823
31824
31826
31837
31838
31839
31841
31847
31850
31852
31854
31856
31857
31858
31859
31860
31861
31862
31864
31867
31868
31871
31872
31874
31875
31877
31878
31879
31881
31882
31883
31884
31885
31886
31887
31888
31889
31890
31891
31893
31895
31897
31899
31900
31901
31904
31907
31909
31910
31911
31913
31914
31918
31919
31920
31923
31924
31926
31927
31928
31930
31934
31936
31938
31939
31941
31943
31945
31947
31948
31949
31950
31951
31952
31955
31957
31958
31959
31961
31966
31968
31969
31970
31971
31972
31973
31975
31976
31979
31982
31983
31984
31985
31986
31987
31988
31989
31992
31994
31996
31997
31999
32001
32004
32006
32007
32008
32009
32010
32011
32013
32015
32016
32018
32022
32024
32025
32026
32027
32029
32031
32032
32034
32035
32036
32037
32039
32040
32041
32043
32044
32045
32048
32050
32052
32053
32054
32057
32058
32059
32060
32061
32062
32065
32066
32067
32076
32078
32079
32080
32082
32084
32085
32087
32089
32090
32091
32092
32094
32095
32096
32097
32099
32102
32104
32107
32110
32112
32113
32114
32115
32116
32118
32119
32120
32121
32122
32125
32127
32129
32130
32131
32132
32137
32138
32139
32141
32143
32144
32145
32146
32147
32148
32150
32151
32153
32156
32157
32158
32159
32161
32163
32166
32167
32168
32170
32172
32173
32174
32175
32179
32180
32182
32183
32184
32185
32186
32187
32188
32189
32191
32192
32194
32195
32197
32198
32204
32207
32208
32209
32211
32212
32213
32216
32219
32223
32224
32225
32226
32227
32234
32235
32236
32237
32238
32239
32241
32242
32243
32244
32246
32248
32249
32251
32253
32254
32255
32256
32257
32259
32260
32261
32262
32263
32264
32265
32266
32267
32269
32270
32271
32272
32273
32274
32275
32278
32279
32281
32283
32284
32285
32287
32288
32289
32290
32294
32298
32301
32305
32306
32308
32311
32313
32314
32315
32316
32317
32318
32319
32320
32321
32322
32323
32327
32328
32329
32330
32331
32334
32335
32336
32337
32338
32339
32341
32342
32343
32345
32346
32347
32348
32351
32353
32357
32358
32359
32361
32362
32365
32366
32368
32370
32371
32372
32374
32375
32378
32383
32384
32385
32386
32388
32389
32390
32392
32393
32394
32396
32401
32403
32404
32407
32410
32411
32413
32414
32417
32418
32419
32420
32421
32422
32424
32425
32427
32432
32433
32435
32437
32439
32440
32441
32442
32443
32446
32449
32450
32451
32453
32455
32456
32458
32459
32460
32466
32468
32469
32471
32472
32473
32474
32476
32477
32480
32482
32483
32485
32486
32487
32488
32489
32493
32495
32496
32499
32500
32501
32504
32505
32507
32508
32509
32512
32517
32520
32524
32525
32528
32530
32534
32535
32537
32540
32542
32543
32545
32547
32549
32550
32551
32556
32559
32560
32561
32563
32565
32566
32567
32569
32570
32573
32574
32577
32578
32582
32584
32585
32588
32589
32590
32592
32595
32599
32600
32601
32602
32604
32605
32606
32607
32609
32613
32614
32616
32617
32620
32623
32626
32628
32630
32631
32633
32635
32636
32637
32638
32639
32640
32642
32644
32645
32646
32647
32649
32651
32652
32653
32654
32655
32656
32658
32661
32662
32663
32666
32667
32668
32671
32673
32674
32675
32678
32680
32681
32683
32686
32687
32689
32692
32695
32696
32698
32699
32700
32701
32703
32706
32708
32709
32710
32713
32714
32715
32717
32718
32720
32721
32722
32725
32726
32727
32728
32729
32732
32735
32736
32740
32745
32746
32747
32748
32749
32752
32754
32757
32758
32759
32760
32765
32766
32767
32768
32769
32770
32771
32772
32773
32776
32777
32781
32783
32784
32785
32787
32788
32790
32791
32792
32793
32795
32796
32797
32798
32800
32801
32802
32805
32808
32809
32810
32813
32815
32818
32819
32820
32821
32822
32825
32826
32828
32829
32832
32833
32835
32836
32837
32838
32839
32840
32841
32843
32845
32847
32849
32850
32852
32856
32861
32863
32865
32866
32870
32871
32874
32875
32876
32877
32878
32879
32880
32881
32885
32886
32888
32889
32890
32891
32892
32893
32894
32895
32897
32900
32902
32903
32904
32906
32907
32909
32910
32911
32913
32915
32916
32918
32920
32921
32922
32923
32924
32926
32927
32928
32929
32931
32932
32934
32935
32936
32939
32940
32941
32942
32945
32946
32947
32949
32950
32951
32952
32954
32955
32956
32957
32958
32960
32961
32962
32964
32966
32967
32968
32969
32970
32971
32972
32973
32974
32975
32976
32977
32979
32981
32982
32983
32984
32985
32988
32989
32990
32991
32994
32996
32997
32998
33001
33002
33003
33004
33007
33009
33011
33012
33016
33017
33018
33021
33024
33025
33026
33027
33028
33029
33032
33033
33034
33035
33036
33037
33038
33039
33040
33041
33042
33049
33051
33053
33054
33056
33059
33060
33062
33063
33064
33066
33067
33068
33069
33072
33073
33075
33076
33078
33079
33080
33081
33082
33084
33085
33086
33087
33088
33089
33093
33094
33095
33097
33101
33102
33105
33106
33107
33108
33109
33110
33111
33113
33114
33115
33116
33118
33120
33121
33122
33124
33125
33126
33127
33129
33133
33137
33138
33140
33142
33144
33145
33146
33147
33148
33150
33151
33152
33153
33155
33156
33158
33159
33160
33163
33165
33166
33167
33168
33170
33171
33172
33173
33174
33176
33177
33178
33179
33180
33185
33186
33188
33189
33190
33191
33192
33194
33195
33197
33199
33200
33204
33205
33206
33207
33210
33212
33213
33214
33218
33219
33224
33226
33227
33228
33229
33230
33231
33233
33235
33238
33239
33240
33241
33242
33245
33246
33247
33248
33249
33250
33251
33252
33254
33255
33256
33264
33265
33266
33267
33268
33269
33270
33271
33272
33273
33274
33275
33276
33279
33283
33284
33285
33286
33289
33290
33293
33295
33298
33299
33300
33301
33302
33303
33304
33305
33307
33308
33309
33311
33312
33313
33314
33317
33319
33320
33323
33325
33329
33330
33332
33333
33334
33335
33340
33341
33342
33343
33344
33345
33350
33351
33352
33353
33354
33356
33357
33358
33360
33361
33362
33363
33364
33366
33367
33371
33374
33377
33378
33379
33380
33381
33382
33386
33387
33389
33390
33391
33392
33393
33396
33401
33402
33404
33406
33408
33409
33412
33416
33418
33419
33420
33421
33423
33429
33431
33433
33435
33436
33439
33440
33441
33442
33443
33444
33446
33447
33448
33449
33450
33451
33453
33458
33461
33462
33465
33466
33467
33468
33469
33470
33471
33472
33473
33474
33476
33477
33478
33479
33480
33481
33484
33485
33486
33488
33489
33490
33491
33493
33494
33495
33498
33499
33501
33502
33503
33504
33508
33510
33513
33514
33515
33518
33520
33521
33524
33525
33527
33528
33529
33530
33531
33534
33536
33537
33538
33539
33540
33544
33546
33547
33550
33551
33552
33554
33555
33556
33559
33561
33563
33564
33565
33566
33570
33572
33573
33576
33577
33579
33584
33585
33586
33589
33590
33591
33592
33593
33594
33595
33597
33598
33599
33601
33602
33604
33606
33607
33609
33611
33612
33619
33621
33622
33625
33626
33631
33632
33633
33638
33642
33644
33649
33651
33652
33654
33655
33656
33657
33660
33661
33665
33667
33670
33671
33672
33676
33678
33679
33680
33681
33683
33685
33687
33689
33690
33691
33692
33694
33695
33697
33699
33700
33702
33705
33706
33707
33708
33710
33711
33712
33713
33714
33716
33718
33719
33720
33721
33722
33723
33724
33725
33726
33729
33730
33731
33732
33733
33734
33737
33739
33740
33741
33742
33744
33745
33746
33749
33750
33752
33753
33754
33757
33758
33759
33760
33761
33763
33764
33765
33767
33769
33770
33771
33774
33776
33778
33779
33780
33781
33782
33783
33784
33788
33789
33790
33791
33792
33793
33794
33800
33802
33803
33804
33805
33808
33810
33811
33812
33813
33814
33815
33817
33818
33820
33821
33822
33825
33826
33828
33829
33830
33831
33832
33836
33837
33841
33842
33847
33848
33849
33850
33852
33853
33855
33856
33863
33866
33867
33868
33869
33872
33873
33874
33876
33877
33879
33882
33883
33886
33887
33888
33891
33892
33894
33896
33897
33898
33899
33905
33907
33909
33910
33911
33912
33914
33915
33916
33918
33919
33920
33921
33924
33928
33930
33931
33932
33933
33935
33936
33939
33940
33942
33945
33946
33948
33949
33951
33952
33953
33955
33956
33958
33959
33960
33961
33963
33966
33967
33968
33969
33971
33972
33973
33974
33975
33977
33978
33979
33980
33983
33985
33986
33988
33989
33990
33991
33992
33993
33994
33995
33996
33997
33998
33999
34004
34006
34007
34012
34013
34014
34016
34017
34018
34019
34020
34022
34023
34027
34030
34032
34036
34037
34038
34041
34042
34043
34044
34045
34053
34054
34056
34057
34058
34063
34065
34066
34067
34070
34074
34075
34077
34078
34082
34085
34086
34088
34091
34093
34094
34096
34097
34098
34099
34100
34101
34103
34105
34106
34107
34108
34109
34110
34111
34116
34117
34123
34124
34126
34128
34130
34131
34132
34133
34134
34137
34139
34142
34143
34144
34145
34146
34147
34148
34151
34153
34156
34157
34160
34162
34163
34164
34165
34167
34169
34172
34173
34175
34178
34179
34180
34183
34184
34187
34189
34192
34195
34196
34198
34199
34200
34201
34205
34206
34207
34208
34209
34212
34215
34217
34218
34219
34220
34225
34227
34229
34230
34233
34234
34235
34237
34238
34242
34243
34244
34245
34248
34249
34250
34252
34254
34255
34256
34258
34260
34261
34264
34265
34267
34268
34269
34270
34271
34272
34274
34276
34278
34281
34282
34283
34285
34288
34290
34291
34292
34294
34295
34296
34298
34299
34300
34301
34303
34307
34308
34310
34311
34315
34318
34319
34320
34322
34327
34329
34330
34334
34337
34338
34339
34340
34341
34342
34343
34346
34349
34350
34351
34352
34353
34356
34358
34359
34360
34361
34364
34366
34370
34371
34372
34373
34375
34376
34378
34379
34380
34382
34383
34384
34385
34386
34387
34388
34389
34390
34391
34393
34396
34397
34402
34403
34404
34407
34411
34412
34413
34415
34416
34417
34418
34420
34421
34422
34425
34427
34428
34429
34430
34431
34432
34433
34436
34438
34439
34440
34441
34444
34445
34446
34449
34454
34457
34459
34460
34462
34463
34465
34467
34468
34469
34470
34471
34472
34474
34475
34477
34479
34480
34481
34482
34485
34487
34489
34490
34492
34493
34494
34495
34498
34501
34503
34505
34507
34508
34510
34512
34515
34517
34519
34520
34522
34523
34525
34526
34527
34531
34532
34534
34538
34539
34540
34541
34546
34547
34549
34556
34557
34559
34560
34562
34563
34565
34566
34568
34570
34572
34573
34574
34576
34577
34579
34580
34582
34584
34585
34586
34589
34590
34591
34595
34596
34597
34598
34601
34602
34604
34605
34606
34607
34609
34613
34614
34615
34617
34620
34621
34622
34624
34625
34626
34628
34632
34635
34636
34638
34639
34643
34644
34646
34647
34649
34652
34653
34655
34656
34657
34659
34660
34663
34664
34666
34667
34669
34670
34671
34672
34673
34674
34677
34678
34679
34680
34684
34685
34687
34690
34694
34696
34699
34702
34705
34706
34707
34709
34713
34716
34717
34724
34725
34727
34728
34729
34731
34733
34734
34736
34738
34739
34740
34742
34743
34744
34745
34746
34747
34752
34753
34754
34755
34756
34757
34759
34761
34764
34765
34766
34769
34772
34773
34774
34775
34776
34777
34779
34780
34783
34787
34788
34790
34791
34792
34793
34795
34796
34797
34800
34801
34802
34803
34805
34806
34807
34809
34810
34811
34812
34813
34815
34816
34817
34818
34822
34826
34827
34830
34832
34833
34835
34839
34840
34841
34844
34846
34847
34848
34849
34854
34859
34860
34864
34866
34867
34869
34870
34872
34873
34875
34876
34877
34878
34879
34880
34881
34885
34886
34887
34888
34889
34890
34893
34895
34896
34897
34898
34900
34901
34902
34903
34904
34905
34906
34907
34909
34912
34913
34915
34916
34917
34919
34920
34924
34926
34927
34928
34929
34932
34933
34934
34935
34936
34937
34938
34939
34940
34941
34942
34944
34947
34948
34950
34951
34953
34954
34955
34958
34959
34961
34962
34965
34966
34968
34969
34970
34971
34977
34980
34981
34982
34985
34988
34989
34990
34991
34993
34994
34995
34997
34998
35000
35002
35003
35004
35006
35007
35009
35012
35013
35015
35016
35020
35023
35025
35028
35030
35032
35034
35035
35036
35037
35039
35041
35042
35043
35045
35047
35052
35055
35057
35058
35059
35066
35067
35073
35074
35075
35076
35078
35080
35081
35082
35085
35087
35088
35090
35091
35092
35093
35094
35097
35098
35100
35101
35102
35104
35105
35106
35107
35109
35111
35113
35116
35119
35121
35122
35123
35124
35125
35126
35130
35131
35132
35134
35136
35137
35138
35139
35140
35141
35142
35143
35144
35147
35148
35149
35150
35152
35154
35155
35156
35157
35160
35161
35163
35164
35165
35166
35167
35168
35169
35170
35172
35173
35174
35175
35177
35179
35182
35185
35186
35188
35189
35190
35191
35193
35195
35197
35198
35199
35201
35202
35203
35204
35205
35207
35208
35209
35210
35214
35218
35219
35220
35222
35223
35224
35225
35228
35229
35232
35233
35234
35235
35237
35238
35239
35241
35243
35244
35246
35250
35251
35254
35255
35259
35261
35262
35264
35272
35273
35276
35277
35281
35282
35283
35284
35289
35292
35294
35296
35297
35298
35299
35300
35302
35309
35311
35312
35316
35317
35318
35320
35321
35322
35324
35325
35326
35327
35329
35331
35334
35335
35336
35337
35338
35339
35340
35341
35342
35343
35346
35351
35355
35356
35357
35358
35359
35360
35361
35362
35363
35365
35366
35368
35371
35372
35374
35375
35378
35380
35381
35383
35386
35387
35390
35393
35398
35399
35401
35402
35403
35404
35407
35408
35411
35414
35416
35417
35419
35420
35422
35424
35425
35426
35432
35433
35434
35435
35436
35442
35443
35444
35446
35448
35449
35452
35453
35454
35455
35456
35457
35459
35461
35462
35463
35465
35466
35467
35471
35474
35475
35476
35477
35478
35479
35481
35485
35486
35488
35490
35491
35493
35494
35495
35497
35498
35500
35504
35505
35506
35510
35514
35515
35516
35517
35519
35520
35523
35524
35525
35528
35530
35531
35532
35533
35536
35537
35538
35539
35541
35542
35543
35544
35545
35546
35547
35548
35551
35552
35554
35556
35557
35558
35559
35561
35562
35564
35568
35570
35571
35572
35576
35577
35583
35588
35589
35590
35591
35593
35594
35597
35599
35600
35602
35603
35604
35605
35608
35609
35611
35612
35614
35617
35619
35620
35622
35625
35626
35633
35634
35635
35636
35637
35638
35639
35640
35642
35643
35644
35645
35647
35649
35652
35653
35654
35656
35658
35662
35664
35667
35670
35671
35672
35673
35674
35677
35678
35680
35682
35685
35686
35688
35689
35690
35691
35692
35694
35695
35697
35698
35699
35700
35702
35704
35706
35710
35712
35715
35716
35717
35722
35723
35724
35725
35727
35728
35729
35731
35732
35733
35734
35735
35736
35738
35739
35740
35741
35742
35744
35745
35746
35747
35752
35755
35756
35757
35759
35761
35763
35764
35765
35766
35767
35768
35769
35771
35772
35773
35774
35775
35778
35779
35784
35788
35789
35790
35791
35794
35795
35796
35798
35800
35801
35803
35804
35806
35808
35809
35810
35811
35812
35815
35817
35819
35821
35822
35825
35826
35831
35832
35836
35837
35838
35840
35841
35842
35843
35844
35845
35847
35848
35850
35851
35852
35858
35859
35862
35863
35867
35869
35870
35871
35872
35873
35874
35876
35877
35878
35880
35881
35882
35883
35885
35886
35887
35888
35890
35891
35892
35893
35894
35895
35896
35901
35907
35909
35910
35911
35913
35915
35916
35917
35919
35920
35921
35922
35923
35925
35927
35931
35932
35934
35935
35936
35937
35938
35939
35941
35943
35945
35948
35949
35950
35952
35953
35958
35959
35960
35961
35967
35968
35969
35970
35971
35974
35975
35976
35978
35979
35982
35983
35984
35988
35989
35990
35992
35994
35995
35997
35998
35999
36001
36002
36004
36007
36009
36010
36011
36012
36014
36017
36018
36023
36025
36026
36027
36028
36032
36033
36036
36038
36039
36042
36044
36045
36046
36049
36050
36052
36055
36056
36059
36064
36065
36068
36069
36070
36074
36076
36078
36079
36080
36081
36084
36087
36088
36089
36090
36092
36095
36096
36098
36099
36102
36106
36108
36110
36111
36112
36113
36114
36115
36117
36120
36122
36123
36127
36128
36129
36131
36132
36133
36134
36137
36139
36140
36141
36142
36144
36145
36147
36148
36149
36150
36151
36152
36153
36154
36156
36157
36158
36159
36162
36163
36164
36167
36168
36169
36170
36171
36174
36176
36179
36180
36181
36182
36183
36185
36187
36189
36190
36191
36192
36193
36195
36198
36201
36205
36206
36207
36208
36210
36211
36212
36213
36218
36219
36220
36221
36223
36224
36228
36229
36231
36233
36234
36235
36237
36239
36244
36245
36249
36251
36252
36257
36258
36259
36260
36261
36263
36269
36271
36272
36273
36274
36275
36277
36278
36279
36281
36283
36284
36286
36288
36289
36290
36295
36296
36297
36299
36300
36302
36303
36304
36306
36307
36308
36311
36312
36313
36314
36317
36318
36319
36320
36321
36324
36325
36328
36329
36330
36331
36332
36333
36334
36335
36336
36337
36338
36339
36341
36346
36347
36348
36350
36352
36353
36354
36355
36356
36359
36361
36363
36364
36365
36366
36367
36369
36370
36372
36373
36377
36379
36381
36383
36386
36387
36388
36390
36391
36398
36400
36401
36403
36405
36406
36408
36409
36410
36412
36414
36415
36416
36417
36419
36420
36421
36423
36426
36434
36435
36436
36437
36439
36440
36441
36442
36445
36448
36449
36452
36453
36457
36459
36460
36461
36462
36463
36464
36465
36466
36467
36468
36472
36473
36475
36477
36478
36479
36480
36481
36482
36485
36487
36488
36489
36490
36491
36492
36493
36495
36497
36498
36500
36503
36506
36507
36510
36513
36515
36516
36517
36518
36520
36521
36523
36527
36529
36530
36531
36534
36536
36537
36540
36541
36544
36545
36547
36549
36550
36551
36553
36554
36555
36556
36558
36560
36561
36563
36564
36565
36566
36568
36569
36570
36575
36579
36580
36582
36584
36586
36588
36590
36592
36593
36594
36595
36597
36599
36600
36602
36604
36605
36609
36610
36613
36614
36615
36616
36617
36618
36619
36620
36623
36624
36626
36628
36629
36630
36632
36633
36634
36636
36637
36643
36644
36646
36647
36650
36651
36652
36653
36654
36655
36657
36660
36662
36663
36665
36666
36667
36670
36671
36673
36674
36676
36678
36679
36680
36682
36683
36684
36685
36686
36687
36688
36690
36692
36693
36695
36696
36698
36699
36700
36702
36703
36704
36706
36707
36712
36714
36715
36719
36720
36721
36722
36724
36728
36729
36731
36732
36733
36734
36735
36737
36739
36741
36742
36743
36744
36746
36748
36751
36757
36758
36760
36762
36763
36764
36765
36766
36767
36768
36769
36770
36771
36773
36775
36777
36778
36779
36780
36781
36783
36784
36785
36786
36790
36791
36795
36796
36797
36799
36800
36803
36804
36806
36808
36809
36810
36811
36812
36813
36814
36816
36817
36820
36830
36833
36834
36835
36836
36838
36840
36841
36844
36845
36849
36850
36855
36856
36857
36862
36863
36865
36866
36867
36868
36869
36871
36872
36873
36874
36876
36877
36878
36879
36881
36883
36884
36885
36886
36890
36891
36893
36894
36895
36897
36898
36900
36902
36903
36906
36908
36910
36911
36912
36913
36915
36918
36919
36920
36921
36922
36924
36926
36928
36929
36931
36932
36933
36934
36935
36937
36941
36942
36943
36944
36946
36947
36949
36953
36956
36958
36959
36964
36965
36967
36969
36970
36971
36972
36974
36977
36978
36979
36980
36981
36982
36983
36986
36989
36990
36993
36996
36998
37001
37002
37005
37006
37008
37009
37011
37012
37013
37016
37017
37019
37023
37024
37026
37027
37028
37029
37033
37035
37036
37037
37038
37041
37042
37043
37048
37051
37052
37053
37054
37057
37058
37059
37060
37061
37062
37063
37064
37065
37066
37067
37069
37070
37072
37073
37075
37076
37077
37078
37079
37083
37085
37087
37088
37090
37092
37093
37099
37101
37102
37103
37104
37105
37106
37107
37112
37113
37115
37116
37118
37119
37121
37122
37123
37125
37126
37127
37129
37132
37135
37136
37137
37140
37141
37142
37143
37145
37146
37148
37149
37150
37151
37152
37154
37155
37156
37157
37159
37162
37163
37166
37167
37168
37169
37170
37171
37172
37174
37176
37177
37178
37179
37180
37185
37186
37189
37190
37191
37192
37193
37194
37197
37198
37200
37201
37203
37204
37208
37209
37212
37214
37216
37217
37220
37221
37222
37223
37225
37227
37229
37231
37232
37233
37235
37237
37238
37240
37241
37242
37244
37247
37250
37253
37254
37257
37259
37260
37262
37263
37265
37266
37272
37273
37274
37276
37280
37281
37282
37284
37285
37286
37288
37289
37290
37291
37292
37293
37294
37296
37298
37299
37300
37301
37302
37303
37305
37306
37307
37310
37313
37315
37316
37317
37320
37321
37323
37328
37332
37335
37336
37337
37338
37339
37342
37343
37344
37347
37348
37350
37352
37354
37356
37357
37360
37363
37365
37366
37367
37368
37371
37372
37374
37378
37381
37382
37384
37385
37386
37389
37391
37393
37394
37395
37401
37403
37404
37406
37412
37416
37417
37421
37428
37431
37435
37437
37438
37441
37442
37443
37444
37445
37446
37447
37448
37449
37451
37452
37453
37457
37458
37459
37461
37462
37463
37465
37468
37469
37471
37473
37474
37475
37476
37481
37482
37485
37486
37487
37488
37490
37491
37492
37496
37497
37498
37499
37500
37502
37504
37505
37507
37508
37509
37511
37512
37513
37514
37515
37516
37517
37518
37519
37520
37521
37523
37525
37527
37529
37531
37532
37536
37537
37539
37540
37542
37543
37545
37549
37550
37551
37555
37557
37562
37563
37564
37565
37566
37567
37568
37569
37570
37571
37573
37575
37576
37577
37578
37579
37582
37584
37586
37587
37589
37590
37591
37593
37595
37598
37603
37604
37606
37608
37609
37610
37612
37614
37616
37617
37619
37620
37622
37626
37628
37629
37630
37631
37632
37633
37635
37639
37640
37641
37643
37644
37646
37647
37649
37652
37654
37655
37657
37658
37662
37663
37664
37665
37666
37667
37670
37671
37674
37675
37676
37677
37679
37680
37681
37683
37684
37685
37686
37687
37689
37694
37695
37698
37699
37702
37704
37705
37707
37708
37709
37714
37715
37718
37721
37722
37725
37728
37729
37730
37733
37734
37735
37737
37739
37740
37741
37742
37743
37744
37746
37747
37749
37750
37751
37753
37754
37755
37756
37758
37759
37760
37762
37763
37764
37765
37767
37768
37769
37770
37771
37775
37779
37780
37781
37787
37788
37789
37791
37792
37794
37795
37796
37799
37800
37802
37803
37804
37805
37806
37807
37808
37810
37811
37812
37813
37817
37818
37819
37820
37822
37824
37827
37828
37831
37832
37833
37835
37836
37837
37842
37843
37844
37845
37846
37847
37849
37850
37853
37854
37855
37856
37857
37860
37863
37865
37868
37870
37872
37874
37877
37879
37883
37884
37885
37887
37888
37890
37892
37894
37895
37897
37899
37900
37901
37903
37904
37907
37909
37910
37912
37914
37915
37917
37919
37920
37921
37922
37923
37924
37925
37926
37930
37933
37934
37935
37936
37937
37938
37939
37942
37943
37944
37945
37946
37947
37953
37957
37958
37962
37963
37967
37968
37970
37972
37973
37974
37975
37976
37977
37978
37980
37982
37983
37987
37989
37990
37992
37993
37994
37995
37996
37999
38001
38003
38005
38009
38010
38012
38013
38016
38018
38019
38020
38023
38024
38025
38028
38029
38030
38032
38034
38036
38037
38038
38041
38042
38043
38045
38049
38050
38054
38055
38056
38057
38058
38059
38060
38062
38063
38066
38068
38070
38071
38072
38073
38075
38079
38080
38081
38082
38083
38084
38085
38086
38087
38088
38089
38090
38093
38095
38096
38097
38098
38100
38101
38103
38104
38105
38106
38107
38111
38112
38113
38116
38117
38118
38119
38121
38124
38125
38127
38128
38129
38130
38132
38134
38135
38136
38137
38139
38143
38144
38145
38146
38147
38149
38152
38157
38160
38161
38167
38170
38173
38175
38176
38181
38182
38183
38185
38186
38187
38189
38192
38194
38195
38198
38199
38201
38202
38203
38204
38205
38206
38207
38208
38209
38211
38214
38215
38217
38220
38224
38225
38226
38227
38228
38229
38231
38236
38237
38238
38239
38240
38242
38243
38245
38247
38248
38249
38251
38252
38254
38256
38257
38261
38262
38264
38265
38266
38267
38269
38275
38276
38277
38278
38279
38280
38282
38283
38284
38285
38287
38288
38289
38292
38293
38296
38298
38299
38300
38301
38302
38303
38304
38309
38311
38314
38315
38316
38318
38320
38321
38324
38329
38330
38333
38334
38343
38344
38345
38346
38347
38348
38349
38350
38351
38354
38356
38358
38359
38360
38361
38367
38368
38369
38371
38372
38373
38374
38380
38381
38382
38383
38384
38385
38386
38387
38389
38391
38392
38394
38396
38397
38399
38400
38401
38402
38403
38404
38405
38406
38407
38409
38411
38412
38415
38419
38420
38422
38423
38425
38426
38428
38430
38432
38433
38434
38435
38436
38437
38438
38439
38442
38444
38449
38451
38453
38456
38460
38462
38463
38464
38467
38470
38471
38472
38474
38475
38478
38480
38481
38482
38483
38486
38488
38491
38494
38495
38498
38501
38502
38503
38507
38508
38512
38514
38515
38516
38518
38520
38521
38522
38523
38529
38531
38534
38535
38536
38538
38540
38541
38543
38545
38546
38548
38549
38550
38551
38553
38556
38557
38558
38559
38561
38562
38563
38564
38566
38568
38570
38573
38574
38580
38583
38585
38586
38587
38589
38591
38592
38595
38597
38598
38603
38606
38608
38609
38610
38613
38615
38616
38618
38619
38620
38621
38622
38625
38628
38631
38632
38633
38634
38636
38637
38640
38643
38644
38645
38646
38647
38650
38651
38652
38657
38662
38664
38665
38666
38667
38668
38669
38671
38672
38673
38675
38676
38677
38679
38684
38685
38686
38688
38689
38692
38694
38695
38696
38698
38700
38702
38703
38704
38706
38709
38710
38712
38714
38715
38716
38722
38723
38727
38728
38729
38731
38732
38733
38734
38736
38737
38738
38747
38749
38753
38754
38755
38757
38758
38760
38761
38762
38764
38768
38770
38773
38775
38776
38777
38778
38782
38783
38784
38785
38787
38788
38789
38790
38791
38794
38795
38796
38798
38799
38802
38803
38804
38808
38813
38815
38816
38818
38819
38821
38823
38824
38825
38826
38827
38830
38831
38832
38833
38839
38841
38842
38843
38844
38847
38848
38850
38851
38852
38854
38855
38856
38857
38861
38862
38863
38864
38865
38866
38867
38868
38870
38873
38874
38875
38876
38877
38878
38880
38882
38883
38884
38885
38886
38888
38889
38891
38893
38896
38897
38898
38899
38901
38902
38906
38907
38908
38910
38913
38914
38921
38923
38925
38929
38930
38932
38934
38936
38943
38944
38947
38950
38951
38952
38956
38957
38958
38959
38961
38962
38963
38965
38968
38970
38971
38972
38973
38975
38976
38977
38981
38982
38983
38984
38985
38988
38989
38993
38996
38997
38998
39002
39003
39004
39005
39006
39007
39008
39011
39012
39013
39015
39016
39018
39019
39021
39025
39026
39028
39029
39030
39031
39033
39034
39035
39039
39040
39041
39042
39043
39045
39047
39049
39051
39052
39056
39057
39058
39059
39060
39062
39063
39064
39065
39068
39070
39072
39073
39074
39075
39076
39087
39091
39094
39095
39096
39098
39099
39101
39102
39105
39106
39107
39108
39109
39110
39111
39113
39114
39115
39116
39117
39118
39120
39121
39122
39125
39126
39127
39128
39129
39130
39131
39132
39133
39134
39135
39136
39138
39139
39140
39141
39142
39143
39144
39145
39147
39148
39149
39150
39151
39153
39155
39158
39160
39161
39164
39169
39170
39171
39175
39176
39183
39184
39185
39186
39187
39188
39189
39190
39192
39193
39194
39195
39196
39197
39199
39200
39202
39204
39205
39207
39210
39213
39214
39215
39218
39219
39220
39221
39222
39223
39224
39225
39226
39227
39229
39231
39233
39234
39235
39236
39238
39239
39240
39241
39242
39244
39245
39246
39247
39248
39251
39254
39255
39258
39259
39262
39263
39264
39266
39267
39268
39269
39270
39272
39274
39277
39281
39282
39284
39286
39289
39292
39294
39295
39297
39298
39299
39300
39301
39303
39304
39306
39307
39308
39311
39313
39315
39316
39317
39318
39319
39320
39321
39323
39326
39327
39328
39332
39333
39334
39335
39336
39337
39338
39340
39341
39342
39347
39348
39350
39352
39354
39356
39357
39358
39359
39360
39363
39366
39367
39368
39369
39372
39373
39379
39380
39382
39383
39385
39388
39390
39391
39394
39395
39397
39399
39402
39405
39407
39409
39410
39411
39413
39415
39416
39420
39421
39422
39423
39424
39426
39428
39429
39430
39431
39435
39436
39438
39439
39440
39442
39443
39445
39446
39449
39450
39451
39454
39456
39457
39460
39464
39465
39467
39470
39472
39474
39476
39477
39478
39481
39482
39484
39488
39489
39490
39492
39493
39494
39495
39499
39500
39502
39503
39505
39508
39509
39510
39511
39512
39513
39514
39515
39516
39518
39520
39523
39525
39527
39529
39530
39531
39534
39535
39536
39537
39538
39539
39541
39542
39543
39544
39545
39547
39549
39550
39551
39552
39553
39557
39559
39562
39563
39564
39565
39567
39570
39571
39572
39574
39575
39577
39578
39579
39580
39582
39583
39585
39586
39588
39590
39592
39594
39597
39599
39600
39603
39604
39610
39611
39612
39613
39614
39615
39616
39617
39618
39622
39623
39626
39627
39628
39630
39633
39634
39635
39636
39639
39642
39644
39645
39646
39647
39648
39650
39653
39654
39655
39656
39657
39658
39662
39664
39665
39666
39668
39671
39672
39673
39674
39676
39677
39679
39680
39681
39685
39686
39687
39689
39691
39692
39694
39698
39702
39703
39704
39706
39707
39712
39714
39716
39718
39720
39726
39727
39730
39733
39735
39739
39740
39741
39742
39743
39744
39745
39747
39748
39749
39750
39751
39752
39753
39754
39755
39758
39759
39762
39763
39764
39766
39767
39770
39771
39772
39773
39776
39781
39782
39783
39784
39787
39788
39789
39790
39792
39795
39796
39797
39799
39803
39805
39806
39808
39809
39811
39812
39813
39815
39816
39817
39819
39821
39822
39823
39824
39825
39826
39827
39829
39830
39831
39832
39833
39834
39837
39839
39840
39842
39843
39844
39846
39847
39851
39852
39853
39854
39855
39857
39858
39859
39860
39861
39862
39865
39867
39870
39872
39874
39875
39879
39880
39882
39885
39886
39887
39888
39890
39891
39892
39893
39895
39898
39902
39903
39905
39908
39909
39911
39914
39915
39919
39921
39923
39924
39926
39927
39928
39929
39931
39932
39935
39937
39939
39942
39943
39944
39945
39947
39948
39949
39950
39951
39953
39954
39957
39958
39960
39961
39962
39963
39964
39965
39967
39970
39972
39973
39975
39976
39977
39978
39979
39980
39982
39984
39985
39986
39987
39988
39996
39997
40004
40011
40012
40014
40016
40020
40024
40026
40028
40029
40032
40033
40034
40037
40038
40039
40040
40046
40047
40048
40049
40050
40053
40057
40061
40062
40063
40064
40065
40070
40071
40073
40075
40079
40080
40082
40083
40084
40085
40087
40088
40090
40096
40100
40101
40104
40106
40107
40108
40111
40115
40116
40118
40120
40122
40123
40124
40125
40126
40127
40128
40129
40132
40133
40134
40135
40138
40143
40144
40145
40146
40147
40149
40151
40152
40154
40156
40157
40158
40160
40161
40163
40164
40166
40167
40168
40170
40171
40174
40175
40177
40181
40182
40183
40186
40188
40189
40190
40192
40193
40195
40197
40201
40202
40203
40204
40206
40207
40211
40212
40213
40216
40219
40220
40224
40225
40226
40227
40229
40232
40233
40237
40239
40240
40241
40243
40246
40247
40248
40249
40250
40251
40253
40255
40256
40257
40258
40259
40263
40264
40266
40267
40271
40274
40275
40278
40279
40281
40282
40283
40284
40285
40286
40289
40290
40292
40293
40297
40300
40301
40302
40303
40304
40305
40308
40309
40311
40312
40314
40317
40321
40323
40324
40327
40328
40329
40332
40333
40336
40337
40338
40339
40340
40341
40342
40344
40345
40346
40347
40348
40349
40350
40351
40352
40353
40354
40355
40356
40357
40358
40361
40362
40366
40368
40369
40370
40373
40374
40376
40378
40379
40380
40381
40382
40384
40385
40386
40387
40388
40391
40392
40397
40398
40401
40404
40406
40408
40409
40410
40411
40412
40414
40416
40417
40419
40420
40423
40424
40425
40427
40428
40429
40430
40431
40433
40434
40435
40439
40443
40446
40447
40450
40451
40452
40453
40454
40455
40456
40458
40461
40464
40465
40467
40468
40469
40470
40473
40475
40477
40478
40479
40480
40481
40482
40485
40486
40488
40489
40491
40492
40493
40494
40496
40499
40500
40501
40502
40503
40504
40505
40506
40508
40509
40510
40513
40516
40518
40523
40525
40527
40528
40529
40530
40532
40533
40536
40537
40538
40540
40541
40542
40543
40544
40545
40546
40547
40552
40554
40556
40558
40559
40561
40562
40563
40564
40565
40568
40571
40572
40575
40577
40580
40581
40584
40588
40589
40591
40593
40594
40597
40599
40600
40601
40602
40605
40608
40609
40612
40613
40614
40615
40617
40618
40624
40625
40627
40628
40630
40631
40632
40633
40634
40636
40640
40641
40642
40643
40646
40650
40651
40652
40653
40655
40656
40657
40659
40660
40662
40663
40664
40667
40670
40671
40672
40673
40675
40677
40678
40679
40683
40685
40687
40688
40692
40693
40696
40698
40699
40701
40702
40707
40712
40713
40715
40716
40718
40719
40720
40721
40722
40725
40727
40728
40729
40730
40732
40733
40737
40739
40741
40742
40745
40746
40747
40748
40749
40751
40753
40754
40755
40756
40758
40760
40761
40762
40764
40767
40769
40772
40773
40774
40775
40780
40782
40784
40785
40786
40787
40788
40789
40790
40791
40793
40797
40798
40799
40802
40803
40805
40806
40808
40811
40812
40813
40814
40816
40817
40818
40820
40823
40826
40829
40830
40832
40833
40834
40835
40836
40837
40838
40839
40840
40845
40846
40848
40851
40852
40853
40855
40856
40857
40858
40861
40863
40864
40867
40868
40870
40871
40872
40874
40878
40879
40884
40885
40886
40889
40890
40891
40893
40895
40896
40897
40900
40901
40905
40908
40909
40912
40914
40916
40917
40918
40919
40920
40921
40922
40923
40926
40929
40931
40932
40933
40935
40937
40938
40940
40941
40942
40944
40947
40948
40949
40950
40951
40952
40953
40954
40956
40957
40958
40961
40964
40966
40967
40968
40969
40970
40971
40972
40973
40978
40982
40983
40984
40985
40986
40987
40988
40993
40995
40999
41000
41001
41004
41005
41006
41008
41010
41011
41012
41013
41014
41015
41016
41018
41019
41020
41022
41025
41029
41031
41032
41033
41034
41036
41039
41040
41042
41043
41046
41049
41050
41052
41053
41054
41055
41057
41061
41064
41065
41066
41068
41069
41071
41075
41076
41077
41078
41080
41081
41082
41085
41086
41087
41089
41090
41093
41095
41096
41097
41099
41100
41101
41104
41105
41108
41113
41114
41115
41118
41119
41122
41124
41125
41126
41127
41129
41131
41132
41133
41134
41136
41138
41139
41140
41141
41142
41143
41144
41145
41146
41147
41148
41150
41151
41152
41153
41154
41155
41156
41158
41159
41160
41161
41163
41165
41166
41167
41168
41169
41170
41171
41173
41175
41177
41178
41180
41182
41183
41184
41185
41186
41188
41192
41193
41196
41197
41198
41200
41201
41204
41205
41208
41209
41211
41213
41217
41221
41222
41223
41224
41228
41230
41231
41232
41233
41234
41235
41237
41238
41239
41242
41243
41244
41246
41247
41248
41250
41251
41255
41256
41257
41258
41259
41260
41261
41262
41263
41265
41268
41269
41270
41271
41272
41273
41274
41275
41276
41278
41279
41282
41285
41286
41289
41290
41291
41292
41295
41297
41298
41304
41305
41306
41307
41310
41313
41314
41318
41324
41325
41326
41328
41329
41333
41334
41335
41336
41339
41340
41341
41343
41344
41345
41353
41354
41355
41357
41358
41359
41360
41361
41363
41364
41365
41366
41368
41371
41372
41375
41378
41380
41381
41382
41386
41388
41390
41391
41392
41396
41397
41400
41402
41403
41404
41407
41413
41414
41416
41417
41423
41424
41427
41430
41433
41434
41437
41438
41439
41443
41445
41446
41448
41452
41453
41454
41455
41457
41458
41459
41461
41462
41463
41467
41468
41469
41473
41475
41476
41478
41479
41484
41489
41491
41495
41496
41498
41500
41501
41502
41504
41505
41507
41508
41509
41510
41511
41512
41513
41514
41516
41517
41518
41520
41521
41525
41528
41530
41531
41534
41535
41536
41537
41539
41542
41543
41544
41545
41547
41548
41549
41550
41551
41552
41553
41554
41557
41561
41562
41563
41564
41565
41566
41567
41568
41569
41570
41571
41572
41574
41581
41583
41584
41586
41587
41589
41590
41591
41594
41596
41599
41600
41602
41605
41609
41611
41613
41615
41619
41622
41623
41624
41625
41626
41629
41630
41632
41633
41634
41635
41636
41637
41638
41641
41642
41643
41645
41646
41647
41649
41650
41653
41655
41658
41659
41660
41662
41663
41664
41665
41666
41668
41669
41670
41671
41674
41675
41676
41678
41679
41680
41683
41684
41688
41689
41691
41692
41696
41697
41698
41699
41700
41701
41702
41703
41706
41707
41710
41712
41713
41714
41716
41717
41718
41722
41724
41727
41728
41729
41730
41732
41733
41736
41737
41738
41741
41743
41748
41749
41752
41753
41754
41755
41759
41760
41764
41767
41769
41774
41776
41778
41779
41780
41781
41783
41784
41786
41787
41788
41789
41790
41791
41792
41795
41796
41800
41801
41802
41803
41804
41809
41812
41813
41814
41820
41822
41823
41824
41827
41829
41831
41835
41836
41839
41840
41843
41844
41846
41847
41848
41849
41850
41851
41852
41853
41854
41855
41856
41857
41858
41860
41862
41863
41864
41866
41867
41872
41876
41878
41879
41880
41882
41883
41884
41889
41890
41893
41896
41897
41898
41899
41903
41904
41907
41908
41909
41912
41913
41915
41916
41919
41920
41921
41922
41925
41926
41928
41930
41931
41932
41933
41934
41935
41936
41939
41942
41943
41947
41949
41952
41954
41955
41956
41957
41959
41960
41962
41963
41964
41965
41966
41973
41974
41975
41977
41978
41979
41981
41984
41985
41986
41990
41991
41992
41995
41997
42000
42001
42002
42003
42004
42005
42007
42009
42011
42014
42016
42018
42019
42020
42021
42024
42026
42027
42028
42032
42033
42039
42041
42042
42044
42046
42048
42049
42050
42051
42052
42053
42054
42056
42057
42058
42060
42061
42067
42069
42070
42071
42072
42073
42076
42078
42079
42080
42086
42087
42089
42091
42092
42093
42095
42097
42098
42102
42103
42104
42106
42108
42110
42112
42115
42118
42119
42120
42122
42123
42125
42126
42127
42128
42131
42139
42140
42141
42143
42144
42145
42146
42149
42151
42152
42153
42156
42157
42158
42159
42162
42164
42165
42166
42167
42169
42170
42171
42173
42174
42176
42178
42179
42180
42182
42183
42185
42187
42189
42191
42195
42196
42197
42198
42199
42201
42203
42204
42206
42210
42212
42215
42219
42220
42222
42228
42230
42233
42234
42237
42238
42239
42243
42244
42246
42249
42250
42251
42256
42257
42258
42261
42262
42263
42264
42266
42267
42269
42270
42272
42274
42276
42279
42281
42282
42284
42286
42287
42289
42290
42292
42294
42296
42297
42300
42301
42303
42304
42307
42308
42310
42311
42312
42314
42315
42316
42317
42318
42320
42323
42324
42325
42326
42327
42328
42331
42333
42335
42337
42340
42341
42342
42344
42345
42346
42348
42349
42351
42353
42355
42356
42358
42359
42360
42362
42363
42364
42365
42366
42367
42368
42369
42370
42371
42374
42377
42378
42381
42383
42384
42385
42386
42387
42388
42391
42392
42393
42395
42396
42397
42398
42401
42403
42404
42405
42406
42407
42411
42413
42417
42419
42420
42422
42423
42426
42427
42428
42431
42432
42434
42435
42441
42442
42443
42449
42450
42451
42452
42456
42458
42459
42460
42461
42462
42464
42465
42466
42467
42468
42470
42473
42474
42476
42477
42478
42479
42481
42482
42483
42484
42485
42486
42488
42489
42495
42496
42499
42500
42505
42506
42507
42508
42511
42513
42516
42517
42519
42521
42524
42525
42527
42528
42531
42532
42533
42534
42535
42536
42538
42541
42543
42547
42549
42553
42555
42556
42558
42559
42562
42563
42565
42568
42570
42572
42573
42578
42579
42584
42594
42599
42601
42602
42604
42606
42607
42608
42610
42611
42612
42614
42616
42618
42619
42622
42624
42628
42629
42630
42632
42634
42636
42637
42641
42642
42643
42644
42648
42649
42650
42651
42653
42654
42655
42664
42665
42666
42667
42669
42672
42673
42674
42675
42677
42678
42680
42683
42684
42685
42691
42693
42694
42696
42697
42699
42700
42701
42704
42706
42708
42709
42710
42711
42712
42714
42715
42716
42717
42718
42719
42721
42723
42724
42725
42726
42727
42728
42730
42732
42734
42735
42739
42741
42744
42745
42746
42747
42748
42749
42752
42753
42754
42756
42757
42759
42762
42764
42765
42766
42769
42770
42771
42773
42774
42775
42777
42778
42780
42782
42784
42785
42786
42787
42788
42789
42791
42793
42797
42798
42799
42800
42801
42802
42803
42804
42807
42808
42809
42810
42812
42813
42815
42817
42820
42822
42824
42825
42826
42827
42828
42832
42833
42834
42835
42836
42837
42838
42842
42844
42846
42847
42849
42851
42852
42853
42854
42859
42860
42861
42862
42863
42864
42867
42868
42869
42872
42873
42874
42875
42877
42880
42881
42883
42884
42886
42889
42891
42894
42895
42896
42897
42898
42900
42901
42902
42903
42904
42905
42907
42909
42911
42912
42915
42916
42918
42919
42923
42925
42927
42930
42933
42934
42936
42937
42940
42941
42942
42943
42945
42946
42948
42949
42951
42953
42955
42956
42957
42959
42960
42964
42966
42967
42969
42970
42972
42974
42975
42976
42978
42980
42981
42985
42986
42988
42989
42991
42992
42994
42995
42996
42997
42999
43000
43001
43004
43005
43007
43008
43009
43011
43014
43015
43016
43017
43018
43019
43021
43029
43030
43033
43034
43036
43038
43039
43041
43042
43043
43044
43045
43046
43048
43050
43051
43053
43054
43057
43058
43060
43062
43063
43064
43065
43066
43069
43070
43071
43072
43073
43074
43075
43077
43079
43080
43081
43082
43085
43086
43088
43089
43091
43092
43094
43099
43102
43104
43110
43111
43113
43114
43117
43119
43120
43124
43126
43127
43129
43130
43132
43133
43134
43135
43136
43137
43138
43139
43140
43141
43142
43143
43144
43145
43149
43152
43158
43159
43160
43162
43163
43167
43169
43170
43171
43173
43174
43176
43178
43179
43183
43184
43187
43188
43189
43191
43192
43193
43194
43195
43196
43197
43204
43205
43207
43211
43214
43215
43216
43217
43218
43220
43221
43222
43224
43225
43230
43232
43236
43239
43240
43241
43242
43244
43246
43247
43248
43250
43253
43254
43255
43256
43257
43260
43261
43265
43267
43269
43271
43274
43275
43280
43282
43284
43285
43287
43288
43289
43291
43293
43294
43296
43298
43299
43301
43303
43304
43307
43309
43311
43312
43313
43315
43316
43317
43319
43320
43322
43325
43327
43328
43329
43330
43332
43334
43335
43339
43341
43343
43344
43345
43346
43347
43348
43349
43353
43354
43356
43357
43361
43362
43363
43364
43365
43367
43369
43370
43371
43372
43373
43374
43375
43376
43377
43378
43379
43381
43382
43385
43386
43388
43389
43393
43395
43396
43398
43399
43401
43405
43406
43407
43408
43410
43413
43415
43428
43431
43432
43433
43434
43437
43438
43439
43440
43441
43442
43444
43446
43447
43448
43449
43451
43453
43454
43456
43457
43459
43460
43461
43466
43469
43471
43472
43476
43477
43479
43482
43483
43485
43486
43488
43489
43490
43492
43493
43494
43495
43496
43498
43499
43501
43502
43503
43506
43507
43508
43509
43510
43512
43515
43517
43520
43521
43526
43527
43529
43530
43532
43533
43534
43535
43536
43537
43541
43542
43554
43555
43556
43558
43559
43563
43567
43568
43570
43574
43576
43580
43581
43583
43584
43585
43587
43592
43595
43600
43601
43602
43603
43605
43606
43609
43611
43613
43614
43615
43618
43619
43620
43621
43623
43626
43630
43635
43636
43637
43638
43639
43640
43643
43644
43651
43655
43659
43661
43663
43665
43666
43669
43671
43672
43673
43674
43675
43676
43686
43687
43688
43690
43691
43692
43693
43694
43695
43696
43697
43698
43699
43701
43702
43703
43705
43707
43710
43714
43715
43716
43718
43719
43720
43722
43723
43725
43727
43728
43729
43732
43733
43735
43736
43737
43739
43740
43741
43743
43744
43746
43748
43749
43751
43752
43753
43755
43757
43759
43761
43763
43767
43768
43769
43770
43773
43774
43775
43776
43777
43778
43779
43782
43783
43786
43787
43788
43790
43791
43792
43793
43796
43798
43799
43800
43801
43802
43806
43807
43812
43816
43818
43819
43822
43823
43824
43825
43826
43831
43835
43836
43837
43838
43839
43840
43841
43844
43845
43846
43850
43852
43855
43856
43857
43858
43859
43860
43865
43866
43868
43870
43872
43873
43877
43881
43882
43883
43886
43888
43889
43891
43893
43896
43899
43900
43904
43906
43908
43910
43911
43913
43915
43919
43920
43922
43923
43924
43925
43927
43928
43929
43933
43934
43935
43936
43937
43938
43939
43940
43941
43943
43945
43946
43947
43948
43949
43950
43951
43952
43956
43957
43958
43962
43964
43965
43969
43971
43973
43977
43978
43981
43982
43983
43984
43985
43986
43987
43988
43995
43996
43997
43998
43999
44001
44003
44006
44007
44009
44010
44011
44013
44014
44020
44023
44024
44025
44026
44032
44034
44038
44039
44040
44041
44042
44043
44044
44047
44048
44051
44052
44053
44054
44055
44059
44062
44065
44067
44075
44076
44079
44080
44081
44083
44084
44086
44089
44090
44091
44096
44099
44101
44102
44104
44107
44109
44111
44115
44116
44120
44121
44122
44123
44124
44126
44127
44128
44131
44132
44134
44135
44139
44141
44142
44143
44144
44147
44148
44149
44150
44151
44153
44154
44157
44159
44162
44163
44164
44165
44168
44169
44170
44171
44172
44173
44175
44177
44178
44179
44181
44182
44184
44189
44193
44195
44198
44200
44201
44203
44205
44206
44207
44208
44212
44213
44214
44215
44216
44217
44218
44219
44220
44221
44222
44223
44225
44226
44227
44229
44230
44234
44237
44239
44241
44242
44243
44244
44245
44246
44247
44249
44252
44253
44254
44255
44257
44258
44259
44260
44265
44269
44270
44271
44272
44274
44275
44279
44280
44283
44284
44286
44287
44289
44292
44294
44297
44298
44299
44300
44301
44303
44305
44307
44311
44312
44313
44315
44316
44317
44318
44319
44324
44325
44327
44328
44329
44330
44331
44333
44334
44335
44336
44337
44339
44340
44341
44342
44343
44347
44348
44350
44351
44353
44356
44357
44359
44362
44364
44365
44366
44367
44368
44372
44373
44375
44377
44380
44381
44383
44388
44393
44394
44395
44398
44399
44400
44402
44407
44409
44410
44411
44413
44414
44416
44417
44418
44421
44424
44425
44426
44429
44431
44433
44436
44439
44440
44441
44443
44444
44445
44447
44448
44449
44450
44452
44454
44455
44457
44458
44459
44462
44463
44464
44465
44466
44467
44469
44473
44475
44477
44479
44481
44482
44483
44484
44487
44489
44491
44495
44497
44498
44499
44500
44502
44504
44505
44510
44512
44514
44515
44516
44517
44518
44521
44524
44525
44528
44529
44530
44531
44532
44533
44534
44538
44539
44540
44541
44543
44548
44550
44551
44553
44555
44556
44557
44558
44560
44561
44562
44564
44566
44568
44569
44570
44571
44573
44574
44575
44577
44579
44585
44586
44587
44588
44589
44598
44600
44601
44603
44604
44608
44610
44611
44613
44620
44622
44625
44630
44632
44634
44635
44636
44637
44640
44641
44642
44643
44644
44646
44647
44648
44649
44651
44652
44653
44656
44658
44659
44661
44663
44664
44665
44666
44667
44668
44669
44670
44671
44672
44673
44674
44675
44676
44680
44684
44687
44692
44693
44694
44696
44697
44698
44699
44700
44703
44706
44712
44713
44715
44716
44717
44718
44719
44720
44721
44722
44723
44728
44731
44734
44736
44737
44738
44741
44742
44745
44746
44747
44749
44751
44752
44754
44755
44758
44761
44764
44766
44767
44768
44770
44771
44776
44778
44779
44780
44781
44782
44783
44784
44786
44787
44791
44793
44796
44798
44800
44802
44804
44806
44812
44814
44815
44816
44817
44818
44819
44820
44821
44822
44823
44824
44828
44829
44830
44831
44833
44838
44839
44843
44844
44845
44846
44848
44849
44850
44851
44853
44854
44856
44857
44860
44861
44864
44865
44866
44868
44870
44871
44873
44874
44875
44877
44878
44883
44886
44888
44893
44894
44896
44898
44899
44900
44901
44903
44905
44909
44911
44912
44913
44917
44918
44920
44921
44923
44925
44926
44928
44932
44934
44935
44936
44937
44938
44941
44942
44943
44944
44947
44948
44949
44950
44953
44954
44955
44959
44960
44962
44966
44967
44969
44970
44971
44972
44974
44979
44980
44981
44982
44983
44984
44985
44988
44989
44990
44993
44999
45001
45002
45003
45004
45005
45008
45009
45013
45016
45018
45022
45023
45024
45025
45026
45028
45030
45032
45034
45035
45037
45039
45040
45044
45046
45047
45051
45052
45053
45054
45055
45057
45059
45064
45066
45067
45068
45070
45071
45073
45074
45075
45076
45077
45078
45079
45080
45083
45086
45088
45089
45090
45092
45093
45095
45097
45099
45101
45102
45104
45105
45106
45112
45116
45119
45120
45122
45123
45124
45125
45127
45128
45129
45132
45133
45135
45138
45140
45141
45143
45147
45148
45149
45150
45152
45154
45157
45158
45161
45164
45166
45169
45172
45174
45175
45176
45178
45179
45180
45182
45183
45184
45186
45188
45190
45191
45192
45193
45195
45197
45198
45199
45202
45203
45205
45208
45212
45213
45215
45216
45217
45219
45220
45221
45222
45227
45228
45229
45230
45232
45233
45234
45238
45239
45240
45245
45246
45247
45248
45249
45253
45258
45262
45263
45264
45265
45266
45269
45270
45271
45274
45275
45276
45277
45280
45282
45284
45285
45287
45288
45289
45290
45291
45292
45293
45295
45297
45298
45299
45300
45301
45302
45305
45306
45307
45308
45309
45311
45312
45313
45316
45318
45320
45321
45322
45323
45326
45327
45328
45329
45330
45332
45333
45338
45339
45341
45342
45344
45345
45346
45347
45348
45349
45351
45356
45358
45359
45360
45362
45366
45368
45369
45371
45373
45374
45375
45376
45378
45380
45390
45393
45394
45395
45396
45400
45401
45406
45407
45409
45410
45411
45412
45413
45414
45416
45418
45421
45425
45426
45429
45430
45432
45434
45435
45436
45438
45439
45440
45441
45442
45445
45446
45450
45452
45455
45456
45457
45460
45461
45462
45463
45465
45467
45468
45469
45476
45477
45478
45479
45481
45483
45484
45485
45486
45491
45494
45495
45498
45501
45502
45504
45506
45510
45511
45513
45514
45516
45517
45518
45519
45522
45524
45525
45526
45527
45529
45531
45532
45533
45534
45535
45540
45543
45544
45545
45546
45547
45548
45551
45554
45555
45556
45559
45560
45562
45566
45568
45569
45573
45574
45575
45576
45577
45579
45583
45584
45586
45588
45591
45595
45597
45600
45602
45605
45607
45608
45610
45614
45615
45616
45617
45618
45619
45621
45622
45623
45625
45626
45627
45629
45630
45631
45632
45633
45635
45636
45640
45641
45646
45649
45650
45651
45652
45654
45655
45659
45662
45665
45666
45669
45675
45682
45683
45684
45685
45686
45687
45688
45689
45692
45694
45695
45696
45697
45698
45702
45703
45704
45705
45707
45708
45712
45713
45714
45715
45716
45717
45718
45719
45720
45721
45723
45726
45727
45729
45730
45731
45732
45735
45736
45739
45740
45743
45746
45750
45752
45753
45756
45758
45760
45761
45762
45766
45767
45770
45771
45772
45774
45775
45776
45777
45778
45779
45781
45783
45784
45787
45788
45790
45792
45794
45796
45805
45807
45808
45811
45812
45813
45815
45818
45822
45823
45827
45828
45831
45832
45833
45834
45838
45841
45842
45843
45845
45848
45849
45850
45852
45854
45856
45858
45859
45860
45861
45862
45863
45864
45867
45868
45869
45870
45875
45877
45878
45879
45881
45883
45886
45887
45888
45889
45890
45891
45892
45893
45896
45897
45898
45899
45900
45901
45904
45906
45911
45912
45913
45914
45915
45916
45918
45920
45922
45923
45924
45925
45928
45931
45932
45933
45935
45936
45937
45938
45939
45940
45941
45943
45944
45946
45949
45950
45952
45954
45956
45957
45959
45960
45962
45963
45965
45968
45969
45970
45972
45973
45974
45975
45976
45980
45981
45983
45984
45985
45989
45992
45993
45994
45995
45996
45997
45999
46003
46005
46006
46007
46008
46009
46011
46013
46015
46016
46017
46018
46022
46023
46024
46026
46027
46028
46031
46032
46033
46035
46038
46039
46040
46041
46043
46046
46050
46051
46052
46054
46058
46059
46060
46061
46064
46067
46068
46069
46073
46074
46076
46082
46084
46086
46088
46089
46090
46091
46092
46094
46095
46097
46099
46101
46103
46104
46106
46107
46108
46111
46112
46113
46115
46120
46121
46123
46124
46125
46127
46129
46132
46133
46134
46136
46138
46139
46142
46143
46146
46148
46149
46151
46154
46157
46160
46163
46164
46165
46166
46168
46170
46171
46172
46174
46175
46178
46181
46182
46183
46189
46192
46193
46194
46197
46201
46202
46203
46205
46206
46207
46209
46210
46212
46213
46214
46215
46217
46219
46221
46222
46224
46226
46228
46231
46234
46236
46238
46239
46240
46242
46244
46250
46251
46252
46253
46254
46255
46257
46260
46261
46264
46265
46266
46268
46269
46270
46273
46276
46277
46282
46283
46284
46285
46286
46287
46289
46290
46293
46295
46296
46298
46299
46302
46303
46306
46310
46314
46315
46317
46323
46325
46326
46328
46333
46338
46339
46341
46342
46343
46344
46345
46346
46351
46352
46353
46355
46357
46358
46361
46362
46363
46366
46367
46368
46370
46372
46373
46374
46376
46377
46379
46381
46383
46385
46388
46389
46393
46396
46397
46398
46399
46402
46403
46407
46408
46410
46411
46413
46414
46415
46418
46419
46420
46421
46423
46424
46426
46427
46433
46434
46436
46437
46438
46439
46441
46446
46448
46449
46453
46454
46456
46458
46459
46460
46461
46466
46467
46472
46474
46476
46480
46481
46482
46483
46484
46485
46487
46489
46490
46491
46493
46494
46497
46499
46501
46505
46506
46507
46508
46509
46510
46513
46514
46518
46520
46521
46522
46523
46525
46528
46533
46534
46535
46536
46539
46544
46547
46548
46549
46550
46552
46553
46554
46555
46557
46559
46560
46561
46563
46565
46566
46568
46569
46570
46571
46573
46577
46578
46584
46587
46589
46590
46591
46592
46594
46596
46599
46600
46602
46604
46605
46608
46609
46610
46616
46617
46618
46620
46621
46623
46624
46625
46626
46627
46628
46629
46632
46633
46634
46635
46636
46637
46640
46643
46644
46648
46649
46651
46652
46653
46654
46658
46661
46663
46664
46668
46670
46673
46674
46675
46676
46680
46683
46684
46685
46687
46690
46694
46697
46698
46699
46701
46702
46703
46704
46706
46708
46710
46711
46712
46714
46715
46716
46717
46719
46720
46721
46723
46726
46729
46734
46736
46737
46738
46739
46746
46747
46750
46754
46755
46758
46760
46761
46763
46767
46768
46769
46770
46772
46778
46779
46781
46782
46784
46785
46786
46787
46790
46794
46796
46801
46804
46805
46807
46808
46809
46810
46814
46815
46817
46819
46820
46822
46824
46825
46828
46830
46832
46835
46837
46839
46840
46850
46853
46856
46857
46860
46862
46864
46865
46866
46867
46868
46871
46873
46875
46876
46877
46878
46880
46881
46886
46887
46889
46890
46893
46896
46898
46903
46905
46907
46908
46909
46910
46912
46913
46914
46918
46919
46921
46922
46923
46924
46925
46926
46927
46928
46930
46931
46932
46937
46938
46942
46943
46944
46945
46947
46948
46949
46950
46951
46953
46958
46960
46961
46962
46963
46964
46966
46967
46968
46973
46974
46975
46976
46977
46981
46983
46984
46985
46987
46988
46989
46990
46995
46997
46999
47000
47001
47002
47006
47009
47014
47015
47016
47020
47021
47024
47026
47028
47029
47033
47034
47035
47044
47045
47048
47049
47050
47055
47057
47059
47060
47061
47062
47063
47064
47065
47066
47067
47069
47070
47072
47074
47075
47077
47078
47080
47081
47087
47090
47091
47092
47094
47095
47096
47098
47103
47104
47106
47107
47108
47109
47110
47111
47112
47114
47116
47123
47126
47127
47130
47133
47134
47138
47140
47142
47144
47145
47146
47148
47149
47152
47154
47157
47158
47160
47162
47163
47164
47172
47173
47176
47177
47180
47183
47185
47187
47188
47189
47191
47193
47194
47198
47201
47204
47205
47206
47209
47211
47212
47213
47214
47216
47217
47222
47223
47224
47227
47229
47231
47232
47234
47236
47237
47238
47239
47241
47243
47246
47248
47251
47252
47253
47259
47260
47262
47264
47265
47266
47270
47271
47272
47273
47274
47275
47276
47278
47279
47280
47286
47288
47289
47291
47292
47293
47304
47305
47307
47308
47313
47315
47317
47318
47320
47322
47324
47326
47327
47328
47329
47334
47335
47336
47337
47338
47340
47343
47344
47345
47346
47347
47348
47351
47352
47353
47354
47356
47357
47358
47362
47364
47366
47370
47371
47373
47374
47375
47377
47378
47381
47384
47386
47388
47389
47391
47393
47394
47396
47398
47399
47406
47407
47409
47410
47411
47412
47413
47415
47416
47418
47421
47422
47425
47427
47428
47431
47432
47433
47434
47437
47438
47439
47440
47442
47443
47448
47449
47450
47451
47455
47456
47457
47459
47461
47464
47468
47470
47471
47473
47477
47478
47479
47480
47484
47485
47491
47492
47493
47494
47495
47496
47501
47502
47503
47504
47506
47509
47510
47511
47512
47514
47515
47517
47519
47523
47524
47525
47526
47527
47528
47529
47532
47535
47537
47538
47539
47540
47541
47544
47547
47548
47553
47554
47555
47557
47558
47559
47561
47565
47566
47567
47571
47573
47577
47579
47581
47584
47586
47589
47590
47592
47593
47594
47596
47599
47602
47608
47609
47612
47613
47614
47615
47620
47621
47622
47625
47627
47629
47631
47633
47635
47638
47639
47640
47641
47642
47643
47645
47647
47653
47654
47656
47658
47659
47660
47661
47663
47664
47665
47666
47669
47673
47674
47675
47676
47677
47678
47680
47681
47685
47686
47688
47690
47692
47694
47696
47698
47699
47702
47703
47704
47705
47707
47709
47710
47717
47718
47719
47720
47722
47726
47728
47731
47733
47734
47737
47739
47740
47741
47743
47744
47746
47747
47748
47749
47750
47752
47753
47755
47756
47758
47759
47763
47764
47765
47768
47769
47770
47771
47772
47774
47775
47776
47777
47778
47780
47781
47782
47784
47785
47788
47791
47792
47793
47797
47801
47802
47805
47808
47812
47813
47815
47816
47817
47821
47822
47823
47825
47828
47829
47831
47832
47834
47835
47836
47837
47842
47843
47846
47848
47849
47851
47852
47854
47855
47856
47857
47860
47863
47864
47866
47869
47870
47872
47873
47874
47876
47879
47881
47888
47891
47892
47893
47897
47898
47904
47905
47906
47910
47911
47912
47913
47914
47915
47916
47917
47921
47925
47927
47928
47929
47930
47932
47933
47935
47936
47937
47939
47941
47942
47943
47944
47946
47952
47954
47955
47956
47957
47958
47959
47960
47961
47962
47965
47966
47967
47970
47973
47974
47975
47977
47978
47979
47984
47985
47986
47987
47988
47993
47994
47995
48000
48002
48003
48005
48007
48008
48013
48014
48015
48017
48018
48021
48022
48023
48028
48029
48030
48031
48032
48033
48036
48037
48038
48039
48040
48041
48043
48050
48056
48058
48061
48063
48064
48066
48068
48070
48071
48075
48076
48077
48078
48079
48080
48081
48082
48084
48086
48088
48089
48090
48093
48094
48095
48097
48098
48099
48102
48107
48109
48110
48112
48113
48114
48115
48116
48118
48119
48120
48124
48125
48126
48127
48129
48130
48131
48133
48136
48140
48142
48144
48147
48148
48149
48150
48151
48152
48153
48154
48155
48156
48157
48159
48161
48162
48163
48164
48166
48167
48169
48171
48172
48175
48176
48177
48179
48180
48183
48185
48187
48188
48189
48193
48196
48198
48199
48203
48206
48212
48217
48219
48220
48223
48224
48228
48230
48231
48232
48233
48234
48236
48237
48241
48243
48244
48245
48248
48253
48254
48257
48260
48261
48262
48264
48267
48269
48270
48271
48274
48275
48277
48279
48281
48282
48283
48285
48286
48288
48289
48292
48293
48295
48297
48298
48302
48303
48304
48306
48308
48309
48311
48313
48315
48316
48319
48321
48322
48323
48325
48326
48327
48328
48329
48330
48331
48335
48336
48337
48338
48340
48342
48343
48345
48346
48347
48348
48349
48350
48352
48353
48355
48357
48358
48359
48365
48367
48370
48372
48373
48374
48377
48380
48381
48386
48387
48389
48391
48392
48393
48395
48396
48398
48400
48401
48402
48403
48406
48408
48410
48411
48413
48417
48419
48420
48421
48423
48424
48428
48429
48430
48431
48434
48436
48437
48438
48440
48444
48449
48450
48454
48455
48456
48460
48462
48463
48467
48473
48476
48477
48478
48480
48481
48482
48483
48485
48487
48489
48494
48495
48496
48497
48499
48500
48501
48502
48504
48507
48508
48509
48510
48513
48515
48518
48519
48521
48522
48523
48524
48525
48526
48529
48531
48532
48534
48536
48539
48540
48542
48544
48547
48551
48555
48556
48557
48559
48560
48561
48562
48565
48566
48567
48569
48570
48571
48572
48573
48575
48576
48578
48583
48584
48588
48591
48593
48595
48596
48600
48603
48608
48611
48614
48621
48622
48623
48624
48626
48628
48629
48630
48632
48633
48634
48635
48638
48641
48645
48647
48648
48649
48651
48654
48659
48661
48662
48663
48664
48666
48678
48679
48681
48682
48684
48685
48686
48688
48689
48690
48692
48693
48694
48696
48697
48699
48702
48703
48704
48705
48708
48710
48711
48713
48715
48716
48717
48718
48719
48720
48721
48723
48724
48730
48733
48735
48736
48738
48739
48743
48745
48749
48750
48752
48753
48754
48755
48756
48758
48759
48761
48763
48765
48767
48768
48769
48770
48772
48776
48778
48782
48785
48786
48787
48788
48790
48791
48793
48797
48799
48804
48807
48808
48810
48814
48815
48816
48819
48821
48823
48824
48825
48826
48827
48829
48831
48832
48834
48836
48837
48840
48841
48842
48843
48844
48845
48847
48848
48851
48852
48854
48855
48856
48857
48861
48864
48865
48867
48868
48872
48874
48875
48876
48877
48879
48880
48881
48884
48885
48889
48893
48895
48898
48902
48903
48904
48906
48907
48908
48909
48910
48912
48917
48918
48922
48923
48924
48925
48926
48927
48928
48932
48934
48937
48939
48943
48945
48946
48947
48948
48950
48953
48954
48955
48957
48958
48959
48961
48963
48964
48970
48971
48972
48973
48976
48978
48979
48982
48988
48992
48993
48995
48997
48999
49000
49002
49004
49006
49009
49010
49016
49018
49019
49026
49028
49029
49031
49034
49036
49039
49040
49041
49042
49044
49045
49046
49048
49051
49054
49057
49058
49059
49060
49061
49063
49064
49067
49070
49072
49073
49074
49075
49078
49080
49083
49084
49086
49088
49089
49091
49092
49093
49098
49100
49102
49104
49105
49107
49109
49110
49112
49113
49114
49120
49123
49124
49125
49126
49129
49130
49132
49133
49134
49135
49136
49139
49140
49141
49143
49144
49146
49147
49148
49150
49151
49153
49154
49155
49156
49157
49159
49160
49161
49163
49164
49165
49166
49170
49171
49172
49179
49180
49183
49186
49190
49192
49195
49196
49197
49198
49199
49201
49202
49203
49204
49205
49209
49210
49211
49212
49217
49218
49219
49220
49221
49222
49226
49227
49228
49229
49231
49232
49236
49237
49238
49240
49242
49245
49251
49252
49256
49258
49259
49264
49265
49267
49269
49271
49272
49278
49280
49282
49283
49287
49289
49292
49296
49299
49302
49303
49304
49305
49310
49311
49312
49313
49314
49316
49317
49318
49319
49320
49321
49324
49325
49326
49327
49328
49331
49333
49336
49337
49340
49343
49346
49347
49351
49352
49353
49354
49356
49359
49360
49361
49362
49364
49367
49368
49369
49370
49371
49372
49374
49376
49378
49379
49381
49382
49386
49388
49389
49390
49392
49393
49394
49395
49396
49399
49400
49401
49403
49405
49406
49407
49408
49409
49410
49411
49414
49415
49416
49418
49419
49422
49424
49427
49428
49431
49432
49433
49434
49435
49436
49437
49438
49440
49442
49443
49444
49448
49449
49452
49453
49456
49457
49458
49462
49465
49466
49468
49470
49472
49475
49476
49477
49479
49480
49481
49482
49483
49485
49487
49488
49490
49491
49492
49494
49496
49497
49498
49499
49500
49503
49506
49508
49509
49511
49513
49515
49520
49522
49523
49524
49525
49526
49529
49530
49531
49532
49534
49535
49536
49539
49544
49545
49546
49547
49548
49550
49553
49554
49555
49557
49558
49559
49560
49561
49563
49564
49567
49569
49572
49574
49576
49577
49579
49580
49581
49583
49584
49586
49588
49592
49593
49597
49598
49599
49600
49601
49602
49606
49612
49614
49617
49619
49620
49621
49622
49623
49624
49625
49627
49631
49632
49633
49634
49638
49639
49640
49645
49647
49650
49652
49653
49654
49655
49658
49660
49664
49665
49666
49667
49668
49673
49676
49678
49683
49687
49693
49694
49695
49696
49698
49703
49704
49708
49709
49710
49711
49715
49716
49717
49718
49719
49720
49722
49724
49725
49726
49728
49730
49733
49735
49738
49739
49743
49744
49745
49747
49748
49749
49753
49754
49755
49757
49759
49762
49765
49768
49769
49771
49772
49773
49775
49776
49777
49779
49784
49785
49787
49788
49790
49792
49795
49796
49799
49800
49801
49805
49807
49808
49810
49811
49812
49813
49814
49815
49816
49822
49825
49827
49831
49834
49835
49836
49837
49838
49839
49841
49842
49844
49845
49847
49848
49850
49852
49853
49855
49857
49859
49860
49863
49864
49867
49870
49876
49877
49879
49880
49881
49882
49883
49884
49886
49887
49889
49890
49893
49897
49898
49900
49901
49902
49904
49907
49909
49913
49914
49915
49916
49917
49918
49919
49922
49926
49927
49929
49931
49932
49933
49934
49937
49938
49940
49941
49942
49943
49944
49946
49947
49948
49949
49954
49955
49956
49959
49963
49964
49967
49968
49969
49970
49971
49972
49975
49976
49977
49979
49980
49985
49986
49987
49988
49989
49990
49991
49992
49993
49994
49995
49996
49998
49999
50000
50001
50002
50003
50007
50009
50011
50012
50013
50014
50016
50017
50020
50021
50023
50024
50026
50027
50028
50029
50030
50031
50032
50033
50034
50036
50038
50039
50040
50044
50045
50046
50054
50057
50058
50059
50061
50064
50065
50066
50067
50069
50074
50075
50076
50079
50081
50083
50084
50087
50090
50093
50094
50095
50096
50098
50099
50100
50101
50104
50105
50106
50110
50111
50112
50113
50116
50118
50119
50120
50123
50125
50128
50133
50136
50137
50139
50142
50147
50148
50149
50150
50151
50152
50153
50157
50158
50160
50161
50162
50163
50164
50170
50173
50176
50180
50183
50184
50185
50186
50189
50190
50191
50193
50194
50195
50201
50202
50203
50204
50207
50209
50210
50213
50217
50218
50219
50224
50225
50226
50229
50230
50231
50233
50235
50237
50238
50239
50240
50241
50242
50245
50250
50253
50254
50255
50257
50258
50260
50262
50265
50267
50272
50273
50275
50277
50278
50279
50280
50283
50284
50285
50288
50291
50292
50293
50297
50301
50305
50307
50309
50310
50315
50316
50317
50318
50319
50320
50324
50326
50329
50331
50332
50333
50334
50335
50336
50337
50338
50340
50341
50344
50349
50350
50353
50354
50355
50356
50357
50358
50359
50360
50365
50367
50368
50369
50371
50372
50374
50376
50377
50382
50386
50389
50391
50392
50394
50397
50398
50399
50400
50402
50407
50408
50413
50414
50416
50417
50420
50423
50425
50426
50427
50428
50432
50433
50437
50438
50440
50441
50443
50444
50447
50448
50449
50452
50453
50454
50457
50459
50460
50461
50464
50465
50466
50468
50469
50471
50472
50474
50477
50479
50483
50485
50487
50488
50491
50492
50494
50495
50499
50500
50502
50504
50505
50506
50508
50509
50514
50515
50522
50524
50526
50527
50528
50532
50534
50536
50538
50539
50541
50542
50543
50545
50546
50547
50548
50549
50550
50552
50554
50555
50557
50558
50559
50560
50564
50566
50567
50568
50573
50574
50576
50577
50578
50579
50581
50584
50585
50590
50592
50594
50596
50597
50600
50601
50603
50605
50607
50609
50610
50611
50612
50614
50618
50623
50625
50628
50630
50632
50633
50635
50637
50638
50639
50643
50644
50646
50647
50648
50651
50653
50654
50656
50658
50659
50660
50662
50663
50665
50666
50667
50668
50669
50671
50683
50688
50689
50690
50691
50692
50693
50695
50696
50700
50701
50702
50703
50704
50706
50710
50713
50714
50715
50716
50717
50719
50720
50721
50724
50725
50727
50728
50729
50731
50734
50736
50737
50738
50742
50745
50746
50748
50749
50750
50751
50755
50756
50763
50764
50766
50767
50768
50769
50772
50774
50775
50778
50779
50780
50786
50790
50791
50795
50796
50800
50802
50803
50804
50806
50807
50811
50812
50813
50815
50817
50818
50819
50820
50823
50824
50827
50831
50832
50833
50834
50836
50837
50839
50841
50842
50845
50846
50848
50850
50853
50854
50855
50856
50858
50859
50860
50861
50862
50863
50864
50867
50869
50872
50875
50876
50879
50882
50885
50890
50891
50892
50893
50894
50900
50901
50905
50906
50910
50914
50918
50919
50920
50921
50922
50927
50928
50930
50931
50933
50934
50937
50941
50943
50945
50949
50951
50952
50957
50958
50960
50963
50965
50966
50967
50970
50971
50973
50975
50976
50977
50979
50981
50982
50983
50984
50985
50987
50988
50989
50990
50992
50993
50994
50997
50998
51000
51001
51004
51005
51006
51008
51010
51014
51015
51016
51018
51021
51024
51028
51030
51031
51032
51034
51036
51038
51040
51043
51044
51047
51048
51051
51052
51054
51056
51057
51058
51059
51060
51063
51067
51068
51070
51071
51074
51075
51080
51083
51085
51087
51088
51089
51090
51092
51098
51099
51101
51102
51103
51106
51110
51111
51112
51113
51114
51116
51117
51119
51123
51128
51129
51130
51137
51138
51140
51142
51144
51147
51151
51154
51155
51157
51158
51159
51163
51164
51165
51168
51169
51172
51175
51178
51179
51182
51183
51184
51185
51186
51189
51190
51192
51193
51194
51199
51201
51202
51203
51204
51206
51207
51209
51211
51214
51215
51216
51218
51219
51220
51221
51222
51228
51231
51234
51237
51238
51239
51240
51243
51245
51247
51258
51260
51262
51268
51269
51270
51272
51273
51274
51275
51278
51279
51280
51282
51283
51284
51286
51287
51290
51293
51296
51297
51299
51301
51304
51307
51308
51309
51313
51314
51317
51319
51320
51323
51324
51325
51328
51331
51332
51334
51336
51337
51338
51340
51343
51344
51345
51346
51347
51350
51351
51354
51356
51357
51358
51359
51360
51362
51364
51366
51372
51373
51375
51376
51379
51380
51381
51382
51383
51386
51388
51389
51390
51393
51397
51398
51399
51403
51404
51405
51406
51409
51411
51412
51413
51415
51416
51418
51420
51422
51425
51426
51429
51432
51433
51439
51442
51444
51446
51448
51449
51454
51455
51456
51457
51458
51459
51460
51461
51463
51470
51471
51474
51476
51479
51481
51482
51484
51486
51487
51492
51493
51494
51495
51497
51498
51499
51502
51503
51505
51507
51513
51516
51518
51519
51520
51522
51527
51528
51533
51534
51538
51541
51542
51543
51544
51548
51549
51553
51554
51556
51558
51560
51561
51563
51564
51565
51567
51568
51569
51570
51571
51572
51575
51577
51578
51582
51584
51586
51587
51588
51591
51594
51595
51596
51599
51600
51601
51602
51604
51607
51609
51610
51612
51614
51616
51618
51619
51620
51622
51623
51624
51629
51631
51632
51633
51636
51637
51638
51641
51642
51644
51651
51652
51654
51657
51659
51660
51661
51662
51663
51664
51665
51666
51667
51668
51670
51676
51681
51683
51689
51690
51691
51692
51693
51694
51698
51700
51701
51703
51704
51705
51706
51711
51714
51715
51716
51718
51721
51722
51727
51728
51730
51731
51734
51735
51738
51739
51740
51741
51743
51745
51746
51747
51755
51756
51759
51761
51762
51763
51764
51765
51769
51773
51774
51775
51777
51779
51780
51781
51782
51783
51784
51785
51790
51792
51796
51797
51802
51807
51808
51809
51811
51812
51816
51817
51819
51820
51821
51822
51826
51827
51830
51831
51833
51834
51835
51838
51839
51841
51842
51849
51850
51851
51852
51853
51854
51855
51856
51857
51860
51862
51863
51864
51865
51866
51868
51869
51871
51873
51874
51875
51876
51882
51883
51886
51888
51889
51892
51894
51895
51898
51900
51902
51903
51907
51910
51911
51913
51916
51917
51918
51919
51920
51922
51923
51924
51925
51926
51927
51928
51929
51930
51933
51934
51935
51936
51937
51938
51939
51941
51948
51952
51954
51955
51958
51961
51967
51968
51969
51971
51972
51973
51974
51976
51977
51981
51982
51983
51984
51985
51988
51989
51993
51996
51997
51998
52000
52001
52003
52005
52007
52008
52010
52011
52012
52013
52014
52019
52021
52022
52023
52024
52026
52031
52033
52034
52035
52036
52037
52038
52039
52040
52041
52044
52046
52047
52049
52051
52053
52054
52055
52059
52061
52063
52065
52067
52068
52070
52072
52074
52075
52077
52079
52081
52082
52084
52085
52086
52088
52089
52092
52094
52096
52097
52099
52100
52101
52105
52106
52108
52112
52113
52116
52117
52118
52121
52122
52124
52125
52126
52128
52129
52132
52133
52137
52138
52139
52141
52142
52144
52145
52148
52149
52150
52151
52152
52154
52155
52157
52158
52159
52162
52169
52173
52174
52178
52179
52180
52181
52182
52184
52186
52190
52191
52193
52195
52201
52202
52206
52208
52210
52214
52215
52218
52219
52221
52223
52225
52226
52228
52230
52231
52232
52233
52234
52236
52237
52238
52239
52243
52250
52251
52254
52256
52259
52262
52263
52264
52265
52267
52268
52269
52272
52274
52275
52277
52278
52279
52285
52287
52288
52289
52290
52291
52295
52297
52302
52303
52304
52305
52306
52307
52308
52310
52311
52315
52316
52318
52320
52322
52323
52325
52328
52329
52330
52331
52332
52340
52342
52344
52346
52348
52349
52351
52352
52353
52354
52357
52358
52359
52361
52363
52365
52367
52369
52372
52374
52379
52381
52383
52385
52386
52387
52391
52392
52394
52395
52396
52397
52398
52400
52402
52408
52409
52410
52411
52412
52413
52416
52417
52419
52421
52423
52424
52425
52426
52429
52433
52434
52437
52439
52440
52441
52443
52444
52445
52446
52447
52448
52449
52450
52452
52453
52455
52459
52461
52465
52467
52468
52470
52473
52476
52477
52478
52479
52480
52481
52482
52485
52487
52489
52490
52492
52493
52494
52498
52500
52501
52503
52507
52508
52509
52513
52514
52515
52517
52518
52519
52524
52525
52531
52534
52539
52541
52543
52548
52550
52551
52555
52556
52557
52561
52563
52566
52567
52569
52570
52574
52575
52579
52581
52582
52584
52587
52588
52590
52592
52593
52595
52597
52598
52601
52602
52604
52606
52609
52610
52612
52614
52615
52618
52621
52622
52624
52625
52628
52629
52635
52637
52638
52640
52643
52644
52647
52648
52651
52652
52655
52658
52660
52662
52663
52665
52669
52670
52673
52674
52675
52676
52677
52678
52680
52682
52684
52685
52686
52689
52695
52698
52699
52701
52703
52706
52709
52710
52711
52713
52720
52722
52724
52727
52728
52730
52731
52732
52733
52736
52738
52739
52740
52743
52744
52746
52747
52748
52749
52750
52754
52755
52756
52757
52760
52761
52762
52763
52766
52771
52773
52775
52776
52777
52778
52779
52780
52782
52783
52785
52786
52788
52789
52790
52795
52796
52798
52801
52802
52808
52809
52812
52815
52816
52820
52821
52823
52824
52825
52826
52827
52830
52831
52832
52833
52836
52837
52838
52840
52843
52845
52848
52850
52851
52852
52853
52854
52855
52860
52862
52863
52864
52865
52866
52867
52870
52876
52877
52879
52883
52886
52887
52894
52895
52898
52899
52900
52902
52903
52906
52907
52912
52913
52914
52916
52917
52920
52925
52926
52927
52928
52931
52932
52933
52934
52935
52938
52940
52941
52943
52944
52945
52946
52948
52949
52955
52957
52958
52960
52961
52962
52963
52964
52966
52967
52968
52969
52970
52972
52975
52976
52979
52983
52985
52986
52990
52992
52993
52995
52996
53000
53001
53002
53003
53005
53006
53007
53009
53010
53012
53014
53016
53019
53020
53023
53026
53027
53030
53036
53037
53038
53039
53041
53044
53045
53048
53050
53053
53057
53058
53064
53067
53069
53070
53071
53072
53074
53076
53080
53081
53082
53083
53085
53087
53088
53089
53090
53092
53095
53096
53098
53099
53100
53103
53105
53106
53107
53108
53109
53111
53113
53115
53116
53118
53121
53122
53126
53136
53137
53138
53139
53140
53141
53145
53147
53148
53150
53153
53155
53158
53161
53162
53170
53171
53172
53174
53175
53176
53178
53179
53180
53182
53185
53187
53188
53189
53192
53194
53198
53203
53204
53206
53207
53209
53211
53217
53218
53220
53221
53226
53227
53228
53230
53231
53233
53235
53236
53237
53238
53240
53243
53244
53245
53247
53251
53253
53254
53255
53257
53258
53264
53267
53269
53270
53272
53274
53275
53276
53277
53278
53280
53282
53283
53286
53292
53295
53296
53297
53298
53300
53301
53302
53304
53307
53310
53312
53313
53315
53317
53319
53322
53325
53328
53330
53331
53336
53340
53343
53345
53347
53350
53353
53356
53359
53360
53363
53364
53367
53378
53379
53380
53381
53385
53392
53393
53400
53402
53404
53409
53414
53417
53418
53419
53423
53428
53429
53437
53438
53439
53441
53442
53443
53444
53447
53449
53451
53452
53454
53456
53457
53461
53462
53463
53466
53469
53470
53472
53476
53478
53481
53482
53484
53485
53486
53488
53489
53492
53493
53494
53495
53497
53498
53499
53501
53504
53507
53511
53518
53519
53523
53524
53525
53526
53528
53531
53532
53533
53534
53535
53536
53537
53539
53540
53541
53546
53547
53549
53550
53555
53556
53560
53561
53564
53566
53567
53568
53570
53571
53572
53575
53577
53578
53579
53582
53583
53584
53586
53589
53590
53595
53596
53600
53601
53602
53605
53609
53610
53616
53618
53621
53622
53624
53625
53627
53632
53637
53640
53642
53643
53645
53646
53648
53650
53653
53654
53655
53656
53661
53662
53666
53670
53671
53672
53673
53679
53681
53682
53684
53685
53686
53687
53691
53695
53696
53697
53698
53700
53702
53705
53706
53707
53708
53709
53712
53715
53717
53718
53721
53723
53724
53725
53727
53729
53732
53734
53738
53739
53744
53747
53749
53751
53753
53755
53760
53762
53763
53764
53766
53767
53768
53769
53770
53772
53774
53775
53776
53778
53781
53782
53783
53785
53786
53787
53790
53791
53792
53795
53797
53798
53800
53802
53805
53806
53808
53810
53811
53817
53818
53820
53822
53828
53829
53834
53835
53837
53838
53839
53840
53843
53844
53845
53847
53850
53851
53853
53855
53857
53858
53862
53863
53864
53865
53866
53868
53871
53876
53877
53878
53879
53884
53885
53889
53898
53899
53900
53901
53902
53904
53905
53906
53907
53908
53912
53913
53914
53915
53916
53922
53924
53926
53927
53929
53930
53938
53940
53942
53943
53945
53952
53953
53954
53959
53962
53963
53964
53966
53967
53968
53970
53971
53973
53976
53977
53979
53981
53983
53984
53985
53992
53993
53995
53998
54000
54002
54003
54004
54005
54006
54008
54009
54010
54013
54014
54015
54018
54020
54022
54024
54026
54033
54034
54035
54037
54040
54042
54043
54044
54045
54048
54051
54052
54053
54059
54060
54067
54070
54074
54078
54080
54081
54083
54084
54090
54094
54097
54098
54100
54102
54103
54107
54108
54109
54114
54115
54116
54117
54119
54120
54121
54124
54125
54126
54127
54129
54133
54134
54136
54137
54138
54139
54141
54142
54143
54145
54147
54149
54150
54152
54154
54157
54163
54164
54165
54166
54168
54172
54173
54176
54183
54184
54185
54188
54190
54192
54198
54199
54202
54206
54207
54208
54209
54210
54211
54214
54215
54216
54217
54218
54219
54220
54221
54222
54223
54225
54226
54230
54231
54232
54234
54235
54237
54238
54240
54241
54242
54243
54244
54245
54248
54249
54251
54252
54254
54256
54258
54259
54262
54263
54264
54265
54266
54269
54270
54272
54276
54279
54281
54284
54286
54287
54288
54289
54292
54295
54299
54302
54309
54310
54312
54314
54315
54319
54320
54321
54322
54323
54325
54326
54327
54329
54331
54332
54333
54334
54337
54338
54339
54342
54344
54348
54351
54353
54354
54360
54361
54363
54365
54367
54368
54369
54375
54377
54380
54381
54383
54385
54386
54389
54390
54391
54395
54396
54397
54399
54406
54408
54409
54414
54416
54417
54418
54419
54420
54422
54430
54433
54434
54438
54444
54445
54446
54447
54449
54451
54455
54458
54460
54461
54462
54463
54465
54466
54469
54470
54472
54474
54476
54477
54484
54488
54489
54494
54498
54499
54502
54504
54507
54510
54512
54513
54515
54517
54518
54520
54521
54524
54526
54531
54533
54534
54538
54539
54541
54542
54550
54551
54552
54556
54557
54558
54561
54565
54566
54570
54571
54572
54573
54574
54576
54578
54582
54583
54584
54585
54586
54587
54588
54589
54590
54591
54593
54594
54595
54596
54598
54599
54600
54601
54602
54603
54604
54607
54608
54611
54612
54614
54615
54619
54622
54623
54624
54625
54627
54628
54631
54634
54635
54638
54641
54642
54644
54646
54648
54651
54653
54654
54656
54660
54664
54665
54667
54670
54671
54674
54675
54676
54677
54678
54679
54681
54682
54683
54684
54685
54686
54688
54691
54693
54697
54698
54699
54702
54703
54704
54705
54707
54708
54709
54712
54713
54714
54716
54717
54718
54722
54726
54730
54731
54732
54733
54734
54737
54738
54741
54745
54748
54749
54750
54751
54752
54753
54754
54755
54756
54758
54759
54761
54762
54763
54764
54766
54770
54774
54776
54777
54778
54779
54782
54784
54788
54789
54790
54794
54795
54796
54798
54799
54800
54802
54808
54810
54811
54813
54814
54820
54823
54824
54826
54827
54828
54830
54832
54834
54837
54841
54843
54846
54848
54853
54854
54855
54858
54859
54860
54861
54864
54865
54866
54867
54869
54871
54872
54873
54874
54876
54877
54878
54879
54880
54882
54883
54884
54886
54887
54889
54891
54892
54894
54896
54897
54900
54902
54903
54906
54908
54912
54916
54917
54919
54920
54922
54923
54925
54926
54929
54930
54931
54932
54933
54935
54936
54939
54941
54942
54944
54945
54946
54947
54951
54954
54955
54958
54961
54965
54966
54967
54968
54969
54975
54976
54977
54983
54984
54985
54986
54988
54989
54991
54992
54993
54994
54995
54997
54998
55000
55007
55008
55010
55012
55014
55016
55017
55018
55019
55020
55022
55023
55024
55026
55027
55029
55030
55031
55034
55037
55039
55042
55044
55045
55046
55047
55049
55060
55062
55064
55066
55067
55068
55070
55071
55073
55075
55076
55078
55079
55081
55082
55084
55085
55087
55088
55089
55090
55094
55097
55098
55099
55100
55110
55112
55115
55117
55122
55123
55124
55126
55127
55131
55132
55134
55135
55138
55140
55142
55143
55146
55147
55149
55151
55152
55153
55154
55155
55156
55158
55160
55162
55163
55164
55168
55169
55170
55171
55172
55173
55174
55176
55180
55182
55185
55186
55188
55189
55190
55195
55196
55198
55201
55203
55205
55207
55208
55210
55211
55212
55213
55217
55218
55221
55223
55224
55227
55232
55233
55234
55235
55238
55240
55245
55248
55249
55251
55252
55253
55254
55256
55257
55258
55259
55260
55266
55271
55272
55277
55279
55283
55284
55287
55288
55289
55290
55293
55294
55296
55297
55300
55301
55304
55305
55308
55311
55312
55313
55314
55316
55317
55318
55319
55320
55321
55325
55327
55330
55331
55333
55340
55341
55342
55344
55345
55347
55348
55349
55350
55352
55353
55354
55355
55357
55358
55361
55363
55365
55367
55368
55370
55372
55377
55378
55381
55382
55384
55385
55386
55387
55389
55391
55394
55395
55400
55401
55402
55403
55404
55406
55409
55411
55414
55415
55416
55417
55418
55419
55420
55421
55422
55424
55425
55428
55429
55432
55434
55437
55438
55441
55442
55444
55445
55447
55448
55451
55452
55455
55456
55459
55460
55463
55464
55465
55472
55474
55475
55477
55478
55479
55481
55482
55483
55484
55488
55490
55491
55492
55495
55497
55499
55501
55503
55507
55509
55510
55511
55512
55516
55521
55523
55526
55529
55531
55534
55535
55536
55540
55541
55545
55546
55548
55551
55553
55555
55557
55558
55559
55560
55561
55562
55566
55570
55571
55572
55573
55574
55575
55577
55582
55584
55586
55588
55591
55592
55593
55599
55600
55601
55602
55603
55605
55606
55610
55613
55615
55616
55618
55619
55620
55622
55624
55625
55626
55628
55632
55637
55639
55643
55645
55647
55648
55649
55652
55654
55656
55657
55662
55664
55665
55666
55667
55668
55670
55671
55672
55673
55675
55676
55678
55680
55683
55687
55688
55689
55690
55691
55692
55693
55698
55699
55700
55703
55704
55705
55708
55710
55712
55713
55716
55717
55718
55719
55721
55723
55724
55725
55727
55729
55730
55733
55734
55735
55736
55737
55739
55740
55743
55744
55745
55746
55747
55748
55749
55750
55751
55755
55761
55762
55763
55765
55767
55771
55774
55776
55778
55779
55780
55781
55782
55783
55784
55786
55789
55792
55793
55796
55797
55800
55803
55804
55805
55807
55809
55810
55813
55826
55829
55831
55832
55833
55834
55838
55842
55844
55846
55851
55853
55854
55857
55866
55867
55868
55871
55872
55877
55878
55879
55881
55885
55890
55891
55893
55894
55897
55901
55902
55903
55905
55908
55911
55913
55914
55918
55924
55925
55927
55928
55930
55932
55933
55935
55938
55940
55941
55942
55943
55945
55946
55948
55949
55950
55952
55954
55956
55957
55958
55960
55963
55965
55968
55969
55971
55974
55975
55976
55977
55979
55982
55983
55985
55988
55989
55991
55993
55994
55998
56000
56001
56003
56004
56006
56008
56011
56017
56018
56021
56030
56031
56035
56037
56040
56042
56044
56045
56046
56047
56048
56051
56054
56055
56056
56057
56060
56062
56063
56066
56067
56068
56073
56075
56076
56077
56079
56081
56082
56084
56088
56091
56092
56093
56094
56095
56096
56099
56102
56105
56107
56108
56111
56116
56120
56121
56124
56127
56128
56129
56130
56132
56133
56135
56139
56140
56141
56143
56144
56146
56148
56149
56150
56152
56154
56155
56156
56157
56160
56162
56163
56164
56166
56167
56168
56169
56172
56174
56175
56176
56177
56178
56181
56182
56185
56187
56193
56195
56197
56198
56200
56201
56207
56209
56212
56216
56221
56222
56229
56235
56236
56238
56239
56240
56241
56243
56245
56248
56250
56251
56254
56255
56256
56257
56259
56260
56262
56264
56265
56267
56268
56271
56273
56274
56275
56276
56277
56280
56281
56284
56285
56286
56289
56290
56291
56293
56296
56298
56299
56301
56303
56304
56307
56310
56312
56313
56314
56316
56317
56319
56320
56322
56323
56325
56332
56335
56340
56342
56343
56348
56350
56351
56352
56354
56356
56358
56360
56363
56365
56366
56367
56370
56372
56373
56374
56376
56377
56378
56385
56386
56387
56390
56391
56393
56394
56395
56398
56402
56403
56404
56405
56406
56407
56411
56412
56415
56419
56421
56422
56425
56428
56430
56434
56435
56436
56437
56438
56439
56440
56441
56442
56443
56449
56450
56454
56455
56456
56458
56460
56461
56464
56465
56466
56467
56468
56470
56471
56473
56475
56476
56477
56478
56481
56482
56485
56488
56489
56490
56492
56496
56497
56501
56502
56504
56506
56507
56508
56513
56514
56518
56519
56523
56526
56527
56532
56533
56534
56535
56536
56538
56539
56540
56541
56543
56545
56546
56547
56548
56551
56552
56553
56554
56556
56557
56558
56562
56564
56565
56566
56568
56569
56570
56571
56574
56576
56578
56581
56586
56591
56593
56595
56597
56598
56599
56602
56603
56604
56606
56608
56614
56617
56620
56623
56627
56628
56633
56634
56636
56637
56640
56641
56643
56644
56647
56648
56653
56656
56657
56659
56660
56668
56670
56672
56674
56675
56677
56679
56682
56684
56685
56686
56687
56688
56690
56691
56692
56695
56696
56698
56699
56700
56701
56703
56704
56708
56710
56711
56712
56713
56715
56720
56723
56724
56726
56727
56728
56729
56730
56731
56732
56733
56736
56738
56742
56743
56744
56745
56747
56750
56751
56754
56755
56758
56759
56763
56764
56767
56768
56772
56773
56775
56776
56779
56784
56785
56788
56797
56799
56800
56804
56807
56812
56814
56815
56816
56817
56821
56826
56827
56830
56833
56834
56837
56838
56839
56840
56843
56845
56847
56848
56851
56852
56855
56858
56859
56860
56861
56862
56868
56871
56873
56874
56876
56877
56879
56885
56887
56890
56892
56893
56894
56896
56897
56899
56900
56902
56903
56905
56911
56912
56913
56917
56920
56921
56923
56924
56925
56928
56929
56932
56933
56937
56944
56945
56946
56950
56957
56958
56959
56960
56962
56965
56966
56968
56973
56976
56977
56978
56980
56985
56987
56991
56994
56995
56996
56997
57000
57006
57009
57013
57014
57017
57018
57020
57021
57026
57027
57028
57030
57032
57035
57036
57037
57038
57039
57040
57042
57043
57047
57050
57052
57053
57054
57055
57057
57058
57059
57060
57062
57064
57066
57069
57070
57073
57074
57075
57076
57078
57080
57081
57084
57085
57087
57089
57091
57094
57098
57099
57101
57104
57105
57106
57107
57109
57114
57115
57118
57121
57124
57125
57128
57131
57134
57135
57136
57138
57139
57141
57142
57143
57144
57146
57147
57148
57149
57152
57156
57157
57158
57160
57165
57169
57170
57172
57173
57174
57176
57177
57179
57182
57184
57186
57187
57189
57190
57194
57198
57202
57206
57208
57212
57216
57217
57223
57224
57225
57226
57230
57233
57235
57239
57242
57244
57246
57247
57250
57253
57259
57260
57267
57268
57271
57272
57274
57277
57278
57280
57283
57284
57286
57287
57288
57289
57290
57291
57294
57298
57302
57304
57306
57308
57309
57313
57314
57319
57320
57321
57322
57324
57325
57326
57330
57331
57334
57335
57339
57345
57347
57348
57352
57353
57354
57357
57358
57360
57361
57363
57364
57365
57367
57369
57370
57372
57373
57374
57375
57376
57378
57380
57382
57389
57390
57391
57394
57396
57399
57400
57401
57402
57406
57407
57409
57411
57415
57416
57419
57420
57421
57424
57426
57427
57428
57431
57432
57435
57438
57439
57447
57448
57449
57452
57453
57456
57457
57458
57459
57464
57467
57470
57472
57474
57477
57478
57480
57481
57483
57484
57485
57487
57489
57490
57491
57496
57497
57498
57499
57500
57501
57503
57506
57507
57508
57510
57511
57515
57518
57519
57520
57521
57522
57524
57525
57529
57530
57533
57534
57536
57537
57547
57548
57549
57550
57551
57553
57558
57563
57564
57567
57571
57578
57579
57582
57583
57584
57585
57586
57587
57589
57591
57594
57595
57597
57599
57600
57601
57602
57603
57604
57608
57609
57610
57611
57616
57618
57619
57622
57623
57624
57626
57627
57628
57629
57631
57634
57637
57638
57643
57644
57646
57647
57648
57650
57651
57653
57654
57655
57657
57659
57660
57661
57663
57664
57669
57671
57675
57677
57678
57679
57680
57681
57684
57685
57686
57687
57691
57692
57694
57705
57706
57707
57708
57709
57710
57713
57714
57715
57716
57717
57722
57723
57725
57726
57728
57731
57732
57733
57734
57735
57739
57741
57744
57746
57748
57749
57750
57755
57756
57759
57760
57761
57762
57764
57765
57766
57767
57768
57769
57773
57775
57779
57780
57783
57784
57787
57790
57796
57798
57799
57802
57803
57804
57805
57807
57809
57811
57822
57823
57824
57825
57831
57832
57834
57835
57841
57844
57846
57848
57849
57857
57858
57859
57861
57862
57863
57864
57867
57870
57871
57873
57874
57876
57878
57879
57880
57881
57883
57884
57885
57890
57892
57894
57895
57896
57898
57899
57900
57901
57902
57903
57905
57906
57908
57912
57913
57918
57922
57927
57928
57930
57932
57934
57935
57937
57938
57939
57940
57944
57946
57947
57948
57952
57953
57955
57958
57959
57960
57961
57962
57963
57966
57969
57970
57971
57973
57975
57977
57980
57981
57982
57983
57985
57986
57987
57988
57989
57992
57994
57995
57996
57998
57999
58001
58002
58003
58004
58006
58007
58008
58009
58011
58013
58019
58020
58021
58022
58025
58027
58031
58032
58037
58038
58039
58040
58043
58047
58048
58055
58058
58059
58063
58064
58065
58066
58068
58069
58070
58071
58073
58076
58078
58081
58085
58087
58091
58093
58094
58097
58098
58100
58102
58103
58108
58110
58114
58115
58116
58117
58118
58120
58122
58125
58126
58127
58128
58129
58132
58133
58134
58135
58137
58139
58140
58141
58142
58143
58145
58147
58153
58154
58156
58159
58160
58163
58166
58167
58169
58170
58171
58172
58173
58174
58175
58179
58184
58185
58186
58187
58188
58190
58191
58192
58193
58194
58196
58197
58198
58199
58201
58203
58205
58206
58208
58210
58212
58216
58217
58219
58220
58221
58225
58228
58229
58230
58232
58234
58236
58239
58242
58243
58244
58246
58252
58253
58255
58256
58261
58263
58264
58265
58266
58268
58270
58271
58272
58274
58275
58276
58277
58279
58281
58282
58288
58291
58292
58293
58295
58297
58298
58299
58302
58304
58306
58307
58308
58309
58310
58312
58313
58314
58316
58317
58319
58320
58321
58323
58325
58328
58329
58330
58333
58341
58342
58343
58344
58345
58346
58349
58350
58351
58352
58354
58356
58359
58360
58363
58366
58367
58369
58370
58371
58373
58375
58377
58378
58379
58380
58382
58384
58386
58387
58391
58392
58396
58397
58398
58399
58407
58408
58410
58411
58415
58418
58423
58424
58427
58428
58430
58431
58432
58434
58435
58438
58439
58441
58442
58443
58444
58445
58446
58447
58448
58449
58451
58453
58455
58456
58457
58458
58459
58460
58461
58463
58469
58471
58480
58482
58484
58486
58488
58490
58492
58495
58497
58498
58499
58504
58507
58508
58509
58510
58511
58514
58515
58516
58518
58519
58522
58523
58524
58525
58526
58529
58531
58532
58536
58540
58541
58543
58549
58550
58552
58553
58554
58555
58556
58560
58562
58563
58565
58567
58571
58572
58575
58576
58578
58582
58585
58586
58588
58590
58591
58593
58596
58597
58602
58603
58605
58607
58609
58610
58611
58613
58614
58616
58619
58624
58630
58631
58632
58635
58638
58639
58640
58641
58643
58644
58646
58648
58652
58653
58654
58655
58656
58659
58660
58662
58664
58665
58666
58668
58672
58673
58674
58676
58678
58679
58680
58681
58684
58686
58687
58689
58691
58694
58695
58696
58697
58699
58704
58705
58706
58708
58709
58710
58712
58715
58716
58718
58720
58721
58722
58723
58724
58725
58728
58731
58732
58733
58734
58738
58739
58742
58743
58744
58745
58746
58756
58759
58760
58761
58762
58763
58764
58765
58766
58772
58773
58774
58777
58778
58780
58781
58783
58784
58788
58791
58793
58794
58796
58797
58798
58801
58802
58803
58804
58809
58811
58814
58815
58818
58825
58832
58836
58837
58839
58846
58848
58849
58851
58852
58853
58854
58857
58858
58859
58861
58864
58865
58866
58867
58868
58870
58871
58872
58873
58875
58876
58877
58879
58880
58881
58883
58884
58885
58886
58887
58889
58890
58893
58894
58898
58899
58904
58905
58906
58911
58916
58918
58921
58922
58923
58925
58928
58929
58930
58934
58939
58940
58941
58944
58946
58948
58955
58957
58958
58959
58961
58963
58964
58965
58967
58971
58972
58973
58979
58980
58981
58983
58985
58986
58988
58993
58994
58996
58999
59010
59015
59017
59021
59023
59024
59026
59028
59029
59031
59033
59035
59036
59037
59038
59039
59040
59041
59042
59050
59051
59053
59054
59055
59056
59058
59062
59065
59068
59070
59072
59073
59075
59076
59079
59083
59085
59087
59088
59090
59092
59093
59096
59097
59098
59100
59101
59102
59103
59105
59109
59111
59112
59114
59118
59119
59120
59121
59124
59126
59130
59132
59133
59136
59137
59140
59141
59142
59143
59144
59147
59149
59150
59154
59157
59158
59161
59163
59166
59167
59168
59171
59173
59174
59176
59178
59179
59185
59187
59190
59191
59193
59194
59196
59197
59199
59200
59201
59206
59207
59208
59209
59210
59213
59215
59216
59217
59218
59224
59225
59227
59230
59237
59240
59241
59242
59244
59249
59250
59253
59254
59255
59257
59260
59261
59262
59266
59268
59271
59272
59275
59276
59280
59281
59282
59285
59288
59290
59291
59294
59295
59296
59298
59299
59302
59306
59307
59309
59310
59311
59313
59314
59315
59317
59319
59321
59322
59323
59324
59326
59329
59330
59331
59334
59338
59339
59340
59341
59343
59344
59345
59347
59352
59358
59359
59360
59361
59364
59367
59369
59371
59372
59373
59375
59376
59378
59379
59380
59381
59384
59385
59388
59390
59391
59392
59393
59394
59399
59400
59401
59402
59405
59407
59410
59411
59413
59419
59424
59428
59429
59431
59433
59434
59438
59441
59443
59444
59446
59447
59448
59450
59452
59453
59454
59461
59462
59465
59467
59469
59474
59476
59478
59479
59481
59484
59486
59487
59488
59489
59490
59493
59494
59498
59499
59500
59503
59504
59505
59508
59510
59511
59513
59515
59516
59517
59518
59519
59521
59523
59525
59526
59528
59529
59533
59535
59537
59540
59541
59542
59543
59544
59545
59546
59548
59550
59552
59554
59559
59560
59562
59563
59564
59574
59576
59581
59582
59584
59589
59591
59592
59593
59597
59598
59600
59601
59606
59607
59608
59609
59610
59613
59614
59615
59616
59617
59618
59621
59624
59626
59629
59631
59634
59635
59639
59643
59644
59645
59648
59650
59653
59654
59657
59661
59666
59668
59669
59671
59676
59678
59682
59683
59684
59685
59692
59700
59702
59704
59710
59711
59712
59714
59716
59718
59719
59722
59724
59725
59728
59729
59731
59732
59733
59736
59737
59739
59740
59741
59742
59744
59745
59747
59750
59752
59753
59754
59756
59760
59761
59763
59768
59770
59771
59775
59780
59781
59783
59789
59797
59799
59800
59803
59805
59806
59808
59809
59810
59811
59812
59813
59815
59816
59818
59820
59822
59823
59826
59827
59831
59833
59835
59836
59837
59839
59840
59841
59842
59845
59846
59847
59848
59849
59851
59852
59854
59855
59857
59865
59867
59868
59870
59871
59874
59875
59876
59878
59879
59883
59884
59886
59887
59890
59891
59892
59894
59895
59900
59902
59903
59904
59905
59907
59910
59911
59914
59917
59918
59923
59924
59927
59928
59929
59930
59932
59933
59934
59935
59936
59939
59940
59941
59942
59943
59944
59945
59948
59949
59950
59951
59960
59963
59965
59976
59977
59978
59980
59982
59983
59987
59991
59993
59994
59995
59996
59997
59998
59999
60001
60004
60005
60006
60010
60011
60012
60013
60014
60018
60019
60020
60021
60022
60024
60031
60037
60039
60041
60042
60043
60044
60045
60049
60052
60055
60057
60061
60063
60065
60066
60067
60068
60069
60071
60073
60076
60078
60081
60083
60084
60086
60088
60089
60090
60092
60097
60098
60100
60101
60103
60104
60106
60108
60109
60110
60112
60118
60120
60128
60129
60131
60134
60135
60136
60137
60138
60139
60140
60141
60146
60151
60152
60156
60157
60158
60161
60162
60163
60165
60166
60170
60172
60173
60175
60176
60180
60181
60184
60188
60189
60190
60192
60196
60199
60200
60202
60204
60210
60211
60212
60213
60215
60216
60217
60218
60222
60223
60224
60227
60228
60234
60238
60240
60242
60243
60244
60245
60246
60250
60255
60257
60258
60260
60261
60263
60269
60271
60277
60279
60280
60284
60286
60289
60290
60292
60293
60295
60298
60299
60300
60301
60303
60305
60309
60313
60314
60315
60320
60321
60322
60333
60335
60339
60343
60345
60347
60349
60350
60351
60352
60353
60356
60358
60359
60361
60362
60364
60366
60368
60369
60372
60373
60376
60377
60379
60381
60385
60387
60389
60390
60393
60394
60395
60397
60400
60404
60408
60409
60414
60417
60418
60422
60424
60426
60427
60428
60429
60430
60431
60434
60440
60442
60444
60445
60447
60450
60453
60456
60457
60458
60461
60462
60466
60467
60468
60471
60472
60473
60476
60477
60478
60479
60480
60481
60482
60487
60488
60491
60495
60496
60497
60500
60501
60504
60507
60509
60512
60515
60517
60521
60523
60524
60526
60529
60533
60534
60540
60542
60544
60545
60546
60549
60552
60556
60559
60562
60564
60565
60566
60569
60574
60575
60577
60583
60584
60585
60587
60591
60595
60598
60600
60601
60602
60610
60611
60614
60615
60617
60619
60622
60628
60629
60633
60634
60635
60637
60640
60641
60643
60644
60645
60648
60650
60651
60659
60661
60663
60666
60669
60670
60671
60677
60678
60680
60683
60685
60688
60689
60692
60693
60694
60696
60697
60698
60699
60700
60701
60703
60705
60707
60708
60714
60716
60717
60719
60720
60722
60725
60726
60729
60730
60733
60735
60736
60739
60742
60744
60746
60750
60751
60752
60753
60755
60756
60757
60759
60764
60766
60768
60770
60771
60774
60780
60781
60783
60784
60785
60786
60789
60793
60794
60797
60800
60801
60805
60806
60807
60810
60811
60812
60813
60816
60818
60819
60820
60821
60822
60823
60826
60828
60829
60831
60832
60833
60834
60838
60839
60840
60841
60842
60843
60845
60847
60848
60850
60852
60855
60862
60863
60865
60868
60870
60872
60875
60876
60879
60880
60882
60883
60885
60889
60892
60894
60895
60896
60898
60902
60905
60908
60912
60915
60919
60924
60925
60929
60930
60932
60933
60934
60935
60936
60938
60939
60940
60943
60945
60948
60950
60952
60956
60958
60961
60963
60966
60967
60971
60972
60973
60975
60979
60980
60985
60986
60989
60993
60994
60996
60998
60999
61000
61002
61003
61004
61005
61007
61008
61010
61012
61013
61019
61021
61025
61026
61027
61028
61029
61030
61031
61032
61038
61039
61040
61041
61045
61049
61050
61051
61052
61060
61065
61069
61074
61075
61079
61083
61086
61093
61094
61096
61098
61101
61102
61103
61104
61105
61106
61108
61110
61112
61113
61114
61117
61122
61124
61133
61135
61137
61138
61139
61140
61141
61144
61145
61146
61147
61148
61149
61150
61151
61152
61153
61155
61158
61161
61163
61165
61166
61169
61176
61180
61182
61192
61197
61198
61199
61200
61201
61203
61211
61213
61217
61218
61220
61222
61224
61226
61227
61228
61230
61235
61236
61237
61239
61240
61241
61243
61245
61247
61248
61249
61250
61253
61254
61258
61259
61260
61264
61265
61267
61269
61270
61271
61275
61276
61280
61282
61284
61285
61286
61287
61288
61289
61292
61294
61295
61296
61297
61299
61300
61302
61306
61307
61309
61312
61315
61319
61323
61324
61325
61326
61327
61328
61329
61330
61331
61333
61334
61341
61343
61345
61346
61351
61353
61355
61356
61357
61359
61360
61361
61364
61366
61368
61369
61374
61380
61382
61384
61385
61386
61387
61389
61390
61393
61394
61396
61398
61399
61400
61403
61405
61412
61413
61414
61415
61416
61420
61425
61426
61429
61430
61432
61434
61440
61443
61444
61445
61446
61447
61449
61453
61454
61455
61456
61457
61458
61461
61463
61464
61466
61468
61473
61477
61481
61482
61485
61487
61488
61489
61492
61498
61499
61500
61501
61502
61503
61505
61507
61509
61516
61518
61519
61520
61521
61522
61523
61524
61525
61529
61530
61533
61534
61535
61536
61538
61539
61540
61541
61544
61545
61546
61550
61551
61552
61553
61554
61555
61556
61557
61560
61562
61563
61565
61569
61570
61572
61574
61577
61584
61587
61590
61593
61598
61601
61602
61603
61607
61608
61610
61611
61612
61613
61614
61615
61621
61622
61623
61624
61625
61629
61630
61631
61633
61634
61635
61636
61637
61641
61642
61645
61646
61648
61649
61651
61652
61653
61654
61658
61659
61661
61662
61663
61665
61667
61668
61670
61671
61674
61675
61677
61678
61681
61685
61686
61687
61692
61694
61696
61700
61701
61704
61711
61717
61720
61722
61725
61727
61731
61733
61736
61737
61739
61741
61742
61746
61747
61752
61754
61757
61762
61765
61766
61768
61769
61773
61774
61776
61778
61779
61785
61786
61788
61789
61790
61791
61793
61798
61799
61800
61801
61804
61806
61807
61810
61811
61812
61815
61816
61819
61820
61822
61823
61827
61830
61831
61833
61835
61837
61838
61842
61843
61845
61846
61847
61850
61857
61859
61860
61861
61862
61863
61866
61869
61870
61871
61873
61874
61875
61877
61878
61880
61883
61884
61887
61888
61892
61893
61896
61897
61901
61902
61905
61908
61909
61910
61911
61912
61913
61914
61915
61916
61918
61919
61920
61922
61923
61924
61928
61931
61932
61933
61934
61937
61942
61944
61946
61947
61948
61950
61951
61952
61954
61955
61958
61959
61962
61963
61964
61965
61966
61969
61971
61972
61974
61975
61976
61978
61979
61982
61983
61984
61985
61986
61990
61992
61995
61997
62001
62004
62005
62009
62010
62013
62014
62019
62021
62025
62027
62028
62030
62031
62032
62033
62034
62035
62036
62039
62040
62041
62047
62052
62056
62057
62060
62061
62062
62064
62067
62068
62069
62071
62075
62076
62082
62083
62084
62085
62086
62087
62088
62089
62090
62093
62095
62096
62104
62105
62108
62110
62111
62112
62113
62114
62116
62117
62119
62120
62121
62122
62123
62124
62125
62126
62127
62132
62135
62136
62138
62139
62140
62142
62144
62149
62150
62152
62153
62154
62155
62156
62157
62165
62166
62167
62168
62169
62170
62171
62172
62174
62177
62178
62179
62180
62182
62183
62185
62189
62191
62192
62193
62194
62196
62197
62198
62206
62213
62216
62228
62229
62230
62231
62234
62235
62236
62237
62239
62240
62241
62244
62246
62249
62250
62251
62254
62256
62258
62259
62260
62261
62266
62267
62269
62270
62273
62274
62275
62278
62279
62281
62283
62285
62287
62291
62293
62294
62296
62297
62298
62300
62301
62302
62305
62307
62308
62309
62311
62313
62314
62316
62317
62318
62319
62324
62325
62326
62328
62329
62331
62332
62333
62334
62336
62339
62342
62343
62345
62351
62354
62355
62358
62359
62360
62362
62363
62364
62365
62368
62371
62374
62375
62376
62377
62378
62380
62382
62388
62389
62391
62392
62400
62401
62403
62405
62406
62408
62409
62411
62413
62414
62415
62416
62417
62421
62422
62424
62429
62431
62433
62434
62437
62441
62442
62443
62445
62446
62449
62450
62452
62453
62454
62455
62456
62457
62458
62459
62460
62461
62462
62464
62466
62467
62475
62476
62478
62479
62480
62481
62484
62485
62486
62487
62488
62490
62491
62495
62496
62501
62502
62504
62507
62512
62514
62516
62517
62518
62520
62523
62524
62525
62526
62527
62529
62530
62531
62532
62534
62536
62537
62538
62540
62542
62545
62546
62550
62555
62556
62558
62560
62567
62568
62569
62572
62573
62574
62575
62576
62577
62583
62584
62586
62587
62588
62589
62592
62593
62595
62596
62597
62600
62601
62607
62611
62614
62621
62622
62623
62624
62625
62629
62631
62634
62636
62637
62638
62640
62641
62643
62645
62647
62649
62651
62653
62657
62658
62659
62660
62664
62665
62670
62673
62674
62676
62677
62679
62680
62683
62684
62685
62687
62690
62692
62695
62696
62697
62699
62700
62704
62706
62708
62711
62712
62715
62718
62721
62722
62727
62729
62730
62733
62735
62736
62741
62742
62743
62744
62745
62747
62748
62750
62751
62752
62753
62754
62755
62756
62757
62761
62763
62765
62768
62769
62774
62775
62781
62782
62783
62786
62787
62788
62789
62790
62792
62795
62796
62797
62798
62801
62802
62805
62807
62808
62810
62811
62813
62815
62816
62817
62820
62824
62828
62829
62830
62831
62833
62834
62836
62839
62843
62844
62847
62848
62850
62851
62855
62856
62857
62859
62861
62862
62863
62865
62870
62878
62879
62883
62885
62886
62887
62889
62890
62893
62894
62895
62896
62898
62900
62904
62905
62907
62908
62909
62910
62911
62912
62918
62919
62922
62923
62924
62927
62929
62930
62933
62934
62937
62938
62940
62943
62944
62946
62949
62951
62953
62954
62955
62957
62962
62964
62966
62969
62970
62974
62975
62976
62978
62979
62980
62981
62984
62987
62988
62989
62992
62993
62996
62997
62998
63000
63001
63002
63003
63004
63007
63010
63011
63016
63019
63028
63029
63030
63037
63039
63040
63041
63044
63047
63049
63050
63051
63055
63056
63057
63059
63060
63061
63062
63064
63065
63069
63070
63072
63074
63080
63082
63083
63087
63088
63089
63090
63096
63097
63098
63101
63102
63105
63108
63109
63110
63112
63113
63118
63119
63121
63123
63126
63127
63128
63131
63132
63135
63137
63138
63140
63142
63143
63144
63156
63157
63160
63161
63162
63164
63165
63166
63168
63170
63171
63174
63175
63179
63182
63184
63185
63188
63190
63191
63192
63193
63195
63197
63200
63201
63203
63205
63206
63208
63212
63214
63215
63218
63219
63221
63222
63224
63226
63227
63228
63233
63234
63235
63236
63241
63242
63247
63248
63249
63250
63254
63256
63258
63260
63261
63262
63266
63270
63271
63272
63274
63276
63278
63282
63283
63284
63285
63286
63290
63291
63292
63293
63294
63295
63296
63298
63305
63308
63309
63310
63317
63318
63322
63324
63326
63327
63328
63330
63331
63332
63337
63338
63339
63340
63341
63346
63348
63352
63353
63356
63358
63359
63360
63365
63366
63369
63371
63376
63378
63379
63381
63383
63385
63386
63387
63389
63390
63399
63402
63403
63409
63410
63412
63413
63414
63415
63417
63418
63419
63421
63422
63424
63425
63426
63429
63430
63432
63433
63437
63440
63442
63444
63446
63449
63452
63456
63457
63460
63462
63465
63467
63471
63472
63475
63479
63481
63483
63485
63486
63487
63488
63489
63490
63494
63497
63502
63503
63504
63505
63506
63508
63509
63511
63512
63514
63519
63520
63522
63523
63525
63527
63528
63531
63532
63535
63536
63542
63544
63547
63549
63550
63557
63560
63562
63563
63564
63565
63566
63567
63570
63571
63574
63581
63582
63585
63587
63590
63591
63592
63595
63596
63600
63601
63602
63604
63605
63613
63618
63620
63622
63624
63626
63628
63630
63631
63632
63633
63634
63638
63639
63641
63642
63645
63646
63647
63653
63656
63658
63659
63661
63664
63666
63667
63670
63671
63673
63674
63679
63680
63682
63683
63685
63686
63691
63693
63694
63700
63703
63704
63705
63707
63708
63709
63710
63712
63713
63714
63716
63717
63720
63721
63723
63724
63725
63726
63728
63730
63733
63736
63737
63740
63743
63744
63745
63746
63748
63749
63754
63755
63757
63758
63762
63767
63773
63774
63775
63778
63779
63785
63786
63789
63790
63793
63795
63796
63797
63798
63799
63802
63805
63808
63809
63812
63814
63815
63816
63819
63821
63824
63826
63827
63831
63833
63834
63836
63839
63840
63842
63845
63847
63849
63852
63853
63854
63856
63858
63861
63862
63863
63864
63865
63866
63869
63872
63875
63879
63880
63881
63885
63887
63889
63897
63898
63899
63900
63901
63903
63908
63910
63913
63915
63918
63921
63926
63927
63931
63933
63938
63940
63942
63943
63945
63947
63949
63951
63953
63954
63956
63957
63961
63965
63966
63967
63970
63973
63974
63975
63976
63978
63980
63982
63983
63984
63985
63986
63987
63988
63990
63991
63993
63995
63998
63999
64000
64001
64003
64005
64006
64008
64009
64013
64017
64018
64020
64023
64026
64028
64029
64034
64035
64037
64039
64041
64043
64044
64045
64051
64053
64054
64055
64069
64070
64071
64072
64076
64077
64080
64083
64085
64092
64094
64095
64098
64100
64103
64104
64106
64108
64109
64111
64112
64113
64115
64117
64120
64121
64123
64125
64126
64128
64131
64134
64136
64138
64140
64141
64143
64144
64148
64151
64153
64154
64159
64161
64162
64163
64167
64168
64171
64173
64175
64178
64180
64182
64185
64186
64188
64189
64190
64191
64193
64195
64198
64200
64202
64203
64204
64205
64206
64208
64209
64210
64213
64216
64219
64223
64228
64229
64233
64234
64239
64241
64242
64243
64244
64245
64247
64249
64252
64254
64255
64258
64262
64263
64264
64266
64267
64268
64271
64272
64273
64274
64281
64282
64283
64284
64285
64287
64289
64290
64291
64293
64294
64295
64297
64300
64301
64302
64303
64304
64306
64307
64309
64311
64312
64313
64316
64317
64318
64320
64324
64325
64327
64328
64329
64330
64332
64334
64336
64340
64341
64343
64346
64347
64348
64349
64350
64351
64357
64358
64359
64360
64361
64362
64366
64369
64371
64372
64373
64375
64379
64380
64381
64382
64383
64386
64387
64388
64389
64390
64391
64396
64398
64401
64403
64404
64405
64407
64410
64412
64413
64415
64416
64422
64425
64426
64430
64431
64436
64437
64438
64440
64442
64443
64444
64446
64448
64450
64452
64453
64455
64456
64459
64460
64462
64463
64467
64469
64470
64472
64474
64475
64478
64481
64485
64487
64490
64493
64494
64495
64499
64506
64509
64511
64512
64516
64517
64521
64524
64528
64531
64532
64533
64535
64541
64544
64546
64548
64549
64550
64552
64554
64557
64559
64562
64565
64566
64568
64569
64570
64574
64579
64583
64584
64586
64588
64590
64592
64594
64595
64596
64599
64602
64603
64605
64607
64608
64610
64612
64616
64617
64618
64620
64621
64627
64628
64632
64633
64634
64635
64637
64641
64642
64644
64645
64648
64650
64651
64662
64666
64667
64669
64671
64672
64673
64676
64677
64678
64679
64680
64683
64687
64688
64693
64697
64699
64701
64702
64705
64706
64708
64709
64710
64713
64714
64715
64719
64723
64725
64735
64736
64738
64739
64743
64744
64746
64747
64749
64750
64751
64754
64755
64757
64760
64761
64762
64764
64768
64770
64774
64776
64777
64779
64780
64781
64782
64784
64787
64790
64791
64792
64796
64797
64798
64800
64805
64807
64810
64811
64814
64816
64817
64818
64819
64821
64823
64825
64829
64831
64832
64833
64834
64839
64842
64843
64844
64845
64847
64850
64851
64852
64855
64856
64857
64860
64861
64864
64869
64870
64873
64874
64875
64877
64879
64880
64881
64882
64883
64885
64886
64887
64888
64891
64892
64893
64897
64899
64901
64902
64904
64908
64910
64911
64914
64915
64916
64917
64919
64922
64923
64926
64928
64929
64932
64933
64934
64935
64937
64939
64940
64941
64942
64950
64954
64955
64956
64960
64961
64962
64963
64964
64966
64969
64973
64974
64978
64979
64982
64984
64985
64986
64989
64991
64993
64994
64995
64997
64998
65001
65002
65003
65004
65007
65008
65009
65012
65016
65019
65020
65022
65023
65027
65028
65031
65032
65034
65035
65037
65038
65040
65041
65043
65048
65051
65055
65058
65059
65060
65065
65067
65068
65069
65071
65077
65083
65084
65088
65090
65092
65093
65094
65098
65100
65105
65106
65110
65113
65120
65121
65123
65126
65127
65128
65129
65130
65131
65132
65134
65135
65137
65138
65141
65144
65147
65150
65151
65152
65154
65156
65157
65159
65161
65162
65165
65166
65167
65169
65172
65173
65174
65175
65176
65178
65179
65180
65181
65186
65187
65189
65190
65191
65194
65195
65199
65201
65202
65203
65205
65207
65209
65210
65212
65213
65214
65217
65219
65220
65222
65223
65225
65230
65232
65234
65238
65239
65244
65245
65246
65248
65249
65250
65252
65256
65258
65259
65262
65263
65264
65266
65267
65269
65272
65274
65275
65276
65277
65280
65283
65285
65289
65290
65293
65294
65297
65300
65304
65305
65306
65307
65309
65310
65311
65313
65316
65321
65323
65324
65325
65326
65327
65329
65332
65334
65336
65339
65340
65342
65343
65344
65345
65346
65349
65350
65352
65353
65354
65357
65359
65363
65365
65366
65369
65370
65372
65374
65377
65378
65381
65383
65386
65387
65388
65392
65393
65394
65395
65397
65400
65403
65405
65406
65408
65415
65416
65418
65420
65422
65425
65427
65428
65434
65435
65438
65440
65441
65442
65443
65444
65446
65451
65452
65453
65461
65462
65463
65464
65468
65474
65479
65481
65482
65484
65485
65487
65490
65493
65495
65496
65497
65498
65499
65500
65501
65506
65512
65518
65521
65526
65530
65531
65534
65535
65540
65542
65547
65548
65549
65550
65552
65557
65560
65562
65565
65566
65567
65573
65574
65575
65580
65581
65582
65584
65586
65588
65590
65591
65593
65594
65599
65600
65601
65602
65604
65606
65607
65608
65609
65611
65612
65613
65615
65616
65618
65620
65622
65623
65626
65628
65632
65633
65634
65635
65636
65637
65638
65639
65641
65643
65644
65651
65652
65653
65654
65655
65656
65657
65659
65660
65662
65663
65667
65669
65671
65672
65675
65676
65680
65684
65688
65689
65690
65691
65692
65693
65694
65695
65699
65700
65701
65703
65704
65705
65707
65711
65712
65713
65714
65715
65716
65718
65720
65721
65722
65724
65726
65728
65729
65730
65732
65733
65734
65735
65738
65740
65743
65747
65752
65754
65755
65756
65758
65759
65761
65764
65765
65766
65767
65770
65771
65774
65775
65778
65779
65780
65782
65785
65786
65787
65788
65789
65790
65793
65794
65799
65800
65802
65804
65809
65813
65815
65817
65818
65819
65824
65825
65826
65827
65829
65833
65834
65835
65837
65841
65842
65844
65850
65851
65853
65855
65856
65857
65858
65860
65861
65867
65873
65874
65875
65876
65878
65883
65886
65887
65892
65896
65903
65905
65906
65912
65916
65920
65921
65922
65924
65926
65927
65928
65930
65931
65933
65937
65938
65944
65945
65946
65948
65949
65951
65953
65955
65956
65966
65967
65968
65970
65971
65974
65975
65979
65981
65982
65983
65984
65985
65986
65987
65991
65994
65995
65996
65997
65998
65999
66002
66005
66006
66007
66008
66009
66011
66012
66015
66016
66018
66020
66022
66023
66024
66025
66026
66027
66029
66031
66035
66038
66042
66044
66045
66047
66048
66049
66053
66055
66059
66060
66061
66063
66064
66065
66067
66069
66070
66073
66075
66078
66079
66080
66081
66084
66085
66094
66095
66097
66098
66099
66100
66103
66104
66106
66107
66108
66109
66110
66111
66115
66116
66117
66124
66127
66128
66129
66131
66132
66133
66134
66135
66141
66143
66144
66145
66146
66148
66150
66152
66153
66155
66157
66158
66159
66160
66161
66163
66164
66167
66171
66172
66175
66176
66177
66178
66179
66180
66182
66187
66188
66193
66198
66199
66200
66207
66209
66210
66212
66213
66217
66218
66219
66220
66224
66229
66232
66233
66234
66237
66238
66242
66243
66245
66248
66251
66252
66254
66255
66256
66258
66263
66271
66272
66275
66276
66278
66281
66282
66283
66285
66286
66287
66289
66290
66292
66299
66303
66307
66308
66310
66311
66313
66319
66320
66321
66322
66326
66330
66333
66334
66337
66338
66341
66342
66344
66345
66346
66347
66349
66350
66351
66352
66354
66355
66356
66357
66359
66360
66361
66364
66370
66371
66373
66375
66379
66388
66393
66396
66397
66400
66401
66406
66407
66408
66412
66413
66414
66418
66420
66426
66429
66430
66431
66433
66434
66435
66438
66439
66441
66443
66444
66445
66446
66448
66452
66454
66457
66463
66465
66467
66468
66469
66476
66479
66480
66482
66483
66484
66485
66487
66488
66489
66490
66491
66495
66496
66497
66499
66501
66502
66503
66505
66506
66509
66511
66515
66516
66517
66519
66525
66530
66532
66538
66540
66544
66546
66549
66551
66552
66553
66557
66559
66561
66564
66565
66566
66568
66570
66571
66577
66578
66579
66581
66582
66584
66585
66590
66593
66594
66595
66596
66597
66602
66604
66606
66609
66612
66613
66616
66617
66618
66619
66620
66621
66623
66630
66633
66634
66635
66640
66641
66642
66643
66650
66651
66652
66654
66655
66662
66664
66665
66668
66669
66672
66675
66676
66677
66678
66679
66681
66682
66686
66687
66689
66690
66693
66695
66697
66702
66703
66708
66710
66711
66714
66715
66716
66718
66721
66722
66723
66724
66725
66726
66728
66729
66731
66733
66734
66740
66742
66743
66745
66746
66748
66749
66750
66752
66753
66754
66761
66764
66765
66767
66768
66769
66780
66781
66782
66785
66788
66789
66791
66795
66799
66800
66801
66803
66804
66805
66807
66808
66809
66810
66814
66821
66828
66830
66832
66833
66834
66836
66838
66841
66842
66843
66844
66849
66852
66856
66859
66860
66861
66863
66867
66869
66870
66872
66873
66874
66875
66880
66881
66884
66886
66887
66889
66894
66895
66897
66899
66900
66901
66902
66904
66905
66906
66907
66908
66909
66910
66918
66919
66922
66923
66924
66925
66929
66931
66932
66933
66935
66938
66939
66944
66945
66950
66952
66953
66955
66956
66957
66958
66960
66961
66962
66963
66965
66968
66969
66970
66972
66976
66977
66979
66980
66984
66985
66986
66988
66990
66992
66995
67000
67002
67003
67006
67008
67010
67011
67012
67016
67019
67020
67025
67030
67031
67034
67035
67041
67043
67044
67046
67047
67049
67051
67052
67054
67055
67056
67057
67058
67060
67063
67064
67067
67074
67076
67078
67079
67080
67082
67084
67087
67091
67092
67093
67094
67097
67100
67102
67104
67106
67108
67109
67110
67111
67116
67118
67124
67125
67126
67127
67128
67130
67132
67133
67134
67137
67138
67139
67140
67142
67144
67145
67152
67154
67163
67167
67170
67171
67172
67173
67175
67176
67177
67178
67180
67181
67183
67184
67185
67186
67187
67192
67194
67195
67196
67197
67200
67203
67205
67206
67207
67209
67210
67211
67214
67215
67216
67217
67219
67220
67226
67229
67232
67234
67235
67236
67237
67238
67244
67247
67248
67251
67259
67260
67263
67264
67266
67267
67268
67274
67277
67278
67279
67283
67288
67292
67294
67295
67296
67299
67300
67301
67302
67304
67308
67309
67312
67313
67318
67319
67324
67330
67332
67334
67336
67337
67339
67340
67344
67346
67347
67348
67350
67355
67356
67358
67360
67363
67365
67366
67368
67369
67370
67375
67379
67383
67384
67385
67386
67387
67390
67392
67393
67394
67401
67402
67403
67409
67410
67411
67412
67413
67417
67418
67422
67423
67424
67425
67426
67427
67430
67435
67438
67440
67441
67442
67443
67444
67447
67450
67453
67454
67458
67459
67465
67469
67473
67474
67475
67476
67481
67482
67485
67487
67489
67490
67494
67495
67501
67505
67509
67512
67515
67518
67519
67520
67521
67522
67523
67524
67525
67527
67528
67529
67531
67542
67546
67548
67550
67551
67553
67558
67559
67560
67561
67565
67566
67570
67574
67575
67579
67580
67581
67582
67583
67584
67586
67587
67590
67594
67598
67599
67602
67604
67606
67607
67612
67614
67615
67618
67620
67622
67623
67628
67631
67634
67637
67638
67640
67642
67645
67647
67648
67651
67652
67656
67657
67662
67664
67665
67666
67667
67668
67669
67671
67673
67675
67678
67682
67683
67684
67686
67688
67689
67690
67691
67693
67694
67695
67697
67698
67699
67700
67704
67708
67709
67710
67711
67713
67714
67716
67717
67718
67720
67721
67722
67723
67725
67726
67727
67730
67731
67733
67734
67735
67737
67738
67740
67742
67743
67745
67746
67748
67750
67755
67758
67759
67761
67763
67764
67765
67767
67769
67770
67771
67773
67774
67778
67780
67781
67782
67784
67786
67789
67790
67793
67796
67803
67811
67813
67814
67815
67817
67818
67826
67827
67830
67831
67832
67834
67835
67836
67841
67843
67844
67845
67847
67851
67855
67857
67858
67860
67864
67865
67866
67868
67873
67875
67880
67882
67884
67885
67886
67892
67894
67895
67897
67899
67900
67907
67908
67909
67911
67912
67916
67920
67921
67922
67923
67924
67926
67927
67934
67935
67937
67939
67940
67941
67942
67943
67944
67948
67950
67953
67955
67957
67964
67966
67970
67973
67974
67976
67978
67979
67981
67982
67983
67984
67990
67993
67995
67997
68001
68002
68008
68009
68011
68012
68017
68019
68021
68022
68024
68026
68027
68028
68030
68032
68033
68036
68041
68042
68044
68045
68047
68049
68051
68057
68059
68060
68061
68063
68065
68066
68068
68069
68072
68073
68077
68079
68080
68083
68084
68085
68086
68088
68091
68092
68093
68097
68099
68100
68103
68104
68112
68115
68117
68118
68120
68124
68125
68127
68131
68135
68137
68139
68142
68145
68146
68147
68148
68152
68154
68158
68159
68163
68164
68166
68168
68170
68171
68174
68175
68182
68184
68186
68187
68188
68191
68192
68194
68196
68202
68207
68208
68209
68211
68213
68214
68215
68217
68218
68219
68220
68224
68227
68229
68230
68231
68233
68234
68235
68238
68239
68241
68244
68245
68247
68248
68250
68259
68261
68266
68267
68268
68272
68274
68275
68278
68279
68281
68284
68286
68288
68289
68290
68297
68298
68300
68302
68304
68306
68307
68309
68310
68311
68313
68314
68315
68316
68318
68320
68322
68323
68326
68328
68329
68331
68334
68336
68337
68338
68339
68342
68343
68345
68347
68350
68355
68356
68359
68360
68361
68366
68367
68368
68369
68371
68372
68373
68375
68376
68377
68380
68382
68385
68386
68387
68388
68392
68393
68397
68403
68405
68410
68411
68412
68413
68414
68415
68417
68418
68420
68421
68422
68423
68424
68431
68432
68437
68438
68439
68443
68447
68453
68455
68456
68457
68459
68461
68462
68463
68465
68466
68467
68471
68472
68476
68480
68481
68484
68488
68489
68490
68491
68494
68496
68497
68498
68499
68500
68501
68506
68507
68510
68516
68517
68518
68520
68522
68524
68525
68526
68528
68529
68530
68532
68534
68535
68537
68539
68540
68541
68542
68544
68545
68547
68554
68560
68561
68563
68566
68570
68578
68579
68581
68583
68585
68586
68587
68588
68595
68601
68605
68607
68611
68613
68614
68619
68620
68621
68623
68625
68626
68628
68634
68635
68636
68640
68641
68642
68643
68645
68646
68648
68650
68651
68658
68659
68664
68666
68667
68671
68672
68674
68675
68676
68677
68680
68690
68693
68694
68697
68700
68701
68704
68705
68708
68711
68714
68716
68717
68719
68720
68721
68723
68726
68730
68732
68735
68737
68738
68739
68740
68741
68744
68747
68750
68752
68754
68755
68758
68760
68761
68763
68766
68770
68771
68773
68776
68777
68784
68791
68792
68794
68796
68802
68803
68804
68808
68812
68815
68816
68818
68822
68824
68827
68828
68829
68833
68835
68836
68841
68843
68846
68849
68850
68853
68855
68858
68859
68860
68862
68863
68865
68866
68868
68870
68872
68873
68879
68880
68882
68886
68889
68890
68892
68895
68896
68897
68902
68905
68906
68907
68911
68915
68917
68920
68929
68934
68935
68938
68939
68941
68943
68944
68947
68951
68952
68955
68957
68959
68961
68964
68967
68968
68972
68973
68974
68975
68978
68980
68982
68984
68990
68991
68992
68993
68994
68995
68999
69000
69010
69011
69013
69016
69017
69018
69021
69022
69023
69024
69026
69029
69030
69031
69034
69035
69036
69040
69041
69043
69049
69051
69052
69053
69055
69058
69061
69062
69064
69065
69066
69067
69069
69070
69072
69073
69081
69086
69088
69089
69090
69096
69097
69098
69100
69101
69102
69104
69105
69106
69107
69108
69112
69113
69115
69116
69125
69128
69129
69130
69135
69137
69138
69140
69142
69143
69144
69149
69152
69153
69158
69159
69162
69163
69164
69169
69171
69176
69177
69179
69181
69182
69183
69184
69186
69188
69189
69190
69195
69198
69200
69202
69203
69204
69206
69208
69219
69221
69223
69224
69225
69230
69231
69232
69233
69234
69235
69239
69242
69244
69248
69250
69251
69252
69253
69254
69255
69260
69265
69266
69269
69271
69273
69274
69275
69276
69278
69281
69286
69289
69290
69292
69293
69295
69296
69297
69299
69300
69301
69305
69307
69311
69319
69320
69321
69322
69323
69325
69328
69329
69330
69332
69342
69343
69344
69345
69346
69349
69351
69356
69360
69363
69364
69367
69368
69369
69370
69374
69376
69377
69378
69379
69381
69383
69386
69388
69389
69390
69391
69392
69397
69404
69405
69406
69409
69410
69413
69414
69417
69419
69423
69425
69426
69428
69432
69433
69434
69435
69437
69442
69449
69453
69455
69456
69460
69462
69463
69464
69466
69467
69468
69469
69473
69477
69479
69480
69482
69483
69484
69488
69489
69493
69494
69498
69499
69502
69503
69504
69505
69506
69513
69514
69516
69521
69522
69523
69524
69528
69529
69532
69533
69534
69535
69536
69537
69538
69539
69541
69542
69543
69545
69547
69549
69550
69552
69554
69557
69567
69569
69572
69574
69578
69581
69586
69588
69589
69590
69591
69592
69593
69595
69598
69603
69604
69605
69606
69607
69609
69612
69613
69614
69616
69618
69620
69621
69624
69627
69628
69629
69631
69635
69637
69638
69639
69641
69644
69650
69651
69657
69659
69662
69663
69665
69666
69668
69669
69670
69671
69673
69674
69675
69679
69682
69683
69684
69687
69689
69691
69693
69695
69699
69701
69702
69704
69705
69707
69710
69711
69714
69715
69716
69718
69719
69721
69723
69724
69726
69727
69735
69737
69738
69739
69740
69741
69743
69744
69745
69748
69749
69754
69755
69757
69759
69762
69763
69764
69765
69767
69769
69773
69776
69777
69779
69780
69781
69782
69787
69793
69794
69795
69796
69797
69798
69799
69802
69804
69806
69808
69810
69812
69813
69814
69821
69822
69825
69827
69830
69831
69832
69833
69834
69835
69836
69837
69838
69840
69843
69845
69848
69849
69853
69855
69857
69858
69859
69860
69862
69864
69867
69868
69869
69875
69879
69880
69881
69883
69885
69886
69888
69892
69898
69900
69905
69907
69909
69911
69913
69914
69916
69920
69921
69924
69927
69930
69934
69942
69945
69950
69951
69952
69953
69958
69961
69963
69966
69968
69969
69970
69975
69976
69978
69979
69984
69986
69987
69989
69990
69991
69992
69996
69998
70003
70006
70014
70015
70018
70020
70021
70025
70028
70038
70041
70042
70044
70049
70050
70051
70057
70059
70060
70062
70063
70064
70065
70066
70068
70069
70070
70071
70072
70073
70077
70078
70083
70090
70093
70094
70095
70096
70097
70100
70104
70106
70107
70109
70110
70118
70120
70121
70126
70127
70128
70130
70131
70133
70134
70135
70136
70138
70142
70143
70145
70147
70156
70158
70164
70168
70169
70172
70173
70175
70178
70180
70184
70186
70188
70194
70196
70197
70198
70199
70202
70204
70207
70208
70209
70211
70215
70216
70217
70218
70220
70225
70226
70227
70229
70230
70231
70232
70233
70235
70236
70237
70238
70239
70242
70243
70245
70248
70249
70250
70252
70253
70254
70256
70260
70261
70263
70264
70265
70269
70270
70271
70272
70276
70278
70280
70281
70283
70290
70295
70296
70297
70298
70299
70302
70303
70306
70307
70313
70315
70321
70322
70323
70324
70325
70327
70329
70332
70336
70337
70340
70348
70349
70350
70355
70356
70357
70358
70359
70360
70362
70363
70364
70368
70369
70370
70371
70374
70376
70377
70380
70381
70382
70386
70387
70388
70390
70392
70394
70398
70399
70400
70401
70402
70403
70404
70409
70413
70414
70415
70416
70417
70419
70420
70421
70422
70423
70424
70426
70435
70436
70437
70438
70439
70442
70444
70446
70447
70449
70450
70451
70452
70453
70454
70457
70460
70462
70463
70466
70469
70470
70471
70472
70474
70475
70476
70481
70484
70487
70489
70491
70492
70493
70497
70502
70504
70505
70507
70508
70510
70512
70514
70521
70522
70523
70524
70526
70527
70528
70529
70530
70531
70535
70538
70540
70541
70542
70543
70544
70545
70546
70547
70548
70549
70550
70552
70558
70561
70566
70568
70570
70571
70572
70573
70575
70576
70577
70580
70583
70588
70590
70591
70592
70595
70596
70598
70599
70603
70605
70607
70608
70609
70610
70614
70615
70618
70623
70626
70628
70629
70630
70631
70634
70638
70641
70644
70645
70648
70653
70655
70661
70664
70665
70668
70669
70672
70673
70676
70678
70681
70683
70687
70689
70691
70692
70695
70696
70699
70700
70702
70704
70706
70712
70713
70717
70721
70722
70723
70724
70725
70726
70728
70729
70731
70732
70735
70736
70740
70741
70743
70744
70747
70750
70751
70753
70754
70755
70757
70760
70762
70763
70764
70765
70771
70774
70780
70785
70787
70788
70798
70799
70806
70807
70808
70810
70811
70813
70815
70818
70819
70822
70824
70827
70828
70830
70834
70836
70837
70839
70840
70842
70843
70845
70847
70848
70850
70851
70853
70854
70855
70857
70859
70861
70862
70863
70865
70868
70869
70870
70872
70876
70877
70880
70882
70884
70886
70887
70890
70891
70892
70893
70896
70897
70902
70903
70904
70905
70910
70912
70914
70915
70916
70917
70920
70922
70923
70924
70928
70931
70936
70937
70939
70940
70941
70942
70946
70951
70955
70956
70958
70959
70964
70966
70967
70969
70971
70973
70974
70975
70976
70978
70979
70983
70984
70988
70989
70990
70992
70994
70997
70998
71001
71003
71004
71005
71006
71007
71009
71010
71011
71014
71015
71016
71017
71018
71027
71028
71033
71034
71036
71037
71039
71041
71044
71046
71047
71048
71049
71055
71056
71057
71058
71060
71064
71066
71069
71070
71071
71072
71073
71076
71077
71078
71079
71082
71083
71087
71088
71089
71095
71096
71103
71105
71108
71111
71112
71116
71118
71119
71121
71122
71123
71126
71128
71129
71131
71135
71136
71137
71138
71140
71141
71142
71143
71144
71146
71147
71151
71154
71157
71158
71159
71160
71162
71163
71166
71167
71170
71171
71172
71173
71174
71176
71179
71180
71183
71187
71188
71190
71192
71193
71198
71199
71201
71202
71203
71204
71205
71206
71207
71209
71211
71212
71214
71217
71218
71219
71220
71222
71223
71227
71235
71239
71241
71245
71247
71249
71252
71253
71254
71255
71256
71259
71261
71262
71263
71265
71266
71268
71269
71271
71273
71274
71275
71276
71277
71279
71282
71284
71285
71286
71287
71291
71293
71301
71303
71305
71306
71307
71313
71314
71317
71318
71319
71320
71323
71324
71326
71328
71329
71332
71335
71339
71340
71343
71344
71345
71346
71348
71349
71351
71357
71358
71361
71364
71365
71366
71367
71369
71370
71371
71372
71373
71374
71377
71378
71384
71385
71387
71388
71389
71390
71391
71392
71394
71395
71398
71402
71403
71405
71411
71415
71417
71419
71420
71421
71422
71424
71425
71426
71428
71431
71435
71436
71437
71439
71440
71441
71442
71444
71446
71448
71455
71456
71458
71462
71464
71465
71470
71475
71477
71478
71479
71480
71481
71483
71484
71486
71488
71489
71490
71493
71494
71495
71497
71499
71500
71501
71502
71506
71507
71508
71511
71514
71518
71519
71521
71523
71524
71525
71528
71530
71531
71538
71540
71541
71542
71544
71545
71546
71547
71549
71552
71553
71554
71556
71559
71561
71565
71566
71568
71576
71580
71584
71585
71586
71587
71590
71591
71592
71594
71597
71599
71600
71601
71602
71603
71604
71605
71608
71612
71613
71614
71615
71616
71618
71620
71622
71624
71626
71627
71629
71630
71631
71632
71633
71636
71637
71641
71645
71647
71649
71651
71654
71660
71662
71664
71665
71666
71669
71670
71674
71677
71680
71681
71684
71685
71688
71689
71690
71691
71696
71698
71702
71703
71704
71706
71709
71710
71715
71722
71727
71728
71733
71734
71735
71736
71737
71738
71739
71740
71743
71744
71746
71750
71751
71756
71759
71763
71765
71766
71767
71772
71774
71778
71779
71780
71781
71787
71788
71790
71793
71794
71797
71801
71802
71803
71805
71808
71810
71811
71812
71813
71815
71816
71818
71823
71825
71828
71829
71830
71832
71835
71839
71845
71849
71850
71852
71853
71855
71859
71860
71861
71862
71865
71866
71867
71868
71873
71874
71875
71878
71883
71884
71886
71888
71889
71890
71891
71892
71893
71894
71895
71896
71897
71898
71900
71902
71904
71908
71909
71915
71917
71920
71925
71926
71928
71929
71932
71934
71937
71939
71940
71945
71946
71947
71955
71958
71960
71961
71970
71972
71974
71977
71979
71982
71983
71984
71985
71986
71987
71995
71998
72004
72005
72006
72010
72011
72013
72014
72015
72019
72020
72021
72022
72024
72029
72031
72032
72033
72036
72037
72038
72043
72044
72048
72051
72052
72053
72054
72055
72056
72058
72059
72060
72062
72064
72069
72070
72071
72072
72073
72075
72077
72080
72081
72082
72083
72084
72085
72086
72088
72089
72090
72091
72092
72100
72101
72102
72103
72105
72108
72109
72112
72113
72115
72118
72119
72121
72122
72124
72127
72130
72131
72132
72140
72141
72143
72145
72146
72149
72151
72154
72156
72159
72162
72166
72172
72173
72176
72178
72181
72182
72184
72187
72191
72193
72194
72196
72198
72202
72204
72207
72208
72213
72216
72218
72219
72220
72221
72222
72228
72231
72235
72236
72239
72240
72242
72244
72246
72247
72250
72251
72252
72255
72256
72258
72259
72265
72271
72272
72274
72278
72281
72283
72284
72291
72292
72293
72294
72295
72296
72300
72303
72304
72305
72306
72307
72308
72309
72316
72317
72318
72323
72324
72329
72331
72335
72338
72339
72341
72342
72345
72346
72349
72354
72355
72358
72361
72364
72365
72367
72368
72369
72370
72372
72373
72374
72375
72377
72379
72380
72382
72383
72384
72386
72387
72388
72389
72391
72395
72398
72399
72400
72401
72404
72405
72407
72408
72410
72411
72412
72415
72416
72417
72420
72421
72422
72423
72425
72430
72432
72434
72437
72441
72447
72451
72453
72454
72457
72464
72467
72468
72469
72470
72471
72472
72474
72475
72476
72486
72490
72492
72493
72494
72498
72499
72500
72501
72502
72503
72504
72510
72514
72515
72517
72519
72521
72522
72525
72526
72528
72536
72537
72538
72539
72541
72544
72545
72546
72548
72550
72553
72555
72560
72569
72571
72572
72573
72574
72582
72585
72588
72593
72595
72599
72600
72602
72606
72607
72608
72609
72612
72617
72618
72620
72622
72624
72628
72629
72632
72633
72634
72638
72643
72649
72650
72651
72652
72653
72656
72657
72658
72659
72665
72669
72673
72674
72675
72676
72677
72681
72685
72686
72689
72691
72693
72694
72696
72699
72700
72701
72702
72704
72705
72708
72710
72712
72716
72718
72719
72721
72723
72725
72730
72731
72734
72743
72744
72745
72747
72752
72755
72757
72758
72760
72762
72763
72764
72769
72770
72771
72773
72775
72777
72779
72780
72784
72786
72787
72788
72791
72796
72801
72803
72805
72806
72807
72808
72810
72811
72812
72815
72817
72824
72826
72828
72831
72832
72834
72836
72842
72844
72847
72849
72850
72851
72852
72853
72860
72861
72866
72868
72869
72871
72872
72873
72876
72879
72880
72883
72886
72888
72889
72891
72895
72896
72898
72900
72901
72903
72904
72905
72906
72907
72909
72912
72913
72915
72921
72923
72925
72927
72929
72930
72932
72937
72938
72939
72940
72941
72942
72945
72947
72948
72949
72954
72956
72960
72961
72963
72965
72967
72971
72972
72974
72975
72978
72979
72982
72983
72984
72987
72988
72991
72993
72998
73002
73005
73006
73008
73013
73018
73023
73024
73025
73028
73030
73039
73042
73043
73047
73048
73050
73051
73052
73053
73054
73056
73060
73062
73066
73067
73071
73074
73075
73086
73088
73090
73092
73093
73094
73095
73096
73099
73102
73103
73104
73105
73108
73114
73115
73117
73119
73121
73123
73125
73126
73128
73129
73132
73133
73136
73142
73143
73144
73145
73146
73147
73148
73154
73155
73158
73159
73162
73163
73164
73165
73168
73172
73173
73176
73177
73182
73184
73185
73186
73187
73189
73190
73192
73195
73197
73199
73201
73206
73207
73210
73217
73218
73221
73223
73224
73225
73227
73229
73230
73231
73233
73235
73236
73237
73239
73240
73248
73249
73250
73257
73258
73259
73260
73261
73262
73264
73267
73273
73274
73278
73284
73285
73286
73288
73290
73294
73296
73298
73300
73301
73306
73307
73309
73310
73312
73314
73317
73319
73320
73321
73324
73326
73329
73331
73335
73338
73339
73340
73341
73342
73343
73344
73346
73347
73348
73349
73350
73352
73353
73354
73356
73357
73359
73364
73365
73366
73367
73369
73371
73372
73373
73374
73376
73379
73384
73385
73388
73390
73392
73394
73395
73396
73397
73398
73401
73402
73403
73406
73407
73408
73410
73411
73415
73417
73419
73421
73423
73425
73426
73428
73429
73430
73432
73435
73438
73439
73440
73441
73450
73451
73452
73456
73460
73462
73465
73466
73467
73469
73471
73473
73476
73482
73485
73492
73495
73499
73507
73509
73512
73513
73518
73522
73528
73530
73531
73533
73535
73540
73541
73544
73545
73546
73549
73551
73552
73554
73558
73560
73561
73564
73568
73570
73571
73573
73574
73575
73578
73579
73580
73582
73583
73584
73585
73587
73590
73592
73593
73596
73597
73604
73606
73607
73608
73609
73610
73611
73621
73622
73623
73629
73630
73632
73633
73635
73639
73640
73641
73642
73643
73645
73646
73650
73652
73653
73655
73658
73661
73662
73664
73668
73670
73672
73674
73675
73677
73679
73680
73681
73682
73685
73694
73695
73697
73698
73701
73702
73704
73706
73708
73710
73711
73713
73716
73719
73720
73721
73722
73727
73728
73729
73731
73737
73740
73746
73747
73748
73749
73752
73754
73755
73757
73759
73762
73766
73774
73776
73777
73778
73786
73787
73791
73792
73794
73795
73797
73798
73799
73802
73813
73817
73819
73822
73823
73824
73825
73826
73828
73829
73830
73832
73833
73834
73840
73841
73845
73846
73847
73848
73851
73853
73855
73861
73862
73863
73865
73866
73867
73868
73869
73870
73877
73878
73882
73883
73885
73888
73895
73897
73906
73907
73911
73912
73914
73916
73917
73918
73920
73933
73935
73936
73938
73942
73944
73946
73950
73954
73955
73957
73958
73959
73962
73965
73968
73969
73970
73977
73982
73989
73990
73991
73993
74000
74003
74004
74005
74011
74015
74017
74021
74022
74023
74026
74029
74030
74031
74032
74035
74036
74037
74038
74040
74043
74045
74046
74050
74051
74054
74055
74058
74060
74061
74064
74068
74071
74072
74073
74074
74075
74076
74077
74078
74087
74088
74089
74090
74091
74092
74093
74098
74101
74102
74103
74105
74109
74113
74117
74119
74121
74122
74123
74124
74125
74126
74127
74129
74132
74135
74141
74146
74148
74155
74157
74159
74160
74162
74163
74164
74166
74167
74168
74170
74173
74178
74185
74187
74189
74190
74192
74193
74196
74197
74199
74200
74206
74207
74208
74210
74214
74220
74228
74240
74241
74243
74244
74245
74246
74247
74248
74251
74256
74258
74261
74263
74267
74268
74269
74270
74272
74274
74275
74279
74280
74285
74287
74288
74291
74293
74294
74297
74298
74299
74300
74308
74310
74313
74315
74316
74317
74319
74323
74324
74326
74329
74330
74331
74332
74333
74335
74336
74337
74340
74342
74343
74345
74347
74348
74350
74352
74356
74358
74360
74369
74371
74377
74379
74380
74381
74384
74386
74387
74388
74390
74391
74393
74395
74396
74399
74400
74403
74404
74406
74407
74408
74409
74410
74414
74415
74416
74418
74419
74422
74424
74426
74428
74431
74432
74434
74437
74438
74442
74444
74445
74446
74448
74449
74450
74451
74452
74454
74459
74460
74463
74464
74466
74469
74470
74472
74473
74478
74479
74480
74483
74484
74485
74487
74492
74493
74494
74497
74498
74499
74501
74503
74504
74505
74506
74509
74512
74513
74514
74516
74517
74518
74519
74522
74524
74525
74527
74529
74530
74534
74536
74537
74538
74540
74542
74543
74544
74546
74548
74549
74551
74552
74553
74554
74555
74557
74559
74560
74561
74562
74563
74564
74566
74567
74569
74570
74571
74574
74575
74576
74577
74578
74579
74582
74587
74588
74590
74591
74593
74594
74596
74597
74599
74600
74601
74602
74603
74604
74606
74607
74609
74610
74611
74612
74614
74617
74618
74621
74622
74626
74633
74634
74636
74640
74641
74650
74654
74657
74659
74661
74666
74667
74668
74670
74674
74675
74681
74684
74685
74686
74694
74696
74698
74699
74700
74702
74707
74709
74710
74712
74715
74718
74719
74722
74727
74730
74731
74734
74735
74737
74740
74742
74745
74746
74748
74754
74757
74761
74765
74768
74770
74776
74781
74786
74788
74791
74792
74796
74799
74800
74802
74803
74804
74806
74809
74812
74813
74818
74821
74822
74824
74825
74827
74828
74829
74834
74835
74839
74841
74843
74845
74846
74854
74855
74862
74864
74868
74869
74870
74872
74873
74874
74875
74878
74879
74880
74881
74882
74883
74887
74889
74890
74891
74892
74897
74898
74899
74901
74910
74916
74922
74923
74925
74926
74928
74931
74932
74933
74936
74938
74939
74946
74947
74948
74951
74952
74954
74956
74957
74958
74960
74961
74962
74963
74965
74966
74968
74971
74972
74973
74980
74982
74983
74984
74986
74987
74990
74991
74992
74995
75000
75006
75008
75009
75010
75013
75014
75019
75020
75022
75024
75025
75029
75031
75034
75038
75039
75043
75045
75050
75051
75052
75053
75055
75060
75062
75064
75065
75066
75067
75069
75071
75073
75074
75081
75082
75084
75085
75086
75088
75091
75093
75094
75095
75098
75099
75104
75106
75109
75110
75113
75115
75119
75120
75122
75124
75126
75129
75130
75132
75133
75137
75138
75140
75142
75144
75147
75149
75150
75151
75152
75153
75154
75155
75156
75159
75161
75162
75163
75166
75167
75170
75175
75177
75180
75181
75196
75201
75203
75206
75208
75210
75211
75212
75213
75214
75216
75218
75219
75221
75223
75224
75225
75226
75228
75229
75236
75237
75238
75242
75244
75247
75252
75255
75259
75262
75264
75265
75266
75269
75272
75275
75277
75279
75281
75283
75284
75286
75293
75294
75295
75296
75297
75298
75302
75305
75307
75309
75310
75311
75313
75315
75316
75317
75318
75323
75329
75332
75333
75336
75343
75344
75345
75346
75347
75348
75352
75353
75354
75356
75358
75360
75362
75367
75371
75374
75375
75376
75377
75378
75380
75382
75383
75384
75385
75386
75389
75391
75393
75398
75399
75401
75405
75408
75409
75412
75414
75416
75418
75419
75420
75423
75428
75430
75435
75438
75442
75444
75452
75454
75458
75459
75462
75464
75466
75467
75469
75472
75473
75475
75476
75479
75480
75483
75485
75488
75489
75490
75491
75492
75493
75495
75496
75497
75498
75499
75500
75502
75505
75507
75509
75510
75512
75515
75516
75522
75526
75527
75528
75530
75531
75532
75533
75537
75543
75546
75548
75549
75551
75553
75555
75559
75560
75561
75563
75564
75565
75566
75567
75568
75569
75570
75571
75573
75576
75577
75579
75580
75581
75582
75583
75585
75587
75590
75592
75593
75594
75598
75599
75600
75602
75603
75604
75605
75607
75611
75612
75615
75616
75619
75621
75623
75628
75631
75633
75635
75638
75639
75641
75644
75645
75647
75651
75652
75656
75657
75660
75661
75663
75664
75667
75671
75674
75675
75676
75677
75679
75681
75682
75688
75689
75692
75695
75698
75704
75708
75710
75711
75712
75715
75721
75722
75727
75728
75729
75736
75738
75740
75741
75742
75743
75745
75746
75748
75749
75750
75751
75752
75755
75756
75758
75759
75760
75763
75764
75767
75768
75770
75771
75772
75773
75777
75782
75784
75785
75787
75788
75789
75794
75798
75801
75804
75808
75810
75811
75818
75821
75823
75824
75831
75832
75834
75835
75836
75837
75839
75840
75842
75848
75851
75852
75853
75856
75857
75859
75860
75861
75862
75864
75867
75869
75870
75873
75874
75875
75876
75879
75881
75883
75885
75886
75887
75888
75889
75890
75892
75893
75897
75898
75900
75901
75902
75906
75911
75913
75914
75916
75919
75920
75921
75922
75924
75926
75928
75931
75932
75937
75940
75942
75945
75948
75952
75954
75955
75956
75959
75963
75968
75969
75970
75971
75972
75973
75974
75979
75980
75982
75983
75993
75996
75997
75998
75999
76006
76007
76011
76013
76015
76017
76019
76021
76023
76027
76029
76031
76036
76038
76040
76041
76042
76043
76045
76046
76049
76051
76052
76057
76058
76061
76063
76066
76068
76069
76070
76072
76073
76074
76075
76076
76078
76080
76082
76083
76087
76088
76089
76091
76092
76094
76097
76098
76100
76104
76109
76110
76111
76112
76115
76116
76118
76119
76120
76122
76123
76125
76127
76135
76136
76138
76139
76141
76142
76147
76148
76152
76155
76159
76161
76165
76168
76170
76172
76173
76174
76177
76179
76181
76182
76186
76187
76189
76190
76193
76195
76196
76199
76200
76201
76202
76204
76205
76206
76207
76208
76211
76214
76216
76223
76225
76227
76232
76234
76235
76242
76243
76245
76247
76248
76249
76250
76251
76253
76254
76256
76258
76262
76269
76272
76276
76279
76280
76282
76283
76286
76288
76290
76291
76293
76296
76299
76301
76303
76304
76305
76306
76309
76311
76312
76314
76315
76320
76323
76326
76327
76330
76331
76333
76334
76335
76340
76341
76342
76344
76346
76349
76351
76356
76366
76367
76368
76370
76371
76372
76375
76376
76382
76383
76385
76392
76396
76397
76398
76399
76401
76402
76405
76406
76408
76409
76412
76416
76417
76418
76419
76422
76423
76425
76428
76430
76432
76433
76434
76435
76436
76440
76441
76443
76447
76449
76452
76454
76455
76456
76458
76459
76466
76467
76469
76470
76473
76475
76477
76481
76482
76487
76492
76493
76495
76501
76503
76506
76508
76511
76512
76517
76518
76519
76521
76523
76527
76528
76531
76532
76533
76534
76535
76536
76540
76548
76552
76553
76555
76556
76558
76559
76560
76561
76562
76568
76569
76571
76572
76577
76581
76582
76584
76586
76588
76589
76591
76592
76594
76598
76604
76605
76606
76609
76610
76618
76619
76620
76622
76628
76629
76631
76633
76637
76640
76641
76643
76645
76646
76647
76649
76650
76652
76654
76662
76663
76664
76665
76666
76667
76668
76672
76675
76692
76695
76696
76699
76700
76702
76704
76706
76707
76717
76720
76721
76722
76727
76731
76732
76735
76736
76737
76739
76740
76742
76745
76747
76754
76755
76758
76760
76761
76762
76763
76764
76766
76767
76768
76770
76771
76775
76777
76778
76784
76786
76787
76788
76789
76790
76792
76794
76797
76800
76802
76803
76807
76808
76809
76812
76814
76817
76820
76822
76824
76825
76826
76827
76833
76834
76835
76836
76837
76838
76841
76842
76849
76850
76856
76859
76861
76863
76864
76866
76868
76870
76871
76873
76874
76877
76878
76879
76880
76882
76885
76886
76888
76890
76892
76894
76895
76897
76898
76899
76903
76908
76911
76912
76919
76921
76924
76925
76928
76930
76931
76934
76935
76936
76938
76941
76945
76947
76949
76950
76952
76954
76959
76960
76963
76964
76965
76969
76976
76979
76981
76984
76985
76989
76990
76991
76993
76994
76997
76998
77000
77003
77005
77018
77019
77024
77025
77033
77035
77036
77037
77038
77040
77041
77045
77046
77047
77048
77051
77052
77056
77057
77058
77061
77064
77069
77071
77072
77078
77080
77082
77083
77084
77085
77086
77087
77090
77094
77095
77096
77098
77099
77102
77105
77107
77109
77110
77114
77116
77118
77121
77126
77128
77135
77139
77140
77142
77144
77145
77147
77148
77150
77154
77156
77159
77161
77162
77165
77166
77174
77176
77179
77190
77192
77194
77199
77200
77201
77202
77204
77206
77207
77208
77213
77214
77216
77217
77218
77225
77227
77229
77231
77232
77236
77238
77239
77241
77242
77243
77244
77246
77247
77251
77253
77256
77257
77260
77267
77269
77271
77272
77273
77274
77275
77276
77278
77280
77281
77290
77292
77295
77296
77297
77298
77299
77304
77306
77307
77310
77313
77315
77317
77318
77320
77326
77328
77329
77330
77332
77333
77335
77338
77342
77343
77346
77347
77348
77352
77354
77356
77359
77360
77361
77362
77371
77373
77374
77375
77376
77382
77383
77384
77387
77388
77389
77392
77394
77396
77397
77398
77399
77400
77401
77403
77404
77408
77411
77412
77421
77424
77426
77427
77428
77430
77431
77434
77442
77443
77445
77448
77449
77450
77451
77453
77459
77461
77462
77463
77466
77469
77471
77473
77474
77475
77476
77477
77480
77481
77483
77484
77490
77491
77493
77497
77500
77501
77502
77503
77505
77506
77507
77508
77511
77514
77515
77516
77521
77522
77523
77527
77528
77530
77531
77532
77534
77536
77542
77543
77545
77549
77553
77554
77555
77560
77562
77564
77567
77568
77569
77570
77571
77572
77573
77574
77577
77584
77585
77586
77589
77591
77596
77599
77600
77601
77603
77604
77609
77610
77611
77617
77618
77622
77623
77625
77627
77629
77632
77633
77637
77638
77639
77640
77642
77643
77645
77646
77647
77649
77650
77651
77655
77663
77665
77666
77667
77668
77672
77673
77675
77678
77681
77682
77684
77686
77687
77688
77689
77691
77692
77695
77697
77699
77702
77707
77708
77714
77716
77718
77724
77725
77726
77727
77729
77731
77733
77735
77736
77742
77744
77747
77748
77752
77753
77754
77757
77758
77764
77769
77770
77771
77772
77776
77777
77778
77780
77781
77782
77785
77788
77789
77791
77793
77796
77797
77799
77801
77804
77806
77808
77809
77813
77814
77816
77819
77820
77821
77823
77826
77828
77834
77838
77839
77841
77844
77845
77846
77850
77852
77853
77856
77859
77860
77861
77863
77864
77865
77866
77867
77870
77874
77875
77876
77879
77880
77882
77883
77886
77890
77892
77893
77894
77895
77899
77900
77901
77904
77906
77907
77911
77912
77916
77920
77922
77925
77926
77929
77931
77932
77935
77936
77938
77939
77940
77941
77943
77946
77949
77950
77956
77957
77959
77961
77966
77974
77975
77976
77980
77981
77982
77987
77988
77989
77991
77992
77996
77997
78001
78004
78005
78007
78011
78013
78014
78016
78018
78020
78021
78023
78024
78025
78028
78031
78032
78037
78042
78046
78049
78050
78054
78056
78059
78060
78061
78062
78063
78067
78071
78072
78076
78078
78080
78082
78084
78085
78087
78089
78090
78091
78094
78096
78104
78112
78116
78117
78118
78119
78121
78125
78126
78127
78128
78129
78130
78134
78140
78142
78144
78145
78146
78150
78152
78156
78157
78161
78167
78168
78177
78179
78180
78181
78183
78185
78188
78189
78190
78191
78192
78193
78195
78197
78198
78203
78205
78206
78207
78209
78210
78213
78215
78219
78220
78224
78228
78229
78230
78233
78234
78235
78236
78237
78238
78239
78241
78246
78247
78250
78252
78253
78256
78257
78258
78259
78265
78266
78267
78268
78270
78272
78273
78274
78275
78276
78278
78284
78285
78288
78291
78293
78294
78295
78296
78303
78304
78305
78306
78312
78313
78315
78317
78318
78319
78321
78324
78325
78329
78331
78332
78334
78338
78340
78344
78346
78349
78350
78354
78355
78357
78359
78361
78364
78365
78367
78370
78371
78377
78379
78381
78382
78386
78387
78389
78392
78395
78396
78398
78399
78400
78402
78403
78404
78408
78411
78413
78415
78416
78417
78418
78419
78421
78422
78423
78424
78427
78428
78434
78435
78438
78439
78440
78441
78443
78451
78452
78454
78456
78468
78471
78472
78474
78476
78477
78479
78483
78484
78487
78489
78490
78495
78497
78498
78503
78504
78505
78506
78508
78509
78511
78512
78515
78519
78522
78524
78534
78536
78541
78544
78547
78548
78550
78551
78553
78555
78557
78563
78565
78566
78571
78572
78573
78574
78575
78576
78577
78578
78580
78581
78582
78588
78590
78592
78593
78594
78595
78596
78597
78599
78602
78604
78608
78610
78614
78619
78622
78627
78631
78636
78640
78641
78643
78645
78646
78651
78654
78655
78656
78659
78660
78661
78662
78666
78668
78671
78673
78674
78675
78676
78679
78680
78685
78686
78691
78693
78694
78698
78700
78701
78703
78704
78705
78713
78716
78723
78724
78728
78729
78731
78732
78733
78738
78740
78741
78748
78749
78752
78753
78759
78761
78762
78766
78774
78775
78780
78781
78782
78784
78786
78787
78789
78793
78796
78799
78800
78802
78806
78808
78812
78814
78817
78819
78823
78824
78825
78828
78830
78831
78838
78839
78840
78841
78842
78844
78851
78853
78856
78858
78863
78865
78869
78870
78872
78874
78876
78881
78884
78885
78887
78888
78890
78892
78895
78896
78902
78903
78904
78907
78909
78910
78911
78913
78916
78922
78926
78928
78929
78931
78933
78937
78940
78941
78944
78945
78949
78950
78953
78957
78960
78961
78962
78964
78966
78967
78968
78971
78973
78975
78979
78983
78986
78987
78988
78989
78990
78995
78998
79001
79006
79008
79012
79013
79014
79016
79018
79019
79022
79023
79029
79034
79035
79038
79039
79041
79042
79044
79046
79047
79051
79054
79056
79059
79061
79062
79063
79066
79068
79069
79071
79074
79075
79077
79084
79088
79089
79091
79096
79100
79103
79106
79108
79110
79114
79117
79118
79120
79122
79124
79127
79128
79129
79130
79133
79135
79136
79137
79139
79141
79145
79148
79149
79150
79151
79155
79156
79159
79161
79166
79169
79170
79174
79178
79179
79180
79181
79191
79192
79193
79195
79196
79200
79201
79205
79208
79212
79216
79217
79218
79219
79221
79222
79223
79225
79226
79227
79228
79229
79230
79231
79236
79237
79240
79241
79243
79247
79249
79250
79251
79254
79255
79256
79257
79258
79260
79263
79264
79265
79267
79268
79272
79275
79277
79278
79280
79283
79288
79289
79291
79293
79295
79296
79298
79299
79300
79305
79306
79307
79309
79310
79311
79312
79313
79314
79315
79317
79318
79322
79324
79325
79329
79330
79333
79334
79335
79338
79341
79343
79344
79345
79346
79347
79348
79349
79350
79351
79356
79364
79365
79367
79369
79376
79381
79383
79384
79385
79386
79391
79394
79396
79401
79402
79409
79411
79413
79417
79418
79420
79427
79428
79431
79432
79434
79438
79439
79443
79444
79445
79448
79451
79453
79454
79455
79458
79459
79462
79464
79465
79466
79467
79469
79470
79471
79474
79475
79476
79477
79480
79484
79485
79486
79488
79496
79498
79501
79506
79508
79509
79511
79518
79521
79528
79530
79531
79533
79540
79542
79543
79544
79545
79549
79552
79556
79563
79565
79566
79568
79572
79575
79577
79578
79583
79584
79587
79588
79592
79593
79596
79598
79601
79606
79607
79608
79609
79611
79612
79614
79616
79617
79619
79620
79622
79624
79625
79626
79637
79639
79640
79644
79646
79647
79649
79652
79653
79654
79655
79657
79659
79661
79663
79666
79667
79668
79669
79671
79672
79674
79676
79678
79680
79682
79684
79686
79689
79691
79699
79700
79701
79703
79704
79707
79709
79711
79713
79715
79716
79717
79718
79719
79720
79722
79729
79733
79735
79736
79739
79740
79742
79744
79745
79748
79751
79752
79760
79761
79762
79764
79766
79769
79772
79773
79777
79778
79784
79785
79788
79791
79795
79797
79798
79799
79801
79803
79806
79807
79808
79812
79814
79817
79822
79823
79824
79825
79826
79827
79829
79831
79833
79835
79837
79844
79847
79848
79849
79853
79855
79857
79859
79866
79868
79870
79876
79877
79880
79882
79886
79887
79888
79889
79891
79896
79897
79898
79900
79901
79902
79904
79905
79907
79912
79914
79915
79924
79931
79932
79933
79935
79938
79941
79948
79949
79950
79951
79952
79953
79956
79957
79958
79962
79963
79965
79972
79974
79975
79977
79979
79983
79990
79991
79995
79996
79997
79998
79999
80002
80005
80010
80011
80012
80015
80017
80018
80019
80020
80021
80022
80024
80035
80037
80039
80046
80047
80048
80052
80056
80062
80065
80066
80068
80069
80072
80075
80077
80081
80083
80085
80086
80087
80088
80092
80097
80099
80101
80104
80105
80106
80109
80110
80112
80113
80114
80117
80118
80119
80120
80122
80124
80126
80129
80134
80135
80141
80142
80143
80149
80151
80157
80158
80159
80160
80161
80162
80164
80167
80169
80170
80172
80175
80183
80184
80189
80192
80193
80194
80197
80198
80201
80206
80207
80208
80213
80215
80217
80222
80224
80225
80231
80233
80238
80239
80240
80241
80244
80246
80247
80248
80249
80250
80251
80253
80254
80256
80258
80259
80260
80265
80269
80271
80273
80274
80281
80282
80284
80285
80291
80294
80296
80298
80299
80302
80305
80306
80307
80308
80310
80312
80313
80316
80321
80322
80323
80324
80325
80327
80329
80332
80333
80338
80340
80341
80345
80346
80347
80348
80350
80360
80361
80362
80367
80370
80371
80375
80377
80381
80385
80386
80388
80389
80391
80392
80395
80397
80398
80401
80403
80409
80413
80415
80419
80420
80422
80424
80425
80426
80427
80428
80429
80430
80436
80439
80440
80442
80444
80445
80447
80448
80450
80451
80455
80456
80465
80466
80468
80471
80475
80480
80481
80482
80484
80485
80486
80489
80490
80492
80493
80494
80497
80498
80501
80506
80507
80508
80509
80513
80516
80518
80519
80520
80522
80526
80527
80533
80534
80536
80537
80542
80545
80547
80548
80549
80550
80555
80557
80558
80559
80562
80565
80566
80568
80571
80573
80581
80586
80587
80592
80597
80598
80601
80602
80604
80606
80609
80610
80611
80615
80617
80618
80619
80622
80624
80627
80628
80630
80632
80633
80634
80635
80636
80641
80642
80644
80645
80649
80652
80655
80657
80659
80660
80663
80670
80671
80672
80675
80678
80681
80682
80684
80685
80688
80690
80691
80692
80697
80699
80700
80705
80706
80709
80714
80715
80718
80723
80725
80726
80729
80732
80734
80735
80737
80738
80740
80746
80748
80751
80752
80754
80757
80758
80759
80761
80762
80765
80768
80771
80772
80773
80774
80781
80786
80787
80791
80793
80796
80797
80804
80807
80809
80810
80812
80814
80819
80822
80823
80827
80828
80831
80832
80834
80837
80838
80839
80840
80841
80842
80843
80844
80847
80849
80853
80855
80861
80863
80865
80866
80868
80870
80872
80873
80874
80875
80877
80878
80879
80881
80882
80885
80888
80892
80893
80896
80899
80900
80903
80906
80912
80913
80915
80917
80919
80920
80922
80923
80929
80931
80936
80941
80945
80946
80948
80954
80959
80962
80965
80969
80971
80973
80974
80975
80976
80978
80979
80982
80983
80991
80993
80996
80998
81001
81002
81004
81006
81008
81009
81012
81014
81016
81020
81021
81023
81026
81027
81031
81033
81038
81041
81042
81044
81046
81049
81050
81053
81055
81056
81059
81061
81063
81064
81065
81068
81070
81071
81077
81078
81081
81082
81083
81084
81088
81089
81090
81094
81096
81099
81100
81102
81107
81111
81113
81115
81116
81122
81125
81126
81127
81128
81129
81130
81131
81132
81133
81141
81148
81149
81152
81153
81154
81155
81158
81161
81162
81163
81165
81167
81168
81170
81172
81173
81175
81176
81179
81180
81185
81186
81192
81193
81196
81201
81203
81204
81206
81207
81209
81213
81214
81221
81223
81227
81228
81230
81232
81233
81234
81235
81242
81244
81245
81246
81248
81249
81250
81252
81257
81259
81260
81263
81264
81265
81267
81270
81271
81273
81274
81278
81280
81282
81284
81286
81288
81290
81295
81296
81297
81299
81300
81301
81302
81303
81305
81308
81309
81310
81313
81314
81316
81319
81325
81326
81330
81331
81332
81333
81334
81335
81337
81338
81339
81341
81342
81344
81349
81350
81351
81355
81356
81358
81359
81360
81365
81367
81368
81370
81371
81377
81378
81379
81380
81382
81383
81384
81386
81391
81392
81393
81396
81397
81399
81400
81402
81407
81408
81410
81411
81413
81414
81416
81420
81421
81423
81425
81428
81429
81430
81431
81436
81438
81440
81441
81442
81444
81448
81461
81465
81470
81472
81475
81476
81477
81479
81480
81483
81485
81486
81487
81488
81493
81496
81499
81501
81502
81506
81512
81513
81518
81521
81522
81523
81529
81530
81532
81533
81535
81537
81539
81544
81550
81554
81555
81559
81561
81563
81564
81567
81570
81572
81575
81576
81578
81583
81584
81588
81590
81591
81593
81595
81597
81604
81605
81608
81611
81612
81613
81615
81616
81619
81621
81622
81625
81626
81631
81632
81637
81640
81641
81643
81645
81650
81651
81655
81656
81657
81659
81662
81664
81670
81672
81676
81682
81683
81686
81691
81694
81698
81702
81707
81712
81717
81718
81723
81724
81725
81726
81728
81732
81735
81738
81739
81743
81744
81747
81748
81751
81753
81756
81765
81766
81767
81770
81771
81772
81775
81783
81787
81788
81789
81790
81795
81796
81799
81806
81809
81811
81815
81817
81821
81825
81827
81830
81833
81836
81837
81838
81840
81842
81844
81846
81850
81854
81855
81859
81861
81864
81865
81867
81868
81872
81873
81874
81875
81878
81880
81882
81883
81887
81890
81893
81895
81897
81902
81904
81905
81906
81907
81909
81912
81913
81917
81918
81922
81923
81925
81932
81933
81934
81937
81941
81944
81946
81949
81951
81953
81954
81960
81966
81967
81968
81969
81971
81978
81980
81981
81982
81987
81988
81991
81994
81996
81997
81998
81999
82000
82003
82004
82005
82006
82007
82012
82013
82015
82016
82017
82018
82024
82026
82027
82028
82033
82035
82036
82037
82043
82044
82045
82047
82048
82051
82052
82053
82054
82056
82058
82060
82061
82062
82064
82067
82069
82072
82073
82075
82076
82081
82082
82083
82089
82091
82092
82094
82096
82097
82099
82101
82104
82106
82107
82109
82110
82113
82115
82117
82118
82126
82129
82131
82132
82136
82137
82142
82143
82145
82146
82147
82148
82150
82151
82153
82158
82160
82161
82164
82165
82168
82170
82176
82178
82180
82183
82187
82190
82191
82193
82194
82198
82199
82201
82204
82210
82212
82215
82216
82217
82219
82222
82224
82226
82231
82232
82236
82238
82240
82243
82244
82248
82250
82251
82253
82254
82255
82258
82259
82260
82261
82262
82263
82265
82266
82267
82268
82270
82271
82273
82274
82277
82279
82283
82285
82286
82288
82289
82290
82293
82294
82296
82297
82298
82301
82302
82304
82305
82306
82307
82309
82314
82316
82317
82319
82323
82324
82325
82328
82329
82337
82339
82341
82344
82351
82353
82354
82355
82359
82360
82364
82370
82374
82375
82378
82381
82382
82387
82391
82393
82395
82399
82402
82404
82409
82410
82412
82413
82420
82425
82427
82432
82433
82435
82442
82443
82444
82445
82446
82449
82450
82455
82466
82469
82470
82472
82473
82474
82478
82481
82482
82488
82492
82494
82495
82498
82500
82501
82503
82504
82506
82507
82508
82509
82510
82511
82514
82515
82516
82517
82524
82525
82526
82529
82531
82533
82534
82536
82543
82544
82546
82551
82552
82554
82558
82559
82564
82566
82568
82569
82573
82578
82582
82583
82584
82587
82588
82589
82590
82593
82595
82596
82597
82601
82602
82603
82604
82606
82608
82609
82611
82612
82613
82614
82616
82619
82620
82621
82626
82627
82628
82629
82631
82634
82642
82643
82645
82648
82652
82653
82655
82656
82659
82663
82666
82672
82675
82676
82677
82679
82682
82684
82689
82690
82694
82697
82698
82699
82700
82702
82704
82705
82707
82708
82711
82713
82716
82718
82721
82723
82724
82725
82729
82731
82732
82734
82735
82738
82739
82744
82745
82750
82751
82755
82756
82757
82759
82762
82763
82764
82768
82769
82771
82776
82777
82784
82785
82787
82788
82792
82797
82798
82799
82805
82807
82808
82809
82812
82813
82817
82819
82821
82822
82823
82827
82829
82830
82833
82837
82838
82839
82843
82848
82850
82851
82854
82855
82857
82860
82861
82865
82866
82868
82869
82873
82874
82878
82881
82883
82884
82885
82889
82890
82891
82892
82893
82897
82898
82899
82900
82907
82908
82909
82910
82912
82913
82914
82916
82920
82923
82924
82927
82931
82932
82937
82939
82943
82944
82945
82947
82948
82949
82951
82952
82954
82961
82962
82965
82967
82968
82972
82974
82975
82976
82977
82978
82981
82987
82988
82990
82993
82995
82996
83000
83001
83008
83009
83011
83014
83015
83020
83021
83022
83024
83033
83034
83035
83037
83039
83047
83048
83050
83057
83059
83064
83066
83067
83069
83071
83073
83075
83076
83079
83080
83081
83082
83083
83084
83086
83090
83093
83094
83095
83097
83100
83101
83107
83109
83111
83112
83113
83117
83119
83123
83124
83125
83127
83128
83130
83132
83138
83139
83140
83141
83144
83145
83146
83148
83149
83150
83151
83152
83153
83156
83157
83158
83161
83164
83166
83170
83171
83177
83181
83182
83184
83185
83188
83192
83195
83196
83198
83199
83201
83202
83207
83208
83209
83210
83212
83213
83214
83216
83218
83222
83223
83224
83229
83231
83233
83234
83237
83238
83240
83243
83245
83247
83249
83250
83253
83255
83260
83262
83265
83266
83269
83270
83271
83272
83273
83280
83283
83284
83285
83287
83291
83292
83295
83296
83298
83303
83304
83306
83307
83309
83315
83317
83319
83323
83328
83330
83334
83336
83337
83338
83339
83340
83341
83342
83343
83345
83351
83353
83355
83356
83357
83358
83360
83362
83364
83365
83366
83369
83370
83371
83374
83376
83380
83385
83387
83389
83391
83394
83398
83399
83400
83404
83407
83415
83419
83420
83421
83422
83424
83426
83429
83430
83432
83434
83436
83437
83440
83441
83443
83446
83449
83451
83454
83456
83457
83458
83464
83465
83470
83475
83476
83479
83484
83485
83489
83491
83492
83493
83494
83495
83497
83499
83500
83505
83506
83508
83509
83510
83511
83512
83515
83518
83521
83529
83535
83536
83538
83540
83541
83544
83545
83546
83549
83550
83551
83556
83557
83558
83559
83561
83562
83564
83567
83568
83569
83575
83579
83580
83582
83583
83584
83585
83588
83592
83593
83597
83599
83600
83601
83602
83604
83605
83606
83608
83611
83616
83617
83621
83623
83626
83627
83628
83629
83632
83638
83639
83641
83643
83645
83646
83647
83648
83649
83651
83656
83658
83659
83660
83661
83665
83670
83671
83672
83674
83676
83677
83678
83679
83682
83686
83687
83693
83694
83696
83698
83699
83700
83702
83707
83708
83709
83712
83713
83714
83716
83718
83721
83722
83724
83727
83728
83730
83731
83735
83739
83742
83744
83745
83747
83749
83750
83752
83755
83756
83760
83761
83765
83767
83768
83769
83772
83773
83777
83780
83783
83788
83789
83797
83800
83801
83802
83803
83805
83806
83807
83811
83812
83813
83814
83817
83819
83820
83822
83823
83825
83827
83828
83831
83832
83834
83836
83837
83839
83840
83842
83844
83847
83848
83850
83851
83854
83855
83861
83862
83868
83869
83870
83871
83872
83873
83874
83876
83877
83878
83887
83888
83889
83893
83895
83898
83899
83901
83903
83905
83906
83908
83910
83911
83912
83915
83916
83917
83918
83924
83926
83934
83935
83936
83937
83943
83945
83946
83947
83950
83952
83954
83957
83960
83961
83965
83968
83976
83977
83978
83979
83983
83984
83985
83986
83988
83990
83996
83998
83999
84000
84001
84006
84009
84010
84011
84014
84018
84019
84020
84021
84023
84024
84026
84027
84028
84030
84031
84032
84035
84038
84039
84043
84044
84046
84047
84049
84050
84056
84059
84060
84063
84064
84066
84067
84069
84071
84073
84076
84079
84080
84087
84088
84091
84095
84100
84101
84102
84103
84108
84116
84118
84123
84126
84128
84129
84134
84135
84137
84138
84140
84141
84142
84145
84147
84152
84156
84157
84160
84163
84168
84169
84170
84171
84174
84175
84179
84180
84181
84182
84184
84185
84187
84191
84194
84195
84198
84200
84202
84205
84206
84207
84208
84211
84213
84215
84216
84218
84219
84228
84233
84235
84237
84240
84243
84244
84246
84254
84255
84259
84260
84262
84266
84268
84270
84271
84274
84280
84282
84285
84287
84288
84290
84291
84292
84293
84294
84297
84300
84307
84308
84311
84312
84313
84316
84317
84318
84321
84322
84325
84326
84328
84333
84334
84335
84336
84338
84339
84341
84342
84344
84346
84348
84350
84351
84352
84353
84354
84355
84356
84358
84360
84361
84363
84364
84365
84370
84372
84376
84378
84379
84381
84384
84387
84388
84391
84392
84393
84395
84397
84398
84401
84405
84406
84408
84409
84414
84415
84417
84418
84426
84432
84433
84436
84438
84442
84444
84446
84447
84448
84449
84450
84457
84459
84461
84466
84471
84477
84481
84483
84484
84486
84487
84488
84489
84491
84492
84493
84494
84498
84503
84504
84505
84507
84508
84510
84512
84518
84519
84520
84521
84522
84523
84524
84527
84528
84529
84532
84533
84534
84535
84537
84538
84540
84541
84544
84548
84549
84552
84554
84556
84558
84560
84561
84563
84564
84565
84567
84568
84569
84570
84572
84573
84581
84583
84584
84585
84586
84587
84591
84593
84595
84596
84598
84599
84603
84607
84608
84611
84614
84617
84619
84620
84625
84629
84631
84633
84635
84636
84637
84642
84645
84647
84648
84649
84652
84659
84664
84667
84668
84673
84674
84675
84676
84677
84679
84681
84682
84683
84685
84686
84688
84697
84698
84699
84700
84701
84702
84705
84713
84716
84718
84720
84722
84724
84726
84728
84731
84734
84735
84736
84737
84740
84743
84745
84746
84747
84748
84750
84753
84755
84759
84761
84766
84769
84770
84771
84773
84781
84783
84786
84791
84792
84793
84794
84796
84801
84802
84803
84804
84805
84807
84809
84810
84811
84812
84814
84815
84821
84822
84823
84825
84828
84829
84831
84835
84836
84840
84841
84842
84844
84847
84849
84851
84852
84853
84854
84855
84859
84862
84865
84866
84869
84870
84871
84872
84873
84875
84878
84879
84881
84884
84885
84887
84888
84889
84890
84891
84893
84894
84900
84903
84905
84906
84907
84909
84911
84917
84919
84922
84939
84941
84943
84944
84945
84946
84949
84950
84952
84953
84955
84956
84957
84961
84964
84966
84969
84971
84973
84974
84976
84979
84980
84981
84982
84983
84984
84985
84986
84987
84988
84991
84992
84995
84997
85000
85002
85003
85007
85008
85010
85011
85017
85018
85021
85027
85030
85031
85037
85038
85039
85041
85044
85046
85047
85054
85057
85058
85059
85060
85062
85063
85066
85070
85071
85072
85080
85087
85090
85091
85092
85093
85094
85095
85098
85099
85103
85104
85107
85108
85109
85110
85111
85113
85116
85117
85120
85123
85125
85126
85127
85129
85130
85131
85132
85136
85139
85140
85141
85142
85144
85146
85147
85148
85150
85151
85154
85159
85162
85164
85166
85169
85171
85172
85173
85174
85176
85177
85179
85180
85181
85182
85183
85184
85188
85193
85194
85199
85201
85203
85205
85207
85211
85214
85216
85217
85220
85222
85225
85226
85229
85231
85232
85235
85239
85241
85244
85246
85247
85249
85250
85251
85252
85255
85260
85264
85265
85266
85270
85273
85275
85276
85279
85283
85284
85288
85292
85293
85295
85298
85302
85305
85308
85310
85311
85312
85313
85314
85317
85318
85321
85325
85326
85327
85331
85340
85342
85345
85346
85348
85349
85351
85354
85357
85358
85362
85364
85365
85366
85369
85370
85374
85376
85378
85379
85390
85393
85394
85398
85399
85400
85401
85403
85405
85413
85414
85415
85420
85426
85427
85428
85432
85433
85434
85435
85436
85439
85443
85444
85449
85450
85454
85456
85457
85458
85459
85460
85464
85467
85469
85470
85471
85472
85475
85476
85478
85479
85480
85482
85484
85488
85490
85491
85492
85496
85499
85503
85504
85508
85514
85515
85516
85517
85519
85520
85521
85522
85524
85526
85527
85529
85531
85534
85535
85537
85538
85540
85541
85543
85545
85550
85551
85552
85556
85557
85558
85562
85563
85565
85567
85568
85569
85570
85571
85572
85573
85575
85576
85579
85584
85587
85589
85590
85595
85596
85598
85602
85606
85609
85611
85613
85616
85617
85619
85623
85624
85628
85630
85631
85634
85635
85636
85638
85639
85641
85642
85643
85644
85646
85650
85653
85654
85658
85659
85661
85663
85664
85665
85667
85675
85676
85677
85685
85688
85691
85692
85693
85697
85699
85704
85705
85707
85708
85710
85712
85713
85715
85716
85717
85718
85719
85728
85729
85730
85732
85733
85735
85739
85740
85741
85743
85745
85749
85751
85753
85754
85759
85763
85768
85772
85779
85781
85782
85786
85787
85788
85789
85791
85792
85794
85796
85798
85799
85800
85802
85804
85807
85808
85814
85821
85822
85823
85825
85826
85827
85829
85831
85833
85836
85837
85838
85840
85841
85842
85845
85848
85853
85855
85859
85864
85866
85867
85868
85869
85872
85873
85874
85876
85878
85879
85880
85881
85884
85885
85889
85892
85894
85895
85897
85898
85900
85901
85902
85904
85905
85908
85912
85917
85920
85922
85923
85926
85927
85928
85929
85939
85943
85945
85946
85949
85950
85954
85955
85956
85959
85960
85963
85964
85965
85967
85970
85973
85976
85978
85980
85983
85985
85986
85987
85988
85992
85993
85996
85998
85999
86001
86002
86010
86014
86017
86018
86020
86029
86030
86032
86033
86035
86036
86037
86039
86046
86047
86048
86049
86052
86054
86055
86058
86060
86062
86063
86064
86065
86066
86067
86068
86070
86077
86081
86082
86083
86087
86088
86090
86093
86094
86096
86098
86102
86103
86105
86106
86107
86108
86113
86115
86118
86124
86125
86127
86129
86131
86132
86133
86134
86135
86140
86144
86145
86148
86149
86151
86155
86156
86157
86159
86160
86161
86162
86163
86168
86170
86173
86174
86176
86180
86185
86190
86191
86192
86193
86195
86196
86198
86203
86204
86207
86209
86210
86213
86214
86215
86216
86221
86222
86223
86224
86228
86231
86234
86235
86237
86239
86240
86243
86244
86247
86249
86250
86252
86256
86258
86260
86261
86262
86263
86265
86266
86267
86271
86275
86278
86279
86284
86287
86290
86291
86297
86298
86301
86302
86315
86316
86318
86319
86320
86321
86323
86324
86327
86335
86336
86340
86341
86346
86353
86354
86357
86358
86359
86361
86362
86367
86368
86369
86370
86371
86372
86374
86376
86377
86379
86381
86385
86388
86391
86396
86399
86401
86403
86405
86406
86408
86409
86410
86412
86416
86417
86419
86420
86422
86423
86425
86430
86435
86443
86444
86449
86452
86456
86457
86464
86466
86467
86471
86473
86474
86475
86476
86480
86482
86483
86489
86491
86492
86494
86497
86498
86499
86504
86505
86506
86507
86514
86515
86520
86521
86523
86524
86527
86528
86531
86532
86533
86538
86539
86540
86546
86549
86553
86555
86558
86560
86561
86563
86570
86572
86573
86578
86582
86588
86589
86590
86591
86593
86594
86595
86604
86605
86609
86610
86611
86613
86616
86618
86619
86623
86624
86628
86629
86630
86631
86632
86633
86634
86636
86638
86644
86645
86646
86647
86651
86652
86657
86659
86660
86668
86672
86675
86676
86679
86683
86684
86687
86688
86689
86692
86694
86696
86699
86700
86702
86703
86704
86705
86707
86711
86712
86713
86715
86718
86721
86722
86725
86726
86727
86728
86732
86734
86735
86736
86738
86739
86743
86746
86747
86748
86757
86759
86762
86764
86767
86770
86771
86772
86773
86775
86776
86778
86779
86780
86782
86786
86788
86791
86792
86793
86794
86795
86797
86800
86801
86802
86805
86808
86809
86810
86812
86813
86820
86821
86822
86824
86826
86833
86838
86839
86841
86842
86843
86844
86852
86854
86855
86856
86857
86863
86868
86870
86871
86873
86875
86876
86878
86879
86880
86881
86884
86886
86887
86893
86897
86898
86899
86900
86903
86907
86913
86914
86918
86920
86922
86923
86924
86925
86926
86927
86928
86931
86932
86935
86936
86937
86938
86940
86943
86944
86946
86947
86948
86950
86951
86952
86953
86954
86956
86958
86959
86961
86965
86967
86972
86973
86977
86979
86981
86983
86985
86986
86989
86996
86999
87003
87006
87008
87012
87013
87014
87019
87020
87023
87024
87026
87028
87029
87030
87032
87035
87036
87040
87045
87051
87052
87053
87054
87055
87056
87057
87058
87059
87060
87063
87064
87067
87068
87069
87070
87071
87073
87080
87085
87086
87093
87095
87096
87097
87098
87108
87110
87112
87114
87117
87118
87120
87131
87133
87135
87137
87138
87141
87149
87151
87152
87156
87157
87158
87161
87162
87164
87165
87166
87170
87178
87179
87180
87181
87183
87189
87190
87194
87195
87196
87200
87202
87206
87212
87214
87218
87219
87220
87227
87232
87234
87235
87241
87246
87248
87250
87253
87254
87255
87257
87259
87260
87264
87270
87272
87274
87276
87277
87280
87281
87282
87283
87285
87286
87289
87290
87292
87294
87296
87298
87303
87304
87306
87309
87310
87312
87314
87317
87320
87321
87322
87324
87325
87326
87336
87337
87338
87340
87341
87342
87343
87347
87354
87356
87359
87361
87366
87368
87373
87376
87377
87378
87380
87381
87384
87386
87388
87391
87394
87395
87396
87398
87400
87401
87403
87405
87406
87408
87413
87416
87418
87420
87421
87422
87426
87434
87438
87442
87443
87449
87450
87451
87452
87453
87456
87457
87459
87462
87467
87470
87471
87473
87474
87476
87478
87484
87485
87486
87487
87488
87489
87493
87494
87495
87496
87498
87502
87511
87516
87522
87524
87526
87527
87528
87529
87530
87531
87534
87537
87539
87540
87541
87544
87551
87552
87553
87557
87559
87560
87562
87563
87567
87569
87571
87572
87576
87578
87590
87592
87593
87595
87598
87602
87603
87605
87612
87614
87617
87618
87620
87622
87626
87628
87629
87632
87634
87636
87637
87642
87643
87651
87654
87655
87656
87657
87661
87667
87670
87672
87674
87676
87679
87681
87684
87685
87686
87693
87695
87696
87701
87709
87711
87712
87714
87715
87720
87725
87727
87730
87735
87737
87738
87742
87743
87748
87749
87750
87754
87755
87760
87763
87766
87769
87770
87772
87779
87782
87783
87789
87793
87796
87799
87800
87801
87802
87805
87806
87809
87810
87812
87814
87818
87819
87821
87822
87823
87824
87831
87833
87835
87838
87840
87842
87843
87847
87848
87849
87851
87852
87853
87856
87862
87867
87870
87871
87872
87873
87874
87875
87881
87882
87885
87887
87888
87890
87891
87895
87896
87897
87907
87910
87912
87915
87916
87917
87920
87922
87924
87929
87931
87936
87937
87941
87942
87943
87948
87949
87956
87958
87965
87968
87973
87978
87979
87983
87984
87986
87987
87994
87998
88000
88001
88004
88007
88008
88010
88018
88019
88026
88028
88031
88034
88036
88047
88048
88049
88051
88052
88059
88066
88067
88070
88073
88076
88077
88084
88086
88093
88094
88099
88100
88102
88104
88105
88110
88112
88114
88117
88121
88126
88128
88129
88130
88137
88140
88143
88146
88153
88154
88156
88160
88161
88163
88165
88166
88167
88169
88173
88175
88186
88192
88196
88197
88205
88206
88210
88211
88212
88217
88219
88220
88222
88223
88225
88226
88229
88233
88234
88239
88243
88244
88249
88250
88251
88252
88254
88255
88257
88261
88262
88269
88270
88271
88273
88274
88279
88280
88281
88282
88284
88285
88288
88290
88292
88293
88295
88296
88297
88300
88301
88302
88303
88305
88308
88310
88311
88312
88315
88323
88326
88327
88333
88335
88336
88341
88342
88344
88345
88346
88347
88351
88353
88356
88358
88367
88371
88373
88376
88377
88378
88380
88381
88387
88388
88390
88392
88393
88394
88397
88398
88404
88405
88406
88407
88408
88409
88410
88414
88416
88417
88421
88422
88427
88429
88432
88433
88435
88437
88438
88439
88441
88443
88444
88445
88447
88448
88449
88450
88452
88453
88454
88455
88457
88460
88461
88462
88463
88464
88466
88468
88469
88472
88473
88476
88478
88479
88481
88483
88485
88486
88489
88491
88492
88493
88495
88497
88500
88501
88502
88505
88515
88516
88517
88519
88520
88523
88526
88527
88530
88532
88533
88534
88538
88541
88542
88544
88546
88548
88551
88554
88555
88558
88559
88562
88565
88566
88569
88573
88575
88577
88584
88585
88587
88591
88592
88594
88596
88599
88600
88601
88603
88604
88605
88611
88613
88616
88620
88624
88625
88626
88629
88631
88632
88633
88634
88636
88641
88645
88646
88648
88650
88651
88654
88656
88659
88662
88663
88664
88665
88666
88668
88674
88675
88678
88679
88680
88681
88683
88684
88686
88689
88690
88693
88694
88695
88698
88706
88708
88709
88711
88714
88716
88717
88719
88729
88731
88733
88734
88735
88742
88743
88744
88746
88749
88754
88759
88760
88763
88764
88767
88768
88771
88773
88778
88779
88780
88781
88782
88784
88785
88788
88789
88790
88791
88793
88796
88797
88800
88801
88802
88803
88805
88807
88812
88814
88817
88818
88820
88821
88822
88823
88828
88830
88831
88836
88839
88841
88843
88844
88845
88848
88849
88850
88851
88852
88854
88855
88856
88859
88860
88861
88862
88863
88864
88865
88868
88869
88871
88873
88878
88882
88884
88887
88888
88891
88892
88893
88895
88899
88901
88903
88905
88913
88923
88932
88933
88934
88935
88936
88941
88942
88944
88945
88946
88947
88948
88949
88951
88953
88954
88960
88962
88966
88967
88972
88974
88976
88977
88980
88981
88983
88984
88986
88988
88989
88992
88994
88997
89001
89005
89006
89007
89010
89013
89016
89018
89020
89024
89026
89028
89033
89036
89037
89043
89044
89045
89046
89050
89051
89052
89053
89054
89055
89058
89063
89069
89071
89075
89077
89079
89081
89082
89085
89086
89089
89090
89093
89094
89096
89098
89100
89101
89105
89106
89107
89110
89111
89112
89115
89117
89119
89120
89121
89124
89125
89127
89129
89131
89132
89133
89134
89137
89142
89143
89147
89150
89151
89153
89157
89158
89160
89162
89163
89164
89170
89172
89179
89181
89183
89187
89188
89190
89192
89195
89196
89200
89201
89202
89204
89207
89209
89211
89212
89213
89220
89222
89226
89227
89230
89236
89237
89240
89241
89242
89244
89245
89248
89249
89250
89251
89255
89258
89260
89267
89268
89269
89270
89274
89275
89276
89279
89282
89284
89290
89291
89292
89293
89294
89295
89298
89299
89300
89301
89303
89304
89308
89311
89314
89317
89319
89320
89321
89324
89328
89329
89331
89333
89334
89342
89343
89345
89346
89348
89349
89350
89354
89356
89360
89361
89363
89366
89369
89370
89372
89374
89375
89380
89384
89388
89389
89404
89406
89409
89410
89417
89418
89426
89428
89429
89430
89433
89434
89435
89437
89438
89439
89443
89444
89445
89446
89449
89450
89452
89456
89459
89460
89465
89468
89470
89474
89477
89478
89479
89480
89482
89483
89484
89485
89489
89492
89495
89498
89500
89501
89502
89503
89506
89509
89510
89513
89514
89517
89520
89521
89532
89537
89543
89544
89545
89549
89552
89559
89561
89562
89563
89570
89575
89576
89577
89579
89581
89593
89595
89596
89598
89599
89600
89601
89603
89607
89609
89614
89619
89621
89624
89630
89631
89632
89635
89637
89639
89642
89643
89644
89647
89651
89654
89655
89657
89661
89667
89668
89672
89674
89677
89679
89680
89683
89687
89689
89690
89691
89692
89698
89699
89700
89701
89702
89705
89706
89707
89709
89710
89711
89712
89713
89714
89716
89721
89723
89725
89727
89730
89731
89735
89737
89743
89744
89745
89750
89754
89755
89759
89763
89766
89772
89774
89776
89782
89784
89786
89787
89788
89790
89793
89794
89798
89799
89800
89809
89810
89813
89814
89816
89820
89822
89823
89824
89829
89831
89832
89833
89835
89836
89838
89841
89842
89848
89851
89852
89858
89859
89861
89862
89865
89871
89873
89875
89880
89883
89884
89886
89887
89891
89892
89894
89895
89896
89897
89900
89901
89903
89904
89910
89911
89913
89917
89918
89923
89930
89931
89934
89935
89940
89944
89947
89950
89956
89964
89975
89976
89977
89978
89983
89984
89990
89992
89993
89994
90000
90002
90004
90005
90007
90012
90013
90014
90015
90016
90017
90020
90026
90030
90033
90037
90047
90048
90055
90056
90060
90061
90063
90069
90070
90072
90077
90079
90084
90086
90087
90089
90090
90095
90098
90101
90110
90111
90114
90116
90117
90119
90120
90121
90126
90127
90129
90130
90133
90135
90136
90137
90140
90142
90146
90150
90151
90152
90154
90156
90162
90163
90165
90167
90171
90177
90178
90180
90183
90185
90186
90188
90190
90193
90197
90199
90203
90209
90211
90214
90215
90218
90219
90225
90226
90227
90231
90233
90234
90235
90236
90239
90241
90242
90244
90246
90248
90249
90250
90252
90255
90257
90258
90260
90263
90270
90273
90275
90277
90278
90282
90283
90285
90287
90290
90291
90292
90293
90294
90296
90300
90301
90302
90305
90307
90309
90310
90311
90312
90313
90315
90320
90322
90325
90327
90329
90332
90334
90342
90344
90345
90346
90349
90350
90354
90358
90360
90364
90368
90371
90372
90374
90375
90376
90377
90379
90382
90383
90384
90385
90387
90389
90390
90392
90395
90400
90402
90403
90404
90405
90406
90407
90410
90416
90418
90422
90423
90424
90426
90428
90430
90433
90434
90436
90439
90440
90446
90451
90452
90454
90456
90458
90459
90461
90463
90467
90468
90470
90472
90473
90474
90479
90480
90482
90483
90487
90488
90493
90495
90496
90499
90502
90504
90505
90509
90514
90515
90519
90520
90522
90529
90532
90533
90534
90536
90540
90544
90545
90549
90551
90552
90554
90556
90560
90563
90564
90568
90569
90571
90572
90574
90576
90577
90579
90580
90582
90586
90592
90595
90597
90599
90600
90602
90603
90605
90608
90609
90613
90615
90616
90618
90619
90622
90625
90626
90629
90630
90631
90636
90639
90642
90643
90646
90647
90648
90651
90656
90659
90661
90664
90668
90669
90670
90674
90675
90677
90679
90680
90685
90692
90694
90699
90701
90702
90703
90706
90707
90710
90712
90714
90716
90717
90718
90719
90722
90727
90729
90731
90733
90734
90736
90737
90738
90742
90743
90744
90745
90750
90758
90759
90763
90767
90769
90771
90773
90774
90776
90777
90779
90782
90785
90790
90791
90793
90796
90801
90805
90809
90810
90811
90812
90813
90814
90817
90818
90821
90824
90825
90829
90832
90836
90838
90841
90842
90844
90846
90853
90854
90856
90857
90859
90861
90866
90871
90874
90875
90881
90882
90884
90885
90886
90892
90895
90896
90903
90904
90905
90906
90908
90909
90912
90914
90917
90922
90926
90930
90934
90936
90937
90938
90939
90942
90944
90946
90949
90953
90955
90956
90958
90959
90960
90964
90971
90972
90973
90982
90983
90987
90989
90997
90998
91001
91005
91006
91007
91009
91019
91031
91032
91034
91036
91037
91039
91044
91048
91050
91051
91052
91056
91063
91064
91067
91068
91073
91077
91083
91087
91089
91092
91093
91094
91096
91097
91098
91100
91101
91103
91106
91108
91111
91112
91119
91120
91125
91132
91133
91135
91137
91142
91143
91144
91152
91154
91155
91156
91157
91159
91160
91161
91166
91169
91170
91173
91174
91175
91176
91179
91182
91184
91187
91188
91189
91191
91197
91198
91200
91204
91206
91207
91215
91216
91220
91223
91224
91225
91226
91229
91232
91233
91237
91240
91243
91248
91249
91253
91255
91256
91259
91262
91266
91271
91274
91275
91276
91279
91284
91289
91291
91292
91293
91294
91298
91299
91303
91305
91306
91307
91309
91310
91311
91313
91316
91317
91318
91320
91321
91324
91326
91330
91332
91334
91336
91338
91339
91340
91341
91349
91357
91359
91364
91366
91367
91368
91373
91377
91379
91380
91383
91386
91389
91392
91400
91401
91405
91408
91409
91410
91414
91415
91416
91418
91419
91420
91424
91425
91427
91428
91431
91432
91434
91435
91436
91437
91438
91439
91443
91444
91447
91449
91451
91453
91457
91459
91460
91463
91465
91466
91467
91468
91469
91472
91475
91479
91484
91485
91489
91491
91492
91494
91496
91497
91499
91502
91503
91511
91512
91514
91515
91517
91518
91520
91521
91522
91523
91525
91527
91530
91531
91534
91536
91539
91541
91542
91548
91551
91554
91555
91559
91560
91561
91564
91565
91568
91570
91572
91574
91575
91576
91578
91580
91583
91589
91595
91597
91601
91603
91604
91605
91610
91611
91613
91615
91616
91624
91626
91627
91630
91631
91633
91634
91635
91636
91638
91640
91641
91642
91644
91648
91651
91652
91657
91660
91662
91670
91673
91676
91679
91682
91687
91689
91690
91691
91696
91698
91700
91703
91711
91716
91717
91720
91723
91724
91726
91728
91729
91730
91733
91734
91738
91742
91749
91750
91753
91759
91760
91765
91767
91770
91772
91775
91778
91780
91781
91784
91787
91788
91792
91795
91796
91797
91803
91805
91806
91807
91808
91811
91818
91824
91825
91826
91827
91829
91834
91836
91837
91838
91839
91841
91843
91845
91846
91847
91848
91849
91851
91852
91853
91855
91857
91860
91861
91862
91863
91864
91865
91866
91867
91868
91876
91880
91881
91887
91889
91892
91893
91894
91896
91897
91900
91903
91904
91907
91910
91917
91919
91920
91921
91922
91930
91933
91934
91935
91936
91937
91939
91944
91945
91947
91950
91951
91952
91954
91956
91958
91963
91965
91966
91967
91974
91976
91978
91979
91982
91983
91988
91991
91994
91996
91997
92001
92002
92004
92007
92008
92011
92012
92014
92015
92016
92017
92018
92019
92020
92023
92024
92025
92027
92029
92033
92035
92036
92041
92042
92043
92044
92045
92049
92054
92059
92061
92062
92066
92068
92069
92071
92079
92080
92084
92085
92089
92090
92094
92096
92102
92103
92108
92117
92119
92120
92125
92128
92131
92132
92133
92135
92137
92142
92145
92148
92150
92152
92154
92159
92161
92162
92167
92169
92172
92176
92180
92187
92192
92195
92197
92199
92202
92203
92204
92205
92206
92207
92211
92213
92214
92216
92218
92225
92226
92228
92229
92230
92233
92234
92239
92244
92245
92251
92253
92254
92256
92258
92260
92261
92262
92266
92268
92270
92274
92277
92278
92280
92283
92284
92285
92287
92290
92292
92293
92298
92299
92303
92305
92307
92311
92313
92314
92315
92320
92321
92322
92323
92325
92328
92334
92340
92342
92345
92348
92349
92355
92356
92358
92362
92365
92369
92371
92372
92375
92377
92379
92383
92386
92387
92390
92391
92392
92393
92395
92396
92399
92400
92402
92403
92407
92409
92410
92411
92416
92417
92420
92421
92422
92423
92431
92434
92435
92436
92439
92445
92446
92447
92456
92459
92463
92465
92466
92467
92468
92469
92475
92477
92478
92480
92481
92482
92486
92494
92496
92500
92502
92507
92509
92510
92512
92517
92522
92525
92527
92535
92536
92538
92541
92544
92546
92547
92549
92551
92552
92554
92556
92557
92559
92564
92568
92571
92572
92576
92578
92580
92582
92585
92588
92590
92598
92601
92605
92607
92610
92612
92622
92624
92626
92627
92628
92630
92631
92632
92635
92636
92641
92644
92645
92647
92649
92653
92654
92663
92664
92666
92669
92674
92675
92676
92680
92683
92684
92685
92686
92687
92688
92690
92694
92695
92697
92701
92705
92709
92710
92713
92719
92724
92725
92726
92728
92729
92733
92735
92736
92739
92740
92741
92745
92746
92747
92748
92749
92751
92758
92760
92761
92764
92765
92768
92772
92773
92775
92776
92777
92781
92782
92785
92787
92791
92795
92798
92799
92802
92803
92804
92805
92808
92809
92814
92818
92820
92821
92822
92824
92825
92829
92832
92833
92834
92836
92840
92842
92843
92844
92846
92850
92853
92854
92855
92861
92863
92867
92868
92869
92872
92874
92876
92880
92881
92883
92886
92887
92888
92896
92899
92903
92905
92906
92910
92913
92915
92916
92918
92921
92923
92926
92927
92929
92930
92934
92935
92936
92944
92946
92947
92949
92951
92952
92954
92955
92958
92959
92960
92962
92967
92970
92971
92973
92974
92975
92981
92982
92986
92987
92988
92989
92990
92991
92992
92993
92994
93007
93008
93013
93014
93015
93016
93022
93027
93028
93034
93038
93040
93041
93046
93048
93049
93050
93051
93052
93055
93065
93068
93069
93073
93074
93075
93077
93080
93082
93096
93099
93106
93107
93108
93111
93114
93115
93116
93117
93118
93121
93122
93126
93127
93129
93131
93132
93133
93136
93137
93141
93142
93144
93145
93146
93149
93150
93154
93155
93159
93161
93166
93169
93171
93172
93173
93177
93178
93182
93183
93186
93188
93190
93194
93195
93196
93202
93203
93207
93209
93216
93217
93219
93220
93222
93223
93227
93228
93229
93237
93240
93243
93247
93248
93249
93250
93251
93252
93253
93254
93255
93258
93261
93263
93265
93268
93269
93273
93274
93275
93277
93280
93283
93287
93289
93290
93295
93297
93299
93300
93304
93305
93306
93307
93315
93317
93332
93335
93338
93342
93343
93348
93349
93352
93353
93354
93355
93357
93360
93363
93364
93366
93374
93375
93376
93382
93393
93396
93398
93399
93400
93401
93406
93407
93410
93413
93418
93420
93422
93424
93425
93428
93432
93433
93434
93436
93440
93448
93449
93450
93451
93456
93465
93467
93473
93478
93480
93484
93485
93486
93488
93493
93495
93499
93500
93501
93502
93503
93506
93509
93510
93511
93513
93518
93519
93526
93528
93530
93531
93532
93534
93536
93538
93541
93542
93544
93545
93546
93550
93558
93559
93564
93565
93570
93571
93574
93575
93577
93580
93581
93582
93584
93587
93588
93590
93591
93593
93598
93600
93604
93611
93613
93615
93616
93619
93622
93627
93630
93633
93635
93637
93639
93642
93643
93644
93646
93653
93654
93655
93659
93660
93662
93664
93667
93669
93674
93678
93682
93687
93692
93695
93696
93697
93698
93699
93702
93708
93709
93711
93719
93726
93727
93730
93732
93733
93741
93744
93745
93750
93751
93752
93753
93755
93759
93760
93761
93763
93766
93772
93775
93776
93784
93788
93789
93798
93800
93801
93802
93804
93806
93807
93810
93811
93812
93813
93815
93817
93818
93823
93824
93829
93833
93835
93844
93847
93851
93853
93855
93859
93861
93869
93873
93874
93878
93886
93889
93891
93895
93896
93899
93900
93901
93902
93904
93909
93911
93916
93919
93922
93926
93927
93929
93930
93932
93934
93937
93940
93945
93948
93952
93953
93954
93960
93964
93966
93968
93971
93974
93976
93980
93981
93982
93986
93987
93988
93991
93992
93995
94000
94002
94005
94006
94007
94009
94016
94018
94020
94026
94027
94030
94031
94032
94033
94034
94036
94037
94038
94039
94041
94042
94044
94045
94046
94049
94051
94052
94059
94060
94061
94062
94063
94071
94073
94075
94077
94079
94080
94082
94084
94085
94088
94092
94093
94094
94095
94102
94103
94104
94106
94113
94115
94119
94121
94123
94124
94125
94127
94132
94133
94137
94138
94140
94142
94144
94146
94152
94157
94159
94162
94164
94168
94170
94171
94172
94174
94175
94176
94178
94179
94180
94181
94182
94184
94187
94193
94196
94199
94200
94201
94202
94203
94207
94208
94209
94210
94213
94218
94222
94225
94230
94231
94234
94236
94238
94242
94243
94244
94246
94247
94252
94256
94258
94261
94269
94270
94271
94280
94281
94282
94285
94286
94287
94289
94291
94292
94294
94295
94296
94297
94298
94299
94302
94306
94308
94310
94313
94315
94317
94320
94323
94327
94331
94332
94338
94339
94340
94343
94351
94354
94358
94360
94361
94362
94363
94365
94370
94371
94372
94374
94376
94377
94379
94381
94386
94387
94389
94391
94392
94394
94397
94398
94399
94401
94403
94408
94409
94410
94413
94416
94418
94419
94421
94423
94427
94428
94433
94434
94437
94442
94443
94447
94450
94452
94454
94455
94458
94462
94463
94465
94471
94472
94475
94476
94483
94484
94487
94492
94493
94494
94496
94498
94499
94501
94503
94504
94507
94508
94511
94512
94513
94514
94519
94521
94525
94526
94528
94533
94534
94536
94537
94546
94547
94549
94555
94561
94562
94563
94564
94565
94567
94570
94571
94573
94576
94579
94585
94587
94589
94597
94601
94603
94605
94606
94607
94612
94616
94617
94623
94626
94632
94635
94636
94638
94639
94640
94641
94642
94643
94646
94647
94650
94653
94655
94658
94659
94664
94667
94673
94675
94677
94679
94682
94689
94690
94691
94692
94693
94694
94695
94697
94699
94703
94704
94705
94706
94708
94714
94715
94716
94718
94723
94724
94729
94733
94736
94737
94741
94745
94746
94750
94751
94755
94756
94758
94766
94770
94772
94773
94774
94776
94780
94783
94784
94786
94787
94791
94793
94802
94803
94805
94809
94815
94818
94821
94827
94828
94834
94835
94836
94842
94846
94847
94848
94850
94853
94854
94855
94856
94858
94860
94862
94864
94865
94866
94867
94869
94870
94872
94874
94875
94876
94880
94881
94882
94887
94888
94892
94894
94895
94898
94902
94905
94906
94907
94912
94913
94914
94916
94922
94923
94924
94926
94928
94931
94932
94934
94935
94937
94941
94944
94946
94951
94954
94955
94958
94962
94964
94965
94968
94969
94971
94972
94973
94975
94978
94980
94981
94983
94988
94990
94992
94993
94995
94996
94997
95004
95006
95011
95015
95016
95017
95023
95025
95027
95028
95029
95037
95041
95042
95043
95044
95045
95049
95050
95052
95055
95057
95062
95063
95064
95066
95067
95069
95072
95075
95083
95086
95087
95089
95090
95091
95094
95095
95097
95102
95104
95105
95109
95115
95117
95119
95125
95127
95131
95133
95134
95136
95137
95142
95146
95151
95152
95160
95161
95164
95166
95170
95178
95180
95181
95182
95183
95185
95191
95193
95194
95199
95200
95202
95203
95206
95208
95211
95216
95218
95220
95223
95224
95225
95226
95227
95229
95231
95233
95238
95239
95240
95241
95245
95247
95248
95249
95251
95252
95253
95254
95260
95262
95263
95264
95266
95267
95269
95270
95272
95275
95285
95290
95293
95295
95296
95297
95299
95307
95313
95314
95316
95317
95318
95322
95324
95326
95329
95333
95334
95338
95341
95349
95350
95352
95353
95354
95359
95362
95365
95366
95370
95371
95374
95376
95377
95380
95385
95388
95393
95395
95397
95401
95404
95405
95407
95412
95413
95414
95416
95417
95418
95420
95421
95423
95426
95430
95433
95439
95440
95442
95443
95444
95447
95451
95455
95456
95462
95464
95466
95467
95471
95475
95484
95485
95491
95493
95495
95497
95498
95500
95508
95509
95510
95513
95515
95516
95518
95523
95524
95528
95532
95534
95535
95536
95537
95539
95542
95546
95547
95548
95549
95552
95553
95554
95555
95556
95557
95559
95569
95573
95574
95578
95579
95581
95582
95583
95585
95588
95589
95596
95599
95603
95607
95610
95611
95613
95614
95615
95620
95621
95625
95627
95629
95631
95634
95636
95638
95639
95640
95641
95645
95648
95649
95651
95664
95671
95673
95674
95676
95679
95682
95683
95684
95685
95686
95692
95694
95695
95696
95698
95701
95702
95704
95705
95708
95709
95711
95716
95720
95722
95723
95744
95752
95762
95765
95779
95787
95789
95793
95802
95810
95815
95822
95824
95825
95826
95835
95836
95841
95842
95844
95846
95847
95850
95852
95855
95856
95858
95860
95870
95871
95872
95873
95874
95879
95880
95882
95883
95892
95896
95901
95902
95905
95909
95912
95913
95916
95917
95921
95924
95926
95927
95929
95933
95936
95938
95942
95944
95945
95949
95954
95958
95971
95972
95974
95975
95981
95983
95984
95986
95988
95990
95996
96007
96009
96012
96017
96023
96025
96029
96043
96048
96052
96053
96059
96061
96063
96067
96070
96071
96074
96075
96076
96077
96081
96085
96087
96092
96098
96102
96105
96106
96110
96112
96114
96116
96123
96135
96138
96143
96144
96151
96157
96158
96160
96168
96183
96191
96192
96196
96197
96203
96209
96212
96219
96223
96226
96235
96250
96254
96268
96271
96274
96275
96277
96278
96281
96285
96287
96288
96292
96301
96305
96308
96311
96319
96321
96328
96331
96336
96346
96350
96355
96356
96357
96361
96378
96381
96384
96387
96389
96391
96393
96405
96406
96408
96410
96412
96416
96418
96419
96421
96433
96434
96443
96452
96453
96454
96467
96471
96480
96482
96484
96491
96498
96512
96525
96527
96533
96545
96548
96549
96554
96556
96566
96572
96574
96578
96592
96594
96609
96614
96617
96630
96638
96642
96643
96647
96652
96655
96674
96677
96678
96683
96688
96690
96694
96702
96704
96707
96715
96717
96726
96728
96742
96743
96748
96751
96752
96753
96764
96779
96782
96784
96792
96797
96816
96822
96831
96838
96862
96865
96884
96896
96911
96921
96937
96939
96948
96968
96970
96971
96972
96973
96978
96980
96992
97003
97007
97008
97017
97029
97050
97051
97052
97054
97055
97059
97060
97069
97082
97088
97104
97131
97133
97136
97161
97165
97182
97199
97201
97205
97209
97211
97220
97222
97245
97249
97250
97254
97257
97262
97268
97281
97296
97306
97313
97337
97341
97342
97352
97358
97363
97394
97395
97399
97410
97458
97468
97475
97509
97511
97514
97522
97524
97541
97575
97578
97592
97596
97607
97612
97649
97663
97682
97684
97729
97740
97743
97753
97755
97769
97778
97779
97829
97831
97838
97840
97845
97859
97882
97916
97940
97943
97945
97952
97954
97958
97959
97981
98051
98052
98059
98068
98072
98079
98083
98087
98091
98105
98191
98199
98215
98227
98333
98335
98347
98349
98351
98354
98358
98363
98375
98385
98494
98495
98506
98514
98521
98522
98524
98528
98531
98532
98536
98563
98567
98574
98599
98717
98738
98748
98764
98766
98779
98801
98808
98823
98979
98984
98987
98989
98994
99025
99029
99045
99047
99059
99067
99072
99085
99274
99280
99285
99286
99293
99313
99315
99327
99363
99373
99395
99422
99605
99704
99705
99708
99718
99731
99737
99739
99761
99771
99773
99793
99796
99809
99810
99814
99816
99840
99867
99893
99935
99992
100215
100216
100227
100260
100276
100283
100293
100306
100327
100383
100414
100676
101123
101125
101127
101143
101148
101149
101155
101158
101164
101169
101175
101180
101194
101198
101208
101222
101228
101236
101281
101292
101306
101351
101419
101444
101590
101677
101965
101983
102131
102435
102895
102896
102905
102911
102916
102922
102928
102929
102942
102954
102955
102959
102963
102967
103000
103025
103217
103261
103272
103277
103418
103573
104139
104607
105759
105861
107671
107678
107681
107682
107689
107697
107710
107730
107752
107794
107802
107814
107851
107877
107918
107960
108008
108049
108082
108200
108215
108241
108270
108319
108384
108942
109524
110185
110449
111032
115197
116802
117807
121612
126153
127865
128627
135065
138420
148275
148276
148277
148280
148281
148292
148293
148300
148305
148307
148308
148311
148318
148319
148322
148333
148336
148341
148355
148359
148380
148386
148398
148399
148412
148419
148424
148432
148440
148444
148455
148461
148466
148469
148477
148481
148490
148492
148498
148503
148504
148505
148511
148513
148518
148519
148520
148526
148527
148530
148532
148548
148555
148556
148562
148566
148568
148569
148583
148585
148590
148610
148612
148629
148631
148638
148644
148651
148654
148666
148673
148681
148684
148691
148699
148703
148704
148733
148735
148737
148738
148739
148743
148748
148750
148760
148767
148769
148771
148772
148774
148782
148791
148794
148795
148799
148809
148817
148823
148831
148833
148846
148856
148860
148861
148865
148870
148880
148882
148883
148886
148896
148912
148916
148921
148927
148929
148933
148934
148935
148940
148953
148954
148959
148963
148965
148971
148978
148979
148982
148993
149010
149015
149019
149029
149031
149043
149047
149048
149049
149050
149054
149058
149080
149087
149106
149112
149113
149120
149132
149145
149154
149175
149176
149177
149179
149185
149186
149201
149208
149209
149225
149236
149247
149253
149254
149257
149259
149261
149273
149275
149276
149292
149302
149303
149307
149308
149314
149320
149329
149355
149365
149367
149368
149370
149380
149381
149382
149390
149409
149419
149426
149428
149437
149439
149443
149451
149469
149475
149479
149489
149491
149492
149501
149509
149513
149515
149518
149530
149537
149548
149557
149559
149565
149585
149588
149590
149602
149608
149612
149619
149643
149644
149667
149670
149673
149686
149691
149700
149706
149712
149747
149753
149756
149767
149770
149773
149775
149778
149791
149800
149822
149834
149837
149840
149848
149851
149863
149864
149871
149876
149877
149882
149890
149896
149911
149912
149918
149984
149989
149999
150010
150031
150041
150071
150087
150098
150106
150107
150109
150110
150120
150129
150134
150153
150180
150198
150216
150220
150227
150232
150235
150240
150243
150252
150259
150261
150264
150267
150272
150283
150291
150301
150313
150324
150326
150333
150342
150343
150345
150350
150356
150375
150442
150446
150457
150501
150503
150511
150512
150517
150524
150541
150547
150558
150565
150571
150581
150590
150608
150614
150619
150621
150637
150650
150659
150666
150671
150673
150682
150702
150703
150733
150734
150783
150784
150792
150800
150840
150869
150872
150876
150898
150913
150922
150949
150958
150975
150985
150986
150988
150998
150999
151018
151044
151057
151079
151096
151102
151106
151111
151112
151137
151140
151170
151173
151188
151194
151224
151226
151234
151245
151265
151272
151285
151287
151313
151334
151339
151346
151351
151355
151359
151367
151380
151415
151430
151483
151499
151503
151522
151545
151552
151570
151573
151580
151598
151600
151612
151620
151658
151659
151660
151677
151680
151682
151683
151696
151708
151710
151714
151716
151717
151726
151733
151753
151783
151787
151791
151806
151817
151829
151846
151854
151857
151859
151888
151903
151921
151933
152015
152062
152072
152104
152107
152108
152122
152125
152141
152157
152159
152178
152182
152183
152202
152219
152220
152255
152257
152265
152276
152282
152298
152299
152318
152324
152350
152362
152368
152372
152386
152390
152412
152415
152422
152433
152446
152460
152464
152468
152481
152501
152502
152510
152531
152563
152570
152583
152586
152587
152591
152607
152620
152636
152642
152646
152655
152665
152688
152696
152738
152748
152781
152785
152787
152807
152811
152814
152819
152826
152838
152864
152897
152900
152904
152927
152941
152942
152954
153004
153022
153045
153054
153059
153061
153065
153074
153080
153084
153094
153098
153107
153128
153135
153146
153150
153152
153159
153180
153181
153182
153196
153206
153217
153219
153228
153241
153250
153254
153255
153258
153259
153267
153310
153328
153350
153353
153373
153374
153376
153390
153393
153400
153403
153404
153429
153460
153464
153468
153471
153495
153504
153514
153521
153533
153534
153563
153593
153598
153607
153611
153628
153629
153645
153646
153662
153667
153677
153686
153693
153705
153706
153718
153722
153743
153761
153781
153783
153786
153803
153819
153825
153833
153836
153838
153860
153863
153872
153887
153917
153926
153934
153950
153960
154036
154059
154060
154063
154074
154085
154099
154100
154104
154123
154131
154152
154158
154170
154176
154179
154191
154200
154209
154228
154229
154231
154233
154236
154237
154249
154257
154259
154263
154315
154338
154352
154373
154384
154391
154407
154420
154456
154460
154470
154474
154495
154516
154528
154532
154533
154534
154536
154540
154546
154548
154571
154572
154573
154591
154593
154595
154596
154599
154627
154642
154644
154654
154667
154675
154697
154700
154705
154706
154714
154734
154738
154755
154782
154789
154800
154812
154858
154874
154886
154887
154890
154892
154895
154905
154913
154917
154938
154940
154944
154948
154961
154980
154992
154999
155013
155023
155039
155042
155058
155059
155072
155105
155107
155117
155119
155124
155126
155129
155140
155145
155149
155167
155170
155196
155211
155221
155232
155248
155251
155261
155277
155280
155287
155300
155322
155334
155355
155360
155361
155377
155389
155399
155404
155410
155413
155415
155418
155422
155425
155434
155436
155438
155486
155487
155510
155512
155513
155514
155519
155535
155543
155549
155560
155588
155596
155604
155613
155622
155626
155628
155648
155652
155655
155659
155672
155695
155697
155700
155702
155719
155723
155727
155738
155741
155745
155755
155769
155793
155794
155802
155808
155825
155833
155837
155845
155846
155849
155851
155875
155880
155881
155884
155893
155906
155909
155919
155943
155946
155953
155954
155963
155972
155979
155984
155999
156004
156013
156022
156023
156028
156041
156062
156063
156068
156078
156086
156095
156096
156098
156102
156133
156144
156158
156177
156179
156181
156184
156216
156223
156229
156236
156245
156254
156257
156265
156267
156272
156286
156288
156301
156319
156333
156334
156338
156342
156344
156347
156357
156377
156391
156404
156408
156433
156453
156457
156470
156473
156490
156505
156507
156528
156532
156546
156549
156556
156571
156588
156639
156663
156666
156669
156670
156682
156698
156717
156719
156780
156783
156804
156812
156829
156831
156836
156840
156857
156864
156868
156876
156878
156879
156881
156885
156898
156901
156922
156926
156930
156931
156933
156961
156970
156983
156994
156998
157003
157016
157040
157044
157047
157057
157061
157067
157079
157085
157115
157121
157141
157149
157152
157153
157161
157167
157168
157201
157216
157258
157268
157290
157299
157312
157321
157326
157332
157342
157348
157353
157362
157364
157365
157385
157389
157401
157405
157415
157430
157449
157457
157470
157478
157481
157486
157489
157498
157499
157502
157504
157517
157526
157537
157548
157552
157564
157581
157617
157626
157633
157648
157649
157666
157671
157673
157679
157681
157702
157707
157715
157732
157744
157761
157807
157810
157826
157832
157846
157859
157867
157873
157898
157916
157927
157931
157946
157966
157972
157973
157980
157981
157988
157993
157997
158000
158004
158006
158020
158032
158034
158054
158057
158069
158078
158129
158130
158134
158139
158145
158148
158154
158171
158182
158190
158198
158213
158246
158270
158275
158279
158321
158323
158346
158383
158406
158408
158417
158434
158436
158459
158492
158496
158514
158524
158525
158526
158534
158545
158555
158564
158578
158579
158582
158584
158593
158617
158628
158630
158684
158687
158705
158723
158742
158743
158749
158752
158785
158808
158815
158827
158838
158842
158844
158849
158855
158856
158860
158867
158880
158886
158893
158904
158906
158907
158916
158926
158931
158936
158956
158998
159001
159033
159050
159053
159072
159089
159097
159102
159105
159115
159122
159127
159130
159132
159134
159144
159146
159155
159156
159174
159183
159213
159220
159221
159235
159254
159262
159264
159266
159284
159286
159292
159303
159305
159314
159320
159337
159341
159342
159365
159378
159380
159386
159391
159401
159404
159405
159406
159410
159415
159429
159440
159447
159453
159455
159467
159472
159491
159505
159518
159525
159534
159537
159543
159546
159547
159553
159555
159567
159573
159574
159575
159578
159582
159584
159599
159602
159603
159609
159625
159632
159639
159656
159682
159690
159691
159692
159698
159702
159726
159731
159751
159754
159764
159779
159805
159816
159825
159829
159838
159840
159856
159860
159867
159870
159878
159879
159880
159896
159900
159909
159910
159911
159913
159917
159920
159927
159929
159931
159948
159957
159963
159985
160014
160025
160027
160040
160053
160054
160058
160059
160082
160091
160102
160103
160104
160119
160133
160136
160145
160166
160174
160176
160182
160188
160205
160218
160227
160235
160237
160255
160256
160257
160263
160268
160281
160305
160311
160318
160329
160335
160347
160351
160356
160370
160384
160385
160390
160393
160398
160408
160417
160420
160422
160434
160443
160448
160450
160454
160459
160462
160463
160474
160480
160481
160490
160492
160537
160545
160562
160572
160573
160575
160577
160580
160583
160587
160594
160597
160605
160608
160617
160645
160646
160657
160666
160668
160678
160679
160680
160681
160686
160690
160696
160719
160723
160741
160742
160775
160781
160784
160790
160797
160801
160810
160823
160828
160830
160835
160836
160845
160857
160858
160861
160862
160864
160866
160867
160886
160891
160907
160927
160950
160954
160981
160986
160990
160994
161012
161015
161022
161054
161057
161058
161063
161075
161076
161089
161090
161102
161117
161118
161129
161133
161153
161166
161171
161186
161190
161200
161201
161210
161213
161221
161224
161228
161234
161253
161263
161265
161272
161274
161281
161282
161284
161287
161293
161304
161305
161312
161314
161320
161321
161340
161344
161349
161361
161369
161371
161377
161382
161384
161398
161421
161427
161431
161440
161476
161480
161490
161508
161512
161516
161519
161530
161544
161549
161557
161572
161576
161590
161592
161593
161595
161611
161619
161629
161632
161657
161670
161672
161687
161690
161703
161704
161705
161707
161709
161737
161741
161746
161756
161758
161760
161774
161779
161795
161804
161805
161816
161821
161824
161840
161844
161847
161848
161850
161851
161854
161875
161877
161880
161881
161909
161910
161929
161931
161934
161943
161955
161956
161964
161968
161974
161981
161982
161999
162000
162014
162016
162021
162030
162043
162057
162069
162081
162084
162096
162098
162105
162114
162118
162136
162148
162155
162163
162174
162175
162182
162183
162188
162193
162197
162199
162209
162217
162237
162239
162248
162264
162272
162273
162276
162279
162282
162285
162293
162309
162345
162357
162359
162365
162368
162376
162380
162381
162391
162405
162423
162428
162436
162446
162447
162448
162451
162455
162462
162482
162484
162488
162531
162537
162554
162562
162572
162581
162585
162600
162609
162611
162617
162619
162624
162626
162641
162648
162650
162665
162666
162679
162711
162712
162714
162715
162721
162728
162735
162750
162759
162762
162780
162785
162792
162804
162808
162814
162824
162847
162855
162856
162863
162865
162871
162878
162881
162889
162906
162908
162910
162912
162932
162934
162967
162976
162984
162987
162993
162995
162997
163025
163029
163037
163039
163041
163043
163050
163053
163061
163071
163106
163119
163128
163130
163142
163154
163166
163192
163197
163200
163206
163207
163212
163218
163247
163258
163264
163282
163296
163307
163312
163324
163325
163329
163331
163340
163341
163364
163368
163372
163373
163380
163398
163401
163407
163409
163421
163430
163446
163448
163460
163468
163478
163487
163495
163501
163512
163514
163528
163555
163575
163580
163581
163598
163626
163631
163659
163694
163696
163706
163707
163724
163726
163728
163729
163752
163753
163754
163758
163772
163780
163790
163794
163803
163834
163836
163837
163845
163849
163858
163861
163864
163874
163884
163893
163904
163910
163915
163926
163935
163936
163956
163967
163981
163985
163989
163993
164005
164008
164010
164014
164020
164022
164025
164033
164042
164046
164055
164081
164087
164092
164095
164106
164114
164119
164120
164126
164132
164135
164137
164153
164165
164172
164180
164181
164191
164226
164235
164236
164238
164241
164260
164263
164283
164289
164293
164295
164296
164300
164306
164311
164325
164338
164346
164356
164362
164363
164365
164367
164369
164377
164379
164385
164390
164397
164426
164433
164435
164447
164449
164463
164465
164470
164475
164480
164482
164488
164489
164495
164523
164526
164553
164559
164573
164575
164577
164583
164589
164594
164601
164643
164680
164711
164725
164728
164734
164738
164753
164777
164781
164785
164788
164807
164817
164827
164829
164834
164837
164840
164841
164847
164869
164877
164890
164891
164899
164901
164903
164910
164915
164927
164934
164936
164950
164951
164962
164964
164966
164968
164972
164973
164975
164985
164989
164993
165005
165010
165024
165025
165037
165078
165089
165091
165092
165093
165098
165119
165120
165126
165138
165139
165153
165208
165224
165230
165233
165235
165242
165243
165245
165271
165273
165277
165286
165298
165303
165313
165322
165326
165338
165340
165350
165357
165364
165372
165384
165393
165399
165403
165408
165411
165416
165420
165429
165434
165438
165439
165446
165472
165473
165495
165499
165500
165503
165528
165547
165552
165553
165554
165628
165629
165632
165643
165644
165646
165659
165680
165691
165706
165708
165730
165731
165747
165765
165771
165776
165782
165798
165799
165800
165808
165812
165816
165823
165843
165847
165853
165879
165891
165894
165898
165899
165923
165928
165949
165959
166007
166009
166019
166020
166028
166042
166057
166074
166087
166102
166109
166112
166137
166140
166152
166180
166189
166197
166208
166212
166234
166244
166253
166272
166280
166301
166305
166321
166326
166336
166348
166351
166354
166359
166365
166367
166397
166406
166420
166441
166451
166452
166454
166456
166489
166492
166500
166519
166522
166525
166527
166546
166565
166575
166577
166579
166581
166597
166602
166603
166608
166619
166621
166623
166648
166666
166683
166692
166707
166722
166724
166732
166735
166741
166743
166762
166775
166776
166791
166802
166819
166842
166863
166870
166875
166876
166883
166885
166892
166901
166927
166933
166937
166941
166945
166960
166978
166997
167005
167018
167020
167021
167024
167027
167040
167063
167073
167075
167076
167108
167111
167115
167116
167122
167131
167136
167137
167138
167157
167164
167167
167173
167217
167223
167233
167239
167242
167248
167250
167274
167287
167294
167319
167326
167352
167368
167375
167376
167381
167389
167393
167395
167401
167409
167412
167421
167423
167424
167425
167428
167449
167479
167520
167523
167532
167534
167551
167558
167588
167600
167607
167608
167614
167633
167647
167661
167673
167684
167690
167737
167738
167739
167750
167760
167782
167785
167818
167823
167849
167862
167863
167868
167878
167883
167914
167917
167926
167967
167968
167982
168001
168014
168016
168024
168092
168097
168101
168103
168120
168127
168130
168138
168144
168157
168160
168165
168186
168227
168241
168245
168259
168262
168266
168285
168287
168292
168293
168300
168315
168324
168338
168347
168370
168372
168393
168402
168412
168445
168466
168497
168531
168533
168552
168566
168575
168621
168660
168675
168683
168684
168691
168695
168696
168709
168717
168726
168732
168746
168780
168782
168815
168825
168830
168881
168889
168892
168896
168904
168953
168956
168964
168971
168975
168977
168979
168991
169001
169023
169042
169053
169054
169078
169091
169096
169100
169130
169133
169181
169182
169189
169206
169210
169234
169259
169318
169319
169344
169350
169359
169398
169404
169421
169428
169438
169450
169469
169489
169496
169508
169525
169535
169537
169581
169600
169602
169615
169622
169639
169682
169684
169695
169752
169822
169823
169856
169882
169898
169917
169928
169932
169939
169941
169943
169961
169968
169978
169980
169988
170014
170034
170057
170064
170073
170074
170086
170103
170112
170115
170127
170135
170144
170147
170151
170161
170162
170164
170166
170169
170196
170204
170231
170247
170248
170253
170264
170280
170312
170313
170330
170335
170349
170363
170375
170399
170410
170414
170418
170435
170437
170449
170453
170458
170465
170467
170492
170496
170497
170500
170515
170528
170533
170546
170561
170566
170572
170596
170598
170630
170646
170653
170660
170661
170667
170676
170687
170693
170721
170722
170728
170785
170795
170800
170803
170809
170812
170824
170834
170848
170856
170859
170872
170876
170887
170888
170890
170893
170905
170929
170971
170977
170985
170997
171001
171014
171017
171021
171033
171041
171045
171067
171069
171073
171089
171099
171100
171137
171148
171161
171169
171174
171184
171193
171203
171233
171237
171253
171270
171274
171276
171277
171278
171291
171299
171300
171309
171313
171316
171318
171326
171329
171356
171372
171381
171386
171392
171397
171413
171432
171449
171454
171460
171464
171479
171489
171493
171502
171520
171524
171530
171541
171544
171546
171571
171573
171579
171588
171598
171601
171604
171613
171622
171628
171631
171635
171656
171658
171665
171670
171674
171680
171690
171694
171716
171728
171730
171743
171746
171747
171753
171769
171771
171773
171784
171787
171806
171812
171819
171824
171827
171836
171837
171841
171843
171848
171855
171868
171875
171892
171903
171905
171907
171908
171925
171931
171945
171968
171970
171976
171997
172020
172021
172023
172031
172039
172044
172064
172065
172066
172080
172088
172089
172103
172113
172114
172136
172141
172144
172178
172179
172185
172188
172207
172209
172214
172219
172226
172231
172240
172249
172251
172253
172255
172258
172262
172267
172282
172285
172286
172300
172305
172306
172308
172312
172339
172341
172361
172376
172378
172379
172381
172388
172391
172437
172439
172442
172445
172463
172468
172499
172501
172503
172517
172524
172527
172553
172554
172561
172567
172568
172575
172581
172583
172584
172605
172619
172621
172630
172646
172649
172650
172657
172659
172677
172682
172686
172706
172707
172708
172731
172735
172738
172755
172767
172778
172789
172800
172803
172814
172823
172830
172846
172857
172871
172876
172878
172892
172898
172903
172909
172920
172924
172936
172941
172950
172960
172981
172982
172983
172987
172988
172996
173016
173020
173038
173046
173054
173058
173068
173069
173089
173113
173114
173122
173124
173127
173131
173169
173171
173175
173182
173191
173196
173206
173209
173229
173273
173279
173300
173312
173326
173327
173348
173357
173362
173363
173392
173395
173397
173398
173431
173445
173446
173448
173456
173462
173499
173503
173505
173519
173534
173543
173544
173545
173574
173580
173584
173585
173589
173597
173608
173618
173630
173655
173656
173676
173681
173688
173695
173700
173706
173712
173735
173740
173741
173759
173775
173776
173783
173791
173792
173804
173824
173830
173832
173840
173884
173894
173902
173918
173923
173924
173935
173938
173939
173941
173946
173958
173963
173968
173977
173985
173994
174010
174018
174029
174050
174061
174067
174073
174091
174092
174094
174100
174109
174120
174154
174168
174172
174176
174177
174179
174195
174198
174213
174219
174232
174239
174242
174244
174262
174267
174282
174285
174309
174311
174332
174338
174344
174347
174365
174367
174395
174415
174416
174426
174430
174435
174442
174448
174450
174454
174467
174471
174481
174489
174503
174510
174521
174529
174539
174554
174564
174566
174571
174581
174582
174589
174596
174637
174639
174640
174648
174650
174663
174677
174679
174695
174697
174705
174711
174726
174746
174753
174763
174773
174776
174785
174786
174787
174789
174795
174818
174820
174827
174839
174852
174855
174862
174871
174873
174889
174893
174902
174904
174908
174910
174937
174938
174950
174951
174952
174966
174979
174989
174990
174999
175004
175005
175018
175030
175032
175035
175050
175056
175065
175067
175080
175081
175084
175085
175104
175107
175110
175119
175126
175130
175134
175137
175139
175146
175150
175152
175161
175177
175185
175191
175206
175248
175251
175257
175263
175268
175273
175292
175294
175298
175302
175307
175318
175321
175333
175336
175345
175347
175392
175393
175432
175435
175446
175447
175452
175454
175473
175476
175481
175488
175493
175499
175509
175510
175513
175517
175525
175532
175533
175548
175559
175565
175570
175576
175578
175589
175592
175595
175613
175622
175626
175636
175656
175663
175668
175671
175672
175675
175678
175688
175694
175704
175705
175722
175726
175749
175762
175764
175779
175783
175792
175794
175798
175806
175810
175815
175820
175827
175831
175834
175840
175854
175858
175862
175866
175872
175879
175880
175883
175903
175917
175926
175930
175941
175944
175951
175967
175970
175975
175994
176010
176013
176028
176030
176031
176048
176051
176053
176062
176064
176070
176071
176091
176109
176120
176133
176144
176145
176153
176162
176178
176191
176202
176206
176215
176216
176219
176222
176241
176290
176294
176318
176334
176335
176339
176342
176361
176363
176364
176366
176372
176376
176390
176396
176422
176423
176432
176440
176447
176469
176472
176474
176480
176498
176501
176517
176520
176524
176526
176549
176563
176577
176585
176586
176590
176605
176608
176707
176722
176732
176733
176734
176742
176768
176774
176781
176782
176793
176816
176822
176844
176862
176871
176872
176881
176883
176885
176892
176900
176906
176913
176917
176925
176941
176943
176946
176950
176975
176986
177001
177004
177005
177008
177026
177031
177034
177069
177082
177098
177099
177148
177156
177174
177189
177190
177195
177197
177198
177204
177209
177218
177225
177230
177234
177235
177237
177241
177251
177257
177264
177274
177280
177281
177285
177289
177306
177308
177311
177315
177320
177325
177333
177351
177355
177376
177379
177382
177393
177406
177407
177420
177426
177437
177452
177455
177456
177460
177469
177470
177478
177485
177498
177507
177509
177512
177524
177529
177532
177541
177556
177572
177597
177601
177604
177621
177626
177628
177638
177650
177652
177653
177686
177706
177722
177724
177730
177775
177779
177785
177791
177813
177817
177838
177857
177874
177877
177883
177884
177885
177897
177919
177949
177951
177955
177956
177967
177974
177981
177993
177995
177996
178001
178005
178013
178030
178054
178065
178085
178099
178104
178107
178114
178121
178124
178128
178131
178135
178143
178163
178167
178189
178195
178196
178198
178214
178255
178256
178264
178273
178288
178289
178310
178326
178335
178337
178347
178349
178350
178351
178358
178368
178370
178375
178381
178389
178393
178442
178444
178454
178457
178461
178462
178463
178466
178467
178490
178493
178497
178499
178504
178532
178562
178565
178575
178583
178590
178596
178599
178617
178633
178642
178649
178655
178657
178677
178685
178686
178687
178691
178696
178709
178758
178760
178764
178765
178775
178792
178814
178816
178831
178838
178840
178848
178873
178895
178900
178903
178907
178920
178947
178954
178955
178958
178959
178965
178973
178975
178976
178987
178988
179031
179033
179047
179049
179056
179059
179089
179093
179094
179104
179126
179129
179133
179141
179144
179151
179175
179200
179213
179218
179228
179229
179232
179235
179240
179249
179254
179258
179269
179273
179294
179307
179313
179314
179326
179337
179338
179342
179343
179347
179348
179364
179367
179373
179389
179395
179398
179412
179418
179419
179454
179463
179465
179470
179507
179508
179522
179526
179560
179561
179569
179577
179583
179586
179587
179593
179597
179610
179614
179620
179623
179624
179630
179636
179645
179658
179666
179707
179714
179724
179731
179740
179742
179743
179773
179776
179779
179785
179797
179810
179828
179842
179848
179857
179871
179875
179896
179899
179908
179909
179927
179928
179935
179940
179962
179964
179986
179999
180017
180018
180019
180022
180023
180026
180035
180037
180038
180048
180053
180057
180061
180076
180088
180092
180094
180108
180110
180118
180119
180123
180125
180130
180131
180132
180142
180159
180161
180165
180174
180178
180183
180202
180225
180228
180231
180234
180237
180282
180296
180297
180320
180357
180359
180361
180376
180384
180389
180394
180398
180406
180429
180456
180465
180471
180473
180476
180481
180494
180497
180522
180524
180526
180533
180547
180548
180560
180576
180616
180637
180653
180657
180664
180669
180670
180675
180700
180713
180726
180731
180735
180746
180752
180755
180756
180758
180771
180776
180778
180784
180798
180801
180816
180826
180832
180835
180848
180857
180871
180872
180875
180876
180878
180886
180907
180908
180920
180930
180938
180995
181008
181012
181013
181022
181023
181028
181067
181077
181088
181100
181102
181110
181111
181112
181115
181122
181132
181140
181149
181158
181159
181164
181175
181178
181183
181215
181218
181220
181223
181229
181234
181245
181247
181248
181264
181279
181281
181282
181283
181286
181287
181291
181299
181306
181310
181341
181343
181352
181353
181362
181368
181377
181385
181393
181394
181396
181397
181401
181404
181409
181410
181412
181440
181444
181447
181452
181458
181463
181474
181479
181485
181488
181502
181504
181511
181522
181546
181548
181556
181580
181583
181598
181604
181609
181610
181623
181624
181627
181632
181636
181641
181652
181657
181662
181673
181682
181685
181716
181729
181735
181743
181751
181759
181776
181784
181787
181788
181796
181805
181826
181839
181849
181855
181858
181866
181872
181876
181878
181880
181938
181945
181958
181965
181973
181986
181990
182009
182018
182029
182038
182042
182047
182052
182076
182083
182111
182112
182128
182129
182131
182141
182145
182150
182157
182161
182178
182181
182187
182200
182220
182228
182235
182238
182248
182251
182262
182264
182274
182275
182285
182287
182301
182308
182309
182310
182317
182323
182326
182346
182349
182350
182357
182359
182374
182383
182384
182388
182402
182405
182417
182424
182446
182457
182485
182491
182499
182501
182503
182505
182515
182527
182552
182555
182563
182566
182571
182573
182594
182605
182612
182616
182618
182627
182640
182643
182648
182666
182667
182675
182681
182691
182695
182697
182705
182714
182745
182765
182767
182776
182779
182801
182803
182825
182828
182848
182853
182862
182863
182874
182877
182902
182920
182923
182925
182926
182936
182954
182955
182968
182973
182979
183012
183017
183036
183043
183047
183074
183080
183085
183094
183107
183110
183115
183119
183136
183139
183146
183149
183156
183163
183171
183175
183195
183197
183208
183216
183231
183255
183256
183264
183276
183284
183304
183313
183316
183322
183346
183349
183353
183363
183372
183383
183384
183397
183398
183408
183420
183425
183435
183438
183447
183449
183460
183485
183504
183512
183515
183520
183525
183526
183534
183536
183547
183573
183580
183585
183586
183604
183609
183610
183613
183630
183631
183641
183642
183660
183662
183668
183681
183714
183719
183724
183727
183737
183741
183748
183763
183781
183787
183788
183802
183826
183830
183871
183881
183887
183890
183915
183920
183941
183947
183957
183958
183963
183964
183975
183979
183985
183990
184007
184013
184021
184049
184074
184076
184085
184092
184103
184105
184114
184124
184130
184131
184137
184140
184143
184148
184153
184154
184160
184174
184190
184196
184201
184203
184204
184229
184237
184245
184247
184254
184262
184267
184274
184284
184290
184299
184302
184308
184316
184317
184323
184337
184344
184352
184357
184367
184372
184376
184380
184393
184394
184409
184416
184419
184423
184431
184435
184453
184455
184461
184473
184482
184490
184497
184510
184515
184536
184542
184544
184568
184575
184590
184592
184595
184609
184610
184612
184613
184621
184645
184658
184659
184669
184676
184681
184686
184698
184706
184739
184744
184746
184757
184761
184762
184767
184788
184804
184809
184825
184843
184845
184849
184852
184853
184854
184862
184883
184889
184895
184896
184898
184911
184931
184948
184953
184985
184998
185011
185015
185016
185019
185020
185023
185024
185026
185041
185046
185048
185049
185050
185052
185053
185061
185082
185090
185113
185117
185129
185137
185144
185150
185155
185165
185168
185169
185176
185184
185194
185206
185208
185212
185219
185222
185223
185225
185248
185272
185288
185300
185301
185310
185325
185327
185331
185338
185353
185357
185362
185364
185366
185380
185398
185406
185417
185419
185423
185441
185450
185451
185457
185461
185496
185501
185504
185515
185536
185541
185570
185587
185589
185604
185608
185615
185624
185640
185646
185662
185672
185677
185680
185685
185689
185710
185713
185741
185745
185750
185757
185758
185763
185766
185767
185771
185773
185779
185793
185814
185816
185824
185825
185826
185836
185847
185848
185851
185859
185861
185876
185897
185899
185908
185916
185918
185919
185936
185943
185945
185952
185953
185958
185976
185977
185979
185997
186000
186012
186032
186034
186038
186039
186042
186043
186047
186050
186054
186057
186060
186072
186080
186091
186095
186096
186117
186121
186128
186135
186137
186162
186167
186170
186173
186192
186200
186202
186203
186204
186210
186239
186252
186253
186257
186259
186260
186285
186292
186300
186301
186311
186312
186314
186353
186360
186361
186382
186415
186420
186423
186427
186430
186457
186458
186468
186491
186498
186518
186525
186530
186532
186537
186543
186545
186554
186556
186564
186575
186576
186594
186623
186642
186648
186654
186662
186669
186670
186672
186675
186691
186696
186713
186721
186737
186741
186753
186760
186761
186767
186784
186785
186786
186790
186791
186814
186830
186831
186833
186836
186843
186844
186846
186866
186879
186891
186893
186897
186901
186903
186914
186916
186929
186940
186946
186950
186964
186971
186974
186984
186988
186996
187024
187049
187060
187089
187090
187093
187099
187119
187127
187141
187156
187157
187158
187163
187164
187168
187171
187183
187186
187205
187208
187218
187220
187221
187238
187252
187259
187273
187276
187278
187282
187310
187332
187343
187350
187352
187356
187375
187423
187425
187430
187431
187442
187445
187451
187482
187503
187511
187519
187524
187533
187543
187546
187551
187559
187569
187576
187585
187600
187605
187616
187631
187637
187640
187641
187652
187660
187668
187690
187697
187719
187737
187746
187783
187796
187797
187813
187852
187860
187861
187866
187868
187879
187887
187888
187889
187897
187903
187926
187928
187931
187932
187937
187957
187968
187972
187977
187979
187982
187988
187998
188005
188020
188023
188050
188074
188097
188101
188114
188115
188121
188126
188129
188132
188144
188155
188163
188172
188178
188180
188197
188202
188204
188205
188208
188209
188219
188236
188237
188242
188256
188261
188263
188293
188294
188335
188344
188347
188348
188362
188364
188388
188391
188399
188417
188419
188420
188425
188444
188461
188471
188474
188475
188477
188489
188495
188498
188502
188512
188521
188528
188537
188539
188553
188555
188586
188587
188590
188594
188597
188600
188615
188621
188626
188631
188635
188643
188649
188706
188713
188714
188715
188719
188764
188770
188774
188778
188780
188784
188787
188791
188796
188799
188808
188822
188828
188837
188840
188875
188885
188889
188899
188903
188913
188917
188928
188941
188942
188948
188955
188966
188974
188978
188982
188988
188999
189002
189032
189033
189034
189035
189037
189047
189067
189068
189074
189075
189085
189086
189091
189108
189114
189119
189123
189147
189151
189164
189187
189200
189203
189213
189220
189221
189223
189229
189239
189246
189260
189264
189282
189288
189299
189310
189312
189313
189333
189335
189341
189349
189375
189391
189402
189403
189406
189424
189439
189450
189451
189452
189459
189460
189468
189473
189499
189507
189516
189526
189529
189540
189541
189552
189554
189558
189565
189572
189576
189583
189606
189625
189628
189638
189643
189666
189667
189672
189673
189678
189681
189685
189702
189713
189723
189761
189766
189772
189786
189796
189800
189801
189804
189815
189817
189860
189867
189904
189908
189940
189948
189976
189979
190000
190048
190053
190069
190092
190094
190099
190104
190110
190112
190137
190149
190156
190161
190171
190180
190183
190187
190193
190199
190217
190223
190240
190268
190284
190286
190288
190296
190307
190312
190332
190333
190335
190348
190349
190354
190371
190382
190393
190397
190400
190421
190423
190441
190446
190447
190451
190453
190463
190490
190505
190509
190516
190522
190523
190526
190538
190565
190569
190577
190578
190590
190608
190616
190626
190627
190634
190651
190657
190661
190665
190683
190685
190694
190711
190719
190727
190728
190731
190746
190764
190769
190772
190777
190778
190787
190804
190810
190824
190831
190850
190867
190895
190899
190924
190948
190952
190972
190973
190987
190992
190994
190995
191009
191011
191019
191027
191042
191047
191056
191061
191070
191106
191107
191119
191141
191145
191146
191157
191161
191162
191168
191201
191229
191233
191234
191246
191259
191278
191281
191292
191299
191301
191304
191320
191322
191328
191355
191372
191385
191398
191404
191414
191427
191466
191470
191498
191500
191518
191539
191549
191551
191552
191553
191563
191567
191584
191614
191615
191616
191622
191624
191627
191637
191658
191663
191669
191673
191677
191693
191694
191698
191707
191726
191734
191737
191751
191759
191772
191775
191785
191816
191854
191889
191902
191905
191911
191919
191924
191929
191981
191988
191996
192002
192012
192021
192023
192029
192039
192042
192048
192051
192063
192089
192092
192095
192096
192125
192129
192140
192163
192177
192181
192190
192193
192200
192225
192231
192232
192243
192244
192254
192294
192297
192298
192305
192306
192308
192319
192325
192327
192328
192329
192331
192333
192341
192351
192367
192369
192398
192400
192401
192403
192405
192406
192425
192433
192456
192465
192493
192504
192560
192566
192582
192587
192600
192601
192609
192622
192625
192638
192659
192660
192666
192669
192673
192687
192695
192699
192700
192708
192709
192711
192714
192754
192761
192766
192771
192788
192808
192827
192842
192848
192863
192864
192865
192883
192891
192914
192915
192917
192922
192928
192935
192953
192959
192963
192972
192979
192980
192987
192996
192999
193004
193029
193031
193032
193037
193047
193064
193080
193091
193099
193100
193108
193121
193123
193129
193131
193148
193149
193156
193189
193197
193214
193215
193232
193233
193269
193271
193280
193285
193288
193291
193301
193309
193313
193315
193316
193325
193333
193335
193336
193350
193371
193372
193373
193379
193385
193386
193395
193397
193400
193417
193420
193422
193446
193451
193454
193459
193465
193467
193480
193481
193511
193522
193524
193526
193537
193542
193555
193566
193591
193601
193638
193640
193645
193649
193651
193663
193670
193671
193698
193699
193706
193722
193723
193773
193791
193798
193808
193814
193819
193821
193825
193828
193837
193855
193859
193867
193879
193881
193890
193895
193903
193917
193928
193930
193933
193934
193940
193946
193953
193955
193964
193993
194011
194020
194040
194044
194053
194054
194066
194072
194074
194080
194095
194099
194100
194102
194108
194112
194120
194121
194146
194157
194166
194167
194175
194182
194193
194209
194217
194237
194243
194253
194281
194283
194290
194317
194320
194323
194330
194336
194340
194343
194350
194356
194385
194403
194409
194417
194434
194437
194449
194452
194458
194478
194505
194512
194538
194539
194549
194565
194582
194598
194612
194618
194628
194632
194638
194646
194652
194660
194666
194669
194672
194679
194694
194706
194707
194723
194762
194767
194775
194806
194808
194817
194821
194827
194828
194830
194838
194858
194864
194870
194873
194875
194878
194907
194911
194925
194941
194956
194958
194965
194978
194983
194984
194992
195000
195016
195053
195057
195066
195080
195090
195096
195104
195105
195107
195119
195121
195128
195133
195135
195146
195147
195152
195172
195176
195177
195190
195200
195210
195212
195220
195243
195247
195257
195259
195261
195290
195291
195295
195297
195300
195305
195308
195311
195318
195320
195326
195327
195331
195337
195338
195340
195342
195351
195353
195357
195372
195379
195389
195391
195395
195397
195405
195406
195422
195441
195461
195482
195487
195504
195508
195510
195519
195521
195522
195524
195544
195545
195564
195568
195579
195587
195593
195597
195600
195613
195628
195637
195643
195688
195689
195711
195736
195750
195753
195766
195769
195774
195812
195815
195836
195847
195849
195870
195877
195883
195885
195889
195890
195909
195910
195918
195921
195931
195936
195942
195961
195968
195976
195978
195984
196005
196019
196030
196032
196033
196040
196041
196057
196079
196081
196086
196089
196093
196095
196100
196146
196151
196156
196159
196172
196177
196198
196200
196208
196233
196237
196259
196264
196265
196268
196281
196286
196288
196301
196303
196307
196323
196324
196349
196351
196369
196386
196387
196400
196408
196457
196460
196472
196499
196505
196523
196532
196546
196553
196566
196607
196608
196635
196638
196639
196646
196660
196665
196666
196669
196693
196712
196714
196717
196718
196734
196745
196758
196774
196779
196780
196788
196790
196799
196804
196812
196844
196845
196848
196856
196864
196880
196890
196891
196900
196909
196940
196952
196982
196991
196994
197008
197019
197041
197055
197062
197069
197074
197076
197108
197125
197129
197137
197163
197169
197175
197184
197201
197209
197214
197220
197223
197224
197236
197244
197245
197249
197271
197289
197308
197315
197340
197353
197365
197366
197378
197389
197390
197410
197436
197437
197445
197452
197455
197465
197466
197477
197482
197490
197510
197513
197523
197536
197540
197558
197561
197569
197578
197597
197605
197611
197615
197616
197633
197634
197651
197683
197726
197736
197737
197741
197792
197799
197806
197812
197819
197821
197827
197852
197854
197857
197865
197866
197876
197877
197889
197926
197935
197975
197978
198000
198002
198017
198040
198067
198070
198075
198084
198105
198111
198120
198125
198127
198134
198149
198159
198169
198175
198178
198196
198203
198206
198209
198241
198254
198258
198262
198265
198267
198275
198280
198281
198283
198294
198296
198324
198326
198330
198338
198348
198372
198380
198381
198401
198404
198412
198418
198420
198421
198437
198441
198468
198485
198489
198497
198504
198512
198525
198527
198538
198547
198550
198560
198565
198591
198611
198612
198613
198636
198639
198642
198644
198673
198688
198691
198695
198698
198702
198704
198708
198710
198718
198719
198721
198722
198726
198734
198742
198747
198752
198759
198774
198798
198842
198857
198867
198870
198873
198875
198883
198917
198919
198934
198941
198942
198945
198949
198980
198987
199011
199012
199017
199028
199030
199032
199033
199046
199072
199085
199088
199090
199096
199119
199126
199131
199133
199166
199169
199188
199189
199191
199192
199204
199209
199214
199231
199241
199249
199283
199296
199304
199319
199328
199336
199342
199349
199351
199379
199385
199387
199391
199404
199406
199464
199466
199490
199513
199525
199538
199545
199546
199551
199555
199556
199562
199564
199568
199586
199587
199592
199603
199604
199633
199639
199640
199645
199652
199662
199665
199671
199676
199702
199703
199714
199719
199724
199730
199736
199737
199739
199740
199758
199764
199768
199775
199807
199823
199830
199832
199842
199844
199853
199856
199859
199860
199872
199874
199888
199891
199892
199902
199908
199917
199929
199943
199949
199956
199960
199963
199964
199982
199987
199991
200021
200025
200049
200059
200061
200069
200076
200099
200173
200188
200189
200190
200205
200217
200231
200233
200240
200241
200252
200255
200256
200271
200278
200285
200288
200304
200305
200308
200332
200337
200362
200391
200401
200404
200418
200420
200421
200427
200455
200470
200474
200477
200481
200507
200508
200509
200545
200552
200554
200558
200560
200567
200589
200591
200592
200594
200633
200637
200647
200649
200657
200667
200669
200676
200679
200680
200696
200702
200712
200714
200717
200730
200733
200738
200781
200785
200791
200795
200805
200811
200822
200826
200847
200852
200866
200883
200894
200899
200901
200904
200907
200909
200911
200914
200929
200932
200940
200941
200962
200970
200979
200982
200985
200994
200999
201012
201024
201027
201028
201036
201038
201040
201056
201068
201069
201078
201080
201084
201092
201094
201103
201113
201123
201127
201128
201129
201148
201149
201159
201160
201168
201170
201179
201194
201196
201204
201239
201252
201254
201266
201269
201273
201277
201293
201300
201315
201326
201330
201336
201341
201343
201364
201365
201368
201380
201386
201388
201408
201413
201447
201455
201457
201462
201465
201468
201475
201479
201497
201499
201503
201506
201509
201517
201520
201524
201540
201546
201555
201573
201576
201587
201589
201591
201593
201597
201618
201621
201653
201663
201665
201666
201673
201699
201724
201730
201735
201736
201738
201755
201762
201810
201811
201822
201823
201827
201837
201838
201843
201849
201854
201859
201860
201882
201884
201886
201901
201916
201924
201943
201949
201959
201971
201977
201993
201996
202004
202009
202010
202032
202033
202036
202050
202059
202072
202078
202082
202083
202094
202096
202117
202137
202148
202161
202162
202176
202187
202201
202205
202206
202223
202238
202242
202314
202318
202319
202321
202326
202335
202341
202344
202349
202353
202354
202357
202363
202368
202378
202379
202382
202383
202394
202396
202405
202410
202429
202441
202457
202471
202483
202489
202493
202495
202514
202527
202528
202537
202579
202589
202631
202643
202671
202681
202694
202699
202705
202709
202714
202723
202732
202745
202747
202761
202776
202787
202790
202797
202818
202824
202839
202847
202865
202879
202898
202906
202907
202911
202923
202944
202963
202964
202965
202967
202979
202984
202986
202990
202992
203007
203015
203023
203033
203055
203057
203065
203072
203076
203089
203092
203093
203094
203099
203127
203128
203143
203149
203195
203204
203211
203213
203246
203259
203260
203268
203283
203310
203311
203316
203326
203340
203354
203372
203380
203400
203408
203413
203420
203424
203430
203431
203432
203460
203470
203474
203479
203481
203496
203500
203506
203534
203547
203568
203573
203580
203582
203598
203601
203611
203612
203624
203642
203651
203667
203672
203673
203675
203684
203686
203709
203738
203742
203744
203745
203748
203749
203750
203778
203798
203811
203812
203836
203849
203855
203863
203867
203871
203872
203894
203897
203910
203923
203947
203956
203961
203972
204011
204014
204023
204039
204042
204043
204045
204049
204052
204083
204084
204087
204112
204113
204137
204138
204151
204155
204160
204167
204181
204183
204188
204189
204198
204215
204233
204237
204245
204248
204320
204326
204327
204328
204330
204364
204366
204369
204371
204377
204391
204406
204417
204418
204422
204423
204434
204444
204459
204462
204466
204467
204473
204485
204491
204495
204498
204499
204500
204504
204522
204535
204543
204560
204581
204595
204609
204618
204628
204668
204680
204688
204701
204706
204708
204727
204744
204770
204781
204796
204797
204798
204804
204811
204820
204841
204862
204871
204873
204887
204895
204898
204899
204910
204942
204948
204952
204955
204959
204962
204963
204968
204987
204993
205001
205012
205034
205046
205049
205055
205057
205063
205064
205065
205097
205118
205120
205129
205154
205155
205166
205172
205174
205176
205198
205212
205223
205228
205243
205257
205259
205266
205270
205295
205299
205300
205303
205330
205338
205339
205343
205380
205384
205394
205404
205405
205428
205443
205449
205453
205463
205468
205470
205475
205480
205497
205565
205586
205591
205593
205596
205627
205646
205650
205659
205686
205694
205709
205738
205752
205762
205766
205774
205780
205788
205810
205817
205821
205822
205832
205838
205846
205847
205862
205868
205878
205890
205907
205936
205939
205946
205955
205959
205969
205973
206007
206036
206040
206048
206057
206059
206080
206085
206090
206096
206103
206104
206114
206122
206129
206187
206198
206203
206218
206251
206252
206253
206255
206279
206299
206301
206318
206343
206347
206349
206353
206357
206361
206364
206385
206390
206397
206401
206422
206423
206424
206425
206431
206433
206446
206449
206461
206469
206491
206516
206518
206525
206546
206563
206565
206566
206589
206595
206601
206602
206612
206614
206615
206618
206621
206625
206626
206641
206642
206646
206663
206664
206671
206672
206714
206717
206718
206743
206744
206750
206752
206755
206757
206758
206768
206774
206788
206812
206813
206814
206817
206835
206840
206848
206851
206852
206862
206877
206880
206882
206885
206891
206893
206902
206911
206920
206921
206933
206935
206939
206941
206942
206962
206967
206982
206991
206995
207010
207013
207016
207029
207030
207031
207039
207046
207055
207072
207083
207085
207135
207145
207155
207157
207170
207177
207181
207182
207211
207212
207254
207261
207270
207273
207275
207290
207296
207297
207298
207299
207320
207349
207378
207379
207382
207402
207404
207410
207411
207428
207433
207447
207461
207463
207464
207474
207475
207492
207515
207520
207550
207573
207576
207597
207622
207648
207655
207678
207684
207739
207742
207743
207755
207775
207778
207784
207786
207815
207819
207829
207833
207852
207853
207860
207862
207865
207870
207890
207892
207894
207895
207907
207926
207930
207940
207944
207946
207949
207954
207956
207964
207967
207968
207972
207975
207988
207994
207995
207999
208005
208016
208017
208018
208040
208089
208100
208113
208127
208134
208142
208159
208162
208170
208201
208207
208266
208268
208270
208271
208285
208288
208307
208315
208323
208332
208352
208361
208368
208380
208395
208423
208431
208432
208436
208438
208452
208461
208468
208471
208472
208477
208487
208489
208490
208492
208493
208496
208508
208512
208522
208525
208543
208582
208583
208588
208598
208615
208633
208643
208649
208651
208653
208665
208669
208691
208701
208707
208709
208710
208711
208713
208731
208739
208745
208756
208763
208768
208781
208811
208821
208822
208826
208827
208834
208853
208860
208869
208890
208891
208912
208916
208918
208937
208954
208974
208975
208985
208986
208993
209017
209022
209037
209057
209062
209081
209086
209097
209126
209137
209141
209158
209162
209164
209178
209188
209190
209239
209260
209262
209292
209311
209312
209334
209355
209366
209370
209384
209392
209394
209409
209437
209439
209442
209446
209480
209490
209523
209526
209552
209568
209575
209590
209591
209594
209596
209597
209608
209615
209619
209626
209638
209662
209681
209682
209683
209685
209696
209702
209703
209713
209715
209734
209745
209754
209772
209792
209813
209819
209820
209834
209861
209867
209876
209881
209882
209906
209933
209935
209937
209938
209939
209951
209959
209961
209963
209985
209987
210000
210027
210040
210054
210058
210067
210082
210083
210086
210089
210092
210100
210101
210111
210112
210118
210126
210140
210147
210172
210191
210192
210198
210211
210218
210219
210220
210236
210242
210243
210266
210276
210280
210283
210311
210321
210322
210338
210339
210359
210367
210368
210371
210372
210373
210377
210418
210474
210508
210512
210520
210529
210530
210554
210562
210566
210576
210583
210623
210625
210628
210658
210659
210660
210662
210670
210673
210709
210712
210719
210722
210724
210725
210727
210729
210730
210734
210749
210759
210771
210797
210810
210816
210832
210833
210852
210857
210878
210894
210902
210905
210933
210961
210977
210979
211001
211008
211014
211035
211064
211073
211085
211117
211119
211120
211125
211142
211148
211149
211158
211171
211174
211182
211197
211199
211203
211224
211228
211230
211231
211249
211263
211271
211290
211291
211315
211323
211334
211342
211358
211374
211375
211379
211381
211385
211388
211404
211414
211441
211442
211455
211474
211476
211489
211499
211503
211506
211507
211509
211530
211533
211545
211567
211587
211614
211616
211618
211627
211632
211635
211660
211666
211680
211695
211698
211710
211714
211719
211729
211739
211744
211746
211756
211771
211790
211797
211805
211809
211840
211856
211864
211866
211886
211906
211924
211926
211936
211945
211952
211960
211961
211987
211988
211998
212025
212036
212066
212069
212076
212087
212094
212097
212098
212103
212114
212120
212122
212148
212150
212167
212169
212174
212175
212188
212193
212205
212208
212212
212217
212221
212223
212224
212236
212239
212243
212256
212263
212266
212270
212286
212288
212306
212313
212316
212317
212318
212336
212357
212388
212393
212414
212421
212425
212426
212429
212430
212433
212440
212454
212480
212497
212498
212507
212524
212536
212544
212550
212552
212553
212564
212568
212581
212582
212605
212615
212631
212635
212636
212654
212677
212683
212688
212691
212718
212719
212725
212735
212740
212749
212760
212762
212767
212779
212783
212785
212790
212791
212818
212840
212844
212846
212851
212852
212858
212862
212866
212879
212893
212898
212900
212904
212917
212918
212925
212930
212961
212964
212992
212998
213012
213017
213025
213028
213041
213053
213056
213065
213082
213087
213089
213105
213106
213108
213112
213117
213123
213128
213132
213137
213145
213159
213161
213165
213166
213167
213168
213174
213235
213236
213258
213261
213265
213295
213346
213348
213363
213382
213386
213390
213414
213420
213428
213441
213445
213453
213454
213474
213495
213496
213499
213510
213514
213531
213543
213556
213557
213566
213589
213613
213618
213619
213636
213640
213647
213672
213673
213676
213681
213688
213695
213703
213718
213719
213720
213723
213768
213769
213794
213798
213810
213811
213821
213829
213832
213836
213842
213852
213854
213866
213870
213886
213889
213890
213891
213898
213900
213905
213914
213922
213931
213937
213951
213955
213958
213963
213986
214010
214017
214019
214027
214048
214050
214055
214074
214080
214081
214085
214103
214109
214116
214118
214127
214136
214142
214144
214151
214157
214162
214168
214183
214192
214196
214206
214222
214239
214240
214243
214268
214281
214291
214303
214324
214336
214339
214340
214351
214355
214356
214380
214387
214434
214440
214443
214447
214452
214458
214465
214476
214479
214494
214522
214531
214536
214551
214555
214557
214559
214574
214581
214597
214605
214607
214613
214615
214654
214663
214714
214715
214719
214743
214744
214760
214769
214775
214780
214805
214812
214818
214848
214852
214863
214867
214882
214926
214927
214928
214929
214954
214955
214964
214981
214987
215020
215022
215023
215050
215056
215058
215062
215063
215068
215069
215092
215103
215104
215113
215118
215133
215135
215140
215159
215170
215174
215176
215185
215201
215203
215217
215227
215231
215233
215242
215244
215260
215261
215263
215267
215273
215277
215295
215326
215327
215329
215330
215341
215361
215362
215367
215386
215412
215413
215414
215435
215440
215442
215448
215459
215476
215479
215496
215503
215508
215511
215517
215524
215532
215539
215552
215610
215617
215635
215636
215642
215680
215682
215691
215715
215756
215762
215812
215813
215848
215876
215891
215919
215935
215936
215949
215956
215959
215976
216007
216035
216041
216047
216048
216059
216063
216064
216065
216068
216094
216102
216116
216131
216136
216140
216152
216166
216170
216174
216184
216189
216203
216210
216211
216213
216223
216277
216283
216284
216285
216292
216313
216314
216315
216320
216321
216327
216350
216358
216359
216374
216382
216387
216402
216411
216422
216430
216434
216448
216451
216462
216466
216473
216477
216480
216495
216504
216510
216520
216536
216537
216567
216572
216577
216579
216582
216583
216594
216602
216607
216618
216622
216638
216642
216647
216675
216700
216703
216709
216710
216721
216734
216754
216780
216805
216811
216819
216841
216847
216863
216869
216890
216892
216893
216896
216907
216909
216931
216935
216937
216938
216942
216946
216952
216959
216963
216970
216990
216992
216996
217030
217032
217036
217070
217096
217103
217109
217115
217132
217154
217164
217170
217171
217185
217190
217200
217204
217230
217231
217244
217247
217252
217266
217270
217289
217302
217331
217367
217369
217385
217386
217392
217401
217402
217408
217415
217421
217422
217427
217431
217445
217452
217453
217457
217461
217469
217473
217489
217490
217506
217513
217514
217519
217525
217527
217533
217534
217538
217558
217562
217563
217569
217570
217573
217577
217589
217595
217598
217626
217632
217640
217651
217663
217668
217669
217682
217704
217706
217728
217741
217755
217763
217764
217774
217775
217777
217794
217803
217821
217830
217831
217837
217852
217855
217866
217875
217893
217894
217912
217913
217915
217918
217919
217930
217948
217951
217956
217963
217997
218017
218020
218021
218029
218048
218052
218059
218093
218094
218112
218116
218119
218140
218167
218178
218189
218191
218210
218222
218229
218235
218243
218246
218265
218275
218280
218281
218292
218297
218310
218313
218329
218337
218338
218362
218367
218373
218401
218405
218440
218454
218455
218458
218465
218490
218515
218522
218533
218549
218556
218568
218570
218608
218627
218643
218644
218661
218667
218676
218681
218683
218693
218696
218732
218733
218742
218746
218750
218751
218781
218782
218783
218784
218797
218800
218811
218821
218822
218828
218853
218854
218856
218860
218894
218917
218940
218951
218952
218957
218962
218979
218985
218989
218990
219001
219002
219006
219026
219039
219042
219046
219047
219067
219069
219071
219072
219076
219085
219087
219101
219136
219138
219158
219177
219199
219205
219207
219208
219211
219214
219217
219227
219229
219232
219244
219248
219274
219299
219307
219342
219344
219345
219354
219364
219372
219380
219384
219397
219399
219423
219426
219430
219436
219496
219526
219557
219560
219597
219606
219612
219620
219621
219626
219651
219653
219655
219659
219669
219689
219698
219722
219752
219754
219755
219760
219773
219786
219787
219798
219805
219808
219812
219816
219817
219818
219820
219821
219859
219864
219884
219885
219887
219888
219897
219899
219900
219902
219931
219965
219973
219983
219984
220031
220033
220057
220093
220101
220105
220128
220134
220142
220154
220158
220168
220184
220192
220193
220277
220292
220311
220319
220320
220323
220327
220338
220346
220347
220348
220374
220390
220421
220431
220457
220469
220492
220493
220498
220500
220525
220542
220553
220554
220567
220597
220618
220619
220636
220637
220649
220677
220680
220687
220698
220706
220725
220726
220730
220751
220752
220762
220763
220764
220765
220766
220769
220775
220799
220823
220830
220838
220850
220861
220867
220870
220901
220906
220930
220934
220939
220949
220961
220962
220976
220980
221009
221010
221013
221016
221045
221046
221056
221060
221080
221083
221088
221089
221092
221098
221102
221115
221125
221134
221135
221150
221176
221182
221187
221224
221225
221230
221232
221236
221257
221274
221283
221292
221295
221306
221308
221316
221330
221346
221350
221351
221355
221361
221369
221376
221388
221402
221405
221411
221446
221481
221504
221528
221549
221554
221562
221587
221590
221591
221594
221595
221598
221599
221601
221602
221612
221624
221636
221646
221653
221695
221737
221738
221740
221744
221758
221760
221761
221766
221768
221798
221806
221824
221825
221845
221855
221867
221872
221932
221948
221949
221956
221966
221977
221986
221991
221995
221996
222005
222007
222023
222024
222026
222034
222044
222045
222048
222080
222090
222091
222107
222108
222110
222112
222128
222142
222144
222184
222187
222194
222214
222220
222229
222234
222235
222237
222241
222244
222251
222252
222254
222302
222309
222316
222345
222347
222352
222390
222423
222426
222436
222443
222453
222454
222458
222516
222531
222534
222542
222543
222551
222568
222578
222610
222636
222641
222642
222669
222677
222678
222685
222693
222701
222711
222712
222713
222716
222729
222731
222752
222761
222794
222796
222809
222836
222839
222843
222845
222851
222865
222868
222871
222881
222889
222900
222911
222915
222934
222937
222945
222953
222963
222967
222972
222973
223041
223043
223053
223055
223087
223089
223094
223129
223130
223131
223132
223148
223154
223157
223170
223178
223208
223223
223229
223248
223263
223280
223283
223285
223302
223303
223307
223336
223358
223363
223365
223384
223390
223391
223395
223405
223408
223418
223437
223443
223447
223465
223487
223523
223525
223533
223543
223569
223573
223606
223616
223617
223633
223653
223655
223665
223671
223672
223692
223693
223705
223723
223731
223736
223742
223763
223803
223805
223814
223815
223816
223819
223842
223851
223859
223915
223917
223943
223973
223978
223986
223993
224002
224005
224006
224007
224008
224013
224033
224072
224079
224084
224092
224101
224118
224122
224123
224157
224165
224188
224207
224234
224235
224245
224263
224283
224284
224289
224290
224291
224294
224307
224316
224318
224322
224323
224324
224357
224363
224369
224397
224421
224422
224434
224437
224438
224444
224447
224452
224465
224470
224479
224482
224499
224507
224512
224521
224529
224535
224571
224593
224603
224605
224611
224612
224615
224624
224656
224662
224667
224680
224708
224716
224718
224724
224726
224733
224734
224738
224744
224769
224772
224800
224834
224835
224837
224851
224870
224873
224877
224888
224925
224935
224956
224957
224962
224976
224996
224997
225035
225052
225053
225060
225062
225068
225069
225083
225106
225113
225119
225126
225175
225179
225185
225217
225237
225246
225249
225250
225268
225280
225290
225299
225300
225302
225314
225322
225335
225347
225352
225356
225365
225368
225374
225387
225389
225391
225426
225429
225440
225441
225458
225463
225464
225476
225487
225503
225505
225511
225527
225534
225558
225559
225567
225571
225584
225600
225620
225621
225653
225654
225659
225661
225667
225681
225696
225697
225704
225731
225732
225762
225763
225774
225775
225802
225807
225812
225813
225820
225823
225848
225853
225859
225871
225882
225889
225917
225935
225943
225944
225948
225949
225961
225977
226001
226008
226009
226031
226037
226038
226047
226059
226095
226098
226115
226130
226161
226174
226185
226209
226224
226230
226258
226278
226280
226310
226319
226324
226325
226328
226355
226357
226366
226367
226369
226394
226395
226403
226408
226410
226444
226453
226484
226500
226504
226526
226537
226544
226595
226610
226621
226623
226658
226663
226669
226670
226705
226706
226713
226760
226761
226771
226797
226807
226808
226817
226828
226834
226849
226863
226866
226880
226911
226922
226927
226929
226965
226970
226982
226984
226985
226997
227015
227018
227023
227035
227059
227062
227073
227074
227135
227153
227155
227156
227161
227182
227196
227198
227208
227220
227233
227236
227237
227258
227269
227276
227277
227320
227332
227335
227342
227344
227352
227362
227363
227364
227394
227395
227396
227405
227418
227422
227427
227434
227442
227444
227469
227471
227475
227476
227477
227488
227489
227493
227494
227518
227519
227521
227524
227537
227564
227577
227580
227598
227609
227612
227613
227614
227619
227628
227633
227635
227658
227661
227663
227664
227667
227672
227680
227695
227697
227707
227709
227717
227723
227743
227747
227755
227761
227777
227780
227794
227797
227798
227805
227822
227824
227839
227840
227842
227855
227860
227862
227876
227882
227885
227891
227892
227916
227920
227924
227930
227936
227938
227942
227948
227949
227953
227966
227982
227986
227987
227991
228011
228012
228033
228036
228055
228056
228059
228065
228067
228081
228082
228091
228098
228116
228120
228131
228133
228135
228166
228167
228172
228173
228175
228176
228178
228255
228264
228271
228272
228273
228315
228326
228332
228343
228348
228350
228353
228354
228361
228368
228391
228427
228428
228440
228443
228452
228473
228474
228477
228489
228500
228506
228548
228564
228578
228581
228589
228594
228598
228600
228617
228620
228625
228630
228633
228645
228660
228661
228662
228671
228673
228703
228734
228744
228747
228749
228753
228757
228769
228771
228783
228790
228805
228815
228820
228821
228824
228831
228866
228897
228899
228906
228939
228946
228947
228955
228981
228993
228994
229001
229017
229021
229051
229060
229069
229077
229078
229080
229116
229117
229145
229165
229166
229169
229182
229193
229225
229248
229268
229272
229287
229289
229294
229332
229333
229345
229346
229352
229363
229435
229436
229464
229488
229493
229523
229528
229530
229532
229535
229538
229569
229570
229575
229577
229585
229615
229617
229618
229632
229645
229660
229670
229676
229681
229703
229704
229722
229724
229725
229762
229765
229770
229829
229845
229855
229856
229859
229860
229865
229870
229872
229873
229888
229901
229906
229910
229938
229975
229976
229977
229989
230030
230037
230046
230069
230078
230083
230093
230098
230105
230110
230111
230130
230131
230138
230149
230151
230163
230177
230196
230198
230206
230207
230213
230219
230236
230237
230239
230242
230277
230280
230281
230284
230285
230294
230296
230298
230303
230331
230345
230389
230395
230398
230399
230414
230426
230432
230435
230448
230461
230471
230472
230490
230501
230508
230509
230537
230570
230571
230580
230605
230612
230620
230622
230635
230638
230650
230669
230680
230694
230697
230699
230719
230725
230732
230737
230740
230745
230746
230797
230803
230805
230811
230842
230843
230856
230903
230909
230910
230918
230919
230938
230939
230941
230943
230945
230983
231010
231039
231048
231049
231058
231064
231094
231122
231136
231138
231142
231143
231153
231158
231165
231166
231169
231194
231199
231209
231219
231243
231252
231260
231271
231292
231294
231302
231306
231307
231340
231342
231351
231380
231385
231390
231416
231424
231431
231442
231451
231485
231513
231540
231581
231582
231584
231592
231595
231600
231601
231608
231649
231650
231675
231681
231715
231717
231723
231733
231750
231763
231764
231771
231777
231778
231786
231787
231799
231807
231830
231832
231833
231855
231865
231874
231875
231885
231894
231933
231943
231979
231980
231982
231995
232000
232001
232007
232014
232025
232035
232045
232049
232077
232078
232082
232097
232113
232120
232128
232129
232138
232170
232177
232182
232188
232218
232224
232245
232259
232272
232281
232285
232286
232314
232322
232340
232343
232353
232364
232365
232371
232390
232391
232392
232393
232411
232430
232436
232438
232448
232492
232493
232494
232513
232514
232532
232548
232590
232591
232596
232639
232644
232647
232671
232692
232697
232749
232750
232775
232785
232791
232793
232794
232816
232827
232845
232846
232850
232853
232854
232857
232895
232896
232897
232911
232922
232936
232940
232951
232952
232960
232963
232988
232995
232996
233015
233047
233053
233071
233075
233081
233100
233105
233154
233155
233174
233181
233182
233187
233194
233205
233221
233222
233249
233250
233261
233263
233272
233275
233276
233286
233291
233300
233304
233305
233312
233314
233325
233326
233335
233337
233356
233364
233376
233384
233388
233390
233396
233397
233416
233432
233433
233449
233464
233465
233466
233472
233474
233500
233522
233528
233530
233531
233547
233549
233560
233564
233571
233577
233581
233593
233594
233632
233633
233662
233677
233685
233700
233711
233735
233743
233749
233750
233763
233765
233774
233786
233798
233821
233841
233848
233856
233861
233869
233873
233910
233913
233914
233935
233963
233966
233969
233971
233983
233985
233988
234039
234050
234078
234088
234091
234103
234105
234129
234145
234148
234149
234150
234172
234179
234192
234200
234218
234262
234263
234267
234268
234292
234300
234307
234313
234339
234376
234381
234387
234392
234393
234404
234424
234440
234459
234460
234463
234470
234481
234494
234504
234520
234526
234536
234578
234590
234599
234606
234607
234639
234641
234646
234686
234689
234713
234716
234731
234741
234764
234810
234816
234832
234833
234861
234869
234872
234879
234891
234896
234916
234918
234924
234956
234960
234984
235016
235022
235030
235075
235080
235082
235093
235116
235120
235132
235133
235143
235154
235155
235162
235180
235190
235192
235193
235200
235203
235219
235244
235245
235255
235276
235289
235310
235311
235312
235333
235342
235389
235407
235419
235420
235423
235429
235434
235440
235441
235448
235450
235467
235476
235481
235489
235490
235549
235560
235575
235579
235582
235592
235595
235596
235597
235660
235662
235668
235671
235673
235723
235759
235777
235778
235779
235782
235787
235801
235810
235829
235833
235834
235838
235839
235840
235877
235879
235884
235889
235896
235911
235920
235941
235948
235955
235957
235958
236004
236018
236022
236032
236033
236034
236056
236063
236084
236108
236121
236126
236127
236145
236158
236181
236182
236200
236218
236220
236230
236241
236279
236284
236294
236296
236297
236305
236351
236352
236360
236362
236387
236399
236450
236451
236454
236459
236461
236462
236464
236471
236473
236497
236516
236526
236577
236607
236634
236649
236651
236653
236683
236685
236706
236737
236792
236801
236802
236813
236814
236817
236822
236843
236848
236854
236884
236888
236891
236914
236926
236927
236934
236942
236943
236944
236952
236953
236966
236974
236985
237001
237027
237045
237058
237065
237084
237114
237124
237125
237137
237150
237174
237178
237180
237187
237191
237219
237239
237244
237254
237256
237275
237276
237283
237309
237316
237320
237321
237323
237360
237362
237378
237379
237390
237396
237406
237438
237459
237467
237476
237491
237494
237504
237511
237528
237536
237543
237557
237558
237559
237585
237595
237597
237610
237616
237642
237643
237661
237684
237689
237694
237696
237705
237718
237719
237729
237755
237758
237763
237766
237782
237830
237833
237838
237840
237847
237880
237883
237887
237895
237904
237949
237950
237954
237955
237959
237960
237978
237983
238020
238029
238063
238099
238110
238133
238141
238180
238189
238190
238255
238256
238261
238265
238266
238270
238310
238316
238317
238327
238328
238342
238376
238390
238395
238421
238432
238434
238442
238448
238453
238469
238474
238477
238494
238504
238536
238549
238553
238572
238581
238584
238616
238617
238618
238620
238630
238632
238658
238691
238692
238694
238696
238704
238715
238739
238765
238809
238813
238814
238816
238830
238844
238846
238847
238869
238872
238876
238877
238878
238883
238904
238911
238912
238913
238942
238945
238953
238956
238958
238966
238967
238968
238969
238976
238987
238994
239004
239005
239012
239020
239032
239049
239080
239084
239091
239094
239134
239153
239164
239168
239170
239218
239224
239225
239230
239268
239275
239283
239284
239334
239342
239350
239360
239375
239378
239411
239412
239460
239464
239469
239470
239490
239513
239519
239524
239525
239526
239532
239546
239552
239561
239575
239581
239582
239588
239599
239637
239644
239646
239692
239694
239705
239708
239709
239711
239724
239735
239748
239761
239774
239783
239784
239811
239835
239836
239843
239853
239856
239883
239884
239890
239892
239893
239897
239910
239944
239945
239959
239980
240011
240013
240016
240030
240042
240052
240056
240070
240079
240083
240089
240107
240131
240165
240169
240193
240199
240205
240227
240245
240258
240259
240262
240264
240265
240266
240283
240291
240312
240313
240333
240334
240335
240340
240341
240376
240385
240386
240389
240398
240404
240424
240425
240427
240430
240480
240484
240494
240496
240497
240504
240505
240524
240535
240538
240548
240552
240554
240559
240560
240574
240576
240580
240598
240613
240627
240647
240650
240675
240676
240694
240695
240696
240705
240733
240752
240759
240773
240806
240826
240830
240884
240885
240886
240893
240898
240904
240911
240947
240955
240976
240986
240991
240997
241001
241006
241007
241009
241010
241029
241035
241045
241066
241071
241076
241079
241084
241093
241110
241111
241119
241122
241139
241143
241147
241151
241155
241158
241190
241199
241212
241213
241228
241234
241237
241248
241249
241262
241271
241272
241280
241308
241316
241326
241334
241347
241358
241399
241400
241411
241412
241431
241432
241452
241459
241460
241462
241473
241474
241475
241489
241490
241491
241520
241521
241539
241542
241548
241551
241552
241568
241598
241611
241624
241662
241675
241686
241700
241728
241729
241737
241776
241783
241806
241818
241819
241821
241834
241835
241846
241853
241857
241879
241901
241917
241923
241932
241936
241938
241939
241940
241941
241945
241986
241987
241998
241999
242027
242052
242059
242063
242073
242074
242077
242093
242100
242115
242116
242126
242127
242128
242136
242144
242147
242163
242164
242185
242198
242203
242205
242210
242214
242223
242224
242231
242238
242253
242261
242262
242269
242277
242287
242305
242331
242335
242343
242357
242360
242362
242387
242402
242406
242423
242440
242449
242471
242474
242476
242490
242491
242504
242512
242531
242537
242541
242545
242566
242567
242574
242582
242597
242609
242684
242685
242687
242700
242703
242734
242738
242745
242752
242761
242796
242813
242824
242840
242850
242861
242870
242889
242892
242907
242908
242949
242956
242963
242972
242996
242997
243010
243012
243013
243014
243020
243022
243025
243029
243057
243079
243080
243084
243085
243087
243088
243090
243092
243100
243101
243102
243132
243157
243166
243167
243168
243183
243187
243193
243212
243220
243230
243238
243240
243246
243253
243284
243285
243298
243308
243319
243332
243351
243355
243357
243366
243380
243382
243394
243422
243440
243444
243453
243498
243499
243500
243518
243528
243533
243536
243571
243575
243632
243640
243641
243645
243668
243679
243693
243727
243728
243730
243739
243740
243741
243748
243750
243765
243798
243816
243819
243829
243836
243844
243902
243903
243936
243940
243941
243949
243978
244001
244022
244039
244068
244083
244087
244089
244090
244101
244124
244148
244156
244158
244163
244170
244180
244191
244195
244205
244230
244231
244236
244249
244264
244288
244299
244308
244311
244315
244330
244387
244394
244398
244405
244411
244434
244452
244457
244462
244464
244466
244467
244468
244476
244480
244532
244543
244544
244558
244631
244632
244633
244637
244641
244647
244652
244673
244676
244705
244717
244719
244727
244729
244749
244758
244764
244765
244769
244805
244806
244841
244845
244854
244866
244881
244896
244915
244926
244941
244942
244958
244960
244965
244998
244999
245002
245003
245008
245029
245038
245048
245056
245058
245064
245067
245070
245080
245081
245082
245083
245097
245117
245128
245132
245145
245146
245151
245191
245196
245199
245207
245221
245224
245234
245235
245280
245286
245302
245313
245320
245345
245346
245347
245357
245359
245360
245362
245373
245376
245384
245385
245402
245442
245449
245457
245462
245500
245502
245513
245514
245522
245527
245530
245539
245563
245587
245594
245596
245601
245610
245611
245613
245618
245619
245655
245658
245669
245682
245721
245727
245740
245744
245759
245787
245797
245798
245808
245810
245826
245835
245875
245879
245889
245894
245904
245941
245943
245957
245959
245960
245981
245982
245983
245995
246016
246024
246028
246053
246054
246057
246058
246069
246081
246120
246131
246136
246147
246148
246149
246154
246163
246166
246176
246220
246223
246236
246241
246259
246260
246261
246262
246283
246313
246322
246350
246356
246385
246389
246390
246402
246406
246415
246438
246446
246451
246462
246464
246465
246488
246522
246525
246554
246561
246576
246586
246587
246595
246610
246630
246637
246646
246647
246657
246669
246684
246688
246701
246702
246712
246713
246719
246720
246728
246746
246781
246782
246809
246811
246814
246829
246830
246831
246838
246848
246851
246858
246865
246918
246919
246922
246929
246939
246941
246942
246946
246952
246954
246970
246977
246985
247002
247008
247029
247043
247059
247077
247111
247126
247145
247184
247207
247280
247430
247507
247646
247711
247772
247848
248044
248046
248053
248054
248056
248057
248070
248071
248076
