0
1
2
3
4
5
6
7
8
9
10
11
12
13
14
15
16
17
18
19
20
21
22
23
24
25
26
27
28
29
30
31
32
33
34
35
36
37
38
39
40
41
42
43
44
45
46
47
48
49
50
51
52
53
54
55
56
57
58
59
60
61
62
63
64
65
66
67
68
69
70
71
72
73
74
75
76
77
78
79
80
81
82
83
84
85
86
87
88
89
90
91
92
93
94
101
106
112
113
115
157
158
197
198
220
222
232
234
238
239
241
242
245
246
248
249
250
251
254
256
257
258
259
260
261
262
263
264
265
266
267
268
269
270
271
272
273
274
275
276
277
278
279
280
281
282
283
284
285
286
287
288
289
290
291
292
293
294
295
296
298
299
300
301
302
303
304
305
306
307
308
309
310
311
312
313
314
315
316
318
319
320
321
322
323
324
325
326
327
328
329
330
331
332
333
334
335
336
337
338
339
340
341
342
343
344
345
346
347
348
349
350
351
352
353
354
355
356
357
358
359
360
361
362
363
364
365
366
367
368
369
370
371
372
374
375
376
377
378
379
380
381
382
383
384
385
386
387
388
389
390
391
392
393
394
395
396
397
398
399
400
401
402
403
404
405
406
407
408
409
410
411
412
413
414
415
416
417
418
419
420
421
422
423
424
425
426
427
428
429
430
431
432
433
434
435
436
437
438
439
440
441
442
443
444
445
446
447
448
449
450
451
452
453
455
456
457
458
459
460
461
462
463
464
466
467
468
469
470
471
472
473
474
475
476
477
478
479
480
481
482
483
484
485
486
487
488
489
490
491
492
493
494
495
496
497
498
499
500
501
502
503
504
505
506
507
508
509
510
511
512
513
514
516
517
518
519
520
521
522
523
524
525
526
528
529
530
531
532
533
534
535
536
537
538
539
540
541
542
543
544
545
547
548
549
550
551
552
553
554
557
558
559
560
561
562
563
564
565
567
568
569
570
571
572
573
574
575
576
577
578
579
580
581
582
585
586
587
588
589
590
591
592
593
594
595
596
597
598
599
600
602
603
604
605
606
607
608
609
610
611
612
613
614
615
616
617
619
620
621
622
623
624
625
626
627
628
629
630
631
632
633
634
635
636
637
638
639
640
641
642
643
644
645
646
647
648
649
650
651
652
653
654
655
656
657
658
659
660
662
663
664
665
666
667
668
669
670
671
672
673
674
675
676
677
678
679
680
681
682
683
684
685
686
687
688
689
690
691
692
693
694
695
696
697
698
699
700
701
702
703
704
706
707
708
709
710
711
712
713
714
715
716
717
719
721
722
723
724
725
726
727
728
729
730
731
732
733
734
735
736
737
738
739
740
741
742
743
744
745
746
747
748
749
750
751
752
753
754
755
756
757
758
759
760
761
762
763
765
766
767
768
769
770
771
772
773
776
777
778
779
780
781
782
783
784
785
786
787
788
789
790
791
792
793
794
795
796
797
798
799
800
801
802
803
804
805
806
807
808
809
810
811
812
813
814
815
816
817
818
819
821
822
823
824
825
826
828
829
830
832
833
834
835
836
837
838
839
840
841
842
843
844
846
847
848
849
850
851
852
853
854
856
857
858
859
860
861
862
863
864
866
867
868
869
870
871
872
873
874
875
876
877
878
879
880
881
882
883
884
886
887
888
889
890
891
892
893
894
895
896
897
898
899
900
901
902
903
904
905
906
907
908
909
910
911
912
913
914
915
916
917
918
919
920
921
922
923
924
925
926
927
928
930
931
932
933
934
935
936
937
938
939
940
941
942
943
944
945
946
947
948
949
950
951
952
953
955
956
957
958
959
960
961
962
965
966
967
969
970
971
972
973
974
975
976
977
978
980
981
982
984
985
986
987
988
989
990
991
992
993
994
995
996
997
998
999
1000
1001
1002
1003
1004
1005
1006
1008
1009
1010
1011
1012
1013
1014
1015
1016
1017
1018
1019
1020
1021
1022
1023
1024
1025
1026
1027
1028
1029
1030
1031
1032
1033
1034
1035
1037
1038
1039
1040
1042
1043
1044
1045
1046
1047
1048
1049
1050
1051
1052
1053
1054
1055
1056
1057
1058
1059
1060
1061
1062
1063
1064
1065
1066
1067
1068
1069
1070
1071
1072
1073
1074
1075
1076
1077
1078
1079
1080
1081
1082
1083
1084
1085
1086
1088
1089
1090
1091
1092
1093
1094
1095
1097
1098
1099
1100
1101
1102
1103
1104
1105
1106
1108
1109
1110
1111
1112
1113
1114
1115
1116
1117
1118
1119
1120
1121
1122
1123
1124
1126
1128
1129
1130
1132
1133
1134
1135
1137
1138
1139
1140
1141
1142
1143
1144
1145
1146
1148
1149
1150
1151
1152
1153
1154
1155
1156
1157
1158
1159
1160
1161
1162
1163
1164
1165
1167
1170
1171
1172
1173
1174
1175
1176
1178
1179
1180
1181
1182
1183
1184
1185
1186
1187
1188
1189
1190
1191
1192
1193
1194
1196
1197
1198
1199
1200
1201
1202
1203
1204
1205
1206
1207
1208
1209
1210
1211
1212
1213
1214
1216
1217
1218
1219
1220
1221
1222
1223
1224
1225
1226
1227
1228
1229
1231
1234
1235
1236
1237
1238
1239
1240
1242
1243
1244
1245
1246
1247
1248
1249
1250
1251
1252
1253
1254
1255
1256
1257
1258
1259
1260
1261
1262
1264
1265
1266
1267
1268
1269
1270
1271
1272
1273
1274
1275
1277
1278
1279
1280
1282
1283
1284
1285
1286
1287
1288
1289
1290
1291
1292
1293
1294
1295
1297
1299
1300
1301
1302
1303
1304
1305
1306
1307
1308
1309
1310
1311
1312
1313
1314
1315
1316
1317
1318
1319
1320
1321
1322
1323
1324
1325
1326
1327
1328
1329
1330
1331
1332
1333
1334
1335
1336
1338
1339
1340
1341
1342
1343
1344
1345
1346
1347
1348
1349
1350
1351
1352
1353
1354
1355
1356
1358
1359
1360
1361
1362
1363
1364
1365
1366
1367
1368
1369
1370
1371
1373
1374
1375
1376
1377
1378
1379
1380
1381
1382
1383
1385
1386
1387
1388
1389
1390
1391
1393
1394
1395
1396
1397
1400
1401
1402
1404
1405
1406
1407
1409
1410
1411
1412
1413
1414
1416
1417
1419
1420
1421
1422
1423
1425
1426
1427
1428
1429
1430
1432
1433
1434
1435
1436
1437
1438
1439
1440
1441
1442
1443
1444
1445
1446
1447
1448
1449
1451
1452
1453
1454
1455
1456
1457
1458
1459
1460
1461
1462
1463
1464
1465
1466
1467
1468
1469
1470
1471
1472
1473
1474
1475
1476
1477
1478
1479
1480
1481
1482
1483
1484
1485
1487
1488
1489
1490
1492
1493
1494
1495
1496
1497
1498
1500
1501
1502
1503
1504
1505
1506
1508
1509
1510
1511
1512
1513
1514
1515
1516
1518
1519
1520
1521
1523
1524
1525
1526
1527
1528
1529
1530
1531
1532
1533
1534
1535
1536
1537
1538
1539
1540
1541
1542
1543
1544
1545
1546
1547
1548
1549
1550
1551
1552
1553
1554
1556
1557
1558
1559
1560
1562
1563
1564
1565
1566
1567
1569
1570
1572
1573
1574
1575
1576
1577
1578
1579
1580
1581
1582
1583
1584
1586
1587
1588
1589
1590
1591
1592
1593
1594
1595
1596
1597
1599
1600
1602
1603
1605
1606
1607
1608
1609
1610
1611
1612
1613
1615
1616
1617
1618
1619
1620
1621
1622
1623
1624
1625
1626
1627
1628
1630
1631
1632
1633
1634
1635
1637
1638
1639
1640
1641
1642
1643
1644
1645
1646
1647
1648
1649
1650
1651
1652
1653
1654
1655
1656
1657
1658
1659
1660
1661
1662
1663
1664
1665
1666
1667
1669
1670
1671
1672
1673
1674
1675
1676
1678
1679
1680
1681
1682
1683
1684
1685
1686
1687
1688
1689
1690
1691
1692
1693
1694
1695
1696
1697
1698
1699
1700
1701
1702
1703
1704
1705
1706
1707
1708
1711
1712
1713
1714
1715
1716
1718
1719
1720
1721
1722
1723
1724
1725
1726
1727
1728
1730
1732
1733
1734
1736
1737
1738
1741
1742
1743
1744
1745
1746
1748
1749
1750
1752
1753
1754
1755
1756
1757
1759
1760
1761
1762
1763
1764
1765
1766
1767
1768
1769
1770
1771
1772
1773
1774
1775
1776
1777
1778
1779
1780
1781
1782
1783
1784
1785
1786
1787
1788
1789
1790
1791
1792
1793
1794
1795
1796
1797
1798
1799
1801
1802
1803
1804
1805
1806
1807
1808
1809
1810
1811
1812
1814
1815
1816
1817
1818
1820
1821
1822
1824
1825
1826
1827
1828
1829
1830
1831
1833
1834
1835
1836
1837
1839
1840
1841
1842
1843
1844
1845
1846
1847
1848
1849
1850
1851
1852
1853
1854
1855
1856
1857
1858
1859
1860
1861
1862
1864
1865
1866
1867
1868
1869
1870
1871
1873
1874
1875
1876
1877
1878
1879
1880
1881
1882
1883
1884
1885
1887
1888
1889
1890
1891
1892
1893
1894
1895
1896
1897
1898
1899
1900
1901
1902
1904
1905
1906
1907
1908
1910
1911
1912
1916
1917
1918
1919
1920
1921
1922
1923
1924
1925
1926
1927
1928
1929
1930
1931
1932
1933
1934
1935
1936
1937
1938
1940
1941
1942
1943
1944
1945
1946
1947
1948
1949
1950
1951
1952
1953
1954
1956
1957
1958
1959
1960
1962
1964
1965
1966
1967
1968
1969
1970
1971
1972
1973
1974
1975
1976
1977
1979
1980
1981
1982
1984
1985
1986
1987
1988
1989
1990
1992
1993
1994
1996
1998
1999
2000
2001
2002
2003
2005
2006
2007
2008
2009
2010
2011
2012
2014
2015
2017
2018
2019
2020
2021
2022
2023
2024
2025
2027
2028
2029
2031
2032
2033
2034
2036
2037
2039
2041
2042
2043
2044
2046
2047
2048
2050
2051
2052
2053
2054
2056
2058
2059
2060
2061
2062
2063
2064
2065
2068
2069
2070
2072
2073
2074
2075
2076
2077
2078
2080
2081
2082
2083
2084
2085
2086
2087
2088
2089
2090
2091
2092
2093
2094
2095
2096
2098
2099
2100
2101
2103
2104
2106
2107
2108
2109
2110
2111
2112
2113
2114
2116
2117
2119
2120
2121
2122
2123
2124
2126
2127
2128
2129
2130
2131
2132
2133
2134
2135
2136
2137
2138
2139
2140
2141
2143
2144
2145
2146
2147
2148
2149
2150
2151
2152
2153
2154
2155
2156
2158
2159
2160
2161
2163
2164
2166
2167
2168
2169
2171
2172
2173
2174
2176
2177
2178
2179
2180
2181
2182
2184
2185
2186
2187
2188
2189
2190
2191
2192
2193
2194
2195
2196
2197
2198
2199
2200
2201
2202
2203
2204
2205
2206
2208
2209
2210
2211
2212
2213
2215
2216
2217
2218
2220
2221
2222
2224
2225
2227
2228
2229
2231
2232
2233
2234
2235
2236
2237
2238
2239
2241
2243
2244
2246
2247
2248
2250
2251
2252
2253
2254
2255
2256
2257
2258
2259
2260
2261
2262
2263
2264
2266
2267
2270
2271
2272
2274
2275
2276
2277
2278
2279
2280
2282
2283
2285
2286
2287
2288
2291
2293
2294
2295
2296
2297
2298
2299
2300
2301
2302
2303
2304
2305
2306
2307
2308
2309
2311
2312
2313
2315
2316
2318
2319
2320
2321
2322
2323
2324
2325
2327
2329
2330
2331
2332
2333
2334
2335
2336
2337
2338
2339
2340
2341
2342
2343
2344
2346
2348
2349
2350
2353
2354
2355
2356
2357
2358
2359
2360
2361
2362
2363
2364
2365
2366
2367
2368
2369
2370
2372
2373
2374
2376
2377
2378
2379
2380
2381
2382
2383
2384
2385
2387
2388
2389
2390
2391
2392
2393
2394
2396
2397
2399
2400
2402
2403
2404
2405
2406
2407
2408
2410
2411
2412
2413
2414
2415
2416
2418
2420
2421
2422
2423
2424
2425
2426
2427
2428
2429
2430
2431
2432
2433
2434
2435
2436
2437
2438
2439
2440
2441
2442
2443
2444
2445
2446
2447
2448
2450
2452
2454
2456
2457
2458
2459
2460
2461
2462
2463
2464
2465
2466
2467
2468
2469
2471
2472
2473
2475
2476
2477
2478
2479
2480
2481
2482
2483
2484
2485
2486
2487
2488
2490
2491
2492
2493
2495
2496
2497
2498
2499
2500
2501
2502
2503
2504
2505
2506
2507
2508
2510
2511
2512
2513
2515
2516
2517
2518
2519
2520
2521
2522
2523
2524
2526
2528
2530
2531
2532
2533
2534
2535
2536
2537
2538
2539
2540
2541
2542
2543
2544
2545
2548
2549
2550
2551
2552
2553
2554
2556
2557
2559
2560
2561
2562
2563
2564
2565
2566
2567
2568
2569
2570
2571
2572
2573
2574
2575
2576
2577
2578
2579
2581
2582
2583
2585
2586
2587
2588
2589
2590
2591
2592
2594
2595
2597
2598
2599
2600
2601
2602
2603
2604
2605
2606
2608
2609
2610
2612
2613
2614
2615
2616
2617
2619
2621
2622
2623
2624
2626
2627
2629
2630
2631
2632
2634
2636
2638
2639
2640
2641
2642
2643
2644
2645
2646
2647
2648
2649
2651
2652
2653
2654
2655
2657
2658
2659
2660
2661
2662
2663
2664
2665
2666
2668
2669
2670
2671
2672
2673
2674
2675
2676
2677
2678
2679
2680
2681
2682
2683
2684
2685
2686
2688
2689
2690
2691
2692
2695
2697
2699
2700
2701
2702
2703
2704
2705
2706
2707
2708
2709
2711
2712
2713
2714
2715
2716
2717
2718
2719
2720
2721
2723
2724
2725
2726
2727
2729
2730
2731
2732
2733
2734
2735
2736
2737
2738
2739
2740
2741
2742
2743
2744
2745
2746
2747
2748
2750
2751
2752
2753
2754
2755
2756
2757
2758
2759
2760
2761
2763
2764
2765
2766
2767
2768
2769
2770
2772
2773
2774
2775
2776
2777
2779
2781
2782
2783
2784
2785
2786
2787
2789
2790
2791
2792
2793
2794
2795
2797
2798
2799
2800
2801
2802
2803
2804
2805
2806
2807
2808
2809
2810
2811
2812
2814
2815
2816
2817
2818
2820
2821
2822
2823
2824
2825
2826
2827
2829
2830
2831
2832
2833
2834
2835
2836
2837
2839
2840
2842
2843
2844
2845
2846
2847
2848
2849
2850
2852
2855
2856
2857
2858
2860
2861
2864
2865
2867
2869
2870
2871
2872
2873
2874
2875
2876
2877
2878
2879
2880
2881
2884
2885
2887
2888
2891
2892
2893
2894
2895
2896
2897
2898
2899
2900
2902
2903
2904
2905
2906
2907
2908
2909
2910
2911
2912
2913
2914
2915
2916
2917
2918
2919
2921
2922
2923
2924
2925
2926
2928
2929
2930
2931
2932
2933
2935
2937
2938
2939
2940
2942
2943
2944
2945
2946
2947
2948
2949
2950
2951
2952
2953
2954
2955
2956
2957
2958
2959
2960
2961
2962
2963
2964
2965
2966
2967
2968
2969
2970
2971
2972
2973
2974
2975
2977
2978
2979
2980
2981
2982
2983
2984
2985
2986
2987
2988
2989
2990
2992
2993
2994
2995
2996
2997
2998
2999
3000
3001
3002
3004
3005
3006
3007
3008
3009
3010
3012
3014
3015
3016
3017
3018
3019
3020
3021
3022
3023
3024
3025
3026
3028
3032
3033
3034
3035
3036
3037
3038
3039
3040
3041
3042
3043
3044
3045
3047
3048
3049
3050
3051
3052
3053
3054
3055
3057
3058
3059
3060
3061
3062
3063
3065
3066
3067
3069
3070
3071
3072
3074
3075
3076
3077
3078
3079
3081
3082
3083
3084
3085
3086
3087
3088
3089
3090
3091
3092
3095
3097
3099
3101
3102
3105
3106
3107
3108
3109
3110
3111
3112
3113
3114
3115
3118
3122
3123
3124
3125
3126
3127
3128
3129
3130
3131
3132
3133
3134
3136
3137
3138
3140
3141
3143
3144
3145
3146
3147
3148
3149
3150
3151
3152
3153
3154
3155
3156
3157
3158
3159
3160
3161
3162
3163
3164
3165
3166
3167
3168
3169
3171
3172
3173
3175
3176
3177
3179
3180
3181
3182
3183
3184
3185
3186
3187
3188
3189
3190
3191
3192
3193
3194
3195
3196
3197
3198
3199
3200
3201
3202
3203
3204
3205
3207
3208
3210
3212
3213
3214
3215
3216
3217
3218
3219
3221
3222
3223
3224
3225
3226
3227
3228
3231
3232
3233
3234
3235
3237
3238
3240
3241
3242
3243
3244
3246
3248
3249
3250
3251
3252
3253
3254
3255
3256
3257
3258
3262
3264
3265
3267
3268
3269
3270
3271
3272
3273
3274
3275
3276
3277
3278
3280
3281
3282
3283
3284
3285
3286
3287
3288
3289
3290
3291
3292
3294
3295
3296
3297
3299
3300
3301
3302
3305
3306
3307
3308
3309
3310
3311
3312
3313
3314
3315
3316
3317
3318
3319
3320
3321
3322
3323
3325
3328
3329
3330
3331
3332
3333
3334
3335
3336
3337
3338
3339
3340
3342
3343
3344
3345
3347
3348
3349
3350
3351
3354
3355
3356
3357
3358
3359
3360
3361
3362
3363
3364
3365
3366
3367
3369
3370
3371
3372
3373
3374
3375
3376
3377
3378
3379
3380
3381
3382
3383
3384
3385
3386
3387
3388
3390
3391
3392
3393
3394
3395
3396
3397
3398
3400
3401
3402
3403
3404
3405
3406
3407
3408
3409
3410
3411
3412
3413
3414
3415
3416
3417
3418
3420
3421
3422
3423
3425
3426
3427
3428
3429
3430
3431
3432
3433
3434
3435
3436
3437
3438
3439
3440
3442
3443
3444
3445
3446
3447
3448
3449
3450
3451
3452
3455
3456
3457
3458
3459
3460
3461
3462
3464
3465
3466
3467
3468
3469
3470
3471
3472
3476
3477
3478
3480
3481
3482
3483
3484
3486
3488
3489
3490
3491
3492
3493
3494
3495
3496
3497
3498
3499
3500
3501
3502
3503
3504
3505
3506
3507
3508
3510
3511
3512
3513
3514
3515
3516
3517
3518
3519
3520
3521
3522
3523
3524
3525
3527
3528
3529
3531
3533
3534
3535
3536
3537
3538
3539
3541
3542
3543
3544
3545
3546
3548
3549
3550
3552
3553
3554
3555
3556
3557
3558
3559
3561
3562
3563
3564
3565
3566
3568
3569
3570
3571
3572
3573
3574
3575
3576
3577
3578
3579
3580
3581
3582
3583
3584
3585
3586
3587
3588
3589
3590
3591
3593
3595
3596
3597
3598
3599
3600
3601
3602
3603
3604
3605
3606
3608
3609
3610
3611
3613
3614
3615
3618
3619
3620
3621
3622
3623
3624
3625
3626
3627
3628
3629
3630
3631
3632
3633
3634
3635
3636
3637
3638
3639
3641
3642
3643
3644
3645
3646
3648
3650
3651
3653
3654
3655
3658
3659
3660
3661
3662
3663
3664
3665
3666
3667
3668
3669
3670
3672
3674
3675
3676
3677
3678
3679
3680
3681
3682
3683
3684
3687
3689
3690
3691
3692
3693
3694
3695
3696
3697
3699
3700
3701
3702
3703
3704
3705
3707
3708
3709
3710
3711
3712
3713
3714
3715
3716
3718
3719
3720
3721
3722
3725
3726
3727
3728
3729
3730
3731
3732
3733
3734
3736
3738
3740
3741
3742
3743
3744
3745
3746
3747
3748
3749
3750
3751
3752
3753
3754
3755
3756
3757
3758
3759
3760
3761
3762
3764
3765
3766
3768
3769
3770
3771
3772
3773
3776
3777
3778
3779
3780
3782
3783
3784
3785
3786
3787
3788
3789
3790
3791
3792
3793
3794
3795
3796
3797
3798
3799
3802
3803
3804
3805
3806
3807
3808
3809
3810
3811
3812
3813
3814
3815
3816
3817
3818
3820
3821
3822
3826
3827
3828
3829
3830
3831
3832
3833
3835
3837
3838
3839
3840
3841
3842
3843
3844
3845
3847
3848
3850
3851
3852
3853
3854
3855
3856
3858
3859
3860
3862
3863
3864
3867
3868
3870
3874
3875
3876
3878
3879
3882
3883
3884
3885
3886
3888
3889
3890
3891
3892
3895
3897
3898
3899
3900
3902
3903
3905
3906
3907
3908
3910
3911
3912
3913
3915
3916
3919
3920
3921
3922
3923
3924
3925
3926
3927
3928
3929
3930
3931
3932
3934
3935
3936
3938
3939
3940
3942
3943
3944
3945
3946
3947
3949
3950
3951
3952
3953
3954
3955
3956
3957
3958
3959
3960
3961
3962
3964
3965
3967
3968
3970
3971
3972
3974
3975
3976
3977
3978
3979
3980
3981
3982
3983
3984
3985
3988
3989
3990
3991
3992
3993
3994
3995
3996
3997
3998
3999
4000
4001
4002
4003
4004
4005
4006
4008
4009
4010
4011
4012
4013
4014
4015
4016
4017
4019
4020
4021
4022
4023
4024
4025
4026
4027
4028
4030
4031
4032
4034
4035
4036
4037
4038
4040
4041
4042
4043
4044
4045
4046
4047
4048
4049
4050
4051
4052
4053
4054
4055
4056
4057
4058
4059
4060
4062
4063
4064
4067
4068
4069
4070
4071
4072
4073
4074
4075
4076
4077
4079
4080
4081
4082
4083
4084
4087
4088
4089
4090
4091
4092
4093
4094
4095
4097
4098
4099
4100
4101
4102
4104
4105
4106
4108
4109
4111
4112
4114
4115
4117
4119
4120
4122
4123
4125
4126
4127
4128
4129
4130
4131
4132
4133
4135
4136
4137
4138
4139
4141
4142
4143
4144
4145
4146
4147
4148
4149
4150
4151
4152
4154
4156
4157
4158
4159
4160
4161
4162
4164
4165
4166
4167
4168
4169
4172
4173
4175
4176
4177
4178
4179
4180
4181
4182
4183
4184
4185
4186
4188
4189
4190
4191
4192
4193
4194
4195
4197
4199
4202
4203
4204
4205
4206
4207
4208
4209
4210
4211
4212
4213
4214
4216
4217
4219
4220
4221
4222
4223
4224
4225
4226
4227
4229
4230
4232
4233
4234
4235
4236
4237
4238
4239
4240
4241
4242
4243
4244
4245
4246
4247
4249
4252
4253
4254
4255
4257
4258
4259
4260
4261
4262
4263
4265
4267
4268
4269
4270
4272
4273
4274
4275
4276
4277
4278
4279
4281
4282
4283
4284
4285
4286
4287
4288
4289
4290
4291
4292
4293
4294
4295
4296
4298
4299
4300
4303
4304
4306
4307
4308
4309
4310
4312
4313
4314
4315
4317
4318
4319
4321
4322
4323
4324
4325
4327
4329
4331
4332
4334
4336
4337
4338
4339
4340
4341
4342
4343
4344
4345
4346
4348
4350
4351
4352
4354
4356
4360
4361
4362
4364
4368
4369
4370
4371
4373
4374
4375
4377
4378
4379
4380
4381
4382
4384
4386
4387
4390
4391
4393
4394
4395
4396
4397
4399
4400
4401
4404
4405
4406
4407
4409
4412
4413
4414
4415
4416
4417
4418
4419
4420
4421
4422
4424
4425
4426
4427
4428
4429
4430
4431
4433
4434
4435
4436
4437
4438
4439
4440
4441
4442
4443
4444
4445
4447
4448
4449
4450
4451
4452
4454
4455
4456
4457
4458
4459
4460
4462
4463
4464
4465
4466
4467
4468
4469
4470
4471
4472
4473
4474
4475
4478
4479
4480
4481
4482
4483
4485
4486
4487
4489
4490
4491
4492
4493
4494
4496
4497
4498
4499
4500
4501
4502
4503
4504
4505
4506
4507
4508
4510
4512
4514
4515
4516
4518
4519
4520
4521
4522
4523
4524
4525
4527
4528
4530
4531
4532
4534
4535
4536
4537
4540
4541
4542
4543
4544
4545
4546
4547
4549
4550
4551
4552
4553
4554
4555
4556
4557
4558
4559
4560
4561
4562
4563
4564
4565
4566
4568
4570
4571
4572
4573
4574
4575
4577
4578
4579
4580
4581
4582
4583
4584
4586
4587
4588
4589
4590
4592
4594
4595
4598
4599
4600
4601
4602
4603
4605
4607
4608
4609
4610
4611
4612
4613
4616
4617
4618
4619
4620
4621
4622
4623
4625
4626
4627
4629
4630
4631
4633
4634
4635
4636
4637
4639
4643
4644
4645
4647
4648
4649
4650
4653
4654
4657
4658
4659
4660
4661
4662
4663
4664
4665
4666
4667
4670
4671
4672
4673
4674
4676
4677
4678
4679
4680
4681
4682
4684
4686
4687
4688
4690
4691
4692
4693
4694
4695
4696
4697
4698
4699
4700
4701
4702
4703
4704
4705
4706
4707
4710
4711
4713
4714
4715
4716
4717
4718
4719
4721
4722
4723
4726
4727
4729
4730
4732
4733
4734
4735
4736
4737
4738
4740
4741
4742
4744
4745
4746
4747
4748
4749
4750
4751
4752
4754
4757
4758
4759
4761
4762
4763
4764
4766
4767
4768
4769
4770
4771
4772
4773
4774
4775
4776
4777
4778
4779
4780
4781
4782
4783
4784
4785
4786
4788
4790
4791
4792
4793
4794
4795
4796
4798
4799
4800
4801
4802
4803
4804
4805
4807
4808
4809
4810
4811
4814
4816
4817
4818
4820
4821
4823
4824
4825
4826
4827
4829
4830
4831
4832
4833
4834
4836
4838
4839
4840
4841
4842
4843
4844
4845
4846
4847
4848
4849
4850
4851
4852
4853
4855
4856
4858
4859
4860
4861
4862
4863
4864
4865
4866
4868
4869
4871
4873
4874
4875
4876
4877
4878
4879
4880
4881
4882
4883
4884
4885
4886
4887
4888
4889
4890
4891
4892
4895
4896
4897
4898
4899
4900
4902
4903
4904
4906
4907
4909
4910
4911
4912
4913
4914
4916
4917
4918
4919
4920
4921
4922
4923
4924
4925
4927
4928
4929
4931
4933
4934
4935
4936
4937
4938
4939
4940
4941
4942
4944
4945
4946
4947
4950
4952
4953
4954
4955
4956
4958
4961
4962
4963
4965
4967
4968
4969
4970
4971
4972
4973
4974
4977
4978
4979
4980
4981
4982
4983
4984
4985
4986
4987
4989
4990
4992
4993
4994
4995
4996
4997
4998
5000
5001
5003
5004
5006
5007
5008
5009
5010
5011
5012
5013
5014
5015
5016
5018
5019
5020
5022
5024
5025
5026
5027
5028
5029
5030
5031
5032
5036
5037
5038
5039
5040
5041
5042
5044
5045
5046
5047
5048
5049
5052
5053
5055
5057
5058
5059
5060
5061
5062
5064
5066
5067
5068
5069
5070
5071
5072
5073
5074
5075
5076
5077
5078
5079
5081
5083
5084
5087
5088
5089
5090
5091
5095
5096
5097
5098
5099
5101
5102
5104
5105
5106
5108
5110
5111
5112
5113
5115
5116
5117
5119
5120
5121
5122
5123
5125
5126
5127
5128
5129
5131
5132
5134
5135
5136
5137
5138
5140
5141
5142
5143
5144
5146
5147
5148
5149
5150
5151
5152
5154
5155
5157
5158
5160
5161
5162
5163
5164
5165
5166
5167
5168
5169
5170
5171
5172
5173
5174
5175
5176
5177
5180
5181
5182
5183
5184
5186
5187
5188
5189
5190
5192
5193
5194
5197
5198
5199
5200
5201
5202
5203
5204
5206
5208
5210
5211
5212
5213
5214
5215
5216
5217
5218
5219
5221
5222
5223
5224
5225
5226
5227
5228
5231
5232
5234
5235
5236
5237
5238
5239
5242
5243
5245
5246
5247
5248
5251
5252
5253
5254
5255
5257
5258
5259
5261
5262
5263
5264
5265
5267
5268
5270
5271
5272
5274
5275
5276
5278
5281
5282
5283
5284
5285
5287
5288
5289
5290
5291
5292
5293
5296
5297
5298
5299
5302
5303
5304
5305
5306
5307
5308
5309
5310
5312
5313
5314
5315
5316
5317
5318
5320
5321
5322
5323
5324
5326
5327
5328
5330
5331
5332
5334
5335
5337
5338
5339
5340
5342
5343
5344
5345
5346
5347
5348
5350
5351
5352
5353
5354
5355
5356
5357
5358
5359
5361
5362
5363
5364
5365
5366
5367
5368
5369
5370
5371
5372
5373
5374
5375
5376
5378
5380
5381
5383
5384
5385
5386
5388
5390
5391
5392
5394
5395
5396
5397
5399
5400
5401
5402
5403
5404
5405
5406
5407
5408
5409
5411
5413
5414
5416
5417
5418
5419
5420
5421
5423
5425
5426
5427
5428
5429
5430
5431
5433
5434
5435
5436
5437
5438
5439
5443
5444
5445
5446
5447
5448
5449
5450
5453
5454
5455
5456
5457
5458
5459
5460
5461
5465
5466
5467
5468
5469
5471
5472
5473
5474
5477
5478
5479
5480
5481
5483
5484
5485
5486
5487
5488
5489
5490
5491
5492
5493
5494
5495
5497
5498
5499
5500
5501
5502
5503
5505
5506
5507
5508
5509
5511
5512
5513
5514
5515
5516
5517
5520
5523
5524
5526
5527
5529
5530
5531
5533
5534
5535
5536
5537
5539
5540
5544
5545
5546
5548
5550
5551
5553
5555
5557
5558
5559
5560
5561
5562
5564
5565
5567
5568
5570
5571
5574
5575
5576
5577
5578
5579
5582
5583
5584
5585
5586
5587
5588
5589
5590
5591
5592
5593
5594
5595
5597
5598
5599
5600
5601
5602
5603
5604
5605
5606
5607
5608
5609
5610
5611
5612
5614
5615
5617
5618
5619
5620
5621
5622
5626
5627
5628
5629
5630
5632
5634
5636
5637
5638
5639
5640
5641
5642
5643
5645
5646
5647
5648
5649
5650
5651
5652
5653
5654
5655
5657
5658
5659
5660
5661
5666
5667
5668
5670
5671
5672
5673
5674
5675
5676
5677
5678
5681
5682
5683
5684
5685
5686
5687
5689
5690
5691
5692
5693
5695
5696
5697
5698
5699
5700
5701
5702
5704
5706
5707
5708
5710
5711
5712
5713
5714
5715
5716
5717
5718
5721
5722
5723
5725
5726
5727
5728
5730
5731
5732
5733
5734
5736
5737
5738
5740
5741
5742
5743
5745
5746
5748
5749
5750
5751
5752
5755
5757
5758
5759
5761
5762
5763
5764
5769
5770
5771
5772
5774
5775
5776
5777
5778
5779
5780
5781
5783
5784
5785
5786
5787
5788
5789
5790
5791
5792
5793
5794
5795
5796
5799
5800
5801
5802
5803
5805
5807
5808
5812
5813
5816
5817
5818
5819
5820
5821
5822
5823
5824
5825
5826
5827
5828
5829
5830
5832
5834
5836
5837
5838
5839
5840
5842
5843
5844
5846
5847
5848
5849
5850
5851
5852
5853
5854
5855
5856
5857
5860
5861
5862
5864
5865
5868
5869
5870
5871
5872
5875
5876
5877
5878
5879
5880
5882
5883
5886
5887
5888
5889
5891
5893
5894
5895
5896
5899
5900
5901
5902
5903
5904
5906
5908
5909
5910
5911
5914
5915
5916
5917
5918
5919
5920
5921
5924
5925
5926
5927
5928
5930
5931
5933
5934
5935
5937
5938
5939
5940
5941
5943
5944
5945
5946
5947
5948
5949
5950
5951
5952
5953
5954
5955
5956
5959
5960
5961
5963
5964
5966
5968
5969
5970
5971
5972
5975
5976
5978
5979
5981
5982
5983
5985
5986
5987
5988
5989
5990
5991
5992
5994
5995
5996
5998
5999
6000
6001
6004
6005
6006
6007
6008
6009
6011
6012
6014
6015
6018
6019
6020
6021
6022
6024
6025
6026
6027
6028
6030
6031
6032
6033
6036
6038
6039
6040
6041
6042
6043
6044
6045
6046
6047
6052
6054
6057
6058
6059
6060
6061
6063
6064
6065
6066
6067
6068
6069
6070
6072
6073
6077
6078
6081
6082
6083
6084
6085
6086
6087
6088
6089
6090
6091
6093
6094
6095
6096
6097
6098
6099
6101
6102
6103
6104
6105
6107
6108
6109
6110
6113
6114
6117
6118
6119
6120
6121
6122
6125
6126
6127
6129
6130
6131
6132
6133
6134
6136
6139
6140
6142
6144
6145
6146
6147
6148
6149
6150
6151
6153
6154
6155
6157
6158
6159
6160
6163
6164
6165
6166
6167
6169
6171
6173
6174
6175
6176
6177
6178
6179
6180
6182
6183
6184
6186
6187
6188
6189
6192
6193
6195
6196
6197
6198
6199
6200
6201
6202
6203
6204
6205
6206
6207
6208
6209
6210
6211
6212
6213
6214
6217
6218
6220
6221
6223
6224
6225
6226
6227
6228
6229
6231
6232
6233
6234
6235
6236
6237
6238
6239
6241
6242
6243
6244
6245
6246
6248
6249
6250
6251
6253
6254
6256
6257
6258
6259
6260
6261
6262
6263
6264
6266
6267
6268
6269
6274
6276
6277
6278
6279
6280
6281
6282
6283
6284
6287
6288
6289
6290
6292
6294
6295
6296
6297
6298
6299
6301
6302
6304
6305
6306
6307
6308
6309
6310
6311
6313
6314
6316
6318
6319
6320
6321
6322
6323
6324
6325
6326
6327
6328
6329
6330
6331
6333
6334
6336
6337
6338
6339
6342
6343
6344
6345
6347
6348
6353
6354
6355
6356
6357
6358
6359
6361
6362
6363
6364
6365
6368
6369
6370
6371
6372
6373
6374
6375
6376
6377
6378
6379
6380
6381
6382
6383
6385
6386
6387
6390
6391
6392
6394
6395
6396
6397
6398
6401
6402
6403
6404
6405
6406
6409
6411
6414
6415
6418
6419
6420
6421
6422
6424
6425
6426
6427
6428
6429
6430
6433
6434
6435
6436
6437
6438
6439
6440
6441
6442
6443
6447
6449
6450
6452
6453
6454
6455
6456
6457
6459
6463
6464
6465
6469
6470
6471
6472
6473
6475
6476
6478
6479
6481
6483
6486
6487
6488
6489
6491
6492
6494
6496
6497
6498
6501
6502
6503
6504
6505
6507
6508
6510
6511
6512
6513
6515
6516
6517
6518
6519
6520
6521
6522
6523
6525
6526
6527
6528
6529
6530
6531
6532
6533
6534
6536
6537
6538
6539
6540
6542
6544
6545
6546
6547
6548
6549
6550
6551
6552
6553
6554
6555
6556
6557
6558
6560
6561
6563
6564
6566
6567
6568
6569
6570
6572
6573
6575
6576
6577
6578
6579
6580
6581
6582
6584
6587
6588
6589
6590
6591
6592
6593
6594
6595
6596
6597
6599
6600
6601
6602
6603
6604
6606
6607
6608
6609
6611
6612
6613
6614
6616
6617
6618
6620
6622
6624
6625
6627
6629
6630
6631
6632
6633
6634
6635
6636
6637
6638
6639
6640
6641
6642
6643
6644
6645
6646
6647
6648
6649
6650
6651
6653
6656
6658
6659
6660
6662
6663
6664
6666
6667
6668
6669
6670
6672
6673
6674
6676
6677
6678
6679
6680
6681
6684
6686
6687
6688
6689
6690
6692
6694
6695
6696
6697
6698
6699
6700
6701
6702
6703
6704
6705
6706
6707
6708
6710
6711
6712
6713
6716
6717
6718
6720
6721
6724
6725
6726
6728
6729
6731
6734
6735
6736
6737
6738
6739
6740
6741
6742
6743
6744
6745
6746
6747
6748
6749
6750
6751
6752
6754
6755
6756
6757
6758
6759
6761
6762
6763
6765
6766
6767
6768
6769
6771
6773
6774
6775
6776
6778
6779
6780
6781
6784
6787
6790
6791
6792
6794
6795
6799
6801
6802
6803
6804
6805
6807
6810
6811
6812
6813
6814
6816
6817
6818
6819
6820
6821
6823
6824
6825
6826
6829
6830
6833
6834
6835
6836
6838
6839
6842
6843
6844
6847
6848
6849
6850
6851
6852
6855
6856
6857
6858
6859
6860
6861
6862
6863
6864
6865
6866
6867
6868
6869
6870
6871
6872
6874
6875
6876
6878
6879
6880
6881
6882
6885
6886
6887
6889
6891
6892
6893
6895
6897
6898
6900
6901
6902
6903
6905
6907
6908
6909
6910
6911
6913
6914
6915
6916
6918
6919
6920
6921
6922
6923
6925
6926
6928
6929
6931
6933
6934
6935
6936
6937
6941
6942
6943
6945
6946
6947
6948
6949
6950
6951
6952
6953
6957
6958
6960
6961
6962
6964
6966
6968
6969
6970
6971
6972
6973
6974
6975
6976
6977
6978
6979
6980
6982
6983
6985
6986
6987
6988
6991
6992
6994
6995
6997
6999
7002
7003
7004
7005
7006
7007
7008
7009
7010
7011
7012
7014
7016
7017
7018
7019
7021
7022
7023
7025
7026
7028
7030
7031
7032
7033
7034
7035
7036
7037
7038
7040
7041
7042
7044
7045
7047
7048
7049
7054
7055
7056
7057
7058
7059
7060
7062
7063
7064
7065
7066
7068
7070
7071
7072
7073
7075
7077
7078
7080
7081
7082
7083
7086
7087
7088
7090
7091
7092
7093
7095
7096
7098
7099
7101
7102
7104
7106
7107
7108
7110
7111
7116
7117
7119
7120
7121
7122
7123
7125
7127
7130
7131
7132
7133
7135
7136
7137
7139
7140
7141
7142
7144
7145
7146
7147
7148
7151
7153
7154
7155
7156
7157
7159
7160
7161
7162
7163
7164
7165
7167
7169
7170
7172
7174
7175
7176
7179
7181
7183
7185
7186
7187
7188
7189
7190
7191
7192
7193
7194
7195
7197
7198
7199
7201
7202
7206
7207
7210
7211
7213
7214
7220
7222
7223
7224
7225
7226
7227
7228
7230
7233
7234
7236
7237
7239
7240
7241
7242
7243
7244
7245
7246
7247
7248
7249
7250
7251
7252
7253
7255
7256
7258
7260
7261
7262
7263
7265
7267
7268
7269
7274
7276
7278
7279
7280
7281
7284
7285
7286
7287
7288
7289
7290
7292
7294
7295
7297
7298
7299
7301
7302
7304
7307
7308
7309
7310
7314
7315
7317
7318
7319
7320
7321
7322
7324
7325
7326
7327
7328
7329
7332
7333
7334
7335
7336
7337
7338
7341
7343
7344
7345
7346
7349
7350
7351
7353
7354
7355
7359
7362
7363
7364
7365
7366
7368
7369
7370
7371
7372
7373
7374
7375
7376
7377
7378
7380
7381
7382
7383
7384
7385
7386
7387
7390
7391
7392
7393
7395
7396
7398
7399
7401
7402
7403
7407
7408
7409
7410
7411
7413
7414
7415
7417
7418
7419
7420
7421
7423
7424
7426
7427
7428
7429
7430
7432
7434
7435
7436
7437
7438
7439
7440
7441
7442
7443
7444
7445
7447
7448
7449
7450
7451
7454
7455
7457
7458
7459
7460
7461
7462
7463
7464
7465
7466
7467
7469
7470
7472
7474
7477
7478
7479
7481
7484
7487
7488
7489
7491
7493
7494
7495
7496
7497
7498
7499
7500
7501
7503
7504
7505
7506
7508
7509
7510
7511
7514
7515
7516
7517
7518
7520
7521
7522
7523
7525
7526
7527
7530
7532
7533
7537
7538
7539
7540
7541
7542
7543
7544
7545
7547
7549
7551
7552
7553
7554
7555
7556
7557
7559
7560
7561
7563
7565
7566
7568
7569
7570
7571
7573
7574
7575
7576
7578
7579
7581
7582
7584
7585
7586
7587
7588
7589
7590
7591
7593
7594
7595
7596
7598
7601
7602
7604
7605
7606
7608
7609
7610
7611
7612
7613
7615
7616
7618
7619
7620
7621
7622
7624
7625
7626
7627
7628
7629
7632
7633
7634
7635
7636
7637
7638
7640
7641
7642
7643
7644
7645
7647
7648
7649
7650
7651
7652
7653
7654
7656
7658
7659
7660
7663
7664
7665
7666
7667
7671
7673
7674
7675
7676
7677
7678
7679
7681
7682
7683
7684
7685
7686
7687
7689
7690
7692
7693
7694
7695
7697
7698
7699
7700
7701
7703
7705
7706
7708
7709
7710
7711
7712
7713
7714
7715
7716
7717
7718
7719
7720
7722
7723
7724
7725
7726
7728
7729
7730
7731
7732
7733
7734
7736
7737
7738
7739
7744
7745
7747
7748
7749
7751
7752
7755
7756
7757
7759
7760
7761
7762
7763
7764
7767
7769
7770
7772
7774
7776
7777
7778
7780
7782
7783
7784
7785
7786
7787
7788
7789
7790
7791
7792
7793
7794
7795
7797
7798
7799
7800
7803
7804
7806
7807
7808
7810
7811
7812
7813
7815
7817
7819
7820
7821
7823
7824
7825
7826
7827
7830
7831
7832
7833
7834
7836
7837
7838
7839
7840
7842
7843
7848
7849
7850
7854
7856
7857
7858
7859
7860
7861
7862
7863
7865
7866
7867
7869
7870
7872
7873
7874
7875
7876
7877
7878
7879
7880
7881
7883
7884
7885
7888
7890
7891
7892
7895
7896
7897
7898
7899
7900
7902
7903
7904
7905
7906
7907
7909
7911
7912
7913
7914
7915
7916
7917
7918
7919
7920
7922
7926
7927
7929
7934
7935
7936
7937
7940
7941
7943
7944
7945
7946
7947
7948
7949
7951
7954
7955
7956
7957
7960
7964
7965
7966
7967
7968
7969
7972
7974
7976
7977
7978
7980
7981
7982
7983
7984
7985
7986
7990
7993
7994
7995
8001
8005
8006
8007
8010
8012
8013
8014
8015
8016
8017
8018
8019
8020
8022
8023
8024
8026
8027
8028
8029
8030
8032
8033
8034
8037
8038
8039
8040
8042
8043
8044
8046
8047
8049
8052
8053
8055
8056
8057
8058
8059
8060
8061
8062
8064
8065
8068
8070
8072
8074
8075
8076
8077
8078
8079
8080
8081
8083
8084
8085
8086
8087
8090
8092
8096
8097
8098
8099
8101
8102
8103
8105
8106
8107
8108
8109
8110
8112
8113
8114
8115
8116
8117
8119
8120
8121
8122
8123
8125
8126
8127
8128
8129
8130
8132
8134
8135
8136
8137
8138
8139
8141
8142
8144
8145
8146
8147
8149
8150
8151
8152
8153
8154
8155
8156
8157
8158
8159
8160
8161
8162
8163
8166
8167
8168
8169
8170
8171
8172
8173
8174
8176
8177
8179
8180
8181
8182
8187
8188
8189
8190
8191
8192
8193
8194
8195
8196
8197
8198
8199
8200
8202
8203
8204
8205
8206
8207
8209
8210
8211
8213
8214
8215
8217
8218
8220
8221
8222
8223
8224
8225
8228
8229
8230
8231
8232
8233
8236
8238
8239
8240
8242
8243
8245
8249
8251
8254
8255
8256
8258
8259
8261
8262
8263
8264
8265
8266
8268
8269
8271
8272
8274
8275
8276
8279
8280
8281
8282
8284
8285
8286
8287
8288
8289
8291
8293
8294
8295
8297
8298
8299
8300
8302
8303
8306
8307
8308
8309
8310
8311
8312
8313
8315
8316
8317
8318
8319
8320
8322
8324
8326
8327
8328
8329
8332
8334
8335
8337
8338
8339
8340
8341
8343
8344
8345
8346
8347
8348
8349
8350
8351
8352
8355
8357
8358
8359
8360
8362
8363
8364
8365
8366
8368
8369
8373
8376
8378
8379
8381
8385
8386
8387
8388
8389
8390
8391
8392
8393
8394
8395
8396
8397
8398
8400
8403
8404
8409
8410
8412
8416
8418
8419
8420
8421
8422
8423
8424
8425
8427
8428
8429
8431
8432
8433
8434
8435
8436
8437
8438
8439
8442
8443
8445
8447
8448
8449
8451
8452
8453
8454
8456
8457
8459
8460
8462
8464
8465
8466
8468
8469
8470
8471
8472
8473
8474
8475
8476
8477
8478
8479
8481
8482
8483
8484
8486
8487
8488
8489
8490
8492
8494
8495
8496
8497
8498
8499
8500
8502
8503
8506
8507
8508
8509
8510
8511
8512
8516
8517
8519
8520
8521
8522
8523
8524
8525
8526
8529
8530
8531
8532
8533
8534
8535
8537
8541
8542
8543
8545
8547
8548
8549
8550
8552
8553
8554
8556
8557
8558
8559
8560
8561
8562
8563
8564
8565
8566
8569
8570
8573
8574
8577
8578
8580
8581
8582
8583
8584
8585
8588
8589
8590
8591
8592
8593
8594
8597
8598
8600
8601
8602
8606
8610
8611
8612
8613
8614
8615
8616
8618
8619
8620
8622
8623
8625
8626
8627
8629
8631
8632
8635
8636
8637
8639
8640
8642
8643
8644
8645
8646
8647
8648
8651
8652
8653
8655
8656
8657
8658
8659
8660
8661
8662
8663
8665
8666
8667
8668
8669
8670
8672
8673
8675
8677
8678
8679
8680
8681
8684
8685
8686
8687
8689
8692
8694
8695
8696
8698
8699
8701
8702
8703
8704
8705
8708
8710
8712
8713
8714
8716
8717
8719
8721
8722
8723
8724
8725
8727
8728
8732
8733
8734
8735
8736
8739
8741
8742
8744
8746
8747
8748
8749
8750
8751
8752
8753
8754
8755
8756
8757
8758
8759
8760
8761
8762
8765
8766
8767
8770
8771
8772
8775
8776
8778
8779
8780
8782
8783
8785
8786
8790
8791
8794
8795
8796
8797
8798
8799
8800
8804
8805
8806
8807
8808
8811
8812
8817
8818
8820
8821
8823
8825
8826
8827
8829
8830
8831
8833
8834
8835
8836
8837
8838
8839
8842
8843
8844
8845
8846
8847
8848
8849
8850
8851
8852
8855
8856
8857
8858
8860
8861
8862
8863
8865
8866
8868
8869
8871
8872
8873
8874
8875
8876
8877
8878
8879
8880
8881
8882
8884
8886
8888
8889
8890
8891
8892
8896
8898
8900
8901
8902
8903
8904
8905
8906
8908
8909
8910
8911
8913
8914
8915
8917
8919
8920
8921
8922
8924
8925
8926
8927
8928
8930
8931
8932
8933
8934
8937
8938
8940
8941
8942
8943
8944
8947
8948
8949
8951
8952
8953
8955
8956
8957
8958
8959
8960
8961
8962
8966
8969
8970
8971
8972
8973
8976
8977
8978
8979
8980
8981
8982
8984
8985
8987
8988
8989
8990
8991
8992
8996
8997
9000
9001
9003
9006
9007
9008
9009
9010
9011
9012
9013
9015
9017
9018
9019
9020
9021
9023
9024
9025
9026
9027
9028
9030
9031
9032
9033
9034
9035
9036
9037
9038
9039
9040
9041
9042
9043
9044
9045
9046
9048
9052
9053
9055
9057
9060
9062
9063
9064
9066
9067
9069
9070
9071
9072
9073
9075
9076
9077
9079
9081
9082
9084
9085
9087
9088
9089
9090
9092
9093
9094
9095
9097
9100
9101
9102
9103
9104
9107
9109
9110
9111
9112
9115
9116
9117
9118
9119
9121
9123
9125
9128
9129
9132
9133
9134
9138
9139
9141
9143
9144
9146
9147
9148
9149
9150
9153
9154
9155
9158
9159
9162
9163
9164
9165
9167
9168
9170
9171
9172
9175
9176
9178
9181
9183
9184
9186
9187
9188
9189
9190
9191
9192
9193
9194
9195
9196
9197
9200
9201
9202
9203
9205
9207
9208
9209
9211
9212
9213
9214
9215
9216
9217
9218
9219
9221
9222
9223
9226
9227
9230
9231
9233
9235
9236
9237
9238
9239
9240
9241
9242
9244
9247
9250
9251
9252
9253
9254
9255
9257
9261
9262
9263
9264
9265
9266
9268
9272
9273
9274
9277
9278
9280
9281
9282
9283
9284
9286
9287
9290
9292
9293
9296
9297
9298
9299
9300
9301
9302
9304
9305
9306
9307
9308
9310
9311
9315
9317
9318
9319
9321
9325
9326
9327
9328
9330
9331
9333
9335
9336
9337
9338
9339
9340
9341
9342
9343
9344
9345
9347
9348
9351
9352
9353
9354
9356
9357
9358
9360
9361
9362
9363
9366
9367
9369
9370
9371
9372
9373
9375
9376
9377
9378
9381
9383
9384
9385
9386
9389
9390
9391
9392
9393
9395
9397
9398
9399
9400
9401
9402
9403
9405
9407
9408
9409
9410
9411
9412
9415
9416
9417
9418
9419
9420
9422
9423
9424
9425
9426
9427
9428
9430
9431
9433
9434
9435
9437
9439
9440
9441
9442
9444
9445
9446
9447
9448
9450
9453
9454
9455
9457
9461
9463
9464
9465
9466
9467
9468
9469
9471
9472
9474
9476
9477
9478
9479
9480
9481
9482
9485
9487
9490
9492
9493
9494
9495
9496
9497
9500
9501
9502
9504
9506
9507
9508
9509
9512
9513
9515
9516
9517
9518
9520
9521
9522
9523
9526
9527
9529
9532
9533
9535
9536
9537
9538
9539
9542
9543
9546
9548
9549
9550
9552
9553
9554
9555
9556
9557
9558
9559
9560
9562
9563
9564
9565
9566
9568
9569
9570
9571
9574
9575
9576
9577
9579
9580
9581
9582
9583
9584
9585
9586
9588
9590
9592
9596
9597
9599
9602
9603
9607
9609
9610
9611
9612
9614
9615
9617
9620
9621
9623
9625
9626
9627
9628
9632
9633
9634
9635
9636
9637
9638
9639
9640
9641
9642
9643
9645
9646
9648
9649
9650
9651
9652
9653
9654
9655
9656
9657
9658
9659
9660
9663
9665
9666
9667
9668
9669
9671
9672
9674
9675
9676
9679
9680
9685
9686
9687
9688
9690
9691
9692
9693
9694
9695
9696
9697
9699
9701
9703
9704
9705
9707
9708
9709
9710
9711
9712
9713
9714
9715
9716
9720
9721
9722
9724
9726
9727
9729
9730
9731
9732
9733
9734
9735
9737
9738
9739
9740
9742
9743
9744
9747
9749
9750
9751
9753
9754
9757
9758
9760
9761
9763
9764
9766
9767
9768
9770
9771
9772
9773
9774
9775
9778
9779
9780
9781
9782
9783
9785
9786
9787
9788
9789
9790
9791
9795
9797
9798
9799
9801
9802
9803
9805
9806
9808
9809
9811
9812
9813
9814
9815
9816
9817
9818
9819
9821
9822
9823
9825
9826
9827
9828
9830
9831
9832
9833
9834
9835
9837
9840
9842
9843
9845
9848
9849
9851
9853
9854
9855
9856
9858
9859
9861
9862
9863
9865
9867
9868
9870
9872
9874
9878
9879
9880
9881
9882
9883
9884
9885
9886
9888
9889
9890
9892
9894
9895
9896
9897
9900
9902
9904
9906
9907
9909
9912
9915
9919
9920
9922
9923
9924
9926
9927
9928
9930
9931
9932
9933
9936
9937
9938
9940
9941
9944
9945
9947
9948
9949
9950
9951
9952
9954
9955
9956
9959
9960
9962
9964
9965
9966
9967
9968
9969
9970
9971
9973
9974
9976
9978
9979
9981
9982
9984
9986
9987
9988
9989
9990
9992
9997
9998
10000
10002
10003
10006
10007
10008
10009
10012
10014
10015
10016
10018
10020
10021
10022
10024
10025
10027
10028
10029
10031
10032
10033
10034
10035
10036
10037
10038
10039
10041
10042
10046
10049
10052
10053
10054
10055
10057
10059
10060
10065
10071
10073
10074
10076
10077
10078
10079
10082
10083
10085
10087
10088
10089
10090
10092
10094
10095
10097
10098
10102
10103
10104
10106
10107
10108
10112
10113
10114
10115
10116
10118
10121
10122
10123
10125
10126
10128
10130
10132
10133
10134
10135
10137
10138
10141
10142
10144
10146
10147
10149
10152
10153
10154
10155
10156
10159
10160
10162
10163
10164
10165
10166
10168
10169
10171
10172
10173
10174
10175
10177
10178
10179
10181
10182
10184
10185
10186
10188
10189
10190
10191
10192
10193
10194
10195
10197
10198
10199
10202
10203
10204
10205
10206
10207
10208
10209
10211
10212
10213
10217
10218
10219
10220
10221
10222
10223
10226
10229
10230
10231
10232
10234
10235
10236
10238
10239
10240
10241
10242
10243
10248
10250
10252
10253
10254
10255
10256
10257
10258
10260
10261
10262
10263
10264
10265
10266
10268
10269
10270
10272
10273
10275
10276
10277
10278
10279
10281
10283
10284
10286
10287
10288
10289
10290
10292
10294
10295
10296
10297
10298
10299
10300
10301
10302
10304
10306
10307
10308
10309
10310
10311
10312
10313
10314
10315
10316
10317
10318
10319
10320
10321
10322
10324
10325
10327
10329
10330
10331
10332
10333
10334
10335
10336
10337
10338
10339
10340
10341
10342
10343
10344
10345
10346
10347
10349
10350
10351
10352
10354
10355
10356
10357
10358
10362
10365
10366
10367
10368
10369
10371
10372
10374
10376
10377
10378
10379
10380
10381
10382
10383
10384
10386
10390
10391
10392
10393
10394
10398
10399
10400
10402
10403
10404
10405
10406
10407
10409
10412
10415
10416
10417
10419
10420
10421
10424
10425
10426
10429
10430
10431
10432
10433
10434
10435
10436
10437
10441
10442
10445
10446
10447
10450
10451
10454
10457
10458
10459
10460
10462
10464
10466
10467
10468
10469
10470
10471
10472
10473
10474
10477
10478
10479
10480
10481
10483
10484
10485
10486
10487
10488
10490
10491
10492
10494
10495
10497
10499
10500
10501
10502
10503
10504
10505
10506
10507
10508
10511
10512
10515
10519
10521
10522
10523
10524
10525
10526
10528
10530
10532
10533
10534
10535
10536
10539
10540
10542
10544
10545
10548
10551
10552
10553
10557
10558
10559
10560
10561
10562
10565
10570
10573
10574
10578
10579
10580
10581
10582
10583
10584
10588
10589
10590
10591
10592
10593
10594
10596
10597
10598
10601
10602
10603
10604
10608
10610
10612
10614
10615
10616
10617
10618
10620
10621
10624
10625
10628
10630
10631
10632
10633
10634
10635
10636
10639
10640
10641
10642
10643
10644
10646
10649
10650
10653
10655
10656
10658
10659
10660
10661
10662
10663
10665
10666
10668
10669
10672
10673
10674
10675
10676
10677
10678
10680
10684
10685
10686
10690
10691
10694
10695
10696
10697
10698
10699
10700
10701
10702
10703
10705
10706
10708
10709
10710
10711
10712
10713
10714
10716
10723
10724
10725
10726
10727
10728
10729
10730
10732
10733
10734
10736
10738
10739
10741
10742
10743
10744
10746
10747
10749
10751
10752
10754
10755
10756
10757
10758
10759
10760
10761
10762
10763
10764
10765
10766
10768
10771
10774
10775
10778
10779
10782
10785
10786
10787
10788
10789
10790
10791
10793
10795
10796
10798
10800
10801
10804
10806
10807
10808
10810
10811
10812
10813
10814
10816
10817
10818
10820
10822
10823
10824
10825
10826
10828
10829
10832
10834
10835
10836
10837
10838
10839
10840
10841
10842
10843
10844
10845
10846
10847
10849
10850
10851
10852
10853
10856
10857
10859
10860
10862
10863
10864
10865
10866
10867
10868
10869
10872
10875
10876
10877
10883
10884
10885
10886
10889
10890
10891
10893
10894
10895
10896
10897
10898
10899
10901
10902
10903
10904
10906
10907
10911
10912
10913
10914
10916
10917
10920
10921
10923
10925
10926
10927
10928
10929
10930
10931
10932
10934
10936
10937
10938
10939
10942
10944
10949
10951
10953
10954
10955
10956
10957
10958
10959
10960
10962
10963
10964
10966
10968
10969
10970
10971
10972
10973
10976
10977
10978
10979
10980
10982
10984
10985
10986
10988
10990
10993
10997
10999
11000
11002
11007
11008
11009
11010
11011
11012
11013
11014
11016
11018
11019
11020
11021
11022
11023
11024
11025
11026
11028
11031
11033
11034
11036
11039
11040
11045
11046
11047
11048
11049
11053
11054
11055
11057
11058
11061
11063
11064
11065
11069
11071
11072
11073
11074
11076
11077
11078
11079
11081
11083
11084
11086
11087
11088
11089
11090
11091
11092
11095
11096
11098
11100
11101
11102
11105
11106
11107
11109
11111
11112
11114
11115
11116
11117
11118
11119
11120
11121
11122
11123
11124
11125
11126
11127
11128
11129
11131
11132
11133
11134
11135
11136
11137
11139
11140
11141
11143
11144
11146
11147
11149
11150
11151
11152
11153
11154
11156
11157
11158
11159
11160
11163
11164
11167
11168
11170
11171
11173
11174
11176
11177
11179
11180
11181
11183
11185
11187
11188
11189
11191
11192
11194
11196
11197
11198
11201
11202
11204
11205
11206
11208
11210
11212
11214
11215
11217
11218
11219
11220
11221
11222
11223
11225
11227
11229
11231
11232
11233
11234
11235
11236
11238
11239
11240
11241
11242
11244
11246
11248
11249
11250
11252
11253
11255
11256
11258
11259
11261
11263
11264
11265
11266
11267
11268
11269
11271
11272
11274
11278
11279
11280
11284
11286
11287
11290
11291
11292
11293
11294
11295
11296
11299
11300
11301
11302
11304
11305
11306
11311
11312
11313
11315
11316
11317
11318
11319
11320
11321
11322
11323
11324
11325
11326
11327
11329
11330
11331
11333
11335
11336
11337
11340
11342
11343
11344
11346
11347
11348
11349
11350
11351
11352
11353
11354
11355
11356
11357
11358
11359
11360
11361
11362
11363
11365
11368
11369
11371
11372
11378
11382
11383
11385
11386
11390
11391
11393
11394
11395
11396
11397
11398
11399
11400
11401
11402
11406
11407
11409
11410
11411
11413
11414
11415
11417
11418
11419
11420
11421
11424
11425
11426
11427
11428
11429
11430
11431
11432
11433
11434
11436
11438
11439
11440
11441
11442
11444
11447
11448
11450
11451
11452
11453
11454
11455
11457
11458
11459
11461
11465
11466
11467
11469
11472
11473
11474
11477
11480
11481
11482
11483
11484
11485
11486
11488
11490
11491
11492
11493
11494
11495
11496
11497
11498
11499
11500
11503
11504
11505
11508
11509
11510
11511
11513
11514
11516
11518
11519
11521
11524
11525
11526
11527
11528
11529
11531
11532
11533
11534
11535
11538
11539
11540
11541
11542
11543
11544
11545
11547
11548
11550
11551
11552
11553
11554
11555
11556
11557
11559
11560
11565
11566
11567
11568
11570
11571
11572
11573
11574
11576
11579
11580
11583
11585
11587
11589
11590
11591
11592
11594
11595
11596
11597
11602
11603
11604
11605
11606
11607
11609
11611
11612
11614
11615
11616
11617
11618
11622
11626
11627
11628
11629
11630
11633
11634
11635
11636
11637
11638
11639
11640
11641
11642
11644
11645
11646
11648
11650
11652
11653
11655
11656
11658
11661
11663
11664
11665
11666
11667
11668
11670
11671
11672
11673
11674
11676
11678
11679
11680
11681
11684
11686
11688
11690
11691
11693
11694
11696
11697
11698
11699
11700
11701
11704
11706
11708
11710
11712
11715
11716
11717
11718
11719
11721
11722
11724
11726
11728
11729
11730
11733
11734
11735
11740
11741
11743
11744
11745
11746
11747
11748
11751
11752
11753
11757
11758
11759
11760
11761
11762
11763
11764
11766
11767
11768
11770
11771
11774
11776
11778
11780
11781
11782
11783
11784
11785
11787
11788
11789
11790
11791
11794
11795
11798
11799
11800
11803
11804
11805
11806
11807
11809
11810
11811
11814
11815
11816
11817
11818
11820
11821
11822
11823
11825
11827
11829
11830
11832
11833
11834
11835
11836
11837
11838
11839
11842
11843
11844
11846
11847
11848
11849
11850
11851
11853
11855
11856
11857
11858
11859
11860
11861
11862
11863
11868
11870
11871
11872
11873
11875
11877
11878
11879
11880
11881
11882
11883
11886
11888
11889
11890
11892
11893
11894
11896
11897
11898
11899
11900
11901
11902
11905
11906
11908
11909
11910
11911
11912
11914
11915
11916
11917
11918
11919
11925
11927
11930
11931
11932
11936
11937
11939
11940
11941
11942
11943
11944
11946
11948
11949
11950
11953
11955
11956
11957
11958
11959
11960
11961
11962
11963
11964
11965
11967
11968
11969
11971
11972
11973
11974
11976
11977
11979
11980
11981
11982
11983
11984
11985
11986
11987
11988
11990
11991
11992
11993
11994
11995
12000
12003
12005
12006
12008
12013
12017
12019
12023
12024
12025
12026
12028
12029
12034
12036
12037
12040
12041
12043
12044
12046
12048
12049
12050
12051
12052
12054
12055
12056
12058
12059
12060
12062
12065
12068
12070
12071
12076
12077
12078
12079
12080
12081
12082
12083
12084
12086
12087
12088
12089
12090
12091
12092
12095
12097
12098
12100
12101
12102
12103
12104
12105
12106
12109
12110
12112
12113
12115
12116
12117
12118
12119
12120
12121
12123
12124
12125
12126
12130
12131
12132
12133
12138
12139
12140
12143
12145
12146
12147
12149
12150
12151
12152
12153
12154
12156
12159
12161
12162
12163
12164
12165
12167
12168
12171
12172
12173
12174
12175
12176
12178
12179
12180
12182
12183
12185
12187
12188
12189
12192
12193
12195
12197
12198
12200
12201
12204
12205
12207
12208
12211
12212
12214
12215
12216
12217
12218
12219
12221
12222
12224
12229
12230
12231
12234
12236
12237
12238
12239
12240
12241
12243
12244
12245
12246
12249
12250
12253
12254
12258
12259
12261
12262
12263
12264
12265
12266
12267
12268
12269
12270
12271
12272
12275
12277
12278
12282
12283
12285
12286
12287
12288
12291
12292
12293
12294
12296
12297
12298
12300
12301
12303
12304
12305
12306
12309
12310
12311
12312
12313
12314
12315
12316
12317
12321
12322
12323
12325
12331
12333
12334
12337
12338
12339
12340
12343
12347
12348
12350
12351
12354
12358
12361
12364
12366
12368
12370
12373
12376
12377
12379
12380
12381
12385
12388
12389
12390
12391
12394
12395
12396
12398
12400
12401
12402
12404
12405
12406
12408
12410
12412
12413
12414
12415
12417
12418
12422
12423
12426
12427
12429
12430
12431
12432
12435
12436
12437
12439
12443
12444
12448
12449
12450
12452
12453
12454
12456
12457
12458
12459
12460
12461
12462
12463
12464
12466
12472
12473
12475
12477
12480
12482
12483
12484
12485
12486
12488
12489
12490
12491
12492
12493
12494
12495
12496
12497
12498
12499
12500
12502
12503
12504
12505
12506
12507
12509
12511
12513
12515
12516
12517
12518
12520
12521
12524
12525
12527
12528
12529
12530
12533
12535
12536
12538
12539
12540
12541
12542
12543
12544
12545
12546
12547
12548
12549
12550
12551
12552
12554
12556
12557
12558
12559
12561
12563
12564
12566
12567
12569
12571
12572
12573
12576
12577
12578
12579
12580
12581
12582
12583
12584
12586
12587
12588
12593
12594
12597
12604
12606
12607
12608
12609
12610
12611
12613
12615
12616
12618
12619
12621
12623
12624
12626
12628
12629
12630
12631
12633
12636
12637
12639
12640
12643
12644
12646
12647
12648
12649
12650
12651
12653
12654
12655
12656
12659
12661
12662
12663
12664
12665
12669
12671
12672
12674
12675
12678
12680
12681
12682
12683
12684
12687
12688
12689
12690
12691
12692
12697
12698
12700
12702
12705
12706
12707
12709
12712
12713
12714
12716
12717
12718
12719
12720
12721
12722
12724
12725
12726
12727
12731
12732
12734
12736
12737
12740
12741
12742
12743
12745
12747
12748
12749
12750
12752
12753
12755
12756
12757
12759
12760
12763
12765
12766
12767
12768
12769
12770
12771
12773
12774
12777
12779
12782
12784
12785
12786
12788
12789
12792
12793
12794
12796
12800
12801
12802
12804
12805
12806
12807
12809
12811
12813
12814
12815
12816
12817
12819
12820
12821
12822
12824
12825
12826
12827
12829
12830
12832
12833
12834
12836
12837
12838
12843
12844
12846
12847
12849
12850
12851
12852
12854
12855
12857
12858
12863
12864
12865
12866
12867
12868
12869
12870
12871
12873
12874
12875
12876
12877
12878
12880
12881
12882
12883
12888
12889
12890
12891
12892
12895
12896
12897
12898
12899
12900
12901
12903
12904
12906
12908
12910
12912
12913
12914
12917
12920
12921
12922
12924
12925
12927
12929
12931
12932
12934
12935
12936
12937
12938
12939
12942
12943
12945
12947
12948
12949
12950
12951
12952
12953
12954
12955
12958
12960
12961
12964
12965
12966
12967
12969
12973
12974
12975
12976
12977
12979
12984
12985
12986
12991
12992
12993
12994
12995
12996
12997
13000
13001
13002
13004
13007
13011
13012
13013
13014
13015
13016
13017
13019
13021
13022
13023
13024
13025
13026
13027
13028
13030
13031
13033
13034
13036
13037
13038
13039
13041
13042
13043
13044
13046
13047
13048
13049
13050
13051
13053
13054
13055
13056
13057
13059
13061
13062
13063
13064
13065
13066
13067
13068
13069
13071
13073
13075
13076
13077
13079
13080
13081
13082
13085
13086
13087
13088
13089
13091
13092
13094
13095
13099
13101
13102
13103
13104
13105
13106
13107
13109
13111
13112
13114
13118
13120
13121
13123
13126
13128
13129
13131
13132
13137
13138
13139
13140
13141
13142
13145
13146
13149
13151
13153
13155
13157
13158
13160
13161
13162
13163
13165
13166
13171
13172
13175
13176
13177
13178
13179
13180
13181
13183
13184
13185
13186
13187
13188
13190
13191
13193
13194
13196
13197
13199
13200
13201
13202
13204
13205
13207
13208
13209
13211
13213
13214
13215
13216
13217
13218
13221
13222
13223
13224
13226
13227
13230
13233
13235
13236
13237
13238
13239
13240
13242
13244
13245
13246
13248
13249
13251
13252
13253
13254
13258
13259
13260
13261
13262
13263
13264
13266
13267
13268
13269
13271
13272
13273
13274
13276
13277
13279
13280
13281
13282
13283
13284
13286
13287
13289
13290
13293
13295
13296
13301
13303
13305
13307
13309
13310
13312
13315
13316
13317
13319
13320
13322
13323
13324
13325
13329
13330
13331
13332
13333
13336
13337
13340
13341
13343
13344
13345
13348
13350
13351
13353
13354
13358
13359
13362
13364
13365
13366
13367
13369
13370
13371
13372
13373
13375
13378
13379
13382
13386
13387
13388
13390
13391
13392
13393
13394
13396
13397
13398
13399
13402
13403
13404
13405
13410
13412
13413
13415
13416
13417
13418
13421
13422
13423
13425
13426
13427
13428
13429
13430
13432
13434
13438
13439
13441
13442
13444
13447
13451
13452
13453
13454
13455
13457
13458
13460
13462
13464
13465
13468
13470
13471
13473
13474
13475
13477
13478
13480
13481
13483
13485
13486
13488
13489
13491
13494
13496
13497
13501
13503
13504
13505
13506
13509
13511
13512
13513
13514
13515
13518
13521
13522
13525
13527
13528
13529
13531
13533
13534
13535
13537
13538
13539
13540
13541
13542
13543
13545
13547
13548
13550
13552
13553
13554
13555
13556
13558
13559
13560
13563
13565
13569
13571
13572
13573
13575
13578
13581
13582
13583
13585
13586
13587
13592
13594
13595
13596
13597
13598
13599
13600
13602
13605
13606
13609
13611
13612
13613
13614
13616
13617
13618
13620
13622
13624
13626
13627
13628
13632
13633
13634
13635
13638
13640
13642
13643
13646
13648
13651
13652
13653
13654
13655
13657
13660
13661
13662
13663
13664
13665
13667
13668
13669
13670
13673
13674
13675
13677
13678
13679
13681
13682
13683
13684
13685
13687
13688
13690
13691
13693
13694
13695
13697
13699
13704
13706
13707
13708
13709
13713
13714
13715
13716
13717
13718
13723
13724
13725
13726
13727
13731
13732
13733
13734
13736
13738
13741
13742
13744
13745
13746
13747
13748
13749
13750
13752
13753
13754
13755
13756
13757
13759
13760
13761
13762
13763
13764
13765
13766
13768
13769
13771
13772
13773
13775
13776
13777
13779
13780
13781
13783
13784
13786
13787
13788
13789
13791
13792
13794
13795
13797
13798
13800
13801
13802
13803
13804
13808
13809
13810
13811
13812
13813
13816
13817
13818
13820
13822
13823
13826
13829
13830
13831
13832
13834
13835
13837
13838
13839
13840
13843
13846
13847
13848
13849
13852
13854
13857
13858
13859
13860
13862
13863
13864
13866
13867
13868
13870
13873
13874
13875
13876
13878
13879
13880
13881
13882
13884
13885
13887
13888
13891
13893
13899
13901
13902
13903
13904
13906
13908
13909
13910
13911
13913
13914
13917
13918
13920
13923
13925
13926
13927
13928
13932
13933
13934
13935
13939
13942
13943
13945
13946
13947
13948
13951
13954
13955
13957
13962
13963
13964
13965
13966
13967
13968
13969
13971
13973
13974
13975
13976
13977
13979
13980
13981
13982
13983
13984
13985
13986
13987
13988
13990
13991
13992
13996
13998
13999
14003
14004
14005
14006
14007
14008
14009
14011
14012
14013
14014
14015
14018
14020
14021
14022
14023
14024
14026
14028
14029
14030
14031
14032
14035
14037
14039
14040
14041
14043
14046
14047
14048
14051
14053
14055
14056
14057
14059
14060
14061
14064
14065
14067
14069
14071
14072
14074
14077
14078
14079
14080
14081
14082
14083
14084
14086
14087
14088
14090
14092
14094
14095
14096
14097
14098
14100
14103
14105
14106
14107
14108
14109
14110
14112
14116
14118
14119
14120
14121
14122
14124
14125
14128
14129
14131
14132
14134
14135
14136
14137
14138
14142
14143
14144
14145
14146
14147
14148
14149
14152
14153
14156
14157
14159
14161
14162
14163
14164
14165
14166
14168
14170
14172
14174
14175
14176
14177
14178
14179
14182
14184
14185
14186
14188
14189
14192
14193
14194
14195
14196
14197
14198
14199
14200
14202
14204
14205
14206
14208
14210
14211
14212
14213
14214
14215
14217
14220
14221
14222
14225
14226
14228
14231
14233
14234
14235
14236
14238
14239
14241
14242
14244
14246
14247
14249
14250
14251
14252
14254
14255
14256
14257
14258
14260
14261
14263
14264
14265
14266
14267
14269
14270
14271
14272
14273
14274
14276
14280
14281
14282
14283
14285
14286
14287
14288
14289
14292
14293
14294
14295
14299
14304
14305
14306
14308
14311
14312
14314
14316
14318
14322
14324
14326
14328
14330
14332
14333
14334
14335
14336
14337
14338
14340
14341
14343
14344
14345
14346
14347
14349
14352
14354
14356
14361
14362
14367
14368
14369
14371
14372
14373
14374
14375
14376
14377
14378
14379
14380
14381
14384
14385
14386
14387
14388
14390
14392
14395
14397
14398
14399
14400
14401
14402
14406
14408
14410
14411
14413
14414
14416
14419
14420
14421
14423
14425
14427
14428
14429
14430
14431
14434
14435
14436
14438
14441
14442
14443
14445
14446
14447
14448
14449
14452
14453
14454
14456
14457
14458
14459
14460
14461
14463
14465
14468
14469
14470
14471
14472
14473
14475
14476
14477
14480
14482
14485
14486
14488
14489
14490
14497
14499
14502
14503
14505
14508
14512
14514
14515
14519
14520
14522
14523
14524
14525
14526
14528
14531
14532
14535
14539
14540
14541
14542
14543
14544
14545
14546
14548
14549
14551
14552
14553
14554
14555
14556
14558
14559
14560
14561
14562
14565
14567
14569
14570
14572
14573
14574
14575
14576
14577
14583
14585
14586
14587
14588
14589
14590
14595
14596
14598
14599
14600
14601
14602
14603
14605
14606
14607
14609
14611
14612
14617
14619
14621
14622
14623
14625
14627
14628
14629
14630
14632
14636
14637
14641
14642
14645
14646
14648
14650
14653
14654
14657
14658
14659
14660
14661
14663
14664
14665
14669
14670
14671
14673
14676
14677
14678
14680
14681
14682
14683
14685
14687
14688
14689
14691
14692
14693
14695
14698
14702
14703
14705
14706
14707
14708
14710
14711
14713
14714
14715
14717
14720
14721
14722
14725
14726
14727
14728
14730
14733
14734
14736
14737
14738
14739
14740
14741
14746
14747
14749
14750
14751
14754
14755
14760
14762
14765
14768
14770
14771
14773
14775
14777
14778
14779
14781
14782
14783
14784
14785
14787
14789
14791
14794
14795
14796
14800
14802
14803
14804
14807
14808
14809
14812
14813
14814
14816
14818
14822
14824
14826
14827
14830
14832
14833
14834
14835
14836
14837
14838
14840
14842
14844
14846
14849
14851
14852
14854
14855
14856
14857
14858
14859
14860
14861
14862
14863
14864
14866
14867
14868
14869
14870
14871
14872
14874
14880
14883
14884
14885
14886
14887
14888
14890
14892
14893
14894
14895
14898
14901
14902
14905
14906
14907
14908
14910
14912
14913
14914
14915
14917
14918
14921
14923
14927
14928
14929
14931
14932
14933
14934
14936
14938
14940
14943
14944
14950
14951
14953
14955
14957
14959
14960
14962
14963
14964
14965
14970
14971
14973
14975
14976
14978
14979
14980
14981
14983
14986
14988
14989
14991
14992
14993
14995
14996
14997
14999
15000
15002
15003
15004
15005
15006
15007
15009
15010
15011
15013
15015
15016
15018
15019
15020
15022
15023
15025
15026
15027
15029
15030
15031
15035
15036
15037
15039
15040
15041
15042
15043
15044
15045
15047
15048
15049
15050
15051
15052
15055
15057
15058
15060
15062
15064
15065
15066
15069
15071
15072
15074
15077
15078
15080
15082
15083
15087
15089
15090
15092
15093
15094
15096
15098
15103
15106
15107
15109
15113
15114
15115
15116
15117
15118
15119
15120
15122
15123
15124
15127
15128
15129
15131
15132
15135
15136
15137
15141
15142
15144
15145
15146
15150
15153
15155
15156
15157
15161
15162
15164
15167
15169
15170
15171
15172
15173
15174
15175
15176
15177
15178
15183
15184
15185
15186
15190
15192
15193
15194
15196
15197
15198
15199
15201
15203
15204
15205
15206
15207
15208
15210
15211
15213
15214
15215
15217
15218
15219
15220
15221
15222
15225
15226
15227
15228
15229
15232
15233
15234
15235
15236
15238
15239
15240
15243
15244
15246
15248
15250
15257
15259
15260
15262
15263
15264
15267
15269
15270
15271
15272
15273
15275
15277
15278
15279
15280
15284
15286
15287
15288
15289
15291
15292
15293
15294
15295
15296
15297
15298
15299
15300
15301
15304
15305
15308
15309
15311
15312
15313
15314
15315
15316
15318
15319
15321
15322
15324
15326
15327
15328
15329
15330
15332
15335
15337
15339
15340
15342
15344
15345
15346
15349
15352
15353
15354
15358
15359
15360
15361
15365
15366
15367
15369
15370
15371
15372
15373
15374
15375
15376
15377
15378
15379
15380
15381
15382
15384
15385
15386
15387
15388
15390
15391
15392
15394
15395
15397
15398
15399
15400
15401
15402
15403
15405
15406
15407
15408
15410
15411
15412
15414
15415
15417
15421
15422
15424
15426
15427
15429
15430
15432
15433
15435
15436
15437
15438
15440
15443
15444
15445
15446
15447
15448
15449
15451
15452
15453
15455
15460
15462
15463
15464
15466
15469
15470
15471
15472
15473
15474
15476
15480
15483
15484
15486
15487
15488
15489
15490
15491
15493
15494
15495
15496
15497
15499
15500
15501
15504
15506
15507
15508
15510
15511
15512
15513
15515
15518
15523
15524
15525
15527
15528
15529
15535
15537
15540
15541
15542
15544
15545
15546
15547
15548
15550
15551
15552
15555
15556
15557
15559
15560
15561
15563
15566
15567
15569
15570
15571
15572
15574
15577
15578
15579
15581
15582
15584
15585
15586
15588
15589
15591
15593
15594
15595
15596
15597
15598
15600
15603
15604
15605
15606
15608
15609
15611
15612
15614
15615
15618
15619
15620
15622
15623
15625
15626
15627
15628
15632
15634
15638
15639
15640
15641
15644
15645
15646
15647
15648
15650
15651
15653
15654
15655
15656
15658
15660
15661
15662
15663
15664
15665
15666
15667
15672
15673
15674
15675
15676
15679
15684
15686
15688
15689
15690
15692
15693
15694
15696
15697
15698
15699
15700
15701
15702
15704
15705
15706
15707
15708
15710
15711
15713
15715
15716
15719
15720
15722
15724
15725
15727
15728
15731
15732
15733
15734
15735
15736
15737
15738
15739
15740
15742
15743
15745
15746
15748
15749
15752
15754
15756
15759
15766
15767
15769
15770
15771
15772
15773
15775
15776
15777
15778
15781
15782
15783
15784
15785
15787
15788
15789
15790
15792
15793
15794
15795
15796
15797
15802
15803
15804
15805
15808
15809
15810
15811
15812
15813
15814
15815
15816
15818
15822
15824
15825
15827
15835
15836
15837
15838
15839
15840
15842
15843
15844
15845
15846
15848
15851
15853
15854
15855
15857
15858
15860
15861
15862
15863
15864
15865
15866
15867
15868
15871
15872
15876
15877
15880
15882
15884
15886
15887
15888
15889
15891
15892
15893
15895
15896
15897
15899
15900
15902
15903
15906
15907
15910
15911
15915
15919
15922
15924
15925
15929
15930
15932
15933
15934
15936
15937
15939
15941
15943
15945
15947
15949
15950
15951
15952
15953
15955
15956
15958
15959
15960
15961
15962
15964
15967
15968
15969
15971
15972
15973
15975
15977
15978
15980
15983
15985
15988
15991
15992
15996
15999
16000
16001
16004
16005
16007
16008
16010
16011
16015
16016
16018
16020
16021
16022
16024
16025
16026
16029
16030
16033
16034
16035
16036
16037
16038
16040
16041
16042
16043
16044
16045
16049
16050
16056
16058
16059
16060
16061
16063
16065
16066
16067
16068
16069
16070
16073
16075
16076
16077
16079
16083
16085
16086
16091
16093
16095
16097
16099
16100
16103
16104
16107
16108
16109
16110
16111
16112
16115
16117
16118
16119
16121
16122
16124
16126
16128
16134
16136
16137
16138
16141
16143
16144
16145
16147
16148
16150
16154
16155
16156
16158
16159
16160
16161
16162
16163
16167
16168
16169
16171
16172
16174
16175
16177
16183
16184
16187
16188
16189
16190
16191
16192
16196
16197
16198
16201
16202
16207
16208
16209
16211
16213
16214
16216
16218
16219
16220
16221
16225
16228
16229
16230
16233
16234
16236
16237
16239
16240
16241
16243
16245
16247
16248
16249
16250
16251
16252
16253
16254
16258
16260
16261
16264
16268
16270
16271
16274
16275
16276
16279
16280
16282
16285
16288
16290
16291
16293
16294
16295
16296
16298
16299
16300
16301
16302
16304
16305
16306
16308
16309
16312
16315
16318
16319
16320
16321
16324
16325
16326
16327
16329
16330
16335
16336
16338
16341
16345
16346
16347
16348
16350
16351
16352
16353
16355
16359
16360
16364
16366
16368
16369
16371
16373
16376
16377
16378
16379
16380
16382
16384
16385
16386
16393
16394
16397
16398
16400
16401
16402
16403
16406
16407
16408
16410
16412
16414
16415
16417
16418
16420
16421
16422
16424
16425
16429
16431
16432
16434
16435
16436
16439
16440
16442
16447
16451
16456
16457
16461
16463
16465
16466
16468
16469
16471
16472
16473
16475
16477
16478
16480
16481
16482
16484
16490
16491
16492
16493
16494
16496
16499
16500
16501
16502
16505
16506
16508
16509
16510
16513
16514
16515
16516
16519
16520
16522
16523
16524
16525
16526
16528
16529
16531
16532
16534
16535
16536
16538
16539
16542
16543
16545
16546
16547
16548
16549
16551
16558
16560
16561
16562
16563
16565
16566
16567
16568
16569
16570
16572
16573
16574
16575
16576
16577
16578
16579
16582
16583
16585
16590
16591
16592
16593
16594
16598
16601
16602
16603
16606
16609
16610
16611
16612
16613
16614
16615
16617
16619
16620
16622
16623
16624
16626
16629
16631
16632
16634
16636
16640
16642
16643
16644
16645
16646
16648
16651
16653
16654
16655
16656
16658
16659
16661
16662
16664
16666
16668
16672
16673
16674
16675
16676
16677
16679
16681
16682
16683
16686
16687
16691
16693
16694
16696
16698
16699
16701
16703
16704
16705
16706
16707
16709
16713
16714
16717
16722
16723
16724
16733
16734
16736
16738
16739
16743
16744
16746
16747
16748
16749
16752
16753
16754
16755
16756
16757
16758
16759
16760
16761
16762
16764
16765
16767
16768
16769
16772
16773
16775
16776
16777
16778
16779
16781
16782
16783
16786
16787
16793
16794
16798
16799
16800
16803
16805
16808
16809
16810
16813
16815
16816
16818
16819
16820
16821
16823
16828
16829
16833
16834
16836
16837
16838
16839
16842
16843
16846
16848
16849
16850
16853
16855
16856
16859
16860
16862
16864
16865
16866
16867
16870
16871
16873
16874
16875
16876
16877
16878
16880
16883
16884
16888
16889
16890
16891
16893
16894
16895
16898
16899
16900
16901
16903
16904
16905
16906
16909
16910
16911
16912
16913
16915
16916
16917
16921
16923
16924
16926
16928
16929
16930
16932
16933
16934
16935
16936
16937
16938
16939
16940
16941
16942
16943
16944
16946
16947
16950
16952
16954
16955
16956
16958
16961
16963
16964
16965
16966
16967
16968
16969
16971
16972
16973
16975
16977
16979
16981
16982
16984
16985
16986
16987
16988
16989
16991
16995
16996
16997
16998
16999
17002
17003
17005
17006
17008
17009
17010
17011
17015
17018
17021
17023
17024
17027
17028
17029
17030
17031
17034
17035
17038
17039
17040
17042
17043
17044
17046
17047
17049
17051
17052
17058
17061
17062
17064
17065
17066
17067
17068
17070
17071
17073
17075
17076
17077
17078
17079
17080
17081
17082
17083
17084
17085
17086
17087
17092
17094
17096
17098
17099
17100
17101
17102
17108
17110
17111
17112
17114
17117
17118
17120
17121
17122
17123
17126
17128
17130
17132
17133
17136
17140
17142
17145
17147
17150
17151
17152
17153
17154
17155
17156
17157
17158
17161
17162
17163
17164
17166
17167
17168
17169
17171
17172
17173
17174
17175
17176
17177
17179
17181
17182
17183
17185
17187
17189
17190
17191
17197
17198
17199
17200
17201
17204
17208
17209
17210
17212
17214
17218
17219
17220
17224
17225
17226
17227
17229
17230
17231
17233
17237
17238
17239
17241
17246
17247
17248
17249
17251
17254
17257
17260
17261
17262
17263
17265
17266
17268
17269
17272
17277
17278
17279
17283
17284
17289
17290
17291
17292
17294
17295
17296
17298
17303
17304
17307
17308
17309
17310
17311
17312
17313
17314
17316
17318
17319
17320
17321
17322
17323
17324
17326
17328
17332
17334
17335
17336
17340
17345
17346
17347
17351
17353
17354
17355
17358
17359
17362
17366
17369
17371
17372
17374
17375
17376
17377
17380
17381
17382
17383
17384
17388
17389
17390
17391
17393
17394
17396
17397
17398
17399
17401
17403
17404
17405
17410
17413
17420
17422
17423
17424
17425
17426
17430
17431
17433
17435
17437
17438
17439
17440
17441
17442
17443
17444
17445
17446
17448
17450
17452
17453
17454
17455
17456
17457
17458
17459
17461
17462
17463
17465
17466
17467
17469
17470
17476
17479
17480
17481
17482
17483
17484
17490
17492
17494
17495
17497
17498
17503
17506
17508
17509
17510
17512
17515
17516
17519
17523
17525
17526
17527
17528
17529
17532
17533
17534
17535
17537
17538
17540
17541
17542
17543
17544
17545
17546
17548
17549
17550
17551
17554
17555
17560
17561
17562
17564
17565
17566
17568
17571
17572
17573
17574
17576
17578
17579
17580
17581
17582
17583
17585
17586
17587
17589
17590
17591
17592
17593
17594
17596
17598
17600
17602
17603
17606
17607
17608
17609
17610
17612
17614
17617
17620
17622
17623
17624
17625
17627
17628
17629
17632
17635
17636
17637
17638
17639
17640
17641
17642
17643
17645
17646
17648
17650
17651
17652
17655
17656
17657
17659
17661
17663
17664
17667
17668
17671
17673
17674
17675
17677
17679
17681
17683
17688
17693
17696
17697
17698
17699
17701
17703
17706
17708
17709
17710
17717
17720
17722
17723
17724
17728
17730
17733
17734
17735
17736
17737
17738
17740
17741
17742
17743
17744
17745
17747
17748
17750
17751
17752
17755
17756
17758
17759
17760
17761
17763
17764
17765
17766
17768
17769
17771
17773
17774
17775
17778
17781
17782
17784
17785
17786
17787
17788
17789
17791
17793
17794
17795
17796
17797
17800
17801
17802
17803
17804
17805
17806
17809
17811
17812
17813
17814
17815
17818
17819
17820
17822
17823
17829
17830
17831
17833
17834
17835
17837
17839
17840
17843
17844
17845
17848
17851
17852
17854
17855
17856
17857
17859
17860
17861
17864
17867
17868
17872
17873
17877
17878
17880
17881
17882
17884
17885
17887
17891
17896
17897
17898
17899
17900
17902
17904
17907
17910
17913
17914
17915
17916
17917
17918
17919
17920
17921
17923
17924
17925
17926
17930
17931
17932
17933
17936
17938
17939
17940
17944
17948
17950
17952
17953
17954
17955
17957
17958
17959
17962
17963
17965
17967
17969
17970
17971
17972
17973
17977
17978
17981
17982
17987
17988
17990
17991
17994
17995
17996
17997
17999
18000
18002
18003
18004
18005
18006
18008
18009
18011
18013
18014
18015
18016
18017
18018
18019
18020
18021
18022
18023
18024
18025
18028
18029
18030
18031
18032
18034
18035
18036
18037
18038
18040
18041
18044
18045
18046
18047
18048
18050
18053
18054
18055
18057
18059
18065
18066
18069
18071
18078
18080
18081
18082
18083
18084
18085
18086
18088
18089
18090
18091
18092
18093
18094
18098
18100
18101
18102
18104
18105
18106
18107
18108
18109
18112
18114
18115
18117
18118
18119
18120
18121
18124
18125
18126
18128
18130
18131
18132
18136
18139
18140
18141
18142
18143
18146
18148
18149
18151
18153
18154
18155
18156
18160
18162
18164
18165
18166
18168
18169
18170
18172
18173
18175
18176
18177
18179
18180
18182
18184
18186
18187
18188
18191
18193
18194
18195
18198
18199
18203
18204
18205
18206
18207
18208
18209
18211
18212
18214
18215
18216
18218
18221
18222
18225
18226
18227
18232
18233
18234
18235
18236
18238
18239
18247
18248
18250
18252
18253
18258
18261
18263
18264
18265
18267
18268
18270
18273
18274
18277
18280
18282
18283
18284
18285
18288
18290
18291
18295
18296
18299
18301
18305
18306
18307
18308
18309
18311
18313
18315
18319
18322
18323
18324
18326
18332
18334
18335
18336
18340
18341
18342
18343
18346
18347
18348
18349
18350
18351
18352
18353
18356
18357
18359
18364
18365
18367
18368
18369
18370
18376
18377
18378
18381
18382
18383
18387
18388
18389
18390
18391
18392
18393
18394
18396
18397
18398
18400
18401
18402
18404
18405
18406
18407
18408
18410
18411
18413
18415
18417
18418
18420
18422
18424
18425
18426
18431
18434
18435
18436
18440
18442
18443
18445
18447
18450
18452
18453
18456
18457
18458
18459
18460
18461
18462
18464
18465
18466
18468
18471
18472
18473
18476
18479
18483
18484
18485
18486
18488
18492
18498
18499
18500
18502
18503
18505
18506
18508
18509
18510
18512
18513
18514
18516
18519
18520
18521
18523
18524
18525
18526
18528
18530
18533
18534
18535
18536
18537
18538
18539
18541
18543
18544
18545
18546
18549
18552
18553
18554
18555
18557
18559
18560
18562
18564
18567
18568
18569
18573
18575
18577
18578
18582
18583
18586
18587
18588
18592
18593
18597
18598
18599
18601
18605
18608
18610
18611
18612
18613
18614
18615
18616
18618
18619
18622
18626
18630
18631
18633
18638
18639
18641
18643
18644
18646
18648
18650
18651
18652
18655
18656
18657
18658
18661
18662
18664
18667
18668
18671
18673
18675
18676
18677
18680
18681
18682
18683
18685
18686
18687
18690
18695
18700
18701
18702
18704
18705
18706
18707
18708
18709
18710
18713
18715
18716
18717
18718
18720
18721
18722
18725
18729
18730
18732
18733
18738
18739
18740
18743
18744
18745
18746
18747
18748
18750
18751
18752
18754
18757
18760
18761
18763
18766
18769
18770
18772
18773
18775
18776
18777
18778
18779
18781
18782
18783
18786
18788
18790
18791
18794
18795
18796
18797
18800
18801
18805
18808
18810
18811
18814
18816
18817
18818
18820
18821
18824
18826
18827
18828
18830
18831
18833
18834
18835
18836
18837
18838
18839
18842
18843
18844
18847
18851
18853
18854
18856
18857
18858
18859
18863
18864
18865
18867
18868
18869
18874
18877
18878
18879
18880
18882
18883
18884
18887
18888
18890
18892
18893
18894
18895
18896
18897
18899
18900
18902
18904
18905
18909
18910
18912
18913
18916
18918
18919
18920
18922
18923
18926
18927
18930
18932
18933
18934
18935
18936
18937
18939
18941
18942
18944
18946
18948
18950
18952
18955
18957
18958
18959
18960
18961
18962
18966
18967
18971
18974
18975
18977
18980
18981
18982
18983
18985
18987
18988
18989
18990
18991
18993
18997
19000
19001
19002
19005
19007
19011
19012
19013
19014
19018
19019
19020
19023
19024
19025
19027
19028
19030
19032
19033
19038
19039
19041
19042
19043
19044
19046
19047
19048
19049
19050
19051
19055
19056
19058
19060
19063
19064
19068
19069
19070
19072
19074
19077
19078
19079
19080
19081
19083
19084
19085
19086
19087
19088
19089
19094
19095
19097
19099
19100
19101
19102
19103
19105
19107
19108
19110
19111
19112
19113
19114
19115
19116
19119
19120
19123
19126
19128
19129
19130
19132
19133
19135
19136
19137
19139
19141
19142
19143
19145
19150
19152
19153
19156
19157
19159
19162
19163
19166
19167
19172
19173
19174
19175
19177
19178
19181
19182
19185
19186
19187
19189
19190
19192
19193
19194
19195
19197
19200
19201
19205
19206
19207
19208
19209
19210
19212
19213
19214
19216
19218
19221
19222
19224
19225
19226
19228
19229
19231
19232
19233
19239
19241
19246
19248
19249
19251
19252
19255
19256
19258
19259
19260
19264
19266
19268
19269
19271
19272
19275
19276
19278
19279
19280
19283
19284
19287
19290
19291
19292
19293
19294
19296
19298
19301
19302
19304
19306
19307
19309
19310
19313
19314
19315
19317
19318
19319
19320
19321
19323
19324
19325
19329
19330
19331
19332
19333
19334
19335
19336
19337
19339
19340
19342
19344
19345
19346
19348
19349
19351
19352
19355
19359
19363
19364
19365
19366
19367
19368
19370
19373
19375
19377
19379
19383
19387
19388
19389
19390
19391
19396
19398
19401
19402
19404
19405
19407
19408
19409
19410
19411
19412
19413
19417
19421
19424
19425
19427
19429
19432
19435
19438
19441
19443
19448
19452
19455
19457
19458
19460
19463
19464
19465
19468
19470
19471
19473
19474
19477
19478
19479
19480
19481
19482
19483
19484
19486
19490
19492
19493
19503
19504
19505
19506
19509
19510
19511
19512
19515
19517
19520
19521
19524
19526
19528
19530
19534
19536
19537
19538
19539
19541
19544
19551
19552
19556
19557
19561
19562
19564
19565
19566
19567
19568
19570
19572
19573
19577
19580
19581
19583
19584
19585
19586
19588
19591
19592
19593
19594
19596
19598
19599
19600
19603
19604
19608
19611
19612
19613
19615
19619
19621
19623
19625
19627
19628
19630
19632
19633
19635
19636
19638
19639
19641
19643
19644
19645
19646
19649
19650
19651
19652
19653
19654
19655
19657
19659
19660
19661
19662
19667
19668
19669
19670
19671
19673
19674
19675
19676
19678
19679
19680
19681
19682
19686
19687
19688
19690
19691
19696
19698
19699
19700
19703
19707
19708
19710
19712
19713
19716
19717
19720
19722
19723
19725
19726
19727
19729
19730
19731
19735
19739
19740
19741
19743
19744
19745
19747
19748
19749
19752
19753
19754
19755
19763
19765
19766
19768
19769
19771
19772
19773
19776
19777
19778
19781
19783
19787
19790
19793
19794
19797
19798
19806
19808
19809
19810
19814
19815
19816
19820
19821
19823
19826
19827
19830
19831
19832
19833
19834
19835
19841
19842
19844
19845
19846
19849
19850
19851
19852
19858
19859
19860
19865
19867
19868
19869
19870
19872
19873
19874
19877
19878
19881
19888
19892
19894
19896
19899
19900
19902
19912
19913
19916
19921
19922
19923
19927
19930
19933
19934
19935
19936
19939
19940
19942
19943
19944
19946
19949
19950
19951
19953
19954
19957
19959
19960
19961
19962
19963
19965
19967
19969
19972
19974
19976
19977
19980
19981
19983
19986
19987
19988
19989
19995
20000
20001
20002
20003
20004
20006
20007
20009
20010
20011
20013
20016
20017
20018
20021
20022
20025
20026
20028
20029
20030
20031
20032
20034
20035
20038
20040
20043
20044
20045
20046
20048
20049
20050
20052
20053
20054
20056
20060
20062
20063
20064
20066
20068
20069
20072
20073
20076
20077
20078
20079
20080
20082
20086
20087
20089
20090
20094
20097
20098
20100
20104
20105
20107
20109
20110
20112
20113
20114
20115
20116
20117
20120
20122
20123
20124
20125
20126
20134
20135
20138
20139
20142
20145
20151
20152
20153
20155
20156
20158
20160
20162
20164
20166
20167
20169
20170
20171
20172
20173
20174
20178
20179
20181
20182
20183
20184
20185
20188
20189
20190
20191
20192
20193
20194
20195
20199
20200
20204
20206
20209
20213
20216
20217
20218
20220
20226
20227
20230
20232
20233
20234
20235
20236
20237
20238
20240
20243
20244
20245
20250
20254
20256
20257
20260
20266
20267
20268
20269
20270
20271
20274
20275
20277
20280
20282
20285
20286
20288
20290
20293
20295
20296
20302
20303
20305
20306
20307
20308
20309
20310
20312
20315
20316
20318
20319
20321
20322
20323
20324
20326
20327
20328
20332
20334
20335
20337
20338
20340
20341
20342
20343
20344
20346
20348
20351
20352
20357
20358
20359
20361
20362
20363
20364
20365
20366
20367
20368
20370
20372
20374
20375
20376
20377
20378
20379
20380
20381
20382
20384
20385
20388
20389
20391
20392
20394
20397
20400
20406
20408
20409
20412
20413
20417
20420
20421
20424
20427
20428
20430
20432
20434
20439
20440
20441
20442
20444
20446
20447
20453
20454
20455
20457
20459
20460
20461
20463
20464
20465
20467
20468
20469
20470
20471
20472
20473
20474
20475
20476
20477
20479
20480
20482
20483
20484
20485
20488
20489
20491
20494
20495
20496
20498
20499
20500
20503
20505
20507
20508
20509
20510
20511
20512
20513
20518
20519
20523
20529
20531
20533
20536
20537
20539
20543
20545
20549
20552
20554
20555
20558
20559
20561
20563
20564
20567
20568
20569
20570
20572
20577
20579
20580
20587
20589
20590
20592
20594
20596
20600
20604
20607
20609
20610
20612
20615
20618
20619
20621
20622
20623
20624
20627
20629
20630
20631
20632
20634
20635
20636
20641
20643
20644
20646
20648
20650
20653
20654
20655
20656
20657
20658
20659
20660
20661
20663
20665
20668
20671
20672
20677
20678
20680
20682
20683
20684
20687
20688
20689
20690
20691
20692
20694
20695
20696
20701
20703
20705
20707
20708
20711
20712
20713
20714
20720
20722
20723
20724
20728
20729
20730
20732
20733
20735
20738
20741
20742
20744
20748
20749
20750
20751
20752
20754
20759
20762
20764
20765
20766
20768
20769
20770
20771
20772
20775
20776
20781
20782
20785
20790
20791
20792
20796
20797
20800
20804
20807
20808
20810
20811
20815
20818
20819
20821
20822
20825
20826
20827
20828
20831
20832
20834
20836
20837
20838
20840
20843
20846
20848
20849
20851
20852
20856
20858
20860
20862
20863
20864
20865
20868
20871
20874
20875
20877
20878
20880
20881
20884
20886
20887
20888
20889
20890
20894
20895
20897
20905
20906
20908
20911
20913
20918
20920
20922
20923
20926
20929
20932
20933
20934
20937
20938
20940
20943
20950
20951
20952
20953
20954
20956
20957
20958
20960
20961
20965
20967
20968
20970
20971
20972
20973
20974
20978
20980
20981
20984
20987
20990
20991
20992
20993
20994
20999
21000
21001
21003
21004
21005
21009
21010
21013
21014
21015
21017
21018
21019
21022
21023
21024
21025
21026
21027
21029
21030
21031
21035
21037
21038
21040
21041
21043
21046
21047
21048
21050
21051
21052
21054
21055
21059
21060
21061
21065
21066
21068
21069
21070
21072
21076
21077
21078
21079
21080
21081
21083
21084
21086
21088
21093
21094
21095
21096
21097
21100
21101
21102
21103
21104
21106
21107
21108
21111
21112
21113
21114
21116
21117
21118
21119
21121
21122
21124
21126
21127
21129
21134
21135
21136
21138
21139
21141
21142
21143
21144
21145
21147
21148
21149
21150
21152
21154
21155
21156
21157
21158
21160
21161
21163
21164
21166
21167
21170
21171
21172
21173
21174
21175
21176
21181
21183
21186
21188
21189
21192
21193
21196
21197
21199
21200
21203
21206
21207
21209
21211
21213
21214
21218
21219
21220
21221
21222
21223
21224
21226
21227
21229
21233
21234
21238
21239
21240
21241
21243
21246
21248
21250
21252
21253
21254
21256
21257
21258
21259
21260
21261
21264
21270
21272
21273
21274
21276
21278
21279
21282
21284
21288
21291
21292
21293
21294
21295
21297
21299
21301
21306
21307
21308
21309
21312
21316
21321
21322
21323
21324
21325
21327
21328
21329
21330
21332
21333
21335
21337
21341
21342
21343
21344
21345
21346
21349
21351
21354
21356
21357
21358
21359
21360
21362
21363
21365
21366
21367
21368
21369
21370
21372
21373
21374
21375
21377
21378
21384
21385
21387
21388
21391
21394
21395
21396
21397
21398
21399
21400
21402
21405
21408
21410
21411
21412
21414
21415
21417
21419
21420
21423
21424
21425
21426
21427
21430
21433
21435
21436
21439
21442
21449
21452
21453
21454
21455
21458
21459
21461
21463
21464
21472
21473
21475
21477
21479
21481
21482
21483
21485
21487
21489
21495
21496
21497
21498
21500
21503
21504
21506
21510
21511
21512
21513
21515
21516
21518
21521
21523
21527
21530
21531
21532
21533
21535
21537
21538
21539
21541
21543
21547
21549
21551
21553
21555
21556
21557
21558
21559
21561
21562
21563
21564
21566
21567
21568
21571
21572
21573
21574
21575
21578
21579
21581
21582
21588
21589
21590
21592
21593
21595
21597
21600
21603
21604
21605
21610
21612
21613
21614
21615
21616
21617
21618
21620
21621
21623
21624
21626
21627
21628
21629
21631
21633
21634
21635
21636
21637
21639
21640
21641
21642
21645
21647
21649
21650
21652
21653
21657
21660
21661
21665
21666
21670
21672
21674
21676
21679
21680
21681
21683
21684
21685
21692
21693
21695
21697
21698
21700
21701
21703
21704
21705
21706
21708
21709
21710
21711
21712
21716
21721
21730
21731
21733
21734
21736
21739
21746
21747
21748
21753
21755
21756
21758
21759
21761
21765
21766
21767
21769
21772
21773
21774
21775
21777
21778
21780
21782
21783
21790
21792
21793
21794
21796
21798
21804
21805
21806
21808
21811
21812
21813
21814
21815
21817
21820
21822
21824
21825
21826
21828
21831
21833
21834
21835
21838
21840
21842
21844
21845
21848
21849
21850
21851
21852
21853
21854
21858
21859
21861
21863
21864
21867
21868
21869
21870
21871
21873
21874
21877
21878
21880
21881
21882
21883
21885
21888
21890
21891
21892
21893
21895
21898
21901
21902
21904
21905
21906
21907
21908
21910
21915
21916
21917
21921
21924
21925
21928
21930
21938
21941
21945
21946
21947
21948
21950
21952
21954
21956
21957
21958
21962
21965
21966
21970
21971
21973
21976
21977
21979
21983
21985
21986
21988
21989
21990
21991
21992
21994
21998
21999
22000
22001
22003
22005
22006
22007
22009
22010
22013
22016
22017
22019
22021
22022
22024
22025
22027
22028
22031
22032
22033
22036
22038
22039
22040
22041
22042
22044
22045
22047
22050
22052
22054
22055
22057
22059
22060
22062
22063
22064
22066
22067
22068
22070
22072
22073
22076
22080
22081
22082
22084
22085
22088
22090
22091
22093
22095
22096
22098
22101
22103
22106
22108
22109
22112
22113
22114
22116
22117
22120
22121
22123
22128
22131
22132
22134
22136
22141
22142
22144
22145
22147
22149
22150
22151
22152
22153
22154
22157
22159
22163
22165
22166
22167
22168
22169
22171
22172
22175
22176
22177
22179
22180
22182
22184
22185
22188
22190
22191
22195
22196
22197
22200
22203
22205
22207
22208
22211
22213
22217
22219
22221
22222
22225
22227
22230
22232
22233
22235
22236
22241
22242
22245
22246
22247
22249
22250
22251
22253
22254
22255
22257
22258
22259
22263
22265
22266
22267
22270
22271
22273
22274
22275
22278
22281
22283
22284
22285
22287
22289
22291
22293
22294
22295
22296
22299
22300
22302
22305
22306
22307
22308
22310
22313
22316
22317
22318
22319
22320
22322
22324
22325
22327
22328
22330
22335
22336
22338
22339
22341
22342
22344
22348
22349
22350
22353
22355
22360
22361
22362
22363
22365
22367
22369
22370
22371
22372
22373
22375
22379
22381
22384
22386
22387
22389
22392
22393
22398
22399
22401
22405
22407
22409
22410
22415
22416
22417
22418
22419
22421
22422
22424
22426
22428
22430
22431
22432
22433
22435
22437
22439
22440
22441
22442
22444
22445
22446
22447
22448
22449
22450
22451
22453
22455
22456
22458
22460
22461
22462
22464
22465
22468
22469
22470
22471
22475
22476
22477
22481
22482
22484
22487
22491
22493
22494
22496
22497
22499
22501
22502
22503
22505
22512
22513
22514
22515
22516
22517
22518
22521
22523
22524
22526
22527
22528
22529
22530
22532
22534
22536
22538
22541
22542
22544
22545
22550
22556
22558
22559
22560
22562
22563
22564
22565
22567
22569
22570
22572
22573
22578
22579
22580
22581
22582
22583
22584
22585
22586
22587
22591
22594
22595
22597
22598
22599
22602
22610
22612
22613
22617
22618
22619
22621
22622
22624
22626
22627
22629
22631
22632
22633
22634
22635
22636
22637
22638
22640
22641
22642
22643
22645
22649
22650
22651
22656
22659
22661
22663
22664
22666
22668
22670
22671
22672
22674
22676
22677
22678
22680
22684
22686
22687
22690
22691
22697
22698
22699
22700
22701
22702
22703
22707
22709
22710
22711
22713
22715
22716
22718
22721
22724
22727
22728
22729
22730
22731
22732
22738
22739
22740
22741
22743
22744
22746
22747
22748
22749
22750
22753
22754
22756
22758
22759
22760
22761
22763
22764
22765
22766
22768
22769
22770
22771
22773
22774
22775
22777
22778
22779
22780
22782
22783
22784
22785
22788
22789
22791
22792
22793
22794
22799
22800
22801
22805
22806
22809
22811
22812
22814
22815
22819
22821
22824
22825
22826
22827
22830
22832
22834
22838
22839
22840
22841
22843
22845
22846
22847
22852
22854
22856
22857
22858
22861
22862
22863
22865
22866
22868
22869
22873
22876
22877
22879
22882
22885
22887
22889
22890
22893
22894
22897
22898
22900
22902
22903
22904
22905
22906
22907
22910
22912
22913
22916
22918
22921
22924
22926
22927
22928
22929
22931
22933
22935
22939
22942
22943
22945
22947
22948
22950
22953
22956
22957
22958
22965
22966
22967
22969
22970
22973
22974
22977
22980
22981
22982
22983
22984
22985
22986
22987
22988
22993
22996
22998
23000
23001
23002
23003
23006
23007
23010
23011
23012
23014
23015
23016
23017
23018
23021
23022
23023
23024
23025
23026
23029
23030
23032
23033
23034
23036
23038
23040
23044
23046
23047
23049
23055
23057
23059
23060
23063
23064
23065
23066
23067
23070
23072
23074
23075
23079
23080
23085
23086
23087
23090
23092
23095
23098
23103
23104
23106
23107
23109
23111
23114
23116
23117
23119
23120
23122
23124
23129
23130
23131
23134
23135
23137
23141
23143
23144
23145
23146
23152
23156
23157
23159
23163
23164
23171
23173
23174
23176
23178
23180
23181
23184
23185
23190
23191
23194
23195
23196
23197
23200
23201
23206
23210
23213
23214
23218
23219
23221
23223
23225
23227
23229
23233
23238
23239
23240
23241
23243
23244
23245
23246
23249
23250
23251
23254
23255
23256
23258
23259
23261
23263
23264
23265
23269
23271
23275
23276
23277
23280
23281
23282
23283
23285
23287
23288
23290
23293
23294
23295
23296
23298
23299
23300
23302
23304
23307
23310
23311
23312
23314
23315
23317
23318
23319
23323
23325
23326
23327
23329
23331
23335
23336
23338
23342
23343
23344
23345
23346
23350
23351
23353
23354
23356
23358
23359
23360
23361
23362
23365
23367
23368
23371
23375
23377
23378
23379
23382
23384
23388
23389
23391
23392
23394
23396
23397
23398
23399
23400
23402
23403
23408
23409
23410
23411
23412
23414
23417
23419
23423
23424
23425
23426
23427
23428
23429
23432
23435
23437
23439
23443
23444
23446
23448
23449
23451
23452
23454
23455
23464
23466
23468
23470
23471
23472
23473
23474
23475
23477
23478
23482
23484
23485
23486
23489
23491
23493
23495
23497
23498
23503
23506
23507
23508
23509
23510
23511
23512
23513
23515
23516
23521
23522
23524
23526
23530
23531
23532
23533
23535
23536
23540
23543
23544
23546
23547
23548
23549
23551
23554
23555
23556
23557
23559
23562
23564
23570
23571
23572
23573
23577
23578
23581
23583
23584
23587
23591
23592
23594
23595
23596
23598
23600
23602
23603
23604
23605
23606
23612
23614
23615
23616
23617
23618
23619
23620
23626
23628
23633
23635
23636
23637
23638
23641
23644
23645
23647
23648
23650
23651
23656
23657
23658
23661
23663
23664
23665
23668
23674
23675
23676
23677
23681
23683
23690
23693
23695
23697
23699
23700
23703
23705
23708
23709
23712
23716
23717
23718
23720
23721
23723
23726
23727
23731
23732
23733
23734
23735
23737
23740
23741
23743
23744
23748
23749
23752
23753
23755
23756
23758
23759
23760
23762
23764
23767
23769
23772
23773
23775
23776
23777
23778
23783
23784
23786
23791
23793
23796
23799
23801
23804
23805
23807
23809
23810
23811
23812
23814
23815
23818
23819
23821
23822
23823
23825
23826
23827
23829
23830
23832
23833
23834
23835
23836
23837
23838
23839
23841
23845
23846
23848
23849
23850
23851
23852
23853
23856
23857
23859
23860
23873
23875
23876
23877
23878
23879
23880
23884
23886
23887
23890
23891
23893
23895
23896
23899
23900
23901
23907
23908
23909
23912
23915
23917
23919
23922
23923
23925
23926
23927
23928
23930
23932
23934
23935
23936
23937
23938
23941
23944
23946
23950
23951
23952
23954
23956
23958
23959
23961
23964
23966
23967
23969
23971
23972
23975
23976
23977
23978
23979
23980
23983
23985
23986
23989
23995
23996
23997
24001
24002
24004
24005
24006
24009
24010
24012
24014
24015
24016
24017
24022
24023
24024
24025
24027
24028
24030
24033
24034
24036
24037
24038
24040
24041
24043
24046
24047
24048
24049
24050
24053
24054
24056
24057
24062
24065
24066
24067
24076
24078
24079
24081
24084
24085
24090
24092
24093
24094
24095
24096
24097
24098
24100
24101
24102
24105
24106
24109
24112
24113
24115
24116
24117
24121
24122
24123
24124
24125
24127
24136
24138
24141
24147
24148
24149
24151
24152
24154
24156
24157
24158
24160
24163
24166
24167
24168
24170
24171
24173
24175
24176
24177
24179
24183
24184
24186
24187
24188
24190
24191
24193
24197
24199
24200
24201
24204
24206
24207
24209
24210
24212
24217
24219
24221
24222
24223
24224
24226
24227
24228
24229
24230
24231
24236
24237
24238
24239
24240
24242
24244
24245
24246
24247
24250
24253
24254
24255
24262
24265
24266
24268
24270
24271
24272
24275
24276
24277
24280
24282
24285
24289
24290
24291
24295
24296
24297
24298
24300
24302
24303
24304
24305
24308
24311
24314
24315
24317
24321
24323
24324
24330
24332
24333
24334
24336
24337
24339
24341
24342
24343
24344
24346
24348
24350
24351
24354
24356
24358
24360
24361
24362
24363
24364
24366
24367
24368
24369
24370
24376
24377
24381
24382
24384
24385
24386
24389
24390
24393
24395
24396
24397
24398
24401
24402
24403
24407
24408
24412
24413
24415
24420
24422
24425
24427
24435
24436
24438
24439
24442
24443
24444
24446
24453
24455
24456
24459
24460
24461
24462
24463
24465
24468
24469
24470
24472
24475
24478
24481
24487
24490
24496
24497
24500
24501
24502
24503
24504
24505
24507
24508
24509
24510
24513
24515
24519
24521
24522
24523
24524
24525
24526
24527
24528
24529
24530
24531
24535
24536
24538
24542
24543
24544
24546
24548
24550
24551
24555
24556
24557
24559
24560
24562
24563
24566
24567
24568
24570
24571
24572
24573
24574
24575
24577
24578
24579
24580
24582
24583
24584
24588
24590
24591
24592
24593
24596
24598
24600
24601
24603
24604
24606
24608
24609
24612
24613
24614
24617
24621
24622
24624
24625
24628
24629
24631
24633
24634
24638
24642
24643
24644
24645
24647
24649
24652
24657
24659
24660
24662
24663
24664
24666
24667
24668
24669
24670
24671
24674
24675
24676
24677
24679
24681
24687
24689
24690
24693
24698
24699
24700
24701
24702
24703
24705
24708
24710
24712
24716
24719
24720
24721
24722
24723
24724
24725
24726
24727
24728
24732
24733
24734
24735
24738
24742
24744
24746
24747
24749
24751
24752
24755
24762
24763
24764
24765
24771
24772
24773
24781
24782
24785
24787
24788
24792
24794
24797
24799
24802
24804
24806
24807
24810
24811
24812
24814
24816
24817
24818
24821
24822
24826
24828
24829
24830
24831
24834
24837
24842
24845
24846
24848
24850
24852
24854
24856
24858
24862
24863
24864
24865
24866
24868
24869
24874
24876
24878
24881
24882
24883
24886
24887
24891
24894
24899
24900
24903
24904
24907
24909
24911
24915
24917
24918
24919
24921
24927
24930
24932
24938
24939
24941
24942
24944
24946
24947
24951
24952
24954
24955
24956
24959
24960
24963
24965
24967
24968
24970
24973
24974
24977
24979
24983
24985
24986
24987
24988
24991
24992
24993
25000
25002
25004
25005
25007
25008
25009
25012
25015
25017
25018
25019
25020
25023
25025
25026
25027
25029
25030
25031
25033
25034
25038
25041
25044
25045
25047
25050
25051
25053
25057
25058
25060
25062
25063
25064
25065
25066
25067
25068
25073
25074
25075
25077
25078
25079
25081
25082
25083
25084
25086
25091
25092
25093
25094
25095
25096
25098
25101
25103
25105
25111
25113
25114
25115
25116
25117
25118
25119
25122
25124
25126
25128
25129
25131
25133
25137
25140
25141
25143
25146
25147
25148
25149
25152
25153
25155
25157
25160
25161
25162
25164
25165
25166
25167
25168
25170
25171
25174
25175
25177
25181
25182
25184
25185
25187
25189
25190
25193
25198
25199
25200
25201
25204
25208
25209
25210
25211
25212
25214
25215
25216
25217
25218
25221
25222
25223
25224
25225
25226
25227
25228
25231
25232
25234
25236
25237
25238
25241
25244
25246
25247
25248
25249
25250
25252
25255
25256
25257
25258
25260
25261
25264
25265
25267
25270
25273
25277
25278
25282
25283
25284
25286
25287
25289
25291
25292
25293
25294
25296
25299
25300
25301
25304
25306
25307
25310
25311
25312
25314
25315
25316
25317
25318
25320
25322
25325
25328
25329
25331
25333
25334
25336
25337
25338
25339
25340
25343
25344
25346
25349
25351
25353
25355
25357
25364
25367
25370
25371
25377
25383
25386
25387
25389
25391
25393
25395
25399
25402
25407
25408
25410
25411
25412
25413
25416
25417
25419
25423
25425
25426
25427
25428
25429
25430
25432
25433
25434
25440
25442
25445
25446
25447
25449
25451
25455
25456
25459
25460
25464
25465
25466
25467
25468
25469
25470
25471
25472
25473
25474
25478
25479
25481
25487
25490
25499
25500
25502
25503
25504
25506
25509
25511
25516
25522
25524
25528
25530
25532
25535
25536
25539
25543
25544
25546
25547
25549
25550
25551
25552
25553
25555
25556
25557
25558
25559
25561
25564
25572
25574
25575
25576
25580
25582
25586
25587
25590
25591
25597
25598
25600
25602
25605
25607
25609
25611
25613
25616
25617
25619
25621
25622
25624
25625
25626
25627
25628
25629
25632
25633
25635
25636
25640
25642
25643
25645
25646
25651
25652
25654
25658
25659
25660
25662
25663
25667
25673
25675
25676
25678
25680
25681
25682
25686
25689
25690
25691
25692
25693
25696
25697
25698
25700
25702
25704
25705
25708
25709
25710
25711
25712
25715
25716
25717
25718
25719
25720
25721
25722
25723
25725
25728
25729
25730
25731
25736
25738
25739
25744
25745
25749
25756
25757
25759
25762
25764
25766
25770
25771
25773
25774
25776
25778
25779
25780
25781
25782
25785
25786
25790
25791
25792
25798
25801
25804
25805
25806
25807
25810
25811
25812
25813
25814
25816
25818
25822
25823
25824
25825
25826
25827
25828
25830
25831
25833
25835
25837
25838
25841
25844
25848
25849
25851
25856
25857
25858
25862
25864
25866
25868
25869
25874
25875
25876
25879
25880
25883
25884
25885
25889
25890
25891
25895
25896
25899
25901
25902
25903
25905
25907
25909
25912
25913
25914
25917
25918
25922
25927
25928
25930
25931
25932
25936
25938
25939
25940
25941
25943
25944
25946
25948
25949
25950
25951
25952
25953
25958
25961
25964
25966
25968
25969
25970
25971
25974
25977
25979
25984
25986
25989
25992
25994
25995
25997
25998
26003
26004
26007
26008
26009
26012
26014
26015
26019
26022
26023
26025
26026
26032
26033
26035
26037
26038
26040
26041
26042
26044
26048
26049
26050
26052
26053
26054
26060
26061
26062
26063
26065
26067
26068
26079
26080
26091
26093
26094
26097
26098
26099
26101
26102
26103
26104
26106
26107
26108
26110
26111
26112
26115
26117
26118
26119
26123
26124
26126
26128
26129
26131
26132
26133
26137
26139
26140
26141
26143
26147
26148
26150
26152
26153
26156
26157
26160
26162
26164
26167
26168
26170
26172
26178
26182
26183
26184
26189
26190
26191
26192
26193
26194
26197
26200
26202
26204
26205
26206
26207
26208
26209
26211
26214
26218
26222
26224
26225
26227
26228
26229
26230
26234
26235
26236
26237
26239
26241
26242
26247
26253
26255
26256
26257
26258
26259
26260
26263
26264
26266
26271
26275
26277
26278
26282
26284
26285
26287
26288
26289
26291
26293
26294
26297
26299
26300
26303
26305
26308
26312
26313
26314
26317
26320
26321
26322
26324
26325
26327
26329
26331
26333
26334
26336
26338
26343
26344
26345
26346
26347
26351
26352
26353
26355
26356
26359
26360
26366
26368
26370
26372
26373
26375
26380
26381
26384
26386
26388
26389
26392
26395
26396
26398
26401
26403
26404
26406
26407
26409
26412
26418
26419
26422
26425
26427
26428
26429
26434
26436
26437
26439
26442
26443
26446
26450
26451
26453
26458
26462
26463
26464
26468
26470
26472
26473
26477
26479
26482
26483
26486
26487
26488
26490
26492
26493
26495
26501
26502
26506
26507
26510
26512
26515
26516
26517
26519
26520
26521
26523
26525
26526
26527
26528
26531
26532
26533
26534
26537
26539
26540
26542
26543
26545
26546
26547
26548
26549
26550
26551
26554
26555
26556
26558
26561
26564
26565
26566
26569
26570
26571
26573
26574
26579
26583
26585
26588
26590
26591
26593
26597
26599
26600
26603
26605
26606
26608
26610
26612
26613
26614
26615
26617
26618
26619
26621
26622
26624
26628
26634
26637
26640
26641
26642
26643
26644
26645
26649
26650
26651
26653
26654
26655
26657
26661
26665
26666
26667
26669
26672
26677
26678
26679
26680
26681
26685
26686
26690
26693
26699
26701
26703
26708
26709
26711
26713
26714
26715
26716
26722
26723
26724
26728
26729
26731
26733
26735
26737
26738
26746
26748
26750
26752
26753
26754
26755
26756
26759
26760
26762
26763
26764
26770
26772
26774
26777
26778
26779
26781
26782
26783
26785
26786
26790
26791
26793
26801
26804
26805
26806
26808
26810
26811
26812
26816
26817
26820
26821
26824
26825
26829
26832
26834
26837
26838
26841
26843
26846
26849
26854
26857
26858
26859
26862
26863
26864
26865
26867
26870
26873
26875
26876
26878
26879
26880
26884
26886
26887
26889
26894
26895
26898
26899
26900
26903
26907
26908
26909
26910
26911
26912
26914
26915
26917
26921
26923
26926
26930
26931
26932
26933
26934
26943
26946
26948
26951
26952
26953
26954
26955
26957
26960
26961
26963
26964
26966
26970
26973
26974
26975
26982
26984
26985
26988
26990
26993
26996
26998
27005
27006
27007
27011
27016
27017
27018
27021
27028
27032
27033
27034
27041
27043
27044
27047
27050
27051
27054
27055
27059
27063
27066
27069
27073
27078
27079
27084
27086
27089
27092
27094
27095
27099
27101
27102
27103
27104
27107
27108
27111
27113
27114
27116
27119
27120
27121
27122
27123
27124
27125
27127
27129
27130
27132
27135
27140
27142
27143
27150
27153
27155
27157
27158
27159
27160
27161
27166
27167
27168
27171
27173
27174
27175
27180
27182
27183
27185
27188
27189
27190
27193
27194
27196
27197
27203
27204
27205
27209
27210
27211
27212
27213
27214
27215
27218
27221
27222
27223
27224
27225
27226
27227
27228
27229
27230
27237
27238
27240
27241
27242
27245
27247
27248
27253
27255
27256
27260
27262
27263
27265
27266
27271
27273
27275
27277
27280
27281
27282
27285
27288
27292
27293
27296
27304
27305
27307
27312
27313
27315
27317
27320
27321
27322
27324
27325
27327
27329
27330
27335
27337
27338
27340
27344
27345
27346
27350
27351
27352
27354
27355
27358
27359
27360
27362
27365
27366
27367
27370
27372
27373
27376
27378
27379
27380
27382
27384
27385
27387
27389
27391
27392
27394
27395
27396
27398
27400
27403
27405
27406
27408
27410
27412
27413
27415
27416
27419
27420
27421
27423
27424
27427
27428
27430
27432
27433
27435
27437
27439
27443
27445
27446
27451
27453
27454
27462
27467
27468
27469
27472
27475
27477
27478
27479
27482
27483
27484
27487
27489
27490
27494
27496
27499
27501
27502
27510
27512
27513
27514
27515
27517
27518
27520
27522
27525
27526
27528
27529
27533
27534
27535
27536
27538
27543
27545
27547
27549
27551
27554
27556
27558
27559
27560
27563
27565
27567
27568
27569
27570
27571
27572
27573
27576
27581
27582
27583
27584
27585
27586
27587
27588
27590
27591
27593
27597
27600
27601
27602
27604
27605
27608
27609
27611
27613
27614
27616
27619
27621
27622
27624
27625
27626
27628
27629
27630
27631
27632
27633
27634
27635
27638
27639
27642
27647
27649
27650
27651
27653
27654
27658
27662
27664
27665
27666
27667
27670
27673
27674
27676
27679
27681
27682
27686
27687
27690
27692
27693
27695
27696
27699
27700
27701
27702
27704
27709
27710
27712
27714
27718
27719
27720
27721
27723
27724
27727
27730
27731
27733
27734
27735
27736
27737
27738
27739
27742
27743
27745
27748
27751
27753
27755
27756
27757
27758
27760
27761
27764
27765
27770
27772
27775
27777
27780
27782
27793
27794
27795
27797
27802
27803
27807
27810
27811
27812
27815
27817
27818
27820
27821
27822
27823
27828
27833
27837
27838
27840
27841
27843
27849
27850
27852
27853
27854
27857
27858
27859
27860
27864
27865
27867
27868
27869
27870
27879
27882
27885
27891
27894
27895
27896
27900
27903
27904
27906
27907
27910
27912
27915
27917
27922
27923
27925
27926
27927
27928
27929
27930
27933
27935
27938
27942
27944
27947
27948
27949
27950
27952
27953
27955
27956
27958
27959
27960
27962
27965
27966
27967
27971
27973
27974
27976
27980
27984
27988
27989
27991
27993
27994
27995
27996
27997
27998
27999
28000
28003
28009
28011
28012
28013
28014
28016
28020
28021
28022
28024
28025
28026
28028
28032
28034
28036
28037
28040
28041
28042
28043
28044
28049
28051
28053
28054
28058
28060
28062
28063
28065
28066
28067
28068
28072
28073
28074
28079
28080
28085
28086
28090
28091
28092
28095
28097
28098
28100
28103
28104
28106
28109
28110
28112
28115
28118
28120
28121
28125
28127
28128
28133
28136
28137
28142
28147
28148
28150
28151
28157
28161
28164
28170
28171
28173
28177
28180
28183
28184
28185
28186
28188
28190
28191
28192
28194
28200
28201
28206
28211
28214
28215
28216
28217
28218
28219
28221
28223
28228
28230
28233
28234
28235
28236
28237
28238
28239
28240
28241
28243
28252
28253
28254
28257
28258
28259
28260
28261
28262
28263
28265
28266
28273
28276
28279
28285
28286
28288
28292
28293
28295
28296
28297
28299
28301
28302
28306
28308
28311
28315
28317
28320
28321
28327
28328
28336
28337
28340
28341
28342
28343
28348
28350
28354
28356
28357
28360
28362
28365
28370
28372
28377
28378
28380
28382
28384
28385
28390
28391
28392
28393
28395
28396
28397
28404
28410
28416
28422
28425
28426
28427
28428
28430
28432
28434
28435
28436
28441
28442
28444
28446
28449
28450
28454
28457
28458
28459
28461
28463
28465
28466
28468
28470
28471
28472
28474
28475
28476
28481
28482
28485
28486
28488
28489
28496
28497
28498
28504
28508
28509
28513
28515
28516
28517
28519
28525
28526
28528
28530
28535
28537
28538
28539
28541
28544
28546
28547
28556
28561
28562
28563
28565
28567
28568
28569
28574
28585
28586
28592
28593
28596
28597
28598
28599
28600
28602
28604
28605
28606
28607
28608
28609
28610
28617
28618
28619
28621
28622
28624
28625
28627
28631
28632
28633
28639
28641
28645
28647
28648
28649
28652
28659
28662
28663
28665
28671
28675
28676
28677
28682
28684
28685
28687
28688
28689
28692
28693
28694
28697
28699
28700
28701
28705
28706
28707
28708
28710
28712
28713
28715
28717
28718
28722
28723
28726
28729
28731
28732
28738
28739
28740
28742
28744
28746
28750
28751
28754
28755
28758
28759
28761
28762
28763
28765
28767
28769
28770
28774
28776
28782
28787
28788
28789
28790
28794
28800
28803
28805
28810
28815
28817
28819
28821
28822
28830
28831
28833
28834
28835
28837
28838
28842
28844
28845
28847
28849
28853
28856
28857
28859
28862
28863
28864
28867
28868
28869
28873
28874
28875
28879
28880
28885
28889
28894
28895
28898
28899
28902
28905
28906
28909
28913
28915
28919
28920
28921
28923
28924
28926
28928
28931
28934
28942
28943
28945
28949
28950
28953
28957
28958
28962
28963
28964
28969
28970
28973
28974
28976
28979
28983
28984
28985
28989
28990
28996
28997
28998
28999
29003
29006
29007
29009
29010
29012
29013
29014
29015
29016
29017
29018
29021
29022
29026
29029
29031
29032
29033
29035
29038
29039
29041
29043
29044
29045
29046
29047
29052
29053
29056
29058
29059
29060
29063
29064
29067
29068
29070
29071
29079
29081
29085
29087
29088
29089
29090
29094
29096
29097
29100
29101
29102
29103
29106
29108
29109
29110
29112
29113
29115
29123
29127
29128
29129
29130
29133
29134
29139
29140
29143
29144
29149
29152
29155
29157
29162
29163
29166
29169
29174
29177
29178
29179
29182
29183
29184
29188
29193
29195
29201
29202
29203
29204
29206
29208
29211
29212
29216
29217
29221
29222
29229
29230
29234
29238
29239
29242
29243
29245
29246
29249
29253
29256
29259
29261
29269
29270
29273
29274
29279
29280
29282
29283
29284
29285
29286
29287
29292
29293
29296
29297
29298
29299
29300
29302
29303
29306
29309
29310
29311
29313
29316
29318
29320
29321
29322
29324
29326
29327
29328
29329
29331
29337
29339
29343
29346
29347
29350
29351
29353
29357
29359
29362
29364
29367
29369
29370
29371
29377
29378
29380
29381
29382
29386
29388
29390
29393
29396
29397
29398
29400
29401
29404
29407
29408
29410
29413
29414
29415
29416
29418
29419
29420
29422
29424
29428
29429
29430
29431
29434
29435
29436
29438
29440
29442
29443
29446
29449
29450
29454
29456
29457
29458
29463
29464
29465
29470
29472
29473
29474
29475
29478
29479
29482
29485
29486
29487
29490
29491
29492
29493
29495
29500
29505
29506
29507
29508
29510
29511
29512
29517
29518
29523
29525
29526
29527
29531
29533
29534
29535
29538
29540
29541
29542
29543
29544
29545
29548
29549
29551
29552
29554
29557
29560
29563
29567
29569
29570
29571
29578
29581
29582
29584
29587
29588
29589
29591
29592
29593
29594
29596
29602
29606
29607
29609
29611
29612
29615
29616
29617
29618
29619
29622
29625
29629
29630
29631
29635
29636
29637
29641
29642
29643
29647
29648
29649
29650
29653
29654
29655
29657
29658
29663
29665
29671
29672
29677
29678
29680
29682
29683
29686
29689
29691
29692
29693
29696
29697
29699
29702
29704
29707
29709
29712
29715
29720
29723
29725
29727
29728
29729
29730
29732
29738
29739
29741
29745
29748
29749
29751
29752
29754
29755
29760
29762
29763
29765
29767
29768
29769
29770
29775
29780
29781
29783
29784
29786
29787
29794
29796
29797
29802
29804
29806
29808
29809
29812
29814
29815
29820
29822
29823
29826
29828
29830
29831
29832
29833
29834
29835
29838
29839
29840
29843
29844
29845
29847
29850
29851
29852
29853
29854
29855
29856
29858
29860
29865
29866
29867
29868
29869
29872
29873
29875
29877
29878
29879
29880
29883
29886
29887
29889
29890
29891
29897
29899
29903
29905
29908
29910
29913
29916
29918
29919
29921
29925
29926
29928
29930
29931
29933
29934
29935
29940
29941
29942
29949
29950
29954
29955
29956
29957
29958
29960
29964
29965
29969
29972
29973
29975
29976
29980
29981
29982
29986
29991
29993
29995
29997
29999
30001
30003
30006
30007
30008
30010
30011
30012
30014
30015
30016
30017
30018
30021
30022
30027
30029
30030
30035
30036
30037
30038
30039
30043
30047
30049
30052
30053
30054
30056
30057
30058
30064
30067
30069
30070
30071
30074
30075
30076
30084
30086
30087
30090
30092
30094
30096
30097
30098
30101
30102
30104
30107
30108
30116
30118
30119
30120
30122
30123
30124
30125
30126
30127
30132
30134
30135
30138
30139
30140
30143
30145
30146
30147
30148
30150
30151
30152
30154
30157
30160
30165
30171
30172
30174
30177
30179
30180
30181
30182
30183
30184
30185
30186
30187
30192
30195
30198
30202
30203
30204
30205
30208
30211
30212
30214
30218
30219
30221
30226
30230
30231
30235
30236
30237
30239
30245
30246
30251
30252
30253
30258
30260
30261
30262
30263
30264
30267
30269
30276
30278
30279
30280
30285
30287
30288
30289
30291
30292
30293
30294
30296
30299
30300
30303
30306
30308
30316
30319
30320
30324
30326
30327
30331
30332
30333
30337
30339
30342
30343
30344
30346
30349
30352
30358
30359
30361
30364
30367
30368
30371
30372
30373
30374
30377
30379
30383
30389
30390
30394
30396
30399
30402
30405
30406
30407
30408
30411
30412
30413
30419
30421
30422
30425
30430
30432
30435
30436
30437
30439
30441
30449
30450
30451
30456
30460
30462
30463
30467
30470
30474
30475
30487
30492
30494
30496
30498
30499
30502
30503
30506
30508
30510
30511
30515
30519
30520
30521
30522
30524
30529
30537
30538
30539
30541
30545
30546
30551
30557
30558
30559
30561
30562
30563
30566
30568
30571
30573
30575
30576
30582
30586
30587
30591
30593
30594
30597
30598
30600
30601
30603
30606
30611
30615
30622
30623
30624
30634
30635
30637
30640
30644
30646
30647
30649
30650
30652
30656
30659
30662
30663
30668
30670
30672
30674
30675
30677
30678
30683
30684
30686
30687
30688
30689
30690
30692
30693
30695
30697
30703
30705
30710
30713
30715
30719
30724
30725
30729
30730
30731
30733
30738
30742
30744
30745
30746
30747
30749
30750
30753
30754
30755
30756
30757
30758
30760
30761
30762
30763
30764
30766
30769
30775
30776
30778
30779
30783
30784
30785
30787
30788
30790
30792
30793
30794
30797
30798
30800
30804
30805
30807
30808
30809
30812
30815
30816
30821
30823
30824
30825
30826
30828
30835
30836
30837
30838
30841
30848
30851
30852
30854
30855
30858
30863
30867
30869
30871
30875
30876
30879
30882
30883
30885
30887
30888
30890
30892
30895
30899
30900
30901
30903
30906
30909
30912
30913
30914
30915
30917
30918
30919
30923
30926
30927
30928
30930
30938
30941
30942
30944
30946
30951
30952
30957
30959
30960
30964
30968
30969
30972
30973
30974
30976
30977
30979
30982
30986
30988
30990
30993
30996
31000
31003
31005
31007
31008
31009
31010
31011
31012
31013
31022
31023
31024
31025
31028
31030
31032
31034
31037
31038
31039
31047
31049
31051
31053
31057
31058
31061
31062
31063
31065
31072
31074
31075
31082
31084
31085
31086
31088
31091
31092
31097
31098
31100
31103
31104
31105
31106
31107
31109
31114
31118
31120
31124
31126
31128
31129
31130
31133
31135
31136
31137
31138
31144
31147
31149
31150
31151
31153
31154
31157
31158
31159
31162
31167
31168
31169
31172
31173
31179
31180
31181
31182
31183
31184
31187
31189
31192
31193
31195
31196
31197
31198
31199
31201
31204
31207
31208
31209
31211
31212
31213
31216
31218
31223
31226
31230
31233
31234
31236
31240
31243
31244
31250
31251
31255
31256
31259
31261
31262
31264
31265
31267
31268
31270
31271
31273
31275
31276
31284
31285
31286
31287
31288
31291
31292
31294
31296
31297
31302
31304
31306
31308
31312
31314
31315
31319
31320
31324
31325
31328
31329
31335
31337
31338
31340
31341
31342
31343
31344
31346
31347
31349
31350
31351
31352
31354
31355
31356
31358
31360
31361
31363
31371
31375
31376
31377
31379
31385
31386
31388
31391
31392
31397
31403
31404
31409
31410
31413
31418
31420
31424
31427
31428
31430
31434
31435
31436
31437
31439
31440
31442
31443
31445
31446
31451
31454
31456
31458
31461
31462
31467
31468
31471
31474
31479
31481
31483
31484
31485
31487
31489
31490
31491
31498
31502
31504
31505
31509
31511
31514
31515
31516
31517
31519
31520
31521
31525
31526
31528
31529
31530
31534
31541
31542
31543
31544
31547
31548
31550
31551
31552
31553
31555
31558
31559
31561
31562
31563
31564
31565
31566
31567
31569
31572
31574
31575
31579
31581
31584
31588
31589
31591
31593
31596
31600
31602
31604
31606
31609
31610
31611
31617
31619
31621
31624
31625
31626
31627
31629
31636
31637
31639
31640
31643
31644
31647
31649
31650
31654
31656
31659
31660
31661
31662
31663
31665
31667
31670
31671
31672
31677
31685
31686
31689
31690
31692
31693
31694
31695
31699
31701
31705
31706
31710
31711
31712
31713
31714
31720
31724
31725
31728
31730
31732
31733
31734
31735
31737
31739
31740
31749
31750
31752
31753
31756
31762
31764
31765
31766
31770
31776
31777
31778
31780
31781
31783
31788
31789
31790
31793
31795
31797
31799
31800
31802
31805
31810
31812
31813
31814
31816
31819
31821
31824
31826
31829
31833
31838
31841
31846
31847
31850
31855
31858
31859
31860
31861
31862
31864
31871
31874
31875
31881
31882
31884
31886
31887
31888
31891
31896
31899
31901
31902
31910
31911
31913
31917
31918
31919
31924
31925
31927
31928
31930
31931
31935
31937
31940
31941
31942
31943
31945
31946
31947
31950
31954
31959
31961
31962
31965
31966
31967
31969
31970
31971
31972
31973
31974
31975
31978
31979
31981
31984
31985
31986
31987
31988
31989
31990
31992
31995
31996
31997
32001
32002
32003
32005
32006
32007
32008
32009
32011
32015
32017
32019
32020
32021
32030
32032
32035
32037
32039
32045
32049
32052
32055
32058
32061
32064
32068
32071
32073
32074
32076
32083
32087
32088
32089
32096
32100
32102
32107
32114
32116
32117
32119
32122
32127
32129
32130
32133
32135
32137
32142
32143
32144
32145
32147
32149
32153
32154
32157
32160
32167
32168
32169
32170
32171
32176
32177
32179
32184
32190
32191
32193
32194
32195
32198
32205
32208
32210
32216
32218
32222
32224
32228
32229
32230
32235
32236
32237
32245
32246
32248
32251
32252
32254
32256
32258
32259
32260
32261
32269
32270
32271
32276
32280
32282
32284
32286
32288
32289
32290
32291
32292
32294
32298
32299
32300
32301
32303
32304
32310
32312
32313
32314
32321
32323
32325
32327
32328
32330
32331
32332
32335
32338
32341
32343
32344
32345
32346
32349
32352
32354
32360
32362
32364
32365
32367
32368
32369
32370
32373
32376
32378
32379
32380
32381
32382
32384
32386
32387
32388
32391
32393
32396
32410
32411
32412
32418
32419
32424
32426
32427
32428
32433
32434
32439
32445
32447
32449
32450
32451
32453
32454
32455
32460
32462
32467
32468
32471
32472
32477
32479
32480
32483
32485
32488
32490
32491
32492
32493
32496
32497
32500
32501
32504
32508
32516
32521
32523
32524
32525
32526
32530
32532
32534
32541
32544
32545
32549
32550
32554
32555
32556
32560
32561
32566
32570
32572
32577
32579
32582
32584
32590
32595
32597
32599
32603
32607
32608
32611
32612
32615
32616
32617
32619
32623
32625
32626
32627
32631
32633
32635
32636
32638
32639
32641
32645
32650
32651
32655
32656
32657
32659
32660
32663
32665
32666
32671
32673
32674
32675
32679
32680
32683
32685
32689
32690
32692
32693
32694
32696
32709
32710
32711
32713
32714
32715
32717
32718
32719
32723
32725
32726
32728
32729
32735
32740
32741
32743
32744
32745
32749
32751
32752
32753
32755
32756
32757
32758
32759
32763
32765
32766
32767
32769
32770
32772
32773
32774
32775
32777
32778
32780
32783
32784
32785
32786
32787
32788
32790
32791
32792
32793
32798
32802
32804
32807
32814
32815
32817
32819
32820
32821
32822
32823
32827
32828
32829
32830
32831
32832
32834
32835
32837
32848
32850
32852
32853
32856
32861
32863
32866
32872
32873
32877
32878
32879
32880
32881
32882
32883
32892
32894
32895
32897
32898
32900
32902
32905
32907
32915
32916
32918
32923
32924
32925
32929
32930
32935
32939
32940
32942
32944
32945
32946
32948
32949
32955
32956
32957
32958
32961
32964
32967
32968
32969
32971
32974
32975
32976
32979
32980
32982
32983
32985
32986
32995
32998
33005
33010
33011
33018
33021
33026
33027
33028
33030
33031
33033
33034
33041
33045
33055
33056
33057
33059
33060
33061
33062
33066
33067
33068
33069
33074
33075
33087
33088
33089
33091
33093
33094
33095
33098
33101
33105
33107
33108
33109
33110
33111
33113
33115
33117
33119
33120
33122
33125
33126
33129
33131
33133
33134
33144
33146
33147
33152
33153
33155
33159
33162
33165
33167
33170
33182
33183
33184
33185
33188
33191
33192
33193
33194
33196
33198
33199
33203
33204
33206
33208
33210
33211
33214
33216
33217
33218
33220
33224
33226
33229
33233
33235
33236
33237
33239
33241
33244
33251
33254
33256
33259
33260
33265
33269
33271
33273
33277
33278
33279
33280
33283
33284
33286
33287
33289
33291
33295
33298
33301
33302
33303
33306
33310
33311
33312
33313
33314
33315
33318
33319
33320
33324
33325
33330
33331
33332
33333
33335
33336
33337
33340
33341
33342
33343
33350
33351
33356
33358
33360
33363
33365
33367
33368
33371
33373
33376
33380
33382
33385
33388
33389
33393
33398
33400
33401
33403
33405
33406
33407
33408
33410
33411
33413
33416
33418
33421
33424
33426
33429
33430
33431
33435
33436
33439
33441
33444
33445
33447
33449
33455
33459
33461
33462
33464
33468
33471
33472
33479
33486
33488
33490
33495
33501
33503
33508
33509
33510
33512
33513
33514
33516
33517
33521
33522
33527
33528
33530
33532
33534
33535
33539
33541
33544
33545
33549
33550
33552
33554
33555
33557
33558
33565
33567
33569
33572
33575
33578
33579
33580
33582
33583
33586
33590
33591
33593
33601
33603
33607
33611
33613
33621
33625
33626
33632
33633
33635
33639
33640
33642
33645
33647
33648
33649
33651
33652
33654
33655
33658
33659
33660
33662
33664
33666
33667
33669
33671
33673
33675
33676
33684
33685
33686
33687
33691
33692
33694
33696
33702
33709
33711
33712
33713
33714
33717
33718
33720
33723
33724
33725
33729
33731
33732
33733
33735
33738
33740
33742
33744
33750
33752
33753
33759
33761
33762
33763
33764
33765
33766
33767
33768
33773
33776
33778
33779
33782
33787
33789
33791
33793
33794
33795
33797
33799
33802
33803
33805
33807
33810
33811
33812
33815
33816
33817
33822
33827
33829
33831
33832
33836
33837
33839
33840
33848
33850
33853
33855
33857
33859
33860
33869
33872
33877
33880
33886
33887
33888
33892
33893
33896
33898
33899
33900
33901
33902
33905
33911
33914
33915
33917
33918
33921
33922
33924
33928
33931
33932
33936
33939
33940
33944
33945
33950
33954
33955
33957
33960
33961
33963
33969
33970
33971
33972
33973
33974
33984
33985
33987
33989
33993
33996
34001
34005
34008
34011
34012
34015
34016
34017
34018
34019
34021
34023
34024
34026
34028
34030
34032
34033
34034
34035
34042
34043
34044
34045
34046
34047
34048
34051
34059
34060
34062
34065
34066
34068
34071
34074
34077
34080
34082
34085
34086
34088
34090
34093
34094
34098
34099
34105
34107
34110
34111
34112
34114
34117
34118
34122
34125
34126
34129
34130
34131
34132
34133
34134
34135
34136
34138
34139
34141
34147
34148
34150
34156
34157
34163
34164
34167
34169
34170
34171
34174
34176
34177
34180
34181
34184
34185
34186
34188
34191
34195
34201
34203
34204
34205
34206
34209
34210
34211
34217
34218
34222
34224
34227
34228
34230
34232
34236
34237
34238
34243
34248
34250
34252
34254
34255
34257
34259
34261
34266
34270
34271
34276
34281
34282
34283
34284
34287
34291
34294
34298
34299
34303
34305
34310
34313
34314
34315
34316
34317
34319
34320
34322
34323
34325
34327
34329
34332
34337
34339
34343
34344
34347
34351
34352
34356
34358
34359
34362
34364
34365
34366
34367
34371
34374
34376
34377
34378
34380
34382
34383
34384
34386
34387
34392
34393
34394
34395
34397
34399
34406
34410
34413
34414
34418
34419
34420
34422
34426
34429
34439
34440
34441
34444
34445
34447
34449
34451
34455
34459
34461
34464
34467
34468
34472
34475
34476
34482
34483
34490
34493
34494
34500
34506
34507
34509
34510
34512
34515
34517
34519
34521
34523
34526
34529
34531
34532
34533
34534
34535
34537
34538
34541
34542
34543
34545
34546
34547
34548
34551
34555
34558
34559
34563
34566
34569
34574
34576
34577
34578
34579
34580
34583
34584
34586
34587
34589
34593
34600
34601
34602
34603
34608
34609
34617
34620
34624
34625
34626
34628
34633
34635
34636
34643
34644
34645
34646
34647
34648
34651
34652
34653
34654
34655
34656
34659
34660
34661
34663
34667
34668
34672
34674
34681
34685
34693
34697
34700
34706
34707
34708
34709
34711
34716
34719
34722
34725
34726
34727
34728
34731
34734
34735
34736
34742
34743
34744
34745
34748
34750
34755
34762
34765
34766
34768
34769
34773
34775
34779
34780
34781
34786
34794
34795
34797
34799
34801
34802
34808
34809
34810
34811
34813
34816
34817
34821
34822
34825
34826
34827
34829
34833
34839
34840
34841
34842
34848
34855
34858
34860
34865
34866
34868
34872
34874
34877
34878
34879
34880
34881
34884
34885
34886
34887
34889
34890
34893
34898
34901
34902
34905
34910
34912
34915
34919
34925
34927
34929
34930
34932
34933
34935
34936
34942
34944
34946
34951
34952
34956
34961
34962
34966
34970
34971
34973
34983
34986
34988
34989
34991
34992
34993
34995
34998
35000
35002
35005
35007
35011
35014
35015
35016
35017
35020
35021
35022
35024
35025
35027
35028
35032
35035
35036
35037
35039
35044
35047
35051
35059
35061
35062
35070
35072
35073
35076
35080
35081
35084
35087
35088
35090
35091
35094
35096
35099
35102
35103
35104
35106
35107
35108
35110
35114
35116
35118
35121
35122
35123
35124
35125
35126
35128
35131
35133
35134
35137
35138
35139
35140
35141
35142
35144
35145
35146
35147
35151
35154
35155
35156
35157
35159
35160
35161
35165
35166
35169
35171
35174
35178
35181
35183
35184
35187
35188
35195
35196
35203
35204
35205
35207
35209
35211
35214
35218
35221
35226
35231
35232
35234
35238
35239
35247
35248
35250
35254
35255
35257
35260
35264
35265
35272
35274
35275
35276
35280
35282
35288
35289
35290
35293
35294
35296
35299
35302
35303
35306
35308
35311
35312
35313
35320
35324
35325
35326
35335
35337
35338
35340
35341
35344
35351
35355
35358
35364
35365
35368
35369
35370
35372
35374
35378
35381
35386
35393
35395
35397
35398
35399
35400
35404
35407
35409
35413
35414
35419
35422
35423
35426
35427
35430
35431
35433
35434
35435
35438
35439
35442
35444
35451
35452
35456
35457
35459
35463
35464
35466
35467
35473
35474
35475
35478
35479
35481
35482
35489
35493
35494
35495
35496
35497
35502
35503
35504
35507
35512
35516
35522
35531
35535
35536
35538
35541
35542
35543
35545
35546
35547
35550
35551
35555
35559
35560
35562
35564
35568
35571
35574
35575
35577
35580
35585
35590
35594
35601
35602
35603
35604
35605
35606
35607
35608
35612
35614
35615
35617
35619
35621
35622
35623
35624
35629
35631
35633
35634
35635
35636
35643
35644
35647
35648
35649
35653
35655
35657
35661
35662
35672
35675
35678
35679
35680
35682
35683
35684
35686
35688
35691
35692
35693
35695
35697
35698
35701
35704
35705
35707
35708
35709
35711
35716
35718
35719
35721
35726
35727
35728
35729
35736
35737
35740
35742
35746
35748
35750
35751
35754
35755
35758
35759
35761
35764
35765
35767
35769
35776
35778
35780
35784
35786
35787
35788
35790
35792
35793
35794
35796
35800
35801
35805
35806
35807
35808
35809
35811
35819
35821
35822
35824
35826
35836
35838
35840
35841
35843
35845
35847
35848
35849
35851
35852
35853
35859
35861
35862
35864
35865
35867
35872
35873
35875
35880
35881
35883
35885
35886
35887
35889
35891
35893
35894
35895
35899
35901
35904
35908
35909
35910
35912
35914
35915
35916
35917
35919
35920
35921
35924
35930
35931
35932
35934
35935
35937
35940
35941
35944
35945
35946
35947
35953
35956
35959
35960
35962
35970
35971
35975
35977
35978
35980
35983
35985
35988
35992
35995
35999
36000
36004
36011
36012
36013
36014
36015
36016
36018
36022
36025
36026
36027
36028
36029
36031
36032
36034
36035
36036
36038
36040
36042
36046
36048
36053
36055
36056
36059
36062
36066
36067
36071
36074
36075
36076
36079
36081
36084
36090
36093
36095
36097
36098
36100
36104
36106
36110
36111
36114
36116
36118
36119
36123
36125
36128
36138
36139
36142
36144
36146
36147
36151
36154
36158
36162
36164
36165
36166
36169
36171
36174
36175
36176
36180
36182
36186
36188
36189
36190
36191
36193
36194
36195
36196
36197
36200
36201
36202
36203
36208
36210
36211
36213
36214
36215
36219
36221
36222
36225
36227
36230
36234
36238
36239
36241
36245
36246
36249
36250
36253
36254
36256
36260
36265
36268
36275
36276
36277
36283
36285
36289
36295
36297
36301
36303
36309
36310
36311
36312
36314
36319
36320
36325
36328
36331
36333
36335
36341
36343
36344
36346
36347
36348
36349
36350
36351
36353
36354
36367
36369
36370
36371
36373
36377
36381
36384
36385
36397
36398
36406
36410
36412
36414
36415
36416
36418
36421
36422
36425
36429
36433
36438
36442
36445
36446
36449
36450
36453
36454
36456
36457
36464
36465
36472
36474
36478
36479
36480
36482
36483
36485
36487
36491
36495
36496
36497
36500
36501
36503
36504
36513
36514
36515
36519
36521
36524
36526
36529
36531
36535
36536
36537
36538
36541
36545
36546
36552
36553
36557
36563
36565
36569
36571
36576
36577
36583
36584
36587
36588
36589
36591
36592
36593
36594
36595
36596
36597
36598
36599
36600
36602
36604
36605
36606
36608
36609
36610
36613
36616
36618
36619
36622
36626
36627
36628
36630
36631
36634
36636
36638
36639
36640
36641
36648
36649
36655
36656
36660
36667
36670
36671
36675
36676
36679
36683
36688
36693
36695
36703
36707
36709
36712
36715
36723
36724
36725
36732
36733
36734
36737
36740
36742
36745
36748
36749
36751
36760
36762
36764
36765
36770
36773
36774
36780
36781
36783
36784
36793
36794
36798
36800
36802
36805
36806
36807
36808
36809
36810
36814
36822
36823
36827
36828
36831
36833
36834
36836
36838
36839
36840
36842
36844
36847
36850
36853
36860
36864
36867
36874
36875
36879
36882
36883
36884
36885
36889
36892
36893
36895
36899
36901
36904
36906
36908
36909
36915
36924
36927
36928
36931
36933
36934
36937
36939
36940
36943
36944
36945
36948
36953
36954
36962
36965
36967
36969
36973
36975
36981
36982
36984
36985
36988
36990
36996
36999
37001
37002
37003
37005
37008
37009
37011
37013
37014
37019
37020
37022
37024
37027
37028
37029
37033
37034
37036
37037
37041
37043
37045
37046
37047
37048
37049
37052
37056
37057
37060
37061
37063
37066
37069
37070
37072
37073
37079
37083
37084
37085
37088
37091
37093
37095
37098
37107
37108
37109
37112
37113
37115
37116
37121
37125
37127
37130
37132
37136
37139
37140
37142
37147
37149
37153
37154
37155
37157
37158
37160
37163
37164
37168
37169
37170
37171
37172
37179
37180
37182
37183
37190
37194
37197
37198
37201
37202
37204
37205
37207
37208
37211
37212
37218
37224
37232
37238
37246
37248
37250
37252
37263
37267
37270
37271
37272
37276
37277
37280
37281
37284
37285
37288
37291
37294
37296
37301
37303
37308
37309
37310
37311
37312
37314
37317
37322
37323
37327
37330
37331
37332
37336
37337
37350
37351
37352
37353
37356
37358
37359
37360
37361
37363
37364
37365
37367
37371
37374
37375
37379
37380
37382
37384
37395
37396
37398
37399
37400
37401
37403
37411
37413
37416
37421
37423
37424
37428
37430
37431
37435
37436
37437
37438
37439
37441
37442
37443
37447
37448
37451
37454
37456
37457
37458
37460
37463
37465
37466
37467
37469
37476
37477
37481
37482
37488
37490
37492
37493
37499
37504
37506
37508
37514
37516
37523
37527
37529
37534
37536
37537
37539
37543
37546
37547
37550
37552
37554
37556
37557
37561
37562
37564
37566
37568
37574
37582
37586
37589
37592
37593
37595
37600
37602
37603
37604
37606
37608
37613
37616
37617
37621
37625
37627
37629
37630
37631
37634
37637
37638
37639
37640
37641
37642
37643
37647
37652
37654
37655
37656
37657
37658
37666
37667
37668
37672
37673
37676
37679
37681
37683
37685
37686
37688
37689
37691
37693
37698
37700
37701
37702
37705
37707
37708
37710
37715
37717
37718
37722
37725
37726
37727
37729
37730
37731
37732
37733
37734
37735
37740
37741
37742
37744
37745
37753
37754
37756
37758
37759
37761
37770
37774
37775
37779
37780
37781
37782
37785
37786
37787
37788
37792
37793
37794
37799
37800
37801
37809
37810
37813
37819
37823
37824
37825
37827
37828
37831
37832
37837
37840
37841
37843
37844
37845
37847
37848
37849
37852
37854
37858
37860
37868
37869
37870
37871
37872
37877
37879
37880
37882
37886
37887
37888
37889
37890
37892
37894
37896
37898
37908
37915
37916
37917
37923
37928
37931
37933
37934
37935
37938
37939
37941
37943
37951
37954
37955
37956
37958
37961
37964
37967
37969
37971
37972
37978
37980
37981
37986
37988
37989
37990
37992
37993
37995
37996
37998
37999
38000
38002
38004
38005
38006
38008
38011
38012
38013
38015
38016
38019
38021
38024
38026
38027
38028
38033
38041
38045
38049
38050
38059
38060
38061
38066
38067
38068
38073
38074
38075
38076
38079
38082
38085
38088
38093
38094
38097
38099
38112
38113
38114
38116
38117
38122
38125
38127
38131
38132
38133
38134
38135
38136
38138
38139
38140
38141
38144
38146
38147
38148
38154
38155
38157
38158
38160
38167
38168
38169
38170
38171
38172
38175
38176
38177
38187
38189
38190
38191
38192
38194
38196
38202
38203
38205
38207
38208
38210
38214
38222
38223
38225
38226
38227
38233
38234
38237
38242
38243
38245
38247
38251
38252
38253
38254
38256
38258
38259
38260
38266
38269
38273
38278
38279
38281
38283
38285
38294
38304
38308
38310
38314
38316
38318
38319
38320
38321
38323
38324
38325
38327
38329
38330
38331
38333
38334
38335
38339
38343
38346
38351
38352
38354
38361
38362
38363
38365
38366
38368
38369
38372
38374
38375
38378
38385
38387
38390
38392
38394
38396
38399
38400
38402
38403
38406
38408
38416
38417
38418
38420
38424
38425
38429
38430
38433
38442
38443
38445
38447
38449
38453
38456
38460
38462
38465
38468
38469
38472
38473
38474
38479
38480
38481
38482
38484
38485
38488
38489
38490
38491
38495
38503
38505
38508
38510
38512
38516
38517
38518
38519
38523
38525
38528
38532
38537
38538
38540
38545
38551
38552
38553
38555
38562
38563
38569
38570
38572
38577
38578
38581
38584
38585
38587
38589
38590
38591
38592
38593
38594
38595
38598
38601
38603
38604
38606
38607
38609
38610
38615
38619
38622
38625
38627
38628
38631
38633
38637
38641
38643
38645
38647
38648
38649
38655
38656
38657
38658
38661
38663
38672
38673
38676
38678
38680
38681
38685
38689
38690
38691
38694
38695
38696
38698
38699
38701
38703
38706
38707
38708
38710
38712
38715
38717
38718
38724
38725
38726
38729
38731
38734
38738
38742
38743
38749
38754
38755
38756
38757
38759
38760
38761
38764
38766
38768
38769
38775
38778
38780
38783
38786
38787
38788
38789
38791
38793
38795
38797
38798
38800
38803
38806
38807
38810
38812
38816
38817
38818
38823
38824
38829
38830
38832
38833
38836
38837
38838
38841
38843
38845
38848
38849
38850
38852
38855
38860
38869
38870
38872
38873
38875
38877
38878
38879
38886
38891
38892
38895
38903
38906
38907
38908
38909
38911
38913
38915
38920
38921
38922
38923
38930
38931
38935
38937
38939
38943
38944
38946
38953
38958
38964
38978
38981
38982
38983
38985
38989
38992
38993
38994
38999
39000
39003
39007
39013
39017
39019
39021
39023
39025
39026
39031
39034
39037
39040
39042
39044
39046
39047
39048
39049
39051
39054
39056
39064
39065
39066
39067
39072
39073
39074
39075
39076
39078
39080
39082
39084
39087
39088
39089
39094
39095
39099
39100
39103
39105
39107
39108
39109
39110
39111
39113
39117
39121
39125
39129
39130
39135
39137
39141
39147
39148
39149
39150
39151
39153
39155
39160
39163
39165
39167
39180
39182
39188
39198
39202
39204
39209
39210
39211
39214
39215
39219
39222
39223
39224
39226
39228
39231
39232
39237
39238
39240
39242
39244
39245
39247
39248
39249
39250
39254
39255
39257
39258
39261
39262
39267
39268
39270
39271
39272
39273
39275
39277
39281
39282
39284
39286
39287
39289
39291
39292
39293
39294
39295
39297
39298
39299
39302
39303
39308
39309
39310
39314
39317
39318
39319
39328
39330
39331
39332
39334
39335
39342
39344
39345
39346
39347
39350
39351
39352
39355
39356
39358
39360
39361
39364
39368
39369
39380
39383
39390
39393
39397
39403
39405
39407
39410
39411
39412
39413
39417
39420
39421
39422
39424
39426
39429
39436
39441
39444
39445
39446
39450
39456
39463
39470
39474
39475
39476
39487
39492
39495
39496
39497
39498
39499
39506
39512
39515
39516
39520
39524
39527
39531
39532
39533
39539
39540
39545
39551
39552
39554
39557
39564
39565
39566
39570
39571
39574
39575
39577
39579
39581
39582
39587
39588
39594
39599
39601
39603
39604
39609
39610
39618
39619
39621
39627
39634
39635
39637
39640
39641
39643
39644
39647
39649
39651
39652
39655
39656
39659
39661
39663
39664
39665
39668
39672
39673
39674
39675
39678
39679
39680
39687
39691
39692
39698
39700
39701
39707
39708
39716
39717
39721
39724
39728
39734
39736
39737
39741
39743
39744
39748
39751
39752
39754
39756
39760
39761
39766
39767
39770
39771
39773
39774
39775
39776
39778
39783
39785
39788
39792
39793
39794
39798
39801
39805
39811
39812
39818
39821
39823
39826
39831
39834
39835
39836
39840
39842
39843
39844
39845
39846
39849
39850
39853
39861
39866
39867
39868
39870
39875
39876
39881
39882
39885
39886
39895
39899
39902
39907
39914
39916
39919
39920
39922
39923
39924
39925
39927
39928
39930
39931
39938
39941
39942
39943
39949
39950
39952
39953
39955
39961
39962
39964
39965
39968
39970
39972
39973
39977
39978
39983
39985
39988
39989
39990
39991
39992
39994
39996
39997
39998
40002
40003
40007
40008
40012
40013
40015
40016
40017
40019
40022
40023
40027
40028
40039
40040
40043
40049
40056
40057
40059
40064
40065
40066
40068
40070
40071
40072
40073
40074
40077
40079
40082
40084
40085
40086
40087
40092
40093
40096
40098
40099
40102
40103
40104
40106
40111
40112
40115
40119
40121
40122
40124
40125
40129
40130
40136
40139
40142
40143
40147
40148
40155
40158
40161
40162
40163
40164
40167
40168
40170
40176
40179
40181
40182
40183
40188
40190
40197
40199
40200
40201
40203
40208
40212
40213
40225
40229
40231
40235
40238
40241
40245
40249
40252
40253
40257
40259
40260
40263
40275
40276
40278
40284
40290
40291
40299
40302
40304
40305
40307
40309
40311
40314
40316
40321
40322
40323
40328
40332
40334
40336
40337
40338
40339
40340
40344
40345
40350
40351
40352
40355
40357
40358
40359
40362
40365
40367
40370
40372
40373
40374
40381
40387
40393
40397
40398
40399
40400
40405
40406
40408
40411
40415
40416
40419
40420
40427
40429
40432
40436
40438
40441
40443
40444
40450
40453
40457
40459
40461
40464
40468
40469
40474
40475
40476
40481
40485
40486
40490
40493
40495
40503
40506
40507
40509
40510
40511
40512
40513
40514
40516
40518
40519
40522
40523
40525
40527
40528
40530
40541
40548
40549
40551
40557
40559
40561
40565
40568
40569
40570
40572
40573
40574
40576
40577
40581
40584
40588
40593
40598
40606
40608
40610
40612
40617
40619
40621
40624
40625
40628
40629
40630
40632
40635
40638
40645
40647
40648
40652
40657
40659
40662
40678
40681
40682
40683
40684
40685
40689
40693
40696
40698
40699
40701
40702
40711
40716
40717
40718
40722
40723
40727
40729
40730
40731
40734
40735
40736
40741
40746
40748
40751
40755
40758
40759
40760
40762
40767
40769
40773
40775
40779
40784
40786
40787
40789
40793
40795
40797
40798
40799
40802
40803
40805
40811
40812
40818
40819
40821
40822
40823
40825
40829
40832
40833
40834
40835
40838
40842
40844
40846
40848
40849
40851
40852
40857
40864
40868
40874
40876
40878
40880
40884
40885
40887
40889
40890
40893
40894
40895
40900
40904
40905
40906
40909
40912
40913
40914
40915
40920
40921
40922
40923
40926
40929
40933
40935
40936
40937
40940
40941
40942
40945
40946
40948
40950
40951
40956
40958
40961
40967
40969
40973
40976
40978
40979
40980
40984
40988
40990
40996
41009
41012
41014
41015
41016
41017
41019
41020
41024
41028
41034
41039
41040
41042
41046
41047
41048
41050
41052
41054
41055
41061
41062
41065
41067
41076
41078
41080
41082
41085
41088
41089
41092
41094
41095
41096
41103
41104
41105
41108
41111
41114
41115
41119
41120
41122
41124
41125
41127
41128
41132
41134
41135
41139
41143
41144
41145
41148
41150
41152
41153
41155
41158
41163
41169
41170
41171
41172
41173
41175
41179
41180
41182
41187
41191
41197
41200
41204
41211
41212
41213
41220
41221
41223
41224
41227
41228
41229
41231
41238
41242
41243
41244
41257
41259
41260
41266
41267
41269
41270
41275
41278
41279
41282
41283
41286
41287
41288
41289
41292
41293
41294
41298
41302
41306
41309
41310
41315
41317
41320
41322
41327
41332
41335
41336
41337
41339
41345
41349
41353
41354
41355
41359
41360
41365
41369
41372
41373
41376
41378
41380
41382
41385
41388
41395
41402
41403
41405
41412
41413
41414
41416
41419
41423
41426
41437
41439
41440
41443
41445
41447
41450
41451
41452
41453
41454
41468
41476
41479
41480
41484
41488
41489
41490
41491
41493
41495
41496
41497
41499
41502
41509
41510
41513
41515
41528
41529
41534
41535
41537
41538
41541
41545
41547
41549
41553
41554
41556
41557
41559
41560
41562
41563
41564
41565
41571
41575
41578
41582
41586
41587
41592
41594
41602
41606
41611
41614
41615
41616
41618
41619
41624
41632
41633
41634
41636
41637
41639
41641
41642
41643
41646
41647
41649
41651
41652
41654
41657
41662
41663
41664
41667
41668
41670
41681
41684
41685
41687
41696
41697
41698
41710
41714
41717
41718
41720
41722
41726
41728
41729
41732
41735
41738
41741
41742
41743
41744
41747
41748
41750
41751
41755
41760
41763
41764
41766
41769
41771
41772
41774
41777
41778
41784
41791
41793
41794
41796
41799
41804
41807
41808
41813
41814
41815
41816
41829
41830
41831
41832
41834
41836
41837
41848
41849
41853
41858
41860
41861
41863
41866
41868
41869
41874
41877
41878
41882
41883
41884
41888
41895
41900
41902
41904
41906
41912
41915
41916
41922
41924
41926
41928
41929
41930
41933
41936
41939
41943
41944
41946
41948
41949
41951
41954
41955
41956
41959
41960
41961
41963
41965
41972
41973
41974
41979
41982
41984
41992
41994
41997
41998
42000
42001
42002
42005
42012
42013
42015
42017
42018
42019
42020
42024
42029
42032
42037
42040
42045
42046
42049
42051
42052
42054
42055
42056
42064
42065
42075
42078
42080
42082
42084
42085
42088
42092
42095
42096
42097
42099
42100
42103
42105
42106
42108
42109
42116
42117
42123
42125
42127
42128
42132
42133
42136
42140
42141
42151
42153
42154
42157
42159
42160
42166
42167
42168
42169
42170
42171
42173
42174
42177
42181
42197
42199
42200
42204
42208
42209
42212
42215
42216
42218
42225
42229
42236
42237
42238
42242
42244
42249
42256
42266
42267
42268
42269
42270
42272
42275
42279
42281
42284
42288
42290
42292
42295
42303
42304
42306
42307
42310
42313
42314
42318
42322
42326
42328
42329
42332
42339
42340
42341
42343
42344
42345
42346
42347
42349
42351
42353
42354
42355
42356
42359
42360
42362
42363
42364
42365
42367
42368
42369
42370
42371
42372
42377
42378
42382
42384
42389
42393
42396
42398
42402
42404
42405
42410
42412
42414
42416
42417
42418
42419
42425
42427
42429
42431
42436
42441
42446
42449
42451
42453
42458
42461
42463
42465
42466
42467
42469
42473
42475
42476
42480
42481
42490
42494
42495
42497
42500
42503
42509
42517
42523
42525
42529
42531
42532
42535
42539
42540
42548
42557
42559
42564
42572
42583
42585
42586
42589
42590
42593
42594
42597
42598
42601
42602
42604
42606
42609
42613
42614
42615
42616
42618
42623
42625
42629
42634
42638
42642
42643
42648
42653
42661
42662
42667
42668
42673
42675
42678
42679
42681
42683
42684
42685
42689
42694
42695
42701
42705
42707
42711
42712
42714
42718
42720
42722
42723
42726
42727
42728
42732
42733
42737
42739
42741
42742
42743
42744
42747
42750
42753
42757
42759
42760
42763
42764
42767
42771
42773
42774
42779
42780
42789
42793
42794
42797
42798
42802
42803
42804
42807
42809
42812
42815
42820
42821
42823
42824
42836
42837
42849
42852
42855
42857
42859
42860
42861
42867
42873
42874
42878
42880
42881
42882
42884
42889
42890
42896
42897
42898
42901
42902
42903
42907
42909
42911
42912
42913
42914
42926
42929
42934
42935
42936
42939
42950
42962
42964
42969
42971
42977
42983
42984
42988
42993
42994
42996
42997
43000
43001
43004
43005
43006
43007
43009
43010
43015
43016
43017
43020
43021
43022
43032
43039
43042
43044
43049
43050
43057
43061
43065
43070
43071
43072
43075
43077
43078
43082
43083
43088
43095
43098
43100
43101
43105
43117
43120
43129
43130
43136
43137
43138
43141
43143
43146
43147
43148
43150
43153
43155
43157
43161
43164
43166
43168
43169
43173
43176
43178
43179
43181
43184
43187
43188
43189
43190
43194
43195
43196
43197
43204
43208
43210
43215
43216
43217
43219
43220
43222
43224
43226
43227
43230
43233
43235
43240
43241
43242
43243
43244
43245
43246
43247
43248
43250
43254
43260
43261
43265
43269
43270
43274
43278
43283
43292
43295
43296
43303
43304
43305
43309
43311
43314
43318
43320
43323
43327
43328
43329
43334
43335
43337
43339
43347
43348
43355
43364
43365
43366
43369
43374
43375
43380
43381
43386
43387
43388
43389
43390
43393
43394
43397
43400
43402
43406
43407
43408
43409
43410
43412
43413
43414
43415
43417
43423
43424
43431
43433
43437
43441
43445
43448
43449
43451
43453
43456
43460
43467
43468
43471
43472
43473
43477
43480
43481
43483
43487
43492
43493
43494
43499
43502
43505
43508
43509
43510
43511
43518
43522
43523
43524
43525
43527
43540
43541
43543
43544
43545
43546
43551
43552
43553
43555
43560
43561
43563
43565
43568
43571
43577
43585
43589
43595
43612
43613
43614
43615
43617
43618
43621
43625
43630
43631
43632
43635
43639
43640
43644
43645
43646
43647
43649
43650
43652
43654
43655
43660
43661
43664
43668
43670
43673
43675
43679
43680
43681
43684
43688
43692
43693
43697
43702
43703
43709
43715
43716
43717
43718
43719
43724
43725
43729
43731
43732
43735
43736
43738
43740
43741
43743
43745
43752
43756
43761
43762
43763
43765
43766
43770
43771
43774
43782
43792
43797
43799
43801
43804
43806
43807
43809
43815
43818
43824
43825
43826
43827
43828
43831
43832
43835
43838
43844
43849
43850
43853
43854
43855
43859
43861
43866
43867
43871
43872
43874
43876
43882
43884
43886
43889
43899
43900
43904
43906
43910
43913
43915
43917
43919
43921
43923
43924
43928
43929
43934
43935
43938
43939
43943
43946
43951
43953
43954
43957
43959
43962
43967
43971
43976
43977
43979
43982
43986
43992
43994
43996
43997
44003
44005
44006
44007
44009
44010
44012
44015
44017
44020
44023
44026
44027
44028
44030
44031
44032
44037
44038
44039
44041
44042
44044
44045
44047
44052
44053
44055
44061
44066
44072
44074
44078
44079
44083
44091
44095
44096
44098
44099
44101
44102
44103
44109
44111
44115
44116
44117
44119
44125
44127
44133
44135
44136
44137
44142
44143
44145
44147
44148
44149
44154
44155
44157
44166
44169
44173
44174
44178
44182
44183
44184
44191
44192
44193
44197
44199
44202
44203
44204
44208
44212
44213
44214
44216
44218
44219
44222
44227
44231
44232
44239
44240
44244
44245
44247
44248
44250
44254
44255
44258
44260
44272
44282
44283
44290
44291
44292
44294
44295
44297
44298
44300
44301
44305
44312
44314
44318
44329
44330
44331
44334
44337
44338
44339
44341
44344
44345
44346
44349
44354
44357
44361
44363
44369
44374
44375
44378
44380
44388
44393
44394
44396
44397
44399
44401
44402
44404
44405
44410
44411
44412
44418
44422
44424
44429
44431
44433
44439
44441
44442
44443
44444
44446
44447
44449
44452
44456
44457
44458
44459
44462
44465
44469
44473
44474
44480
44484
44485
44487
44491
44492
44501
44504
44505
44506
44507
44511
44517
44521
44523
44524
44529
44530
44532
44538
44543
44546
44548
44549
44550
44551
44553
44554
44555
44556
44559
44564
44572
44573
44575
44577
44578
44586
44587
44588
44592
44593
44598
44600
44601
44602
44606
44610
44612
44613
44614
44616
44618
44623
44624
44625
44629
44639
44640
44641
44644
44645
44646
44652
44653
44665
44669
44670
44671
44674
44675
44678
44679
44681
44683
44684
44690
44697
44699
44701
44702
44706
44712
44716
44717
44718
44719
44723
44732
44734
44737
44739
44744
44748
44749
44752
44754
44760
44768
44773
44776
44777
44780
44782
44788
44789
44795
44796
44803
44804
44805
44811
44812
44813
44816
44819
44828
44829
44838
44839
44842
44844
44846
44850
44852
44856
44859
44863
44868
44872
44875
44876
44877
44878
44880
44883
44884
44886
44887
44889
44890
44893
44896
44897
44899
44900
44909
44910
44917
44920
44923
44925
44932
44934
44935
44937
44940
44944
44947
44948
44952
44958
44959
44960
44962
44967
44975
44978
44984
44986
44987
44995
44996
45002
45003
45004
45005
45006
45012
45015
45016
45019
45021
45025
45031
45032
45035
45037
45038
45044
45047
45048
45054
45058
45059
45061
45065
45068
45070
45076
45077
45078
45079
45084
45085
45091
45092
45095
45097
45103
45106
45112
45115
45119
45124
45127
45128
45130
45131
45132
45134
45138
45140
45146
45148
45151
45153
45156
45157
45158
45161
45163
45164
45167
45168
45174
45175
45185
45188
45191
45192
45196
45197
45200
45203
45205
45207
45208
45209
45214
45217
45221
45227
45229
45238
45239
45240
45242
45244
45247
45250
45252
45259
45261
45262
45263
45271
45276
45277
45279
45283
45287
45294
45296
45299
45300
45304
45305
45307
45308
45309
45310
45312
45315
45319
45323
45326
45328
45329
45330
45332
45334
45336
45338
45341
45343
45344
45345
45347
45349
45351
45353
45356
45361
45362
45365
45366
45368
45369
45371
45374
45382
45388
45391
45392
45393
45395
45397
45398
45402
45403
45404
45407
45416
45421
45422
45426
45427
45436
45437
45438
45443
45446
45447
45448
45456
45457
45458
45462
45465
45466
45467
45477
45481
45482
45483
45487
45495
45497
45498
45500
45502
45509
45510
45516
45522
45525
45526
45530
45531
45532
45537
45542
45543
45544
45549
45551
45552
45553
45556
45559
45560
45562
45566
45569
45573
45577
45584
45585
45586
45591
45593
45597
45600
45601
45605
45607
45608
45609
45615
45617
45619
45620
45621
45622
45625
45629
45631
45632
45637
45640
45643
45649
45656
45658
45660
45666
45668
45677
45678
45684
45686
45687
45690
45691
45693
45696
45697
45702
45703
45707
45708
45711
45713
45715
45719
45724
45725
45726
45730
45732
45734
45735
45744
45747
45750
45753
45754
45757
45759
45760
45765
45766
45767
45770
45771
45774
45776
45783
45784
45785
45793
45802
45805
45806
45807
45811
45816
45817
45822
45823
45828
45829
45830
45832
45834
45838
45841
45843
45845
45848
45849
45850
45852
45859
45862
45863
45866
45867
45871
45875
45877
45881
45883
45884
45885
45887
45888
45896
45899
45900
45901
45902
45903
45904
45905
45908
45910
45912
45918
45919
45920
45924
45925
45928
45930
45932
45933
45935
45938
45941
45942
45943
45944
45948
45949
45950
45952
45954
45957
45961
45964
45967
45971
45972
45975
45978
45981
45991
45993
45994
45996
45998
45999
46001
46004
46011
46013
46017
46018
46025
46028
46029
46032
46034
46040
46048
46051
46052
46055
46058
46066
46069
46070
46073
46076
46083
46086
46088
46089
46093
46095
46096
46100
46105
46107
46108
46113
46120
46121
46124
46126
46127
46129
46130
46133
46134
46137
46138
46139
46141
46142
46143
46146
46155
46156
46161
46166
46169
46170
46171
46174
46176
46177
46187
46188
46192
46194
46196
46197
46203
46205
46206
46210
46211
46212
46216
46222
46224
46227
46230
46242
46247
46250
46251
46253
46254
46255
46257
46258
46259
46261
46262
46264
46270
46271
46275
46277
46279
46283
46284
46287
46288
46290
46291
46292
46293
46298
46299
46303
46306
46307
46309
46316
46317
46318
46320
46323
46324
46329
46331
46333
46341
46343
46345
46348
46349
46352
46353
46354
46360
46361
46366
46369
46370
46373
46374
46383
46389
46390
46393
46398
46399
46405
46408
46412
46417
46419
46420
46422
46423
46426
46427
46428
46429
46433
46437
46438
46439
46441
46446
46448
46451
46452
46453
46454
46455
46457
46459
46462
46464
46466
46467
46472
46473
46474
46478
46480
46482
46484
46485
46490
46491
46494
46495
46499
46500
46501
46505
46506
46508
46511
46514
46518
46521
46522
46523
46525
46526
46529
46532
46534
46537
46539
46541
46549
46554
46556
46559
46564
46568
46570
46571
46577
46578
46580
46581
46586
46590
46591
46597
46598
46599
46606
46607
46608
46609
46611
46616
46617
46625
46629
46630
46632
46633
46634
46641
46645
46649
46654
46655
46656
46657
46660
46663
46668
46670
46671
46676
46682
46683
46690
46692
46693
46696
46697
46702
46703
46705
46713
46714
46715
46716
46720
46723
46726
46727
46728
46729
46730
46731
46734
46736
46737
46738
46744
46748
46751
46755
46756
46757
46758
46759
46761
46762
46767
46768
46772
46773
46780
46781
46792
46793
46796
46797
46798
46802
46804
46806
46808
46810
46813
46819
46821
46822
46825
46826
46829
46830
46833
46834
46839
46840
46841
46847
46848
46849
46850
46853
46854
46855
46860
46863
46867
46870
46871
46878
46881
46882
46886
46892
46899
46902
46904
46910
46913
46914
46916
46922
46923
46925
46928
46930
46931
46933
46936
46944
46946
46947
46950
46953
46956
46957
46958
46961
46973
46974
46980
46983
46987
46988
46992
46995
46997
47002
47004
47007
47010
47013
47015
47017
47023
47026
47029
47031
47032
47033
47034
47040
47045
47051
47055
47062
47063
47064
47065
47067
47072
47077
47085
47087
47089
47090
47092
47093
47094
47095
47096
47097
47099
47100
47101
47103
47105
47108
47109
47110
47111
47115
47121
47123
47124
47126
47128
47131
47132
47139
47140
47141
47147
47149
47151
47157
47160
47161
47163
47164
47165
47181
47182
47183
47187
47188
47192
47193
47194
47198
47199
47201
47202
47203
47205
47211
47214
47216
47217
47218
47219
47221
47223
47226
47229
47235
47238
47241
47246
47248
47260
47264
47272
47277
47278
47279
47283
47285
47286
47288
47289
47290
47293
47296
47298
47300
47302
47303
47305
47308
47310
47312
47316
47319
47321
47325
47326
47328
47332
47338
47339
47341
47347
47348
47353
47354
47355
47360
47364
47366
47371
47383
47387
47389
47391
47396
47399
47404
47407
47410
47417
47420
47422
47424
47426
47433
47437
47438
47440
47441
47442
47445
47446
47450
47452
47453
47455
47457
47459
47460
47461
47464
47471
47472
47476
47482
47483
47485
47486
47488
47489
47491
47492
47493
47499
47500
47501
47502
47506
47508
47512
47517
47526
47532
47533
47535
47543
47546
47548
47550
47551
47553
47558
47563
47567
47573
47578
47580
47587
47588
47590
47596
47600
47601
47612
47614
47615
47617
47620
47622
47627
47628
47631
47632
47634
47638
47639
47640
47643
47645
47646
47648
47649
47650
47651
47653
47654
47655
47656
47661
47665
47667
47669
47675
47676
47681
47685
47688
47692
47693
47696
47699
47703
47704
47707
47709
47711
47716
47719
47720
47721
47722
47726
47728
47729
47731
47732
47733
47739
47743
47746
47749
47753
47755
47756
47758
47760
47763
47764
47765
47770
47771
47772
47773
47774
47775
47779
47781
47785
47789
47792
47793
47794
47796
47797
47799
47800
47801
47807
47808
47821
47823
47824
47830
47841
47843
47846
47848
47849
47857
47858
47859
47861
47863
47866
47868
47869
47875
47879
47885
47887
47890
47891
47892
47894
47895
47896
47897
47902
47904
47906
47907
47913
47914
47916
47919
47920
47925
47927
47929
47930
47932
47939
47940
47942
47944
47946
47948
47952
47953
47954
47955
47957
47959
47960
47964
47970
47971
47973
47974
47975
47976
47978
47980
47984
47985
47986
47989
47993
47996
47997
47999
48002
48003
48004
48008
48010
48011
48018
48020
48024
48025
48026
48029
48030
48033
48036
48037
48038
48041
48043
48045
48047
48052
48055
48057
48062
48063
48070
48071
48072
48073
48074
48076
48081
48085
48086
48093
48103
48110
48113
48116
48117
48118
48119
48128
48129
48134
48136
48137
48140
48141
48142
48143
48145
48148
48150
48152
48156
48158
48159
48162
48164
48166
48167
48168
48169
48170
48172
48179
48180
48181
48184
48185
48187
48188
48189
48193
48199
48200
48205
48210
48213
48215
48217
48218
48219
48220
48221
48222
48225
48230
48232
48233
48235
48241
48263
48265
48267
48270
48271
48275
48279
48280
48281
48282
48286
48289
48292
48296
48300
48301
48304
48306
48307
48308
48310
48311
48320
48321
48325
48326
48330
48332
48336
48338
48339
48340
48341
48344
48350
48352
48355
48357
48359
48360
48361
48363
48366
48371
48372
48374
48376
48382
48394
48396
48397
48399
48401
48402
48403
48404
48407
48409
48413
48421
48424
48427
48430
48440
48441
48453
48455
48456
48459
48468
48470
48473
48475
48481
48482
48483
48485
48489
48497
48507
48508
48509
48516
48518
48523
48524
48528
48529
48531
48548
48549
48551
48553
48559
48563
48564
48567
48569
48570
48575
48577
48578
48585
48588
48591
48592
48594
48595
48596
48600
48601
48603
48604
48606
48608
48611
48616
48622
48624
48631
48632
48636
48637
48639
48641
48645
48646
48647
48648
48652
48659
48664
48665
48667
48668
48671
48673
48675
48677
48680
48683
48684
48685
48694
48698
48699
48704
48707
48713
48714
48721
48727
48728
48729
48739
48742
48743
48744
48749
48752
48753
48754
48759
48769
48773
48774
48775
48778
48782
48785
48786
48790
48791
48792
48794
48795
48796
48802
48804
48805
48809
48810
48811
48812
48813
48818
48819
48820
48821
48832
48833
48834
48838
48843
48855
48859
48860
48862
48864
48868
48870
48872
48881
48886
48887
48889
48890
48893
48894
48895
48897
48905
48906
48908
48911
48913
48917
48918
48921
48927
48928
48929
48930
48936
48937
48938
48939
48944
48945
48947
48950
48955
48956
48957
48958
48960
48962
48964
48971
48973
48975
48979
48983
48984
48994
48997
48998
49002
49006
49007
49008
49011
49012
49014
49017
49018
49019
49020
49023
49024
49026
49029
49034
49039
49041
49051
49054
49059
49060
49061
49064
49068
49069
49074
49088
49096
49097
49098
49101
49107
49108
49112
49114
49121
49124
49125
49126
49128
49131
49133
49134
49135
49139
49141
49142
49143
49146
49147
49152
49153
49162
49165
49169
49170
49172
49178
49179
49183
49187
49189
49191
49195
49198
49203
49205
49207
49211
49213
49215
49216
49217
49219
49222
49223
49227
49231
49237
49238
49240
49245
49248
49250
49252
49253
49256
49259
49261
49262
49264
49265
49267
49272
49273
49276
49279
49282
49283
49284
49287
49288
49289
49291
49292
49296
49297
49300
49309
49310
49314
49318
49320
49322
49324
49325
49329
49330
49332
49334
49337
49339
49340
49348
49349
49352
49356
49364
49366
49367
49382
49388
49392
49393
49400
49401
49403
49404
49405
49406
49407
49412
49415
49418
49419
49422
49423
49428
49430
49432
49433
49451
49457
49461
49462
49463
49464
49465
49469
49471
49477
49478
49484
49485
49487
49493
49496
49501
49513
49516
49520
49525
49527
49532
49533
49534
49536
49545
49547
49549
49550
49552
49553
49555
49556
49558
49561
49564
49569
49572
49575
49577
49578
49579
49580
49581
49593
49595
49596
49600
49608
49616
49618
49620
49621
49624
49625
49629
49632
49634
49635
49639
49644
49647
49649
49657
49663
49664
49669
49671
49675
49677
49678
49682
49684
49691
49692
49693
49697
49700
49701
49702
49703
49705
49708
49710
49713
49714
49715
49718
49719
49722
49723
49724
49728
49733
49738
49741
49743
49748
49749
49754
49758
49760
49763
49765
49766
49769
49776
49779
49780
49787
49788
49790
49796
49798
49801
49805
49809
49813
49820
49823
49825
49826
49830
49832
49835
49836
49839
49842
49845
49856
49857
49858
49860
49861
49863
49868
49869
49874
49875
49876
49877
49878
49879
49882
49887
49889
49891
49893
49894
49895
49897
49898
49899
49902
49907
49908
49913
49916
49917
49918
49924
49927
49928
49930
49932
49940
49941
49942
49945
49948
49955
49971
49972
49975
49976
49986
49987
49989
49991
49992
49995
49996
49999
50004
50005
50009
50010
50011
50020
50024
50026
50029
50030
50033
50035
50042
50043
50046
50049
50053
50054
50056
50057
50062
50063
50067
50078
50079
50081
50082
50083
50086
50091
50095
50098
50099
50100
50104
50110
50114
50120
50123
50125
50129
50133
50141
50143
50145
50147
50151
50155
50161
50167
50169
50174
50176
50178
50187
50188
50198
50199
50201
50203
50206
50207
50209
50213
50215
50216
50222
50226
50229
50231
50233
50245
50246
50247
50251
50252
50272
50273
50274
50275
50278
50285
50289
50291
50292
50296
50299
50304
50309
50311
50312
50313
50318
50319
50321
50322
50323
50324
50329
50330
50331
50333
50339
50340
50342
50345
50346
50348
50352
50355
50357
50358
50359
50360
50361
50366
50370
50371
50379
50386
50390
50394
50395
50396
50397
50398
50402
50405
50407
50410
50411
50414
50415
50427
50433
50436
50438
50441
50445
50450
50457
50458
50460
50461
50465
50468
50469
50472
50476
50477
50480
50485
50486
50490
50492
50494
50500
50504
50506
50507
50508
50509
50519
50522
50524
50525
50529
50531
50534
50539
50543
50548
50553
50561
50562
50564
50565
50569
50570
50572
50578
50579
50580
50581
50584
50588
50589
50602
50604
50606
50612
50613
50614
50615
50616
50617
50622
50623
50635
50636
50638
50639
50640
50642
50651
50656
50657
50659
50667
50669
50671
50679
50683
50688
50692
50693
50697
50698
50700
50702
50703
50705
50707
50710
50712
50713
50714
50715
50716
50717
50725
50726
50731
50734
50738
50742
50746
50748
50749
50751
50752
50756
50757
50763
50767
50776
50781
50788
50789
50792
50794
50796
50799
50802
50803
50804
50807
50808
50809
50812
50813
50826
50838
50845
50848
50850
50853
50854
50861
50863
50865
50866
50872
50873
50877
50879
50882
50885
50889
50893
50896
50897
50900
50901
50902
50904
50905
50912
50913
50915
50920
50921
50925
50932
50933
50934
50935
50936
50938
50940
50943
50947
50949
50952
50956
50959
50960
50962
50966
50971
50974
50984
50986
50987
50993
50996
50998
51000
51002
51005
51010
51011
51012
51013
51016
51018
51024
51030
51031
51033
51039
51042
51044
51046
51047
51049
51054
51058
51062
51067
51070
51072
51074
51075
51076
51077
51078
51083
51085
51086
51087
51088
51089
51092
51099
51102
51103
51104
51105
51112
51113
51116
51118
51119
51121
51133
51138
51140
51148
51149
51151
51152
51154
51155
51168
51171
51177
51179
51180
51184
51187
51189
51190
51192
51197
51198
51200
51201
51203
51204
51205
51211
51212
51215
51216
51219
51220
51224
51227
51230
51234
51237
51241
51243
51247
51248
51249
51254
51263
51266
51268
51269
51272
51273
51274
51275
51280
51283
51284
51285
51287
51289
51292
51301
51303
51305
51308
51310
51316
51317
51319
51320
51322
51323
51325
51326
51331
51333
51334
51335
51338
51340
51342
51343
51344
51347
51348
51353
51355
51357
51365
51368
51371
51372
51375
51376
51381
51382
51387
51390
51392
51394
51397
51400
51401
51403
51404
51407
51411
51415
51416
51422
51424
51425
51442
51448
51449
51460
51461
51467
51469
51471
51473
51475
51476
51483
51487
51488
51491
51493
51498
51499
51501
51503
51505
51509
51510
51514
51515
51516
51520
51522
51525
51526
51529
51532
51535
51541
51548
51555
51556
51561
51572
51574
51578
51582
51583
51586
51587
51590
51595
51596
51598
51601
51603
51612
51616
51620
51621
51623
51624
51626
51630
51633
51635
51638
51642
51644
51648
51657
51660
51666
51672
51673
51674
51682
51688
51690
51691
51692
51693
51694
51695
51700
51716
51719
51720
51723
51726
51729
51730
51733
51741
51742
51744
51747
51748
51755
51758
51765
51770
51774
51775
51779
51783
51784
51785
51790
51794
51796
51797
51800
51808
51809
51816
51819
51822
51831
51833
51834
51842
51845
51850
51860
51866
51870
51874
51875
51876
51878
51880
51883
51886
51887
51888
51889
51890
51891
51893
51896
51899
51901
51902
51905
51908
51914
51915
51918
51922
51923
51931
51932
51934
51945
51948
51952
51953
51958
51959
51960
51964
51967
51968
51969
51973
51974
51976
51979
51983
51985
51989
51990
51993
51994
51997
52000
52003
52006
52007
52014
52017
52018
52031
52032
52039
52041
52042
52046
52053
52057
52059
52062
52065
52066
52070
52074
52094
52096
52100
52103
52105
52117
52118
52119
52120
52124
52126
52129
52131
52140
52141
52145
52146
52151
52152
52156
52157
52166
52167
52172
52175
52176
52178
52180
52185
52186
52188
52191
52192
52194
52195
52197
52204
52211
52213
52214
52217
52218
52220
52222
52223
52230
52231
52232
52240
52242
52244
52250
52256
52257
52264
52265
52270
52275
52278
52284
52287
52289
52293
52294
52295
52297
52298
52300
52302
52304
52305
52309
52314
52315
52316
52317
52320
52321
52323
52327
52329
52332
52336
52338
52339
52340
52341
52347
52349
52351
52352
52354
52356
52357
52365
52367
52369
52371
52372
52373
52380
52384
52390
52392
52393
52396
52397
52398
52400
52405
52406
52408
52411
52412
52417
52418
52424
52426
52429
52434
52436
52444
52446
52449
52450
52451
52453
52456
52457
52462
52463
52464
52465
52467
52470
52473
52476
52477
52478
52481
52483
52486
52487
52488
52490
52492
52502
52508
52510
52511
52513
52514
52516
52519
52520
52525
52530
52538
52540
52548
52549
52556
52560
52562
52565
52569
52573
52576
52589
52590
52591
52592
52596
52599
52606
52608
52610
52611
52615
52616
52618
52620
52622
52624
52625
52634
52636
52638
52640
52642
52643
52645
52649
52652
52654
52655
52657
52658
52659
52662
52664
52665
52671
52680
52682
52685
52696
52707
52713
52722
52725
52726
52727
52733
52735
52736
52737
52738
52741
52742
52753
52754
52756
52757
52759
52761
52775
52778
52779
52782
52783
52784
52789
52790
52791
52794
52796
52797
52798
52802
52805
52819
52822
52823
52825
52830
52834
52835
52838
52840
52843
52847
52848
52849
52851
52852
52853
52857
52858
52859
52864
52865
52870
52871
52876
52877
52881
52883
52887
52888
52893
52901
52903
52904
52907
52915
52916
52919
52920
52922
52923
52924
52925
52929
52931
52932
52934
52935
52938
52939
52940
52942
52943
52945
52947
52949
52953
52954
52955
52956
52958
52960
52961
52962
52965
52969
52970
52971
52975
52977
52984
52990
52991
52992
52993
52994
52995
53002
53004
53007
53017
53020
53024
53030
53031
53032
53033
53037
53040
53041
53044
53045
53050
53057
53060
53063
53064
53065
53070
53073
53074
53077
53080
53082
53083
53085
53087
53097
53098
53102
53109
53112
53115
53116
53124
53125
53127
53132
53133
53140
53141
53146
53156
53159
53163
53164
53166
53170
53172
53174
53175
53176
53179
53187
53196
53209
53218
53221
53223
53224
53230
53231
53235
53236
53237
53238
53244
53245
53246
53248
53251
53253
53257
53260
53265
53268
53269
53270
53271
53276
53277
53281
53283
53284
53293
53294
53297
53298
53303
53304
53310
53315
53318
53322
53323
53326
53327
53337
53343
53345
53346
53349
53354
53358
53359
53363
53365
53368
53379
53380
53385
53390
53394
53396
53405
53412
53415
53416
53424
53426
53429
53434
53435
53439
53440
53442
53453
53463
53470
53475
53479
53482
53483
53485
53489
53490
53494
53499
53508
53509
53512
53513
53515
53518
53523
53527
53530
53532
53533
53535
53547
53549
53557
53558
53562
53566
53569
53571
53573
53574
53577
53579
53580
53582
53585
53587
53589
53591
53593
53596
53598
53609
53611
53613
53615
53617
53624
53630
53631
53636
53639
53640
53642
53649
53650
53651
53655
53663
53665
53674
53678
53683
53688
53689
53691
53699
53700
53701
53703
53708
53709
53720
53722
53727
53729
53730
53736
53739
53740
53746
53749
53750
53751
53754
53761
53765
53771
53773
53779
53782
53784
53797
53800
53809
53810
53812
53814
53815
53818
53822
53823
53824
53825
53829
53830
53832
53836
53840
53843
53844
53845
53847
53848
53851
53852
53857
53861
53863
53865
53867
53868
53873
53876
53879
53880
53882
53886
53893
53897
53899
53901
53903
53908
53915
53916
53920
53923
53924
53928
53931
53937
53939
53940
53945
53953
53955
53959
53961
53962
53966
53968
53969
53971
53975
53977
53980
53983
53984
53985
53989
53990
53991
53992
53993
53994
53995
53998
54001
54003
54004
54006
54008
54009
54013
54018
54030
54031
54032
54033
54040
54044
54047
54051
54052
54055
54056
54057
54065
54066
54067
54072
54079
54084
54085
54087
54091
54092
54095
54097
54099
54102
54107
54109
54112
54113
54114
54120
54125
54130
54132
54133
54135
54138
54139
54149
54150
54152
54154
54155
54159
54161
54173
54177
54178
54184
54189
54192
54193
54195
54200
54202
54205
54209
54218
54219
54227
54228
54236
54237
54241
54243
54246
54247
54251
54254
54255
54262
54263
54266
54267
54275
54279
54288
54293
54294
54304
54306
54307
54313
54315
54318
54321
54327
54331
54333
54338
54350
54359
54360
54361
54368
54372
54374
54376
54379
54383
54386
54392
54394
54395
54396
54397
54404
54409
54419
54422
54424
54430
54431
54439
54440
54444
54447
54449
54450
54455
54467
54469
54474
54475
54476
54484
54486
54488
54497
54507
54508
54509
54517
54518
54519
54520
54521
54529
54536
54537
54539
54543
54546
54547
54551
54554
54556
54557
54559
54562
54563
54564
54565
54568
54569
54572
54577
54578
54580
54582
54585
54586
54587
54588
54589
54591
54603
54607
54613
54615
54616
54619
54621
54622
54624
54625
54627
54628
54633
54638
54649
54650
54659
54667
54690
54693
54697
54698
54699
54703
54704
54706
54712
54713
54719
54731
54733
54738
54741
54745
54746
54748
54753
54756
54757
54759
54771
54775
54778
54782
54789
54791
54792
54794
54797
54802
54809
54810
54812
54818
54820
54827
54835
54837
54842
54850
54851
54852
54855
54859
54866
54867
54869
54872
54874
54877
54878
54879
54882
54883
54894
54900
54902
54903
54907
54909
54911
54917
54929
54931
54934
54938
54940
54952
54953
54962
54964
54965
54971
54975
54976
54978
54985
54986
54987
54991
54996
54998
55000
55002
55003
55006
55008
55010
55015
55018
55019
55020
55021
55022
55024
55025
55036
55045
55046
55047
55048
55049
55068
55072
55073
55074
55079
55080
55083
55087
55089
55090
55091
55092
55101
55110
55111
55112
55113
55114
55116
55120
55125
55129
55135
55136
55141
55145
55150
55152
55156
55157
55158
55159
55160
55161
55163
55168
55170
55175
55179
55189
55194
55196
55197
55201
55213
55214
55215
55217
55219
55221
55223
55224
55226
55231
55247
55249
55257
55259
55262
55267
55273
55274
55275
55278
55288
55293
55298
55299
55305
55307
55311
55317
55320
55322
55327
55333
55334
55338
55343
55347
55348
55363
55372
55373
55374
55375
55377
55383
55384
55395
55400
55402
55404
55408
55411
55415
55423
55425
55426
55431
55432
55435
55436
55438
55441
55444
55451
55456
55457
55463
55465
55471
55483
55487
55492
55502
55503
55508
55512
55521
55530
55531
55543
55544
55549
55551
55552
55557
55558
55559
55560
55563
55572
55573
55579
55580
55581
55582
55587
55588
55590
55606
55609
55613
55616
55619
55627
55628
55635
55636
55639
55640
55643
55645
55646
55648
55649
55651
55657
55658
55661
55665
55667
55670
55671
55677
55680
55682
55684
55685
55686
55687
55688
55689
55691
55694
55697
55698
55707
55709
55711
55712
55713
55718
55719
55721
55722
55723
55730
55739
55742
55745
55747
55748
55755
55764
55768
55769
55771
55772
55773
55774
55775
55781
55786
55791
55792
55796
55798
55802
55803
55804
55807
55810
55811
55812
55814
55815
55818
55821
55827
55831
55834
55838
55839
55842
55846
55852
55855
55856
55857
55860
55864
55867
55869
55872
55883
55889
55899
55911
55914
55915
55917
55921
55931
55940
55943
55948
55950
55951
55955
55956
55959
55965
55967
55968
55970
55971
55976
55981
55983
55984
55985
55994
55997
56002
56004
56008
56009
56010
56014
56018
56024
56029
56031
56036
56037
56039
56040
56041
56058
56059
56060
56066
56067
56074
56077
56087
56091
56092
56095
56096
56098
56103
56105
56110
56111
56112
56113
56114
56122
56127
56128
56129
56130
56133
56134
56139
56140
56141
56142
56144
56147
56149
56150
56155
56161
56163
56165
56166
56167
56170
56171
56172
56173
56179
56183
56184
56193
56194
56199
56202
56205
56212
56214
56225
56227
56231
56232
56234
56235
56240
56242
56246
56248
56250
56253
56255
56262
56267
56268
56270
56279
56280
56282
56284
56291
56293
56295
56313
56317
56320
56330
56332
56338
56339
56341
56346
56351
56356
56358
56364
56366
56368
56373
56374
56376
56377
56378
56380
56383
56384
56385
56387
56391
56392
56394
56395
56397
56400
56407
56410
56415
56416
56427
56430
56434
56435
56437
56438
56439
56441
56445
56446
56453
56459
56460
56462
56465
56466
56467
56468
56470
56482
56485
56486
56489
56491
56495
56496
56497
56501
56502
56507
56511
56513
56517
56518
56532
56536
56538
56542
56545
56546
56547
56550
56551
56552
56553
56555
56558
56559
56564
56565
56571
56572
56575
56577
56582
56583
56588
56593
56597
56598
56599
56603
56611
56612
56613
56617
56623
56626
56627
56630
56649
56652
56653
56658
56666
56667
56670
56671
56678
56679
56684
56687
56689
56690
56695
56697
56702
56703
56710
56714
56718
56721
56723
56725
56727
56728
56730
56738
56739
56743
56745
56747
56749
56753
56759
56761
56764
56768
56769
56774
56779
56782
56785
56791
56792
56793
56795
56801
56819
56821
56822
56823
56825
56826
56833
56846
56851
56852
56856
56857
56858
56860
56867
56868
56870
56871
56877
56879
56885
56892
56898
56899
56900
56903
56905
56907
56909
56911
56917
56919
56920
56925
56928
56930
56931
56933
56940
56941
56944
56946
56948
56949
56952
56953
56954
56963
56964
56970
56972
56974
56977
56986
56989
56992
56994
56997
56999
57003
57004
57005
57010
57013
57014
57018
57019
57020
57024
57026
57028
57035
57036
57038
57042
57043
57048
57049
57051
57054
57060
57062
57063
57064
57068
57070
57077
57078
57081
57084
57087
57093
57094
57095
57100
57104
57105
57106
57110
57112
57113
57120
57123
57129
57130
57139
57142
57146
57149
57150
57151
57152
57154
57155
57156
57163
57164
57166
57167
57171
57172
57173
57174
57178
57190
57194
57195
57196
57200
57201
57205
57207
57208
57210
57211
57212
57215
57216
57231
57233
57236
57238
57241
57242
57246
57248
57250
57255
57262
57265
57267
57268
57273
57287
57289
57292
57293
57296
57297
57308
57316
57331
57334
57336
57338
57341
57348
57350
57353
57354
57357
57358
57359
57360
57361
57371
57378
57389
57393
57394
57396
57402
57405
57409
57411
57413
57417
57418
57419
57423
57439
57440
57441
57442
57444
57448
57449
57450
57454
57455
57456
57460
57464
57468
57469
57471
57474
57475
57479
57482
57489
57491
57496
57498
57507
57508
57513
57517
57520
57524
57526
57528
57530
57532
57534
57535
57536
57538
57540
57541
57542
57545
57547
57550
57551
57552
57555
57556
57559
57565
57570
57571
57572
57573
57574
57576
57586
57589
57590
57592
57596
57597
57598
57599
57603
57609
57610
57615
57616
57617
57621
57635
57636
57650
57653
57660
57661
57667
57668
57670
57674
57675
57678
57679
57680
57683
57684
57689
57690
57691
57698
57703
57704
57707
57708
57710
57711
57712
57716
57717
57722
57724
57728
57735
57736
57739
57744
57745
57752
57755
57758
57762
57763
57764
57766
57774
57785
57788
57798
57801
57805
57806
57807
57810
57814
57815
57818
57819
57821
57825
57832
57834
57835
57836
57838
57843
57844
57845
57858
57866
57867
57870
57871
57872
57873
57875
57878
57879
57889
57890
57893
57895
57898
57901
57902
57904
57906
57908
57909
57913
57914
57918
57921
57925
57933
57935
57940
57943
57945
57949
57951
57954
57956
57957
57964
57965
57972
57980
57993
57994
57997
57998
58003
58016
58017
58022
58023
58024
58027
58033
58036
58044
58046
58055
58071
58075
58077
58078
58084
58085
58095
58111
58112
58118
58120
58124
58127
58128
58130
58136
58140
58142
58143
58144
58150
58153
58161
58162
58163
58164
58169
58172
58173
58176
58183
58188
58190
58191
58196
58201
58205
58212
58213
58219
58222
58231
58233
58235
58236
58237
58242
58247
58248
58254
58256
58257
58267
58271
58276
58277
58278
58282
58286
58300
58302
58303
58305
58306
58308
58309
58315
58317
58320
58333
58334
58345
58347
58350
58351
58360
58362
58365
58366
58371
58374
58377
58381
58387
58391
58394
58396
58400
58405
58410
58412
58417
58419
58420
58421
58422
58423
58426
58428
58432
58433
58435
58436
58437
58439
58446
58449
58454
58456
58460
58467
58468
58469
58470
58473
58477
58480
58483
58485
58487
58491
58493
58496
58497
58498
58499
58502
58504
58507
58514
58518
58522
58524
58532
58533
58539
58540
58548
58549
58558
58560
58562
58564
58566
58569
58571
58574
58575
58581
58584
58587
58593
58594
58602
58603
58607
58612
58614
58616
58621
58622
58623
58626
58634
58636
58645
58646
58647
58651
58655
58659
58669
58671
58672
58677
58693
58696
58698
58699
58701
58706
58716
58721
58722
58723
58724
58725
58727
58728
58729
58737
58740
58741
58744
58746
58747
58751
58752
58755
58759
58762
58763
58766
58768
58769
58770
58773
58778
58780
58783
58785
58790
58793
58800
58806
58807
58810
58819
58821
58824
58828
58831
58832
58833
58843
58844
58845
58849
58851
58855
58856
58859
58860
58861
58864
58868
58873
58874
58875
58879
58880
58883
58890
58896
58901
58911
58916
58919
58921
58922
58923
58924
58926
58932
58941
58943
58945
58955
58957
58963
58966
58972
58976
58977
58980
58982
58984
58985
58986
58987
58990
58993
58996
58997
59001
59007
59012
59017
59022
59025
59027
59037
59042
59047
59049
59052
59054
59055
59056
59059
59060
59064
59074
59076
59077
59080
59082
59093
59094
59103
59111
59115
59116
59124
59128
59140
59141
59143
59144
59145
59146
59152
59157
59161
59162
59167
59168
59171
59175
59176
59177
59178
59181
59187
59190
59192
59198
59199
59204
59205
59208
59210
59211
59214
59215
59218
59220
59222
59226
59229
59231
59233
59234
59239
59240
59243
59254
59265
59269
59273
59275
59276
59281
59284
59286
59291
59292
59294
59300
59301
59304
59307
59308
59310
59313
59315
59317
59322
59326
59327
59328
59330
59333
59337
59340
59341
59347
59348
59349
59355
59358
59364
59365
59367
59375
59380
59382
59383
59385
59386
59392
59393
59399
59408
59418
59419
59428
59429
59432
59433
59438
59440
59444
59446
59449
59454
59460
59463
59465
59466
59467
59469
59470
59476
59479
59480
59484
59487
59493
59500
59501
59509
59511
59513
59514
59521
59524
59529
59531
59538
59540
59542
59543
59547
59549
59557
59563
59569
59571
59575
59583
59584
59589
59597
59598
59600
59604
59605
59608
59610
59612
59621
59624
59626
59632
59637
59639
59640
59642
59646
59647
59653
59661
59663
59666
59668
59669
59670
59671
59678
59680
59684
59686
59687
59689
59696
59700
59701
59709
59710
59713
59716
59717
59718
59724
59730
59732
59733
59736
59739
59740
59750
59760
59763
59769
59770
59771
59774
59780
59781
59782
59785
59786
59788
59793
59794
59798
59799
59802
59806
59808
59810
59811
59824
59827
59829
59833
59841
59843
59844
59846
59851
59852
59856
59859
59860
59865
59869
59878
59879
59882
59883
59884
59887
59890
59896
59902
59905
59907
59915
59918
59920
59922
59929
59930
59933
59942
59944
59946
59951
59953
59957
59964
59965
59966
59968
59970
59977
59984
59987
59988
59993
59995
59996
60002
60003
60004
60006
60008
60010
60012
60013
60014
60025
60026
60027
60029
60030
60033
60037
60039
60040
60048
60050
60052
60055
60059
60062
60073
60077
60081
60082
60099
60100
60101
60106
60108
60109
60111
60119
60120
60122
60126
60130
60134
60143
60145
60150
60151
60154
60155
60162
60163
60168
60173
60174
60180
60185
60186
60190
60197
60203
60204
60207
60210
60217
60226
60238
60239
60243
60245
60246
60254
60255
60258
60266
60267
60268
60271
60273
60275
60277
60280
60283
60285
60286
60291
60294
60296
60306
60312
60316
60317
60318
60322
60323
60325
60327
60333
60337
60339
60342
60343
60346
60352
60359
60360
60363
60367
60370
60374
60375
60386
60391
60395
60397
60404
60406
60408
60420
60427
60433
60435
60436
60439
60445
60446
60451
60459
60462
60465
60467
60470
60476
60477
60480
60481
60484
60485
60489
60491
60493
60503
60506
60511
60514
60517
60518
60522
60526
60527
60528
60545
60552
60553
60554
60560
60564
60565
60568
60574
60575
60578
60583
60584
60585
60592
60593
60594
60601
60602
60605
60606
60607
60609
60610
60611
60612
60616
60617
60623
60627
60628
60629
60630
60631
60637
60638
60648
60654
60656
60658
60662
60665
60667
60671
60675
60676
60681
60684
60690
60694
60698
60707
60712
60718
60723
60724
60730
60734
60735
60736
60738
60741
60746
60756
60770
60772
60774
60777
60781
60782
60783
60792
60793
60794
60795
60796
60797
60799
60813
60814
60815
60820
60823
60826
60831
60832
60836
60840
60845
60846
60851
60852
60854
60856
60859
60861
60862
60863
60865
60869
60876
60881
60891
60893
60894
60915
60919
60921
60922
60923
60925
60936
60939
60943
60944
60947
60954
60955
60960
60964
60966
60967
60971
60977
60983
60984
60987
60988
60991
60992
60995
60996
61002
61003
61005
61010
61021
61030
61036
61038
61051
61055
61058
61066
61073
61076
61077
61079
61081
61095
61103
61106
61107
61108
61109
61116
61117
61119
61126
61129
61144
61145
61146
61153
61154
61161
61165
61170
61171
61178
61180
61185
61191
61192
61195
61199
61209
61210
61211
61218
61220
61223
61225
61228
61232
61240
61243
61245
61249
61252
61254
61257
61261
61264
61265
61267
61269
61274
61281
61282
61294
61303
61309
61310
61312
61315
61317
61331
61335
61336
61337
61338
61340
61342
61349
61352
61353
61355
61364
61367
61368
61369
61374
61378
61379
61383
61384
61386
61387
61389
61391
61400
61401
61405
61406
61407
61409
61410
61411
61416
61421
61431
61433
61435
61438
61442
61444
61446
61448
61450
61453
61457
61460
61468
61471
61473
61476
61478
61479
61483
61485
61493
61499
61501
61506
61507
61509
61520
61522
61527
61535
61536
61542
61544
61551
61552
61557
61558
61563
61566
61568
61569
61570
61571
61574
61576
61580
61586
61594
61601
61604
61607
61608
61610
61613
61616
61620
61632
61633
61635
61637
61639
61643
61644
61645
61646
61648
61649
61659
61660
61663
61664
61665
61669
61670
61671
61672
61674
61678
61685
61686
61688
61689
61692
61694
61696
61698
61703
61712
61713
61726
61730
61732
61735
61738
61742
61744
61745
61752
61758
61760
61762
61763
61768
61769
61770
61772
61774
61781
61782
61784
61785
61790
61791
61794
61797
61798
61801
61809
61810
61815
61816
61818
61819
61822
61826
61829
61831
61834
61835
61836
61837
61841
61846
61857
61862
61865
61869
61872
61873
61878
61879
61880
61889
61893
61899
61901
61910
61911
61912
61913
61914
61920
61921
61924
61925
61928
61929
61932
61936
61939
61946
61948
61950
61956
61958
61966
61971
61979
61985
61988
61996
61999
62002
62007
62020
62023
62024
62028
62041
62043
62046
62047
62049
62050
62051
62056
62057
62059
62062
62065
62068
62070
62072
62073
62075
62078
62085
62086
62087
62088
62089
62092
62095
62096
62097
62101
62111
62112
62116
62117
62124
62125
62127
62130
62131
62133
62134
62135
62137
62138
62139
62140
62141
62143
62149
62151
62153
62158
62162
62177
62180
62183
62195
62196
62197
62198
62210
62214
62217
62218
62219
62225
62234
62236
62238
62243
62244
62247
62248
62249
62251
62253
62256
62257
62259
62261
62262
62263
62266
62267
62268
62269
62272
62283
62284
62285
62292
62298
62304
62305
62307
62311
62312
62314
62316
62317
62321
62327
62331
62332
62333
62334
62335
62336
62337
62345
62346
62352
62356
62357
62361
62364
62366
62368
62369
62371
62377
62381
62392
62398
62400
62404
62406
62411
62414
62428
62431
62436
62439
62441
62444
62446
62447
62452
62454
62457
62462
62463
62466
62469
62471
62475
62477
62486
62488
62492
62502
62507
62509
62517
62525
62532
62533
62534
62538
62543
62546
62549
62550
62553
62557
62558
62563
62567
62569
62579
62581
62584
62586
62587
62595
62597
62605
62610
62614
62618
62623
62626
62630
62633
62634
62639
62640
62643
62657
62667
62673
62678
62680
62683
62685
62686
62687
62689
62690
62691
62695
62696
62700
62704
62708
62711
62719
62722
62724
62727
62728
62731
62738
62739
62744
62746
62747
62750
62751
62755
62756
62762
62766
62770
62771
62776
62778
62780
62788
62792
62796
62804
62807
62810
62814
62819
62820
62823
62824
62825
62833
62834
62837
62840
62842
62844
62856
62861
62862
62863
62865
62866
62867
62871
62872
62873
62877
62881
62900
62906
62910
62912
62914
62916
62921
62929
62930
62948
62957
62959
62963
62966
62970
62971
62980
62982
62984
62985
62991
62992
62993
62997
63001
63005
63006
63008
63011
63020
63032
63034
63043
63047
63057
63061
63062
63067
63073
63074
63084
63090
63094
63095
63098
63099
63106
63108
63112
63113
63115
63118
63126
63135
63136
63138
63139
63142
63144
63145
63147
63148
63149
63151
63152
63157
63161
63164
63165
63170
63173
63175
63180
63186
63187
63192
63193
63198
63202
63209
63219
63222
63230
63232
63237
63244
63245
63249
63250
63256
63259
63261
63262
63266
63271
63276
63277
63278
63280
63281
63285
63286
63294
63299
63305
63307
63319
63320
63327
63330
63335
63338
63340
63350
63352
63356
63359
63360
63361
63364
63365
63366
63368
63369
63373
63375
63376
63380
63383
63388
63393
63396
63398
63408
63412
63415
63417
63421
63422
63423
63428
63430
63437
63442
63452
63453
63464
63471
63483
63486
63489
63492
63495
63498
63500
63501
63504
63506
63520
63521
63522
63527
63532
63537
63541
63544
63548
63549
63554
63556
63557
63558
63559
63561
63562
63566
63567
63575
63576
63579
63591
63593
63596
63600
63602
63603
63605
63606
63613
63616
63624
63630
63636
63647
63649
63653
63656
63661
63666
63668
63669
63670
63673
63680
63681
63682
63683
63687
63690
63691
63692
63702
63704
63707
63711
63713
63718
63720
63723
63727
63728
63731
63734
63735
63736
63738
63745
63751
63754
63755
63764
63766
63770
63773
63778
63787
63788
63792
63799
63806
63809
63812
63815
63816
63818
63821
63824
63826
63840
63842
63848
63851
63853
63858
63860
63863
63866
63869
63871
63872
63873
63879
63880
63881
63882
63885
63889
63893
63896
63898
63906
63908
63915
63917
63918
63923
63928
63932
63933
63935
63946
63954
63961
63967
63973
63974
63982
63985
63988
63989
63990
63996
63998
64004
64006
64010
64013
64015
64017
64021
64022
64024
64025
64028
64029
64032
64040
64042
64043
64044
64046
64048
64049
64053
64055
64057
64059
64062
64063
64065
64066
64069
64070
64071
64072
64073
64075
64076
64086
64089
64090
64103
64108
64111
64116
64121
64127
64128
64129
64130
64132
64133
64135
64138
64141
64145
64146
64151
64155
64157
64162
64166
64170
64171
64173
64179
64183
64187
64191
64203
64206
64211
64219
64229
64230
64231
64234
64241
64251
64254
64258
64263
64264
64268
64273
64277
64282
64283
64285
64289
64294
64295
64298
64313
64315
64317
64319
64326
64331
64333
64335
64336
64338
64345
64346
64349
64351
64358
64360
64362
64369
64370
64371
64374
64376
64379
64381
64382
64395
64396
64399
64404
64406
64416
64421
64422
64423
64425
64434
64441
64445
64446
64447
64448
64454
64455
64456
64460
64462
64467
64475
64476
64479
64483
64485
64489
64490
64495
64498
64504
64507
64512
64513
64525
64528
64531
64538
64541
64543
64547
64548
64552
64557
64558
64559
64561
64568
64570
64572
64575
64591
64595
64604
64605
64606
64608
64612
64616
64619
64622
64623
64624
64633
64635
64636
64643
64649
64650
64654
64661
64662
64663
64675
64682
64686
64689
64691
64696
64697
64700
64704
64706
64708
64711
64714
64718
64723
64726
64730
64732
64734
64746
64748
64756
64762
64763
64772
64773
64775
64776
64778
64783
64785
64789
64798
64799
64802
64804
64806
64808
64809
64811
64812
64813
64816
64818
64825
64835
64836
64838
64839
64849
64850
64859
64867
64868
64871
64872
64874
64876
64882
64886
64889
64893
64901
64908
64910
64913
64914
64915
64919
64920
64925
64927
64928
64934
64935
64941
64944
64948
64951
64954
64956
64958
64960
64962
64963
64965
64969
64970
64977
64985
64990
64992
64998
65006
65013
65015
65021
65025
65027
65030
65032
65039
65041
65042
65046
65057
65058
65059
65060
65063
65070
65077
65079
65081
65082
65083
65086
65088
65092
65105
65106
65109
65111
65114
65119
65120
65125
65126
65132
65134
65136
65139
65141
65147
65150
65151
65152
65170
65174
65177
65183
65184
65193
65194
65199
65201
65205
65209
65210
65217
65219
65220
65224
65229
65231
65235
65244
65250
65251
65252
65254
65257
65261
65269
65273
65274
65276
65277
65289
65290
65297
65298
65304
65305
65306
65311
65312
65313
65316
65319
65327
65332
65335
65337
65341
65342
65343
65346
65358
65362
65363
65373
65378
65379
65384
65385
65386
65389
65393
65395
65396
65399
65402
65403
65406
65409
65410
65411
65414
65417
65424
65425
65426
65427
65439
65444
65446
65450
65454
65455
65461
65463
65465
65469
65470
65471
65473
65478
65486
65489
65495
65496
65500
65504
65507
65509
65511
65513
65523
65524
65526
65527
65529
65531
65533
65535
65538
65543
65550
65552
65553
65554
65560
65581
65582
65583
65584
65585
65588
65590
65593
65598
65607
65611
65618
65621
65622
65623
65625
65630
65632
65635
65637
65645
65646
65648
65649
65654
65655
65657
65663
65666
65667
65669
65684
65686
65690
65691
65702
65708
65710
65721
65728
65729
65731
65749
65751
65753
65756
65757
65765
65769
65771
65777
65783
65787
65789
65790
65794
65798
65802
65804
65819
65821
65823
65824
65827
65831
65832
65838
65843
65844
65848
65851
65854
65861
65862
65863
65867
65870
65877
65878
65884
65885
65886
65901
65902
65903
65906
65909
65910
65914
65918
65919
65923
65924
65932
65937
65941
65942
65943
65944
65950
65961
65964
65966
65967
65971
65972
65973
65975
65977
65990
65993
65994
65998
66000
66002
66006
66007
66013
66028
66029
66034
66038
66039
66041
66043
66044
66052
66053
66054
66061
66062
66064
66068
66070
66073
66074
66077
66079
66099
66100
66102
66110
66111
66116
66119
66120
66127
66138
66141
66153
66160
66161
66162
66166
66167
66169
66170
66171
66172
66179
66186
66191
66196
66202
66203
66204
66209
66212
66216
66217
66228
66229
66230
66231
66233
66239
66240
66244
66246
66249
66251
66254
66260
66263
66264
66269
66280
66281
66282
66294
66298
66299
66300
66306
66307
66313
66314
66317
66319
66320
66322
66324
66327
66328
66329
66330
66335
66336
66337
66345
66349
66350
66352
66359
66365
66366
66369
66373
66375
66376
66394
66396
66402
66404
66408
66413
66420
66424
66425
66428
66431
66438
66439
66440
66443
66447
66448
66449
66454
66460
66469
66470
66471
66473
66474
66477
66480
66486
66487
66488
66490
66499
66504
66505
66515
66520
66522
66524
66526
66527
66532
66533
66536
66540
66550
66552
66558
66560
66561
66563
66569
66571
66573
66575
66576
66579
66580
66583
66584
66586
66588
66590
66591
66592
66599
66600
66605
66606
66615
66622
66631
66633
66636
66639
66641
66646
66649
66657
66659
66660
66667
66671
66672
66683
66690
66692
66693
66702
66706
66708
66710
66713
66714
66718
66719
66726
66730
66735
66740
66744
66746
66750
66753
66755
66758
66759
66762
66768
66769
66770
66773
66778
66783
66786
66789
66793
66795
66809
66814
66820
66821
66822
66825
66828
66833
66835
66836
66844
66848
66853
66854
66856
66857
66862
66869
66870
66877
66885
66887
66888
66892
66904
66908
66913
66919
66923
66931
66935
66939
66944
66945
66946
66959
66962
66963
66967
66969
66971
66975
66976
66979
66982
66983
67003
67006
67008
67010
67016
67017
67022
67024
67025
67029
67034
67037
67038
67039
67042
67047
67048
67061
67064
67069
67072
67079
67085
67089
67095
67097
67100
67101
67102
67112
67113
67115
67119
67124
67126
67132
67133
67138
67149
67157
67160
67164
67165
67169
67182
67185
67186
67187
67190
67194
67198
67200
67205
67206
67208
67210
67211
67212
67214
67215
67219
67220
67226
67230
67234
67235
67237
67257
67263
67268
67269
67272
67275
67279
67283
67284
67288
67290
67291
67292
67295
67301
67307
67315
67317
67327
67328
67333
67334
67347
67354
67355
67356
67360
67365
67371
67373
67374
67375
67378
67388
67389
67399
67409
67418
67426
67433
67437
67438
67446
67447
67463
67464
67467
67474
67475
67476
67480
67483
67484
67486
67488
67489
67490
67499
67501
67503
67504
67507
67517
67518
67520
67521
67524
67525
67528
67536
67537
67538
67541
67546
67547
67548
67549
67551
67552
67561
67571
67572
67575
67577
67578
67584
67586
67590
67591
67594
67596
67605
67607
67608
67610
67619
67622
67625
67627
67630
67632
67635
67639
67649
67651
67652
67654
67657
67663
67677
67680
67691
67704
67707
67708
67709
67710
67715
67721
67724
67729
67731
67739
67740
67745
67747
67752
67757
67759
67761
67765
67772
67774
67775
67776
67779
67785
67786
67787
67797
67802
67806
67819
67824
67828
67838
67845
67850
67854
67857
67861
67868
67872
67885
67887
67892
67894
67896
67908
67909
67913
67915
67916
67920
67921
67923
67925
67926
67929
67931
67939
67940
67945
67949
67951
67955
67959
67960
67962
67964
67973
67976
67978
67979
67981
67988
67994
68003
68005
68007
68008
68015
68017
68022
68023
68028
68037
68042
68045
68053
68064
68066
68069
68071
68073
68080
68094
68096
68099
68110
68111
68117
68118
68125
68126
68142
68144
68146
68151
68153
68156
68159
68160
68161
68163
68165
68168
68169
68173
68194
68203
68207
68208
68213
68218
68223
68226
68227
68228
68229
68230
68236
68241
68242
68252
68253
68268
68272
68277
68278
68282
68283
68290
68294
68297
68298
68300
68301
68304
68308
68309
68310
68311
68312
68313
68314
68315
68316
68323
68324
68327
68328
68333
68336
68342
68346
68351
68354
68356
68358
68359
68360
68361
68362
68367
68369
68372
68376
68386
68394
68395
68396
68397
68403
68405
68408
68410
68414
68418
68422
68426
68430
68434
68437
68448
68457
68458
68463
68464
68473
68476
68477
68485
68486
68487
68490
68495
68496
68502
68508
68509
68511
68520
68524
68525
68526
68527
68531
68534
68543
68550
68555
68556
68559
68565
68567
68570
68572
68573
68574
68578
68586
68589
68600
68607
68612
68614
68620
68632
68639
68641
68642
68647
68648
68652
68659
68667
68670
68672
68674
68680
68689
68690
68692
68695
68701
68707
68710
68711
68716
68724
68725
68727
68737
68740
68742
68743
68745
68752
68754
68763
68764
68766
68767
68769
68773
68775
68777
68780
68783
68792
68797
68801
68802
68803
68804
68810
68816
68826
68828
68829
68831
68833
68841
68848
68851
68852
68857
68870
68887
68890
68891
68894
68895
68898
68904
68910
68912
68914
68916
68918
68923
68924
68925
68926
68929
68935
68939
68944
68947
68948
68950
68954
68956
68957
68964
68967
68969
68978
68982
68985
68992
68998
69001
69006
69009
69014
69015
69017
69024
69031
69033
69050
69054
69058
69061
69063
69072
69075
69077
69078
69081
69083
69084
69088
69089
69090
69091
69092
69093
69095
69102
69104
69107
69112
69114
69115
69124
69126
69136
69137
69140
69142
69149
69154
69157
69158
69160
69163
69167
69180
69184
69186
69191
69192
69193
69202
69207
69208
69211
69226
69231
69238
69243
69246
69249
69255
69264
69265
69267
69268
69273
69274
69277
69283
69284
69285
69290
69293
69294
69295
69299
69305
69308
69315
69321
69323
69330
69334
69335
69340
69343
69344
69351
69352
69354
69355
69358
69359
69361
69364
69366
69373
69374
69375
69377
69382
69384
69388
69393
69397
69400
69402
69408
69413
69419
69428
69429
69436
69439
69441
69447
69449
69452
69454
69458
69461
69464
69467
69471
69472
69473
69475
69481
69485
69486
69499
69501
69504
69505
69515
69517
69518
69525
69526
69538
69540
69541
69544
69546
69551
69554
69558
69563
69567
69569
69574
69577
69578
69579
69581
69583
69585
69590
69592
69604
69606
69611
69615
69622
69625
69628
69629
69631
69634
69635
69652
69660
69661
69672
69682
69684
69685
69687
69690
69692
69693
69695
69696
69699
69702
69703
69709
69717
69725
69727
69736
69740
69744
69748
69749
69756
69764
69765
69768
69770
69772
69774
69777
69781
69788
69792
69798
69805
69808
69810
69812
69815
69816
69817
69831
69843
69847
69849
69851
69854
69856
69876
69882
69884
69886
69890
69892
69893
69897
69898
69899
69905
69908
69911
69914
69916
69917
69923
69928
69931
69932
69938
69940
69942
69945
69947
69957
69958
69961
69968
69976
69977
69983
69987
70001
70004
70007
70012
70013
70020
70022
70023
70027
70029
70042
70043
70049
70051
70058
70059
70062
70065
70068
70069
70074
70078
70084
70092
70093
70094
70095
70097
70103
70104
70106
70110
70112
70113
70123
70126
70136
70139
70141
70142
70147
70150
70153
70157
70159
70160
70161
70165
70170
70173
70174
70186
70188
70193
70197
70204
70206
70212
70217
70221
70227
70229
70236
70238
70243
70244
70246
70248
70254
70255
70261
70266
70267
70271
70274
70278
70282
70289
70290
70292
70294
70300
70307
70309
70310
70313
70318
70319
70320
70321
70326
70336
70337
70338
70341
70342
70349
70355
70365
70371
70373
70376
70381
70383
70385
70389
70391
70392
70396
70410
70414
70415
70416
70419
70431
70433
70434
70435
70440
70443
70446
70451
70452
70454
70457
70470
70472
70473
70478
70484
70485
70490
70494
70496
70500
70502
70505
70512
70514
70518
70521
70523
70524
70527
70530
70534
70535
70538
70542
70543
70546
70552
70553
70554
70556
70558
70561
70563
70573
70575
70577
70583
70585
70588
70594
70601
70605
70608
70611
70617
70618
70627
70629
70635
70641
70644
70649
70653
70662
70664
70665
70666
70679
70681
70682
70684
70691
70692
70696
70697
70698
70701
70702
70703
70714
70716
70717
70726
70728
70733
70735
70736
70742
70754
70755
70757
70760
70761
70765
70768
70799
70800
70807
70810
70814
70818
70820
70821
70825
70826
70827
70833
70835
70839
70840
70842
70848
70854
70860
70864
70865
70883
70884
70886
70896
70901
70915
70918
70921
70923
70928
70931
70932
70936
70938
70942
70944
70948
70950
70953
70959
70962
70964
70974
70975
70986
70988
70996
71003
71004
71008
71009
71014
71015
71016
71017
71019
71022
71029
71039
71040
71047
71052
71053
71062
71065
71068
71072
71073
71075
71093
71094
71100
71101
71126
71127
71128
71140
71141
71142
71144
71145
71147
71152
71159
71163
71164
71166
71181
71183
71187
71188
71193
71194
71196
71204
71209
71214
71216
71217
71219
71220
71230
71238
71240
71243
71244
71249
71253
71257
71279
71285
71287
71294
71295
71297
71299
71300
71304
71305
71309
71311
71314
71316
71323
71325
71328
71329
71330
71334
71336
71339
71352
71359
71361
71363
71366
71376
71381
71387
71391
71399
71404
71405
71406
71408
71421
71422
71424
71428
71432
71433
71440
71444
71446
71448
71452
71458
71463
71464
71479
71481
71483
71486
71492
71495
71496
71497
71501
71507
71512
71516
71520
71522
71528
71533
71534
71541
71545
71552
71553
71563
71565
71568
71570
71577
71590
71592
71595
71597
71615
71617
71621
71630
71633
71647
71651
71652
71655
71659
71660
71662
71678
71679
71681
71686
71692
71698
71709
71710
71712
71715
71717
71720
71725
71736
71741
71743
71747
71749
71750
71751
71755
71760
71761
71764
71766
71767
71778
71779
71786
71795
71796
71798
71802
71805
71810
71818
71821
71827
71831
71836
71838
71842
71843
71854
71857
71861
71862
71866
71875
71877
71878
71881
71896
71903
71910
71911
71915
71921
71923
71925
71930
71934
71940
71943
71946
71952
71959
71962
71963
71967
71970
71981
71985
71989
71990
71998
72000
72002
72005
72012
72015
72020
72022
72026
72039
72042
72045
72046
72047
72051
72052
72062
72063
72065
72066
72067
72071
72072
72075
72082
72089
72091
72093
72097
72105
72108
72114
72115
72116
72120
72127
72128
72132
72141
72150
72156
72160
72170
72172
72181
72182
72184
72185
72186
72188
72190
72198
72203
72204
72212
72213
72216
72218
72220
72230
72240
72245
72249
72253
72264
72265
72273
72277
72280
72281
72285
72288
72298
72299
72306
72308
72310
72312
72314
72319
72322
72325
72332
72338
72341
72345
72346
72351
72357
72361
72364
72368
72370
72371
72378
72381
72384
72385
72389
72390
72396
72401
72405
72409
72410
72413
72414
72418
72419
72431
72444
72445
72448
72451
72458
72461
72464
72470
72473
72474
72477
72479
72493
72496
72504
72509
72527
72529
72531
72532
72540
72541
72547
72549
72550
72553
72555
72557
72559
72560
72569
72595
72597
72603
72604
72606
72611
72613
72619
72622
72624
72626
72630
72631
72632
72633
72636
72637
72657
72658
72659
72661
72666
72668
72677
72681
72682
72691
72694
72699
72703
72705
72707
72710
72711
72716
72720
72726
72730
72731
72738
72751
72754
72755
72758
72764
72768
72781
72783
72786
72792
72803
72805
72807
72809
72812
72814
72815
72826
72833
72837
72838
72853
72854
72858
72861
72870
72872
72873
72875
72877
72885
72887
72890
72896
72906
72907
72909
72911
72921
72922
72938
72954
72963
72964
72970
72971
72981
72983
72986
72987
72998
73013
73014
73016
73017
73032
73033
73034
73036
73039
73041
73048
73052
73053
73058
73059
73064
73068
73074
73078
73081
73084
73087
73093
73096
73097
73105
73113
73114
73117
73118
73119
73123
73135
73136
73139
73141
73145
73146
73150
73165
73167
73172
73173
73182
73193
73194
73197
73205
73206
73210
73211
73219
73220
73227
73228
73234
73236
73240
73246
73249
73250
73254
73258
73260
73262
73265
73269
73272
73273
73275
73277
73280
73285
73289
73292
73294
73299
73313
73314
73315
73316
73317
73320
73330
73332
73335
73343
73344
73345
73355
73356
73359
73360
73361
73377
73385
73387
73391
73397
73399
73401
73402
73405
73406
73411
73414
73416
73418
73421
73424
73425
73427
73432
73433
73438
73441
73455
73456
73461
73463
73464
73472
73477
73486
73493
73499
73504
73507
73516
73520
73533
73535
73538
73542
73552
73555
73560
73561
73571
73573
73576
73585
73589
73595
73596
73602
73603
73610
73616
73620
73624
73627
73628
73640
73642
73643
73657
73661
73673
73682
73691
73693
73695
73700
73702
73705
73706
73707
73709
73720
73728
73732
73735
73738
73744
73745
73752
73755
73756
73759
73770
73779
73784
73789
73791
73797
73798
73801
73802
73804
73807
73815
73820
73822
73825
73828
73829
73830
73832
73833
73842
73846
73850
73853
73858
73859
73860
73862
73865
73873
73875
73879
73883
73892
73906
73908
73909
73911
73916
73923
73930
73935
73944
73945
73950
73951
73952
73956
73957
73963
73966
73971
73972
73977
73979
73982
73992
73996
73998
74008
74021
74027
74034
74041
74042
74048
74054
74055
74060
74062
74067
74068
74071
74075
74077
74080
74082
74083
74096
74100
74106
74117
74120
74122
74131
74135
74145
74149
74150
74151
74152
74153
74155
74157
74159
74163
74179
74182
74188
74190
74192
74193
74194
74196
74204
74216
74221
74224
74243
74250
74252
74267
74270
74286
74291
74293
74302
74304
74307
74308
74320
74321
74324
74332
74336
74345
74355
74358
74361
74363
74368
74381
74383
74385
74386
74387
74397
74399
74400
74401
74403
74404
74413
74419
74420
74423
74430
74442
74443
74444
74448
74451
74455
74460
74468
74477
74482
74483
74484
74487
74492
74493
74498
74505
74506
74519
74528
74533
74537
74550
74551
74554
74556
74558
74561
74565
74567
74568
74569
74574
74576
74581
74586
74587
74593
74597
74598
74603
74612
74614
74622
74634
74635
74636
74641
74644
74648
74649
74653
74656
74657
74660
74661
74662
74669
74670
74671
74680
74681
74695
74697
74701
74715
74717
74724
74734
74735
74743
74751
74754
74755
74756
74757
74758
74762
74767
74768
74773
74777
74781
74793
74794
74799
74801
74804
74805
74808
74814
74816
74818
74827
74828
74830
74833
74837
74839
74849
74852
74854
74863
74864
74869
74872
74873
74877
74878
74880
74892
74894
74903
74907
74909
74922
74924
74927
74931
74936
74939
74945
74946
74950
74958
74963
74966
74970
74986
74988
74992
74994
74995
75007
75008
75012
75015
75021
75022
75026
75027
75028
75032
75035
75041
75042
75048
75051
75054
75058
75068
75072
75092
75093
75101
75102
75106
75108
75118
75121
75122
75123
75125
75129
75135
75136
75140
75150
75151
75152
75162
75166
75167
75169
75174
75177
75178
75180
75182
75185
75188
75197
75199
75200
75203
75207
75208
75211
75222
75229
75230
75232
75233
75234
75235
75237
75240
75243
75248
75258
75259
75260
75263
75266
75274
75275
75279
75282
75290
75294
75297
75303
75305
75307
75314
75318
75320
75323
75326
75327
75328
75329
75330
75331
75332
75335
75336
75339
75342
75351
75352
75353
75354
75357
75362
75364
75369
75370
75371
75372
75380
75388
75389
75394
75395
75396
75401
75404
75409
75415
75419
75420
75422
75423
75425
75438
75441
75446
75452
75454
75457
75458
75463
75465
75469
75475
75477
75478
75479
75485
75495
75503
75505
75507
75508
75509
75512
75515
75516
75519
75524
75528
75530
75549
75551
75555
75558
75579
75583
75584
75585
75587
75593
75600
75605
75606
75608
75613
75618
75620
75622
75625
75626
75629
75630
75646
75647
75649
75650
75652
75654
75656
75661
75672
75683
75688
75690
75693
75699
75700
75701
75703
75706
75711
75713
75714
75717
75721
75724
75725
75728
75740
75741
75743
75751
75753
75759
75771
75778
75789
75792
75793
75799
75809
75810
75812
75815
75820
75825
75828
75830
75832
75833
75835
75842
75843
75848
75851
75855
75862
75869
75879
75884
75888
75889
75897
75899
75902
75907
75918
75920
75921
75931
75932
75941
75959
75963
75964
75966
75971
75973
75988
75994
76002
76005
76012
76013
76018
76026
76027
76035
76037
76038
76045
76046
76048
76049
76051
76053
76058
76066
76067
76068
76077
76079
76086
76095
76104
76108
76111
76113
76121
76123
76129
76130
76135
76138
76147
76149
76151
76158
76160
76166
76175
76176
76184
76186
76192
76195
76197
76199
76201
76203
76204
76205
76208
76217
76223
76225
76228
76229
76230
76235
76244
76245
76246
76266
76269
76278
76289
76303
76304
76310
76312
76321
76342
76345
76346
76353
76358
76360
76365
76366
76367
76373
76375
76381
76382
76385
76392
76401
76404
76409
76410
76419
76431
76443
76453
76454
76458
76471
76475
76478
76492
76494
76498
76503
76506
76512
76514
76515
76524
76526
76530
76531
76535
76536
76543
76547
76548
76555
76557
76560
76564
76582
76584
76588
76591
76597
76604
76616
76620
76622
76624
76627
76630
76632
76634
76640
76641
76644
76645
76648
76652
76658
76659
76660
76673
76674
76682
76689
76693
76696
76698
76704
76706
76709
76711
76713
76717
76721
76729
76730
76735
76736
76742
76751
76753
76754
76756
76760
76762
76765
76768
76771
76775
76776
76780
76781
76786
76787
76791
76793
76794
76795
76798
76802
76803
76810
76814
76818
76819
76827
76828
76836
76858
76859
76862
76864
76867
76888
76892
76894
76901
76907
76916
76926
76927
76932
76938
76939
76940
76945
76946
76951
76952
76954
76963
76971
76978
76980
76982
76990
76991
76992
76996
77004
77013
77017
77019
77022
77026
77027
77028
77031
77033
77036
77043
77047
77051
77064
77067
77068
77074
77075
77091
77096
77104
77106
77107
77114
77120
77122
77130
77134
77140
77149
77150
77154
77157
77158
77167
77173
77181
77182
77184
77190
77196
77202
77207
77209
77216
77217
77218
77227
77231
77232
77235
77237
77240
77244
77245
77249
77251
77255
77256
77258
77263
77265
77266
77267
77269
77281
77282
77290
77291
77292
77293
77299
77302
77303
77309
77316
77318
77320
77322
77330
77332
77333
77338
77339
77340
77344
77346
77348
77352
77353
77358
77363
77370
77375
77379
77380
77383
77391
77393
77397
77402
77405
77414
77420
77422
77423
77429
77434
77435
77439
77440
77443
77444
77450
77459
77462
77463
77470
77474
77506
77515
77517
77518
77528
77534
77537
77538
77542
77544
77546
77549
77563
77564
77575
77586
77598
77607
77612
77613
77616
77620
77624
77625
77626
77632
77635
77646
77650
77651
77653
77660
77663
77677
77680
77694
77696
77704
77708
77711
77712
77714
77717
77719
77721
77725
77733
77735
77742
77747
77754
77759
77761
77769
77771
77773
77778
77783
77785
77791
77796
77802
77804
77807
77808
77810
77818
77819
77823
77839
77846
77848
77850
77851
77856
77860
77862
77864
77869
77870
77871
77874
77880
77881
77882
77884
77885
77894
77898
77899
77910
77911
77912
77916
77920
77923
77924
77929
77930
77937
77939
77940
77942
77944
77945
77952
77953
77961
77963
77976
77979
77985
77987
77990
77991
78000
78002
78003
78012
78014
78015
78019
78020
78021
78026
78028
78030
78040
78041
78042
78046
78053
78054
78061
78062
78064
78069
78077
78080
78083
78098
78106
78108
78111
78118
78119
78124
78130
78132
78134
78143
78146
78148
78151
78152
78154
78157
78161
78165
78170
78179
78183
78184
78185
78194
78196
78200
78208
78219
78222
78224
78226
78232
78233
78238
78242
78247
78249
78252
78253
78257
78263
78267
78273
78279
78282
78284
78285
78288
78289
78290
78296
78297
78300
78301
78302
78304
78307
78316
78320
78322
78323
78327
78328
78329
78333
78334
78338
78341
78347
78349
78352
78355
78358
78359
78361
78365
78379
78381
78386
78391
78394
78397
78400
78406
78407
78413
78414
78416
78417
78419
78420
78425
78433
78440
78444
78450
78458
78459
78464
78465
78478
78479
78487
78489
78493
78501
78503
78504
78506
78514
78521
78525
78526
78533
78535
78537
78541
78542
78547
78554
78556
78559
78560
78571
78573
78588
78589
78593
78594
78599
78600
78601
78603
78606
78611
78620
78621
78630
78636
78638
78653
78660
78667
78668
78669
78673
78675
78678
78679
78683
78685
78687
78697
78700
78705
78706
78713
78715
78717
78720
78721
78724
78736
78738
78741
78743
78744
78747
78749
78759
78766
78776
78785
78789
78792
78795
78816
78819
78823
78827
78837
78838
78840
78842
78845
78847
78848
78858
78860
78869
78872
78880
78885
78888
78891
78898
78901
78902
78905
78909
78910
78911
78913
78919
78923
78928
78929
78930
78931
78932
78934
78937
78949
78950
78951
78956
78962
78964
78969
78971
78973
78976
78977
78981
78984
78992
78995
78997
78998
79011
79015
79016
79017
79018
79021
79024
79027
79033
79034
79037
79041
79045
79046
79047
79049
79052
79056
79057
79058
79062
79065
79066
79073
79077
79081
79084
79086
79088
79091
79098
79103
79104
79107
79111
79113
79114
79118
79119
79126
79131
79132
79133
79139
79141
79143
79147
79149
79150
79156
79161
79165
79169
79173
79174
79180
79182
79185
79197
79201
79202
79206
79210
79213
79218
79221
79226
79232
79237
79241
79248
79255
79260
79266
79268
79285
79286
79290
79300
79304
79306
79307
79316
79317
79320
79321
79327
79328
79331
79336
79342
79351
79363
79368
79372
79375
79377
79381
79388
79394
79395
79401
79402
79405
79408
79411
79417
79420
79433
79439
79442
79446
79450
79460
79470
79471
79476
79478
79482
79486
79488
79494
79500
79503
79504
79510
79512
79513
79517
79522
79525
79531
79538
79547
79551
79557
79566
79567
79570
79575
79577
79583
79584
79585
79588
79592
79594
79596
79604
79608
79610
79621
79626
79631
79632
79635
79636
79643
79649
79650
79654
79655
79657
79659
79661
79665
79666
79690
79700
79701
79703
79706
79710
79712
79721
79724
79726
79731
79732
79736
79739
79740
79742
79744
79749
79750
79751
79752
79756
79757
79761
79762
79770
79774
79775
79786
79787
79789
79790
79800
79803
79809
79811
79816
79819
79830
79837
79841
79852
79854
79856
79858
79862
79869
79873
79881
79882
79885
79886
79894
79898
79903
79911
79916
79918
79920
79925
79933
79937
79938
79939
79944
79946
79950
79954
79957
79961
79962
79965
79968
79969
79974
79979
79987
79993
79995
79998
80008
80009
80016
80017
80018
80019
80022
80025
80036
80037
80039
80042
80045
80050
80054
80058
80068
80071
80086
80088
80091
80093
80096
80098
80100
80103
80109
80113
80117
80118
80126
80129
80131
80136
80137
80149
80154
80160
80162
80165
80174
80183
80186
80187
80188
80189
80203
80205
80223
80224
80234
80240
80246
80248
80255
80265
80278
80279
80286
80287
80291
80300
80306
80313
80314
80316
80317
80321
80330
80334
80336
80338
80344
80345
80347
80348
80350
80351
80353
80357
80358
80360
80363
80365
80366
80387
80395
80406
80425
80427
80431
80432
80435
80439
80445
80446
80451
80452
80454
80456
80457
80466
80470
80483
80487
80490
80500
80505
80511
80513
80516
80517
80519
80524
80525
80529
80542
80553
80557
80559
80566
80570
80579
80583
80584
80586
80588
80589
80606
80612
80618
80619
80620
80625
80637
80646
80647
80661
80663
80668
80671
80681
80692
80695
80697
80702
80711
80715
80722
80724
80729
80732
80737
80743
80747
80761
80763
80776
80785
80789
80790
80798
80800
80801
80806
80812
80815
80816
80817
80818
80823
80832
80836
80837
80838
80849
80858
80859
80860
80867
80870
80872
80881
80886
80897
80898
80900
80901
80904
80916
80921
80931
80939
80946
80952
80954
80968
80973
80980
80986
80992
80993
80999
81003
81007
81009
81010
81016
81021
81025
81026
81034
81037
81062
81066
81077
81079
81091
81099
81100
81109
81112
81116
81119
81120
81123
81131
81134
81137
81142
81146
81158
81160
81161
81167
81169
81175
81185
81188
81189
81193
81194
81197
81204
81211
81219
81246
81250
81253
81259
81260
81264
81266
81269
81275
81280
81281
81284
81288
81292
81294
81295
81296
81303
81307
81309
81316
81336
81344
81345
81347
81348
81350
81351
81354
81356
81362
81368
81369
81374
81380
81383
81385
81388
81395
81396
81400
81402
81403
81406
81414
81416
81422
81427
81434
81435
81443
81444
81448
81454
81456
81459
81474
81477
81479
81480
81486
81487
81490
81495
81500
81502
81503
81519
81520
81522
81524
81527
81539
81541
81547
81550
81555
81566
81572
81579
81580
81582
81585
81586
81588
81592
81596
81598
81600
81610
81611
81612
81615
81639
81645
81653
81654
81680
81684
81689
81699
81705
81714
81715
81718
81720
81726
81727
81731
81733
81742
81761
81776
81779
81787
81789
81796
81797
81802
81814
81816
81821
81828
81837
81844
81845
81859
81860
81872
81873
81885
81893
81896
81897
81898
81903
81905
81908
81921
81923
81924
81929
81930
81939
81944
81955
81963
81977
81978
81982
81985
81987
81988
81989
81992
81994
81997
82000
82007
82013
82015
82017
82024
82032
82035
82038
82040
82042
82047
82049
82054
82061
82063
82067
82073
82078
82089
82092
82093
82094
82095
82105
82115
82118
82123
82124
82133
82135
82136
82139
82140
82148
82151
82158
82159
82160
82168
82170
82174
82178
82184
82189
82201
82202
82206
82207
82212
82216
82220
82228
82229
82234
82236
82248
82251
82253
82257
82260
82264
82271
82276
82279
82286
82290
82295
82297
82301
82311
82316
82323
82337
82347
82353
82355
82358
82359
82363
82364
82365
82377
82382
82384
82385
82391
82397
82405
82414
82419
82422
82428
82431
82439
82442
82443
82450
82454
82455
82459
82460
82461
82464
82470
82474
82480
82488
82490
82493
82501
82505
82512
82515
82518
82519
82520
82525
82529
82531
82537
82541
82544
82546
82550
82554
82555
82558
82562
82563
82565
82566
82572
82585
82590
82593
82601
82602
82611
82617
82622
82624
82625
82630
82634
82637
82639
82643
82644
82647
82651
82653
82655
82656
82661
82670
82671
82672
82674
82680
82685
82686
82687
82693
82698
82699
82704
82712
82714
82715
82721
82732
82733
82740
82743
82745
82749
82752
82756
82773
82785
82795
82799
82800
82802
82805
82808
82816
82819
82827
82833
82841
82850
82852
82864
82868
82870
82871
82876
82881
82884
82886
82889
82891
82892
82898
82899
82907
82908
82911
82915
82923
82926
82928
82930
82938
82939
82944
82950
82954
82956
82959
82975
82977
82978
82979
82980
82984
82987
82989
82990
82996
83004
83008
83019
83023
83032
83044
83045
83052
83056
83062
83072
83073
83076
83077
83080
83081
83082
83083
83095
83098
83099
83110
83111
83113
83115
83123
83131
83166
83167
83185
83186
83191
83192
83193
83196
83201
83208
83212
83217
83219
83220
83223
83226
83233
83236
83241
83245
83256
83259
83262
83264
83268
83271
83272
83275
83286
83290
83305
83306
83309
83312
83315
83317
83321
83331
83336
83342
83359
83374
83392
83398
83412
83414
83421
83427
83431
83434
83437
83440
83441
83443
83445
83465
83467
83469
83481
83484
83485
83495
83499
83501
83506
83512
83513
83514
83516
83517
83519
83523
83526
83534
83545
83546
83548
83551
83553
83562
83565
83567
83568
83576
83592
83593
83599
83602
83603
83616
83617
83630
83631
83637
83638
83639
83642
83647
83648
83652
83655
83662
83668
83671
83673
83679
83685
83697
83698
83704
83706
83711
83712
83719
83729
83739
83743
83749
83750
83757
83762
83764
83770
83771
83778
83782
83784
83793
83797
83800
83802
83803
83804
83806
83812
83822
83824
83830
83841
83845
83847
83848
83849
83852
83859
83866
83871
83875
83876
83877
83879
83880
83885
83886
83889
83896
83902
83906
83907
83917
83918
83921
83929
83934
83947
83948
83951
83952
83964
83967
83971
83974
83977
83984
83992
84001
84008
84012
84013
84023
84037
84040
84049
84050
84065
84068
84069
84071
84072
84076
84077
84078
84086
84090
84101
84106
84107
84109
84124
84125
84126
84130
84134
84135
84137
84139
84142
84152
84160
84163
84164
84169
84170
84171
84174
84186
84189
84197
84199
84201
84203
84209
84212
84221
84222
84228
84239
84243
84247
84249
84250
84255
84257
84270
84271
84273
84277
84278
84282
84283
84284
84288
84292
84298
84310
84312
84323
84329
84333
84336
84338
84340
84344
84354
84362
84369
84381
84384
84390
84396
84398
84399
84401
84404
84405
84408
84419
84422
84425
84426
84429
84432
84441
84448
84452
84453
84457
84469
84470
84477
84481
84497
84500
84501
84502
84508
84532
84534
84536
84540
84544
84545
84546
84548
84550
84567
84576
84577
84580
84582
84589
84590
84591
84595
84601
84606
84609
84612
84619
84625
84634
84635
84637
84638
84639
84640
84644
84650
84655
84658
84659
84664
84671
84673
84681
84687
84709
84714
84727
84728
84730
84736
84744
84748
84749
84750
84755
84762
84768
84770
84778
84787
84788
84791
84796
84799
84810
84811
84815
84817
84818
84823
84824
84828
84832
84833
84838
84839
84851
84874
84875
84889
84890
84891
84895
84901
84906
84909
84917
84926
84930
84931
84932
84935
84939
84941
84943
84948
84961
84963
84969
84974
84981
85000
85001
85007
85015
85023
85037
85044
85048
85050
85054
85057
85061
85062
85067
85074
85076
85082
85088
85093
85095
85101
85114
85116
85118
85120
85123
85129
85140
85146
85156
85160
85163
85164
85170
85188
85189
85190
85194
85207
85213
85236
85238
85241
85248
85249
85250
85252
85253
85266
85267
85269
85280
85284
85285
85286
85302
85305
85317
85319
85320
85331
85335
85349
85354
85356
85357
85363
85365
85366
85372
85373
85374
85377
85380
85383
85384
85389
85392
85393
85400
85403
85406
85410
85416
85419
85421
85426
85427
85428
85434
85437
85439
85448
85449
85458
85467
85470
85475
85477
85482
85483
85487
85489
85497
85501
85502
85505
85510
85514
85517
85540
85541
85544
85547
85553
85557
85565
85571
85575
85579
85588
85596
85597
85598
85603
85606
85608
85615
85620
85621
85623
85637
85639
85645
85662
85673
85675
85677
85679
85681
85683
85686
85692
85703
85713
85728
85731
85735
85739
85740
85745
85750
85763
85764
85769
85770
85774
85775
85776
85784
85789
85791
85797
85798
85804
85806
85811
85815
85816
85817
85819
85831
85832
85840
85849
85850
85858
85864
85868
85870
85881
85886
85894
85906
85912
85919
85920
85925
85928
85943
85946
85950
85958
85973
85976
85977
85978
85979
85983
85984
85988
85993
85994
85999
86006
86015
86018
86034
86037
86041
86042
86045
86047
86049
86050
86052
86055
86062
86064
86072
86078
86080
86083
86087
86090
86115
86116
86117
86120
86121
86124
86130
86133
86136
86142
86143
86145
86147
86153
86155
86170
86196
86201
86202
86204
86208
86210
86217
86219
86223
86225
86232
86236
86245
86254
86258
86261
86272
86287
86289
86291
86295
86297
86300
86307
86313
86320
86321
86329
86330
86334
86335
86338
86340
86342
86344
86365
86366
86372
86376
86377
86378
86379
86389
86403
86414
86424
86436
86443
86448
86452
86462
86468
86469
86471
86472
86473
86479
86480
86483
86491
86494
86499
86501
86504
86508
86511
86512
86514
86521
86522
86523
86526
86533
86542
86546
86549
86551
86569
86585
86587
86591
86592
86602
86608
86611
86615
86618
86622
86626
86632
86635
86636
86646
86655
86657
86671
86675
86695
86697
86702
86703
86705
86711
86715
86718
86720
86722
86724
86725
86731
86740
86750
86751
86756
86771
86775
86776
86779
86780
86782
86789
86790
86795
86799
86806
86808
86811
86813
86825
86829
86838
86840
86842
86844
86849
86851
86853
86865
86867
86869
86870
86888
86891
86908
86914
86915
86916
86918
86923
86936
86938
86941
86951
86957
86985
86990
86992
86995
86997
86999
87006
87007
87011
87020
87030
87045
87049
87075
87076
87080
87086
87089
87093
87098
87101
87104
87106
87110
87117
87119
87128
87129
87130
87132
87138
87140
87142
87145
87147
87154
87155
87157
87160
87162
87171
87172
87173
87174
87178
87180
87195
87196
87207
87208
87214
87228
87229
87242
87245
87246
87247
87250
87256
87257
87261
87262
87267
87269
87272
87273
87275
87279
87301
87303
87306
87309
87313
87314
87317
87326
87330
87339
87342
87359
87361
87363
87364
87365
87370
87378
87379
87382
87386
87387
87398
87410
87413
87416
87419
87421
87422
87423
87429
87438
87443
87444
87447
87452
87465
87469
87470
87475
87491
87499
87500
87501
87502
87506
87507
87513
87518
87519
87522
87528
87529
87533
87539
87545
87546
87558
87565
87567
87568
87572
87579
87584
87593
87599
87600
87601
87606
87608
87609
87616
87619
87623
87625
87628
87630
87636
87639
87643
87644
87656
87663
87667
87670
87672
87673
87680
87682
87687
87689
87694
87695
87701
87709
87710
87715
87716
87719
87737
87739
87740
87743
87748
87749
87751
87753
87756
87759
87773
87774
87775
87779
87780
87781
87797
87807
87809
87811
87819
87826
87828
87830
87849
87855
87866
87867
87869
87870
87871
87876
87882
87886
87887
87890
87899
87923
87927
87930
87933
87941
87950
87956
87960
87964
87967
87973
87976
87980
87986
87987
87990
87991
87992
87996
87999
88002
88003
88004
88009
88010
88013
88017
88022
88027
88034
88036
88037
88055
88064
88072
88081
88085
88086
88088
88090
88091
88092
88098
88108
88110
88118
88126
88127
88133
88137
88138
88156
88158
88172
88173
88178
88179
88181
88183
88186
88193
88194
88200
88204
88205
88207
88213
88214
88216
88224
88239
88240
88243
88247
88249
88251
88258
88259
88268
88274
88278
88283
88290
88295
88297
88299
88300
88305
88308
88318
88321
88324
88325
88336
88337
88341
88342
88350
88357
88367
88374
88378
88379
88383
88384
88387
88391
88395
88396
88408
88409
88418
88419
88422
88423
88425
88428
88429
88443
88449
88452
88456
88461
88463
88466
88474
88475
88477
88478
88484
88500
88502
88504
88515
88530
88533
88540
88544
88551
88554
88566
88568
88571
88591
88600
88604
88609
88613
88617
88623
88629
88631
88634
88635
88637
88639
88643
88644
88654
88655
88656
88673
88679
88694
88704
88705
88712
88718
88723
88732
88733
88738
88740
88742
88744
88747
88749
88753
88762
88764
88766
88770
88776
88782
88783
88787
88797
88798
88801
88803
88805
88806
88810
88811
88817
88824
88826
88827
88829
88833
88838
88842
88844
88849
88850
88865
88870
88872
88879
88881
88883
88884
88885
88888
88894
88901
88903
88905
88907
88909
88912
88914
88917
88919
88923
88929
88931
88932
88936
88943
88953
88954
88956
88960
88962
88965
88969
88970
88975
88987
88989
88990
88992
88995
88997
89002
89008
89009
89012
89015
89018
89019
89031
89036
89039
89040
89046
89054
89063
89065
89068
89072
89076
89077
89078
89079
89084
89085
89090
89092
89095
89103
89107
89109
89111
89122
89124
89130
89145
89152
89155
89160
89161
89176
89179
89182
89187
89190
89203
89207
89211
89212
89219
89225
89241
89253
89254
89255
89257
89265
89266
89273
89274
89276
89285
89286
89287
89288
89291
89293
89303
89304
89305
89306
89312
89320
89321
89328
89330
89331
89346
89356
89359
89370
89382
89383
89391
89392
89394
89398
89399
89403
89406
89408
89413
89417
89420
89426
89427
89432
89434
89441
89445
89449
89454
89456
89458
89468
89473
89478
89482
89484
89486
89490
89493
89494
89497
89500
89502
89503
89508
89516
89518
89531
89533
89534
89536
89537
89538
89540
89541
89545
89546
89547
89549
89561
89562
89563
89566
89572
89574
89578
89583
89587
89603
89610
89616
89617
89619
89621
89622
89630
89636
89637
89642
89647
89653
89657
89660
89664
89667
89668
89676
89678
89681
89684
89691
89694
89695
89696
89706
89707
89709
89710
89712
89728
89729
89745
89751
89752
89755
89759
89760
89763
89766
89778
89781
89784
89787
89788
89794
89795
89799
89808
89809
89810
89811
89816
89826
89832
89836
89838
89848
89850
89854
89857
89871
89873
89879
89892
89895
89899
89901
89909
89922
89923
89931
89932
89934
89951
89952
89958
89997
89999
90002
90010
90011
90012
90027
90028
90035
90040
90044
90048
90051
90052
90062
90069
90072
90082
90085
90091
90093
90096
90100
90101
90102
90106
90108
90111
90112
90128
90130
90146
90147
90149
90153
90155
90162
90164
90166
90174
90181
90183
90198
90212
90220
90222
90223
90227
90229
90240
90242
90258
90273
90274
90279
90288
90307
90315
90323
90337
90342
90345
90354
90357
90359
90363
90371
90379
90389
90390
90394
90395
90406
90409
90410
90411
90415
90423
90427
90446
90448
90450
90452
90455
90460
90463
90478
90479
90484
90493
90494
90496
90500
90512
90521
90523
90524
90527
90530
90535
90542
90546
90551
90563
90573
90574
90581
90583
90594
90595
90598
90600
90603
90609
90614
90618
90619
90623
90624
90625
90626
90635
90636
90650
90651
90654
90657
90659
90660
90664
90668
90670
90679
90687
90689
90690
90691
90694
90700
90702
90713
90715
90718
90720
90732
90741
90748
90751
90752
90758
90765
90776
90777
90787
90790
90791
90794
90799
90801
90804
90815
90833
90859
90865
90874
90876
90879
90881
90888
90890
90931
90936
90941
90942
90947
90948
90950
90955
90961
90963
90966
90968
90975
90977
90989
90991
90996
90999
91000
91015
91020
91021
91022
91027
91028
91035
91037
91040
91045
91046
91050
91053
91057
91063
91068
91070
91077
91082
91083
91087
91094
91101
91102
91104
91106
91109
91125
91130
91131
91133
91137
91140
91145
91155
91156
91170
91173
91182
91188
91198
91200
91209
91210
91212
91213
91229
91236
91241
91250
91251
91253
91255
91260
91264
91266
91268
91273
91276
91277
91278
91280
91285
91291
91311
91312
91330
91332
91337
91339
91340
91342
91345
91349
91354
91355
91360
91373
91380
91385
91391
91395
91402
91413
91417
91424
91429
91438
91439
91443
91451
91458
91469
91472
91480
91483
91493
91497
91500
91505
91508
91514
91526
91528
91535
91543
91546
91547
91553
91554
91558
91559
91563
91566
91569
91577
91585
91587
91597
91600
91603
91604
91606
91609
91613
91623
91624
91627
91630
91636
91655
91659
91662
91672
91689
91690
91692
91694
91696
91703
91706
91709
91746
91748
91753
91755
91759
91761
91763
91779
91783
91786
91788
91798
91809
91817
91822
91834
91836
91838
91839
91841
91850
91858
91865
91868
91871
91877
91892
91907
91920
91925
91938
91953
91954
91959
91960
91965
91967
91969
91971
91975
91981
91986
91987
92005
92007
92010
92011
92019
92025
92031
92039
92048
92053
92054
92055
92056
92057
92060
92062
92071
92075
92076
92082
92085
92100
92111
92119
92121
92126
92130
92144
92155
92165
92169
92180
92184
92188
92190
92199
92201
92204
92207
92209
92211
92216
92217
92226
92236
92237
92241
92242
92243
92244
92254
92259
92266
92267
92278
92288
92291
92296
92299
92304
92306
92316
92332
92337
92340
92344
92361
92362
92368
92374
92382
92383
92386
92387
92390
92399
92402
92408
92413
92414
92423
92428
92429
92435
92438
92442
92444
92448
92464
92472
92474
92480
92493
92496
92498
92502
92506
92517
92520
92524
92525
92526
92527
92533
92535
92536
92537
92542
92545
92547
92548
92550
92561
92576
92585
92589
92591
92595
92601
92607
92634
92637
92640
92649
92650
92658
92660
92664
92679
92686
92689
92691
92694
92696
92711
92712
92713
92725
92728
92730
92732
92737
92740
92743
92744
92746
92748
92750
92751
92778
92781
92789
92794
92804
92811
92813
92814
92818
92820
92823
92824
92829
92831
92844
92845
92851
92852
92861
92864
92869
92876
92895
92901
92910
92926
92927
92930
92931
92937
92942
92943
92961
92962
92963
92967
92974
92975
92977
92982
92998
93000
93001
93006
93021
93023
93024
93030
93034
93037
93044
93046
93048
93061
93062
93063
93066
93067
93079
93085
93091
93093
93098
93114
93121
93128
93132
93133
93137
93141
93142
93144
93148
93160
93164
93167
93168
93169
93177
93181
93182
93183
93193
93195
93210
93212
93222
93225
93234
93240
93243
93244
93256
93261
93266
93277
93284
93285
93300
93302
93315
93317
93321
93324
93327
93329
93339
93342
93351
93359
93370
93371
93375
93395
93399
93409
93418
93430
93432
93435
93443
93445
93459
93460
93472
93474
93482
93485
93486
93490
93500
93511
93515
93516
93526
93528
93531
93534
93543
93548
93553
93554
93569
93571
93572
93583
93587
93592
93602
93604
93609
93615
93616
93627
93630
93633
93637
93640
93641
93643
93651
93653
93655
93662
93677
93687
93704
93711
93712
93713
93715
93720
93727
93729
93738
93742
93743
93761
93764
93767
93778
93785
93788
93805
93807
93812
93827
93830
93832
93843
93848
93849
93851
93854
93856
93868
93870
93873
93874
93882
93884
93887
93890
93906
93920
93933
93934
93956
93977
93984
93994
93996
93997
94025
94032
94034
94035
94056
94057
94072
94081
94082
94085
94089
94090
94096
94099
94109
94110
94111
94123
94126
94135
94140
94155
94160
94170
94175
94181
94183
94184
94188
94190
94193
94195
94197
94205
94212
94218
94219
94221
94228
94231
94239
94244
94246
94247
94248
94255
94257
94259
94270
94276
94289
94295
94305
94312
94318
94323
94332
94336
94337
94345
94347
94368
94374
94377
94381
94385
94391
94394
94396
94399
94408
94411
94414
94415
94425
94429
94430
94435
94441
94442
94447
94450
94453
94459
94461
94462
94466
94474
94475
94479
94480
94489
94494
94497
94505
94506
94513
94516
94518
94521
94527
94528
94533
94535
94537
94542
94553
94554
94589
94606
94609
94613
94616
94618
94621
94639
94641
94646
94659
94662
94664
94674
94679
94684
94693
94695
94696
94698
94701
94710
94713
94718
94724
94726
94734
94735
94753
94754
94762
94764
94778
94782
94787
94800
94805
94814
94824
94827
94834
94848
94850
94854
94858
94860
94865
94868
94877
94889
94892
94896
94899
94901
94904
94912
94932
94933
94938
94941
94943
94944
94946
94948
94950
94956
94964
94968
94973
94987
94988
94990
94998
95013
95017
95021
95023
95032
95035
95044
95056
95058
95064
95071
95074
95075
95079
95080
95085
95088
95095
95103
95105
95109
95111
95113
95114
95116
95122
95124
95140
95146
95149
95150
95153
95154
95179
95191
95195
95198
95199
95210
95215
95217
95218
95224
95225
95229
95230
95235
95239
95242
95250
95258
95259
95260
95268
95272
95276
95277
95286
95288
95294
95296
95301
95322
95328
95332
95334
95343
95355
95356
95360
95362
95365
95369
95373
95374
95384
95386
95390
95396
95409
95410
95411
95413
95415
95422
95424
95429
95432
95437
95449
95451
95457
95461
95462
95464
95472
95485
95489
95502
95521
95529
95530
95531
95535
95540
95554
95556
95558
95559
95561
95566
95576
95579
95585
95596
95601
95621
95623
95629
95652
95654
95656
95657
95659
95662
95667
95671
95677
95680
95681
95686
95688
95689
95700
95707
95717
95718
96520
98650
98809
105341
112550
113816
115197
125188
140568
140586
148368
150106
150212
151663
152650
153065
153374
153429
153456
153468
153736
153926
154150
154495
154812
155023
155505
155622
155860
155946
155999
156532
157060
158492
158871
159029
159034
159221
159405
159429
160119
160263
160572
160740
160784
160933
161212
161229
161265
161361
161530
161689
161847
162217
162281
162282
162641
162855
162987
163144
163200
163487
163514
163557
163981
164014
164055
164153
164238
164289
164465
164489
164509
164765
164927
165030
165037
165271
165473
165522
165523
165643
165750
165843
166087
166522
166525
166924
166941
167412
167684
168589
168782
168845
168892
169103
169171
169286
169361
169553
169629
169898
169977
170164
170247
170286
170859
171017
171171
171300
171309
171381
171446
171458
171588
171629
171674
171803
171893
172044
172064
172113
172299
172361
172517
173001
173068
173124
173175
173651
173970
174010
174183
174344
174367
174521
174991
175021
175267
175273
175374
175393
175762
175911
175941
176067
176217
176689
176703
176844
176906
177460
177478
177722
177815
177884
178229
178358
178642
179293
179322
179340
179666
179820
179999
180132
180178
180389
180494
180559
180999
181376
181476
181546
181717
181842
181945
182237
182349
182531
182880
183115
183504
183516
183610
183788
183849
184050
184824
184843
185038
185194
185219
185406
185440
185451
185953
186435
186642
186758
186996
187163
187164
187525
187948
188093
188172
188425
188460
188713
188800
188912
189108
189412
189551
189816
189867
190000
190196
190223
190378
190632
190694
190953
191107
191229
191280
191518
191553
191567
191719
191904
192254
192325
192327
192398
192709
193288
193387
193420
193722
194121
195406
195870
196057
196114
196369
196718
196745
196790
197005
197041
197827
198720
198742
198842
199214
199249
199252
199348
199662
199714
199724
199823
200205
200217
200567
200709
201094
201143
201365
202201
202357
202378
202644
202678
203142
203547
203651
203684
203709
203778
203810
204019
204292
205012
205166
205228
205674
205774
205822
205838
206331
206446
206469
206565
206840
206882
207029
207046
207176
207180
207404
207461
207573
207622
207675
207997
208016
208489
208861
209188
209218
209490
209813
210126
210810
211178
211271
211342
211405
211614
211648
211901
212288
212924
212990
213202
213386
213675
213768
213870
214431
215056
215233
215260
215332
215495
216007
216059
216387
216462
216495
216931
216990
217289
217415
217563
218021
218210
218362
218404
218758
218881
218940
219055
219269
219625
220014
220021
220491
220497
220677
220766
220921
221092
221115
221590
221719
221758
222017
222107
222237
222276
222436
222691
222898
222957
223390
223486
223533
223978
224071
224191
224482
224535
224604
224717
224994
225217
225282
225320
225347
225386
225458
225588
225775
225857
226215
226699
226771
227017
227657
228116
228269
228326
228601
228701
228753
228786
228962
229000
229102
229169
229215
229248
229336
229337
229564
229660
229704
229844
229888
230020
230331
230461
230501
230638
230802
230904
230908
230939
231064
231139
231158
231292
231390
231792
232382
232647
232827
232842
232857
233326
233384
233671
233694
233737
233738
233765
233921
233963
234660
235154
235181
235190
235632
236126
236362
236370
236595
236737
236791
236927
237099
237344
237409
237476
237528
238439
238448
238553
238616
238816
238830
238942
238958
238972
239275
239724
239881
240627
240647
240648
240656
241010
241066
241244
241923
242126
242145
242332
242333
242596
242997
243298
243343
243344
243730
243816
243941
243993
244615
244841
244920
244928
245083
245191
245449
245513
245610
245744
245796
245875
245879
246024
246610
246686
246746
248044
248045
248046
248053
248054
248056
248057
248063
248064
248065
248068
248069
248070
248071
248076
